indicator,country_code,country,year,value,unit,obs_status,decimal
FP.CPI.TOTL,ABW,Aruba,1990,49.2995946727919,,,1
FP.CPI.TOTL,ABW,Aruba,1991,52.0384610435027,,,1
FP.CPI.TOTL,ABW,Aruba,1992,54.0541059764704,,,1
FP.CPI.TOTL,ABW,Aruba,1993,56.8733302847082,,,1
FP.CPI.TOTL,ABW,Aruba,1994,60.4626514942458,,,1
FP.CPI.TOTL,ABW,Aruba,1995,62.4950376641989,,,1
FP.CPI.TOTL,ABW,Aruba,1996,64.5106825971665,,,1
FP.CPI.TOTL,ABW,Aruba,1997,66.4459695926078,,,1
FP.CPI.TOTL,ABW,Aruba,1998,67.6881693768789,,,1
FP.CPI.TOTL,ABW,Aruba,1999,69.2317114268756,,,1
FP.CPI.TOTL,ABW,Aruba,2000,72.0314565915751,,,1
FP.CPI.TOTL,ABW,Aruba,2001,74.1085587734805,,,1
FP.CPI.TOTL,ABW,Aruba,2002,76.5654403862612,,,1
FP.CPI.TOTL,ABW,Aruba,2003,79.3649524114212,,,1
FP.CPI.TOTL,ABW,Aruba,2004,81.3721948111763,,,1
FP.CPI.TOTL,ABW,Aruba,2005,84.1370484876732,,,1
FP.CPI.TOTL,ABW,Aruba,2006,87.1727337163218,,,1
FP.CPI.TOTL,ABW,Aruba,2007,91.8735825241022,,,1
FP.CPI.TOTL,ABW,Aruba,2008,100.101768678965,,,1
FP.CPI.TOTL,ABW,Aruba,2009,97.9641667608968,,,1
FP.CPI.TOTL,ABW,Aruba,2010,99.9999999999999,,,1
FP.CPI.TOTL,ABW,Aruba,2011,104.316297421952,,,1
FP.CPI.TOTL,ABW,Aruba,2012,104.970852972298,,,1
FP.CPI.TOTL,ABW,Aruba,2013,102.480875854162,,,1
FP.CPI.TOTL,ABW,Aruba,2014,102.91277219904,,,1
FP.CPI.TOTL,ABW,Aruba,2015,103.401364578457,,,1
FP.CPI.TOTL,ABW,Aruba,2016,102.438495220917,,,1
FP.CPI.TOTL,ABW,Aruba,2017,101.385138831048,,,1
FP.CPI.TOTL,ABW,Aruba,2018,105.061405952226,,,1
FP.CPI.TOTL,ABW,Aruba,2019,109.534355432857,,,1
FP.CPI.TOTL,AFG,Afghanistan,2004,63.5233948093158,,,1
FP.CPI.TOTL,AFG,Afghanistan,2005,71.5821433759539,,,1
FP.CPI.TOTL,AFG,Afghanistan,2006,76.4387030058668,,,1
FP.CPI.TOTL,AFG,Afghanistan,2007,83.0740187275294,,,1
FP.CPI.TOTL,AFG,Afghanistan,2008,105.021064735005,,,1
FP.CPI.TOTL,AFG,Afghanistan,2009,97.8679108385313,,,1
FP.CPI.TOTL,AFG,Afghanistan,2010,100.0,,,1
FP.CPI.TOTL,AFG,Afghanistan,2011,111.804185808913,,,1
FP.CPI.TOTL,AFG,Afghanistan,2012,119.005731346616,,,1
FP.CPI.TOTL,AFG,Afghanistan,2013,127.795223073732,,,1
FP.CPI.TOTL,AFG,Afghanistan,2014,133.768366733582,,,1
FP.CPI.TOTL,AFG,Afghanistan,2015,132.883209191418,,,1
FP.CPI.TOTL,AFG,Afghanistan,2016,138.708665508891,,,1
FP.CPI.TOTL,AFG,Afghanistan,2017,145.610741438593,,,1
FP.CPI.TOTL,AFG,Afghanistan,2018,146.522481857209,,,1
FP.CPI.TOTL,AFG,Afghanistan,2019,149.895975208032,,,1
FP.CPI.TOTL,AFG,Afghanistan,2020,158.292979728016,,,1
FP.CPI.TOTL,AFG,Afghanistan,2021,166.418480358434,,,1
FP.CPI.TOTL,AFG,Afghanistan,2022,189.23795275112,,,1
FP.CPI.TOTL,AFG,Afghanistan,2023,180.44840108089,,,1
FP.CPI.TOTL,AFG,Afghanistan,2024,168.536667139799,,,1
FP.CPI.TOTL,AGO,Angola,1990,2.22008150730772e-08,,,1
FP.CPI.TOTL,AGO,Angola,1991,4.08014979721418e-08,,,1
FP.CPI.TOTL,AGO,Angola,1992,1.63005984545567e-07,,,1
FP.CPI.TOTL,AGO,Angola,1993,2.41008848315838e-06,,,1
FP.CPI.TOTL,AGO,Angola,1994,2.5300928889588e-05,,,1
FP.CPI.TOTL,AGO,Angola,1995,0.000699937697271513,,,1
FP.CPI.TOTL,AGO,Angola,1996,0.0297130970585906,,,1
FP.CPI.TOTL,AGO,Angola,1997,0.0948372889505528,,,1
FP.CPI.TOTL,AGO,Angola,1998,0.19658330514343,,,1
FP.CPI.TOTL,AGO,Angola,1999,0.684495013337208,,,1
FP.CPI.TOTL,AGO,Angola,2000,2.90908239295018,,,1
FP.CPI.TOTL,AGO,Angola,2001,7.34720823610931,,,1
FP.CPI.TOTL,AGO,Angola,2002,15.3481296293837,,,1
FP.CPI.TOTL,AGO,Angola,2003,30.4236985252629,,,1
FP.CPI.TOTL,AGO,Angola,2004,43.6708178150299,,,1
FP.CPI.TOTL,AGO,Angola,2005,53.6948050312199,,,1
FP.CPI.TOTL,AGO,Angola,2006,60.8390116952927,,,1
FP.CPI.TOTL,AGO,Angola,2007,68.2927016592819,,,1
FP.CPI.TOTL,AGO,Angola,2008,76.8127824283574,,,1
FP.CPI.TOTL,AGO,Angola,2009,87.3593955494136,,,1
FP.CPI.TOTL,AGO,Angola,2010,100.0,,,1
FP.CPI.TOTL,AGO,Angola,2011,113.482467921851,,,1
FP.CPI.TOTL,AGO,Angola,2012,125.146088077866,,,1
FP.CPI.TOTL,AGO,Angola,2013,136.131179284704,,,1
FP.CPI.TOTL,AGO,Angola,2014,146.042056377604,,,1
FP.CPI.TOTL,AGO,Angola,2015,159.705710507375,,,1
FP.CPI.TOTL,AGO,Angola,2016,208.726444198045,,,1
FP.CPI.TOTL,AGO,Angola,2017,271.019765885988,,,1
FP.CPI.TOTL,AGO,Angola,2018,324.2180676186,,,1
FP.CPI.TOTL,AGO,Angola,2019,379.597607073274,,,1
FP.CPI.TOTL,AGO,Angola,2020,464.139837113465,,,1
FP.CPI.TOTL,AGO,Angola,2021,583.675779438661,,,1
FP.CPI.TOTL,AGO,Angola,2022,708.32143556848,,,1
FP.CPI.TOTL,AGO,Angola,2023,804.965533144132,,,1
FP.CPI.TOTL,AGO,Angola,2024,1032.29178341066,,,1
FP.CPI.TOTL,AGO,Angola,2025,1240.42265673421,,,1
FP.CPI.TOTL,ALB,Albania,1991,5.11449974252929,,,1
FP.CPI.TOTL,ALB,Albania,1992,16.6735464306431,,,1
FP.CPI.TOTL,ALB,Albania,1993,30.846853096683,,,1
FP.CPI.TOTL,ALB,Albania,1994,37.8074617521958,,,1
FP.CPI.TOTL,ALB,Albania,1995,40.7538798701745,,,1
FP.CPI.TOTL,ALB,Albania,1996,45.9400058092419,,,1
FP.CPI.TOTL,ALB,Albania,1997,61.1830257848211,,,1
FP.CPI.TOTL,ALB,Albania,1998,73.8129514481784,,,1
FP.CPI.TOTL,ALB,Albania,1999,74.1004068743228,,,1
FP.CPI.TOTL,ALB,Albania,2000,74.1374705168667,,,1
FP.CPI.TOTL,ALB,Albania,2001,76.4413578545567,,,1
FP.CPI.TOTL,ALB,Albania,2002,82.3812533147465,,,1
FP.CPI.TOTL,ALB,Albania,2003,82.7799807324387,,,1
FP.CPI.TOTL,ALB,Albania,2004,84.6673801615482,,,1
FP.CPI.TOTL,ALB,Albania,2005,86.671103103745,,,1
FP.CPI.TOTL,ALB,Albania,2006,88.7258394894523,,,1
FP.CPI.TOTL,ALB,Albania,2007,91.3278866408325,,,1
FP.CPI.TOTL,ALB,Albania,2008,94.3607678554281,,,1
FP.CPI.TOTL,ALB,Albania,2009,96.4998529504904,,,1
FP.CPI.TOTL,ALB,Albania,2010,100.0,,,1
FP.CPI.TOTL,ALB,Albania,2011,103.428071301415,,,1
FP.CPI.TOTL,ALB,Albania,2012,105.529308431128,,,1
FP.CPI.TOTL,ALB,Albania,2013,107.574066263552,,,1
FP.CPI.TOTL,ALB,Albania,2014,109.323075403368,,,1
FP.CPI.TOTL,ALB,Albania,2015,111.396031163508,,,1
FP.CPI.TOTL,ALB,Albania,2016,112.816811439323,,,1
FP.CPI.TOTL,ALB,Albania,2017,115.058099407858,,,1
FP.CPI.TOTL,ALB,Albania,2018,117.391546273813,,,1
FP.CPI.TOTL,ALB,Albania,2019,119.048047570984,,,1
FP.CPI.TOTL,ALB,Albania,2020,120.977681442064,,,1
FP.CPI.TOTL,ALB,Albania,2021,123.447406489024,,,1
FP.CPI.TOTL,ALB,Albania,2022,131.749494822192,,,1
FP.CPI.TOTL,ALB,Albania,2023,138.018591048188,,,1
FP.CPI.TOTL,ALB,Albania,2024,141.076908778587,,,1
FP.CPI.TOTL,ALB,Albania,2025,144.10468095511,,,1
FP.CPI.TOTL,ARE,United Arab Emirates,2007,86.9531235204222,,,1
FP.CPI.TOTL,ARE,United Arab Emirates,2008,97.605246567666,,,1
FP.CPI.TOTL,ARE,United Arab Emirates,2009,99.129658167554,,,1
FP.CPI.TOTL,ARE,United Arab Emirates,2010,100.0,,,1
FP.CPI.TOTL,ARE,United Arab Emirates,2011,100.877346595685,,,1
FP.CPI.TOTL,ARE,United Arab Emirates,2012,101.545425889605,,,1
FP.CPI.TOTL,ARE,United Arab Emirates,2013,102.663561221631,,,1
FP.CPI.TOTL,ARE,United Arab Emirates,2014,105.072324180443,,,1
FP.CPI.TOTL,ARE,United Arab Emirates,2015,109.348732137854,,,1
FP.CPI.TOTL,ARE,United Arab Emirates,2016,111.117434855702,,,1
FP.CPI.TOTL,ARE,United Arab Emirates,2017,113.302920986271,,,1
FP.CPI.TOTL,ARE,United Arab Emirates,2018,116.779772707568,,,1
FP.CPI.TOTL,ARE,United Arab Emirates,2019,114.524660532343,,,1
FP.CPI.TOTL,ARE,United Arab Emirates,2020,112.143231100025,,,1
FP.CPI.TOTL,ARE,United Arab Emirates,2021,112.345016399902,,,1
FP.CPI.TOTL,ARE,United Arab Emirates,2022,118.28944516653,,,1
FP.CPI.TOTL,ARE,United Arab Emirates,2023,120.213669474403,,,1
FP.CPI.TOTL,ARE,United Arab Emirates,2024,122.213261700573,,,1
FP.CPI.TOTL,ARE,United Arab Emirates,2025,123.741984916697,,,1
FP.CPI.TOTL,ARM,Armenia,1993,0.462030295706842,,,1
FP.CPI.TOTL,ARM,Armenia,1994,16.0498210283141,,,1
FP.CPI.TOTL,ARM,Armenia,1995,44.289693873561,,,1
FP.CPI.TOTL,ARM,Armenia,1996,52.5635338054846,,,1
FP.CPI.TOTL,ARM,Armenia,1997,59.9018047741462,,,1
FP.CPI.TOTL,ARM,Armenia,1998,65.0967806009243,,,1
FP.CPI.TOTL,ARM,Armenia,1999,65.5187677213725,,,1
FP.CPI.TOTL,ARM,Armenia,2000,65.0005904218581,,,1
FP.CPI.TOTL,ARM,Armenia,2001,67.0454470164194,,,1
FP.CPI.TOTL,ARM,Armenia,2002,67.756161803785,,,1
FP.CPI.TOTL,ARM,Armenia,2003,70.9553051421402,,,1
FP.CPI.TOTL,ARM,Armenia,2004,75.8946893809888,,,1
FP.CPI.TOTL,ARM,Armenia,2005,76.3796018037861,,,1
FP.CPI.TOTL,ARM,Armenia,2006,78.5887722763934,,,1
FP.CPI.TOTL,ARM,Armenia,2007,82.0524630946995,,,1
FP.CPI.TOTL,ARM,Armenia,2008,89.3961202671007,,,1
FP.CPI.TOTL,ARM,Armenia,2009,92.4416376368405,,,1
FP.CPI.TOTL,ARM,Armenia,2010,100.0,,,1
FP.CPI.TOTL,ARM,Armenia,2011,107.650008078593,,,1
FP.CPI.TOTL,ARM,Armenia,2012,110.403716898759,,,1
FP.CPI.TOTL,ARM,Armenia,2013,116.795725329982,,,1
FP.CPI.TOTL,ARM,Armenia,2014,120.277766438018,,,1
FP.CPI.TOTL,ARM,Armenia,2015,124.766161254862,,,1
FP.CPI.TOTL,ARM,Armenia,2016,123.014933984404,,,1
FP.CPI.TOTL,ARM,Armenia,2017,124.207629297981,,,1
FP.CPI.TOTL,ARM,Armenia,2018,127.33795197859,,,1
FP.CPI.TOTL,ARM,Armenia,2019,129.176007326748,,,1
FP.CPI.TOTL,ARM,Armenia,2020,130.740891696593,,,1
FP.CPI.TOTL,ARM,Armenia,2021,140.134410734876,,,1
FP.CPI.TOTL,ARM,Armenia,2022,152.243300572606,,,1
FP.CPI.TOTL,ARM,Armenia,2023,155.258355482585,,,1
FP.CPI.TOTL,ARM,Armenia,2024,155.676795347859,,,1
FP.CPI.TOTL,ARM,Armenia,2025,160.824923305969,,,1
FP.CPI.TOTL,ATG,Antigua and Barbuda,1998,79.5693807339448,,,1
FP.CPI.TOTL,ATG,Antigua and Barbuda,1999,80.4615825688071,,,1
FP.CPI.TOTL,ATG,Antigua and Barbuda,2000,81.0825688073393,,,1
FP.CPI.TOTL,ATG,Antigua and Barbuda,2001,82.2199923547401,,,1
FP.CPI.TOTL,ATG,Antigua and Barbuda,2002,84.1995685889035,,,1
FP.CPI.TOTL,ATG,Antigua and Barbuda,2003,85.8781127129751,,,1
FP.CPI.TOTL,ATG,Antigua and Barbuda,2004,87.621505024028,,,1
FP.CPI.TOTL,ATG,Antigua and Barbuda,2005,89.4604630843163,,,1
FP.CPI.TOTL,ATG,Antigua and Barbuda,2006,91.0598241590215,,,1
FP.CPI.TOTL,ATG,Antigua and Barbuda,2007,92.3492791612058,,,1
FP.CPI.TOTL,ATG,Antigua and Barbuda,2008,97.2750109218,,,1
FP.CPI.TOTL,ATG,Antigua and Barbuda,2009,96.7398427260813,,,1
FP.CPI.TOTL,ATG,Antigua and Barbuda,2010,100.0,,,1
FP.CPI.TOTL,ATG,Antigua and Barbuda,2011,103.456749672346,,,1
FP.CPI.TOTL,ATG,Antigua and Barbuda,2012,106.950360419397,,,1
FP.CPI.TOTL,ATG,Antigua and Barbuda,2013,108.083497160332,,,1
FP.CPI.TOTL,ATG,Antigua and Barbuda,2014,109.261003713412,,,1
FP.CPI.TOTL,ATG,Antigua and Barbuda,2015,110.319735692442,,,1
FP.CPI.TOTL,ATG,Antigua and Barbuda,2016,109.779789209262,,,1
FP.CPI.TOTL,ATG,Antigua and Barbuda,2017,112.450169287899,,,1
FP.CPI.TOTL,ATG,Antigua and Barbuda,2018,113.807620427883,,,1
FP.CPI.TOTL,ATG,Antigua and Barbuda,2019,115.436612610656,,,1
FP.CPI.TOTL,ATG,Antigua and Barbuda,2020,116.159233923762,,,1
FP.CPI.TOTL,ATG,Antigua and Barbuda,2021,118.555594720979,,,1
FP.CPI.TOTL,ATG,Antigua and Barbuda,2022,127.484109443389,,,1
FP.CPI.TOTL,ATG,Antigua and Barbuda,2023,133.943906030246,,,1
FP.CPI.TOTL,ATG,Antigua and Barbuda,2024,142.246910604157,,,1
FP.CPI.TOTL,ATG,Antigua and Barbuda,2025,144.193894247506,,,1
FP.CPI.TOTL,AUS,Australia,1990,59.7814801287815,,,1
FP.CPI.TOTL,AUS,Australia,1991,61.6805397100433,,,1
FP.CPI.TOTL,AUS,Australia,1992,62.3048875522264,,,1
FP.CPI.TOTL,AUS,Australia,1993,63.3975018966839,,,1
FP.CPI.TOTL,AUS,Australia,1994,64.6462013281415,,,1
FP.CPI.TOTL,AUS,Australia,1995,67.6378752538607,,,1
FP.CPI.TOTL,AUS,Australia,1996,69.4068620557434,,,1
FP.CPI.TOTL,AUS,Australia,1997,69.5629546369261,,,1
FP.CPI.TOTL,AUS,Australia,1998,70.1612864243969,,,1
FP.CPI.TOTL,AUS,Australia,1999,71.2018761536123,,,1
FP.CPI.TOTL,AUS,Australia,2000,74.3756549681352,,,1
FP.CPI.TOTL,AUS,Australia,2001,77.6534867602337,,,1
FP.CPI.TOTL,AUS,Australia,2002,79.9687807343452,,,1
FP.CPI.TOTL,AUS,Australia,2003,82.1540056761687,,,1
FP.CPI.TOTL,AUS,Australia,2004,84.0790850592342,,,1
FP.CPI.TOTL,AUS,Australia,2005,86.3423506710122,,,1
FP.CPI.TOTL,AUS,Australia,2006,89.4120690137771,,,1
FP.CPI.TOTL,AUS,Australia,2007,91.493237230934,,,1
FP.CPI.TOTL,AUS,Australia,2008,95.4734650293526,,,1
FP.CPI.TOTL,AUS,Australia,2009,97.1644149083721,,,1
FP.CPI.TOTL,AUS,Australia,2010,99.9999999999999,,,1
FP.CPI.TOTL,AUS,Australia,2011,103.30384784681,,,1
FP.CPI.TOTL,AUS,Australia,2012,105.124870505209,,,1
FP.CPI.TOTL,AUS,Australia,2013,107.700306290987,,,1
FP.CPI.TOTL,AUS,Australia,2014,110.379813789798,,,1
FP.CPI.TOTL,AUS,Australia,2015,112.044747614105,,,1
FP.CPI.TOTL,AUS,Australia,2016,113.475551934366,,,1
FP.CPI.TOTL,AUS,Australia,2017,115.686785436719,,,1
FP.CPI.TOTL,AUS,Australia,2018,117.898022686164,,,1
FP.CPI.TOTL,AUS,Australia,2019,119.797089761608,,,1
FP.CPI.TOTL,AUS,Australia,2020,120.811652194838,,,1
FP.CPI.TOTL,AUS,Australia,2021,124.271592622831,,,1
FP.CPI.TOTL,AUS,Australia,2022,132.466181470806,,,1
FP.CPI.TOTL,AUS,Australia,2023,139.880337389597,,,1
FP.CPI.TOTL,AUS,Australia,2024,144.309741509281,,,1
FP.CPI.TOTL,AUS,Australia,2025,148.457258197608,,,1
FP.CPI.TOTL,AUT,Austria,1990,65.7176910212227,,,1
FP.CPI.TOTL,AUT,Austria,1991,67.9109710079771,,,1
FP.CPI.TOTL,AUT,Austria,1992,70.6415677919718,,,1
FP.CPI.TOTL,AUT,Austria,1993,73.207117831008,,,1
FP.CPI.TOTL,AUT,Austria,1994,75.3692237067869,,,1
FP.CPI.TOTL,AUT,Austria,1995,77.0600314833087,,,1
FP.CPI.TOTL,AUT,Austria,1996,78.4940964432539,,,1
FP.CPI.TOTL,AUT,Austria,1997,79.5192125233052,,,1
FP.CPI.TOTL,AUT,Austria,1998,80.2527511738916,,,1
FP.CPI.TOTL,AUT,Austria,1999,80.7093843250227,,,1
FP.CPI.TOTL,AUT,Austria,2000,82.6019086974074,,,1
FP.CPI.TOTL,AUT,Austria,2001,84.7908599162324,,,1
FP.CPI.TOTL,AUT,Austria,2002,86.3258779282457,,,1
FP.CPI.TOTL,AUT,Austria,2003,87.4960715682981,,,1
FP.CPI.TOTL,AUT,Austria,2004,89.2995460030087,,,1
FP.CPI.TOTL,AUT,Austria,2005,91.3526656707509,,,1
FP.CPI.TOTL,AUT,Austria,2006,92.6695586626601,,,1
FP.CPI.TOTL,AUT,Austria,2007,94.6791492774125,,,1
FP.CPI.TOTL,AUT,Austria,2008,97.7239836933118,,,1
FP.CPI.TOTL,AUT,Austria,2009,98.2187688495277,,,1
FP.CPI.TOTL,AUT,Austria,2010,100.0,,,1
FP.CPI.TOTL,AUT,Austria,2011,103.286579148754,,,1
FP.CPI.TOTL,AUT,Austria,2012,105.853948467215,,,1
FP.CPI.TOTL,AUT,Austria,2013,107.971192747618,,,1
FP.CPI.TOTL,AUT,Austria,2014,109.70500693326,,,1
FP.CPI.TOTL,AUT,Austria,2015,110.688581802368,,,1
FP.CPI.TOTL,AUT,Austria,2016,111.675472068849,,,1
FP.CPI.TOTL,AUT,Austria,2017,113.999739176771,,,1
FP.CPI.TOTL,AUT,Austria,2018,116.277886952829,,,1
FP.CPI.TOTL,AUT,Austria,2019,118.057980056249,,,1
FP.CPI.TOTL,AUT,Austria,2020,119.689435836364,,,1
FP.CPI.TOTL,AUT,Austria,2021,123.00084356117,,,1
FP.CPI.TOTL,AUT,Austria,2022,133.513565675464,,,1
FP.CPI.TOTL,AUT,Austria,2023,143.946494832533,,,1
FP.CPI.TOTL,AUT,Austria,2024,148.175521565418,,,1
FP.CPI.TOTL,AUT,Austria,2025,153.401960263606,,,1
FP.CPI.TOTL,AZE,Azerbaijan,1991,0.043021778631456,,,1
FP.CPI.TOTL,AZE,Azerbaijan,1992,0.038448521763996,,,1
FP.CPI.TOTL,AZE,Azerbaijan,1993,0.472147856602571,,,1
FP.CPI.TOTL,AZE,Azerbaijan,1994,8.32026483077424,,,1
FP.CPI.TOTL,AZE,Azerbaijan,1995,42.5797574928903,,,1
FP.CPI.TOTL,AZE,Azerbaijan,1996,51.0083365239617,,,1
FP.CPI.TOTL,AZE,Azerbaijan,1997,52.8825603662634,,,1
FP.CPI.TOTL,AZE,Azerbaijan,1998,52.473937940233,,,1
FP.CPI.TOTL,AZE,Azerbaijan,1999,48.0004455223208,,,1
FP.CPI.TOTL,AZE,Azerbaijan,2000,48.8668550217931,,,1
FP.CPI.TOTL,AZE,Azerbaijan,2001,49.6229209998934,,,1
FP.CPI.TOTL,AZE,Azerbaijan,2002,50.9980538796673,,,1
FP.CPI.TOTL,AZE,Azerbaijan,2003,52.1372815200996,,,1
FP.CPI.TOTL,AZE,Azerbaijan,2004,55.6351354643221,,,1
FP.CPI.TOTL,AZE,Azerbaijan,2005,61.0203424736215,,,1
FP.CPI.TOTL,AZE,Azerbaijan,2006,66.1026809284234,,,1
FP.CPI.TOTL,AZE,Azerbaijan,2007,77.1416666666667,,,1
FP.CPI.TOTL,AZE,Azerbaijan,2008,93.225,,,1
FP.CPI.TOTL,AZE,Azerbaijan,2009,94.5833333333333,,,1
FP.CPI.TOTL,AZE,Azerbaijan,2010,100.0,,,1
FP.CPI.TOTL,AZE,Azerbaijan,2011,107.858333333333,,,1
FP.CPI.TOTL,AZE,Azerbaijan,2012,109.008333333333,,,1
FP.CPI.TOTL,AZE,Azerbaijan,2013,111.641666666667,,,1
FP.CPI.TOTL,AZE,Azerbaijan,2014,113.175,,,1
FP.CPI.TOTL,AZE,Azerbaijan,2015,117.733333333333,,,1
FP.CPI.TOTL,AZE,Azerbaijan,2016,132.383333333333,,,1
FP.CPI.TOTL,AZE,Azerbaijan,2017,149.508333333333,,,1
FP.CPI.TOTL,AZE,Azerbaijan,2018,152.9,,,1
FP.CPI.TOTL,AZE,Azerbaijan,2019,156.891564325,,,1
FP.CPI.TOTL,AZE,Azerbaijan,2020,161.221472575,,,1
FP.CPI.TOTL,AZE,Azerbaijan,2021,171.943182758333,,,1
FP.CPI.TOTL,AZE,Azerbaijan,2022,195.761197791667,,,1
FP.CPI.TOTL,AZE,Azerbaijan,2023,212.959661766667,,,1
FP.CPI.TOTL,AZE,Azerbaijan,2024,217.670695539602,,,1
FP.CPI.TOTL,AZE,Azerbaijan,2025,229.908333333333,,,1
FP.CPI.TOTL,BDI,Burundi,1990,10.4849130752725,,,1
FP.CPI.TOTL,BDI,Burundi,1991,11.4282342810669,,,1
FP.CPI.TOTL,BDI,Burundi,1992,11.636609086125,,,1
FP.CPI.TOTL,BDI,Burundi,1993,12.7629568098098,,,1
FP.CPI.TOTL,BDI,Burundi,1994,14.6586151711817,,,1
FP.CPI.TOTL,BDI,Burundi,1995,17.482341391462,,,1
FP.CPI.TOTL,BDI,Burundi,1996,22.1041098052967,,,1
FP.CPI.TOTL,BDI,Burundi,1997,28.9810497839288,,,1
FP.CPI.TOTL,BDI,Burundi,1998,32.6038000510269,,,1
FP.CPI.TOTL,BDI,Burundi,1999,33.7075770120067,,,1
FP.CPI.TOTL,BDI,Burundi,2000,41.943020388257,,,1
FP.CPI.TOTL,BDI,Burundi,2001,45.842122296227,,,1
FP.CPI.TOTL,BDI,Burundi,2002,45.2160655760269,,,1
FP.CPI.TOTL,BDI,Burundi,2003,50.0304301362971,,,1
FP.CPI.TOTL,BDI,Burundi,2004,54.1211329223103,,,1
FP.CPI.TOTL,BDI,Burundi,2005,61.2933032980337,,,1
FP.CPI.TOTL,BDI,Burundi,2006,62.9760619067517,,,1
FP.CPI.TOTL,BDI,Burundi,2007,68.2736478196678,,,1
FP.CPI.TOTL,BDI,Burundi,2008,84.9371636130896,,,1
FP.CPI.TOTL,BDI,Burundi,2009,93.9026511592399,,,1
FP.CPI.TOTL,BDI,Burundi,2010,100.0,,,1
FP.CPI.TOTL,BDI,Burundi,2011,109.592166059797,,,1
FP.CPI.TOTL,BDI,Burundi,2012,129.495248990341,,,1
FP.CPI.TOTL,BDI,Burundi,2013,139.774527564212,,,1
FP.CPI.TOTL,BDI,Burundi,2014,145.932087987576,,,1
FP.CPI.TOTL,BDI,Burundi,2015,154.023568290146,,,1
FP.CPI.TOTL,BDI,Burundi,2016,162.583720148134,,,1
FP.CPI.TOTL,BDI,Burundi,2017,188.682529221908,,,1
FP.CPI.TOTL,BDI,Burundi,2018,183.371685700859,,,1
FP.CPI.TOTL,BDI,Burundi,2019,182.112339994344,,,1
FP.CPI.TOTL,BDI,Burundi,2020,195.44497823506,,,1
FP.CPI.TOTL,BDI,Burundi,2021,211.871226580912,,,1
FP.CPI.TOTL,BDI,Burundi,2022,251.704878819603,,,1
FP.CPI.TOTL,BDI,Burundi,2023,319.517907407394,,,1
FP.CPI.TOTL,BDI,Burundi,2024,384.100440487168,,,1
FP.CPI.TOTL,BDI,Burundi,2025,515.209279367642,,,1
FP.CPI.TOTL,BEL,Belgium,1990,66.4424441972296,,,1
FP.CPI.TOTL,BEL,Belgium,1991,68.5787752099333,,,1
FP.CPI.TOTL,BEL,Belgium,1992,70.2438374721883,,,1
FP.CPI.TOTL,BEL,Belgium,1993,72.1786523002943,,,1
FP.CPI.TOTL,BEL,Belgium,1994,73.894729239934,,,1
FP.CPI.TOTL,BEL,Belgium,1995,74.9794794731932,,,1
FP.CPI.TOTL,BEL,Belgium,1996,76.536819062657,,,1
FP.CPI.TOTL,BEL,Belgium,1997,77.782961314864,,,1
FP.CPI.TOTL,BEL,Belgium,1998,78.521316299433,,,1
FP.CPI.TOTL,BEL,Belgium,1999,79.4014210866289,,,1
FP.CPI.TOTL,BEL,Belgium,2000,81.4218043493863,,,1
FP.CPI.TOTL,BEL,Belgium,2001,83.4323189549989,,,1
FP.CPI.TOTL,BEL,Belgium,2002,84.8049594487907,,,1
FP.CPI.TOTL,BEL,Belgium,2003,86.1524797243953,,,1
FP.CPI.TOTL,BEL,Belgium,2004,87.959341132563,,,1
FP.CPI.TOTL,BEL,Belgium,2005,90.4058709538506,,,1
FP.CPI.TOTL,BEL,Belgium,2006,92.025227876265,,,1
FP.CPI.TOTL,BEL,Belgium,2007,93.7028995908993,,,1
FP.CPI.TOTL,BEL,Belgium,2008,97.9096389865787,,,1
FP.CPI.TOTL,BEL,Belgium,2009,97.8576042489055,,,1
FP.CPI.TOTL,BEL,Belgium,2010,100.0,,,1
FP.CPI.TOTL,BEL,Belgium,2011,103.532082107227,,,1
FP.CPI.TOTL,BEL,Belgium,2012,106.47204478576,,,1
FP.CPI.TOTL,BEL,Belgium,2013,107.657180793799,,,1
FP.CPI.TOTL,BEL,Belgium,2014,108.02321825881,,,1
FP.CPI.TOTL,BEL,Belgium,2015,108.629692097897,,,1
FP.CPI.TOTL,BEL,Belgium,2016,110.773882150291,,,1
FP.CPI.TOTL,BEL,Belgium,2017,113.128902605325,,,1
FP.CPI.TOTL,BEL,Belgium,2018,115.451625636977,,,1
FP.CPI.TOTL,BEL,Belgium,2019,117.110457187971,,,1
FP.CPI.TOTL,BEL,Belgium,2020,117.978001866073,,,1
FP.CPI.TOTL,BEL,Belgium,2021,120.856958300438,,,1
FP.CPI.TOTL,BEL,Belgium,2022,132.456219048303,,,1
FP.CPI.TOTL,BEL,Belgium,2023,137.819385631235,,,1
FP.CPI.TOTL,BEL,Belgium,2024,142.15172611785,,,1
FP.CPI.TOTL,BEL,Belgium,2025,145.65868800689,,,1
FP.CPI.TOTL,BEN,Benin,1992,38.9035110866788,,,1
FP.CPI.TOTL,BEN,Benin,1993,39.0749196511076,,,1
FP.CPI.TOTL,BEN,Benin,1994,54.1308246466815,,,1
FP.CPI.TOTL,BEN,Benin,1995,61.9595212620572,,,1
FP.CPI.TOTL,BEN,Benin,1996,65.0043606701871,,,1
FP.CPI.TOTL,BEN,Benin,1997,67.2576041625903,,,1
FP.CPI.TOTL,BEN,Benin,1998,71.1271457118404,,,1
FP.CPI.TOTL,BEN,Benin,1999,71.3595343803007,,,1
FP.CPI.TOTL,BEN,Benin,2000,74.3319475815406,,,1
FP.CPI.TOTL,BEN,Benin,2001,77.2935520075027,,,1
FP.CPI.TOTL,BEN,Benin,2002,79.2175140068504,,,1
FP.CPI.TOTL,BEN,Benin,2003,80.3956705120688,,,1
FP.CPI.TOTL,BEN,Benin,2004,81.0982409050891,,,1
FP.CPI.TOTL,BEN,Benin,2005,85.448772954176,,,1
FP.CPI.TOTL,BEN,Benin,2006,88.6805967620689,,,1
FP.CPI.TOTL,BEN,Benin,2007,89.8317313290945,,,1
FP.CPI.TOTL,BEN,Benin,2008,96.9709273997076,,,1
FP.CPI.TOTL,BEN,Benin,2009,97.8398570732499,,,1
FP.CPI.TOTL,BEN,Benin,2010,100.0,,,1
FP.CPI.TOTL,BEN,Benin,2011,102.704239077473,,,1
FP.CPI.TOTL,BEN,Benin,2012,109.6313139516,,,1
FP.CPI.TOTL,BEN,Benin,2013,110.101510475881,,,1
FP.CPI.TOTL,BEN,Benin,2014,109.497320123437,,,1
FP.CPI.TOTL,BEN,Benin,2015,109.736884846516,,,1
FP.CPI.TOTL,BEN,Benin,2016,108.86633100536,,,1
FP.CPI.TOTL,BEN,Benin,2017,108.913431866169,,,1
FP.CPI.TOTL,BEN,Benin,2018,109.914532239727,,,1
FP.CPI.TOTL,BEN,Benin,2019,110.720040198149,,,1
FP.CPI.TOTL,BEN,Benin,2020,114.066798322144,,,1
FP.CPI.TOTL,BEN,Benin,2021,116.04419147224,,,1
FP.CPI.TOTL,BEN,Benin,2022,117.611691618775,,,1
FP.CPI.TOTL,BEN,Benin,2023,120.832723939286,,,1
FP.CPI.TOTL,BEN,Benin,2024,122.235508364463,,,1
FP.CPI.TOTL,BEN,Benin,2025,123.581996637107,,,1
FP.CPI.TOTL,BFA,Burkina Faso,1990,49.1647074300655,,,1
FP.CPI.TOTL,BFA,Burkina Faso,1991,50.2279436521121,,,1
FP.CPI.TOTL,BFA,Burkina Faso,1992,49.2278370807498,,,1
FP.CPI.TOTL,BFA,Burkina Faso,1993,49.5002913626491,,,1
FP.CPI.TOTL,BFA,Burkina Faso,1994,61.9634134529494,,,1
FP.CPI.TOTL,BFA,Burkina Faso,1995,66.5851684056576,,,1
FP.CPI.TOTL,BFA,Burkina Faso,1996,70.6454017285973,,,1
FP.CPI.TOTL,BFA,Burkina Faso,1997,72.2834500331878,,,1
FP.CPI.TOTL,BFA,Burkina Faso,1998,75.9585816558613,,,1
FP.CPI.TOTL,BFA,Burkina Faso,1999,75.1438395576924,,,1
FP.CPI.TOTL,BFA,Burkina Faso,2000,74.9152428538897,,,1
FP.CPI.TOTL,BFA,Burkina Faso,2001,78.6665733778311,,,1
FP.CPI.TOTL,BFA,Burkina Faso,2002,80.378117929379,,,1
FP.CPI.TOTL,BFA,Burkina Faso,2003,82.0134635796595,,,1
FP.CPI.TOTL,BFA,Burkina Faso,2004,81.6852221588147,,,1
FP.CPI.TOTL,BFA,Burkina Faso,2005,86.9253619844447,,,1
FP.CPI.TOTL,BFA,Burkina Faso,2006,88.9534250489503,,,1
FP.CPI.TOTL,BFA,Burkina Faso,2007,88.7482741609223,,,1
FP.CPI.TOTL,BFA,Burkina Faso,2008,98.2086608259859,,,1
FP.CPI.TOTL,BFA,Burkina Faso,2009,100.770116199365,,,1
FP.CPI.TOTL,BFA,Burkina Faso,2010,100.0,,,1
FP.CPI.TOTL,BFA,Burkina Faso,2011,102.759767248545,,,1
FP.CPI.TOTL,BFA,Burkina Faso,2012,106.683291770574,,,1
FP.CPI.TOTL,BFA,Burkina Faso,2013,107.252701579385,,,1
FP.CPI.TOTL,BFA,Burkina Faso,2014,106.975893599335,,,1
FP.CPI.TOTL,BFA,Burkina Faso,2015,107.751296576491,,,1
FP.CPI.TOTL,BFA,Burkina Faso,2016,108.226524455215,,,1
FP.CPI.TOTL,BFA,Burkina Faso,2017,109.831522699898,,,1
FP.CPI.TOTL,BFA,Burkina Faso,2018,111.979764709293,,,1
FP.CPI.TOTL,BFA,Burkina Faso,2019,108.359022934412,,,1
FP.CPI.TOTL,BFA,Burkina Faso,2020,110.401266160449,,,1
FP.CPI.TOTL,BFA,Burkina Faso,2021,114.434519867232,,,1
FP.CPI.TOTL,BFA,Burkina Faso,2022,130.787482169834,,,1
FP.CPI.TOTL,BFA,Burkina Faso,2023,131.759116014268,,,1
FP.CPI.TOTL,BFA,Burkina Faso,2024,137.280899728477,,,1
FP.CPI.TOTL,BFA,Burkina Faso,2025,136.476110611692,,,1
FP.CPI.TOTL,BGD,Bangladesh,1990,32.2492201402459,,,1
FP.CPI.TOTL,BGD,Bangladesh,1991,34.299420491319,,,1
FP.CPI.TOTL,BGD,Bangladesh,1992,35.5458878143966,,,1
FP.CPI.TOTL,BGD,Bangladesh,1993,36.6175318517239,,,1
FP.CPI.TOTL,BGD,Bangladesh,1994,38.5632923178032,,,1
FP.CPI.TOTL,BGD,Bangladesh,1995,42.5344675825385,,,1
FP.CPI.TOTL,BGD,Bangladesh,1996,43.545566759,,,1
FP.CPI.TOTL,BGD,Bangladesh,1997,45.8559208091063,,,1
FP.CPI.TOTL,BGD,Bangladesh,1998,49.708844392463,,,1
FP.CPI.TOTL,BGD,Bangladesh,1999,52.7444123541293,,,1
FP.CPI.TOTL,BGD,Bangladesh,2000,53.9091441150379,,,1
FP.CPI.TOTL,BGD,Bangladesh,2001,54.9911943003265,,,1
FP.CPI.TOTL,BGD,Bangladesh,2002,56.8238115576626,,,1
FP.CPI.TOTL,BGD,Bangladesh,2003,60.0449873584211,,,1
FP.CPI.TOTL,BGD,Bangladesh,2004,64.6009226216381,,,1
FP.CPI.TOTL,BGD,Bangladesh,2005,69.1531029680564,,,1
FP.CPI.TOTL,BGD,Bangladesh,2006,73.8314909913831,,,1
FP.CPI.TOTL,BGD,Bangladesh,2007,80.5553137783967,,,1
FP.CPI.TOTL,BGD,Bangladesh,2008,87.7263034206632,,,1
FP.CPI.TOTL,BGD,Bangladesh,2009,92.484115240665,,,1
FP.CPI.TOTL,BGD,Bangladesh,2010,100.0,,,1
FP.CPI.TOTL,BGD,Bangladesh,2011,111.39516515524,,,1
FP.CPI.TOTL,BGD,Bangladesh,2012,118.321164250415,,,1
FP.CPI.TOTL,BGD,Bangladesh,2013,127.231228786487,,,1
FP.CPI.TOTL,BGD,Bangladesh,2014,136.126776861358,,,1
FP.CPI.TOTL,BGD,Bangladesh,2015,144.558850888013,,,1
FP.CPI.TOTL,BGD,Bangladesh,2016,152.529140322278,,,1
FP.CPI.TOTL,BGD,Bangladesh,2017,161.226458913586,,,1
FP.CPI.TOTL,BGD,Bangladesh,2018,170.164243384102,,,1
FP.CPI.TOTL,BGD,Bangladesh,2019,179.679821747048,,,1
FP.CPI.TOTL,BGD,Bangladesh,2020,189.905534708779,,,1
FP.CPI.TOTL,BGD,Bangladesh,2021,200.437039174984,,,1
FP.CPI.TOTL,BGD,Bangladesh,2022,215.864586624407,,,1
FP.CPI.TOTL,BGD,Bangladesh,2023,237.199569600947,,,1
FP.CPI.TOTL,BGD,Bangladesh,2024,262.024279467947,,,1
FP.CPI.TOTL,BGD,Bangladesh,2025,285.000567043325,,,1
FP.CPI.TOTL,BGR,Bulgaria,1990,0.0353266482273696,,,1
FP.CPI.TOTL,BGR,Bulgaria,1991,0.154889375265074,,,1
FP.CPI.TOTL,BGR,Bulgaria,1992,0.296300172895744,,,1
FP.CPI.TOTL,BGR,Bulgaria,1993,0.512240157778667,,,1
FP.CPI.TOTL,BGR,Bulgaria,1994,1.00428441888399,,,1
FP.CPI.TOTL,BGR,Bulgaria,1995,1.62749144473476,,,1
FP.CPI.TOTL,BGR,Bulgaria,1996,3.6066437942485,,,1
FP.CPI.TOTL,BGR,Bulgaria,1997,41.778408087814,,,1
FP.CPI.TOTL,BGR,Bulgaria,1998,49.5793578586104,,,1
FP.CPI.TOTL,BGR,Bulgaria,1999,50.8550559656492,,,1
FP.CPI.TOTL,BGR,Bulgaria,2000,56.1013968449146,,,1
FP.CPI.TOTL,BGR,Bulgaria,2001,60.2309865975911,,,1
FP.CPI.TOTL,BGR,Bulgaria,2002,63.7304934450711,,,1
FP.CPI.TOTL,BGR,Bulgaria,2003,65.2272943870787,,,1
FP.CPI.TOTL,BGR,Bulgaria,2004,69.2369014528234,,,1
FP.CPI.TOTL,BGR,Bulgaria,2005,72.7256368024915,,,1
FP.CPI.TOTL,BGR,Bulgaria,2006,78.0066777375014,,,1
FP.CPI.TOTL,BGR,Bulgaria,2007,84.5612155049241,,,1
FP.CPI.TOTL,BGR,Bulgaria,2008,95.0034428974733,,,1
FP.CPI.TOTL,BGR,Bulgaria,2009,97.6190798145944,,,1
FP.CPI.TOTL,BGR,Bulgaria,2010,100.0,,,1
FP.CPI.TOTL,BGR,Bulgaria,2011,104.219903466019,,,1
FP.CPI.TOTL,BGR,Bulgaria,2012,107.299151694355,,,1
FP.CPI.TOTL,BGR,Bulgaria,2013,108.254214513041,,,1
FP.CPI.TOTL,BGR,Bulgaria,2014,106.718970777133,,,1
FP.CPI.TOTL,BGR,Bulgaria,2015,106.607307237894,,,1
FP.CPI.TOTL,BGR,Bulgaria,2016,105.755888099687,,,1
FP.CPI.TOTL,BGR,Bulgaria,2017,107.936147464138,,,1
FP.CPI.TOTL,BGR,Bulgaria,2018,110.974058623258,,,1
FP.CPI.TOTL,BGR,Bulgaria,2019,114.418393160353,,,1
FP.CPI.TOTL,BGR,Bulgaria,2020,116.331973243132,,,1
FP.CPI.TOTL,BGR,Bulgaria,2021,120.168304321485,,,1
FP.CPI.TOTL,BGR,Bulgaria,2022,138.584408106261,,,1
FP.CPI.TOTL,BGR,Bulgaria,2023,151.670713970091,,,1
FP.CPI.TOTL,BGR,Bulgaria,2024,155.381367457081,,,1
FP.CPI.TOTL,BGR,Bulgaria,2025,162.499144809803,,,1
FP.CPI.TOTL,BHR,Bahrain,1990,78.4565164520158,,,1
FP.CPI.TOTL,BHR,Bahrain,1991,79.0562535478963,,,1
FP.CPI.TOTL,BHR,Bahrain,1992,78.919949662469,,,1
FP.CPI.TOTL,BHR,Bahrain,1993,80.9236167782519,,,1
FP.CPI.TOTL,BHR,Bahrain,1994,81.5846906225748,,,1
FP.CPI.TOTL,BHR,Bahrain,1995,83.7907690082171,,,1
FP.CPI.TOTL,BHR,Bahrain,1996,83.4118442067292,,,1
FP.CPI.TOTL,BHR,Bahrain,1997,85.440046021889,,,1
FP.CPI.TOTL,BHR,Bahrain,1998,85.1268793193387,,,1
FP.CPI.TOTL,BHR,Bahrain,1999,84.0307958604124,,,1
FP.CPI.TOTL,BHR,Bahrain,2000,83.4385023142846,,,1
FP.CPI.TOTL,BHR,Bahrain,2001,82.4309224886878,,,1
FP.CPI.TOTL,BHR,Bahrain,2002,82.0224441810135,,,1
FP.CPI.TOTL,BHR,Bahrain,2003,83.3295747655714,,,1
FP.CPI.TOTL,BHR,Bahrain,2004,85.2902706424084,,,1
FP.CPI.TOTL,BHR,Bahrain,2005,87.49605350385,,,1
FP.CPI.TOTL,BHR,Bahrain,2006,89.2525102268498,,,1
FP.CPI.TOTL,BHR,Bahrain,2007,92.1591669765712,,,1
FP.CPI.TOTL,BHR,Bahrain,2008,95.4087021197468,,,1
FP.CPI.TOTL,BHR,Bahrain,2009,98.0758646336922,,,1
FP.CPI.TOTL,BHR,Bahrain,2010,100.0,,,1
FP.CPI.TOTL,BHR,Bahrain,2011,99.5999593025119,,,1
FP.CPI.TOTL,BHR,Bahrain,2012,102.346325293152,,,1
FP.CPI.TOTL,BHR,Bahrain,2013,105.723765868154,,,1
FP.CPI.TOTL,BHR,Bahrain,2014,108.522858827732,,,1
FP.CPI.TOTL,BHR,Bahrain,2015,110.529042157059,,,1
FP.CPI.TOTL,BHR,Bahrain,2016,113.609258293,,,1
FP.CPI.TOTL,BHR,Bahrain,2017,115.184698674791,,,1
FP.CPI.TOTL,BHR,Bahrain,2018,117.589374360011,,,1
FP.CPI.TOTL,BHR,Bahrain,2019,118.772111860491,,,1
FP.CPI.TOTL,BHR,Bahrain,2020,116.019323149199,,,1
FP.CPI.TOTL,BHR,Bahrain,2021,115.315875502436,,,1
FP.CPI.TOTL,BHR,Bahrain,2022,119.496930529675,,,1
FP.CPI.TOTL,BHR,Bahrain,2023,119.586099949687,,,1
FP.CPI.TOTL,BHR,Bahrain,2024,120.685856129837,,,1
FP.CPI.TOTL,BHR,Bahrain,2025,120.519661018673,,,1
FP.CPI.TOTL,BHS,"Bahamas, The",1990,62.5264231260044,,,1
FP.CPI.TOTL,BHS,"Bahamas, The",1991,66.9749787984559,,,1
FP.CPI.TOTL,BHS,"Bahamas, The",1992,70.8181362695158,,,1
FP.CPI.TOTL,BHS,"Bahamas, The",1993,72.7464416517276,,,1
FP.CPI.TOTL,BHS,"Bahamas, The",1994,73.7644075162908,,,1
FP.CPI.TOTL,BHS,"Bahamas, The",1995,75.2891140975746,,,1
FP.CPI.TOTL,BHS,"Bahamas, The",1996,76.3274544374358,,,1
FP.CPI.TOTL,BHS,"Bahamas, The",1997,76.7427905733803,,,1
FP.CPI.TOTL,BHS,"Bahamas, The",1998,77.7685449697281,,,1
FP.CPI.TOTL,BHS,"Bahamas, The",1999,78.743955592022,,,1
FP.CPI.TOTL,BHS,"Bahamas, The",2000,80.0088429151256,,,1
FP.CPI.TOTL,BHS,"Bahamas, The",2001,81.6450155718767,,,1
FP.CPI.TOTL,BHS,"Bahamas, The",2002,83.4196336072759,,,1
FP.CPI.TOTL,BHS,"Bahamas, The",2003,85.9431152817263,,,1
FP.CPI.TOTL,BHS,"Bahamas, The",2004,86.7870027943044,,,1
FP.CPI.TOTL,BHS,"Bahamas, The",2005,88.1683100949079,,,1
FP.CPI.TOTL,BHS,"Bahamas, The",2006,90.2753795352439,,,1
FP.CPI.TOTL,BHS,"Bahamas, The",2007,92.5255637392711,,,1
FP.CPI.TOTL,BHS,"Bahamas, The",2008,96.6795543958914,,,1
FP.CPI.TOTL,BHS,"Bahamas, The",2009,98.6737971456012,,,1
FP.CPI.TOTL,BHS,"Bahamas, The",2010,100.0,,,1
FP.CPI.TOTL,BHS,"Bahamas, The",2011,103.198781416603,,,1
FP.CPI.TOTL,BHS,"Bahamas, The",2012,105.235272691149,,,1
FP.CPI.TOTL,BHS,"Bahamas, The",2013,105.995507859611,,,1
FP.CPI.TOTL,BHS,"Bahamas, The",2014,107.600021675885,,,1
FP.CPI.TOTL,BHS,"Bahamas, The",2015,109.602977818188,,,1
FP.CPI.TOTL,BHS,"Bahamas, The",2016,109.223338388445,,,1
FP.CPI.TOTL,BHS,"Bahamas, The",2017,110.881574765532,,,1
FP.CPI.TOTL,BHS,"Bahamas, The",2018,113.393999859543,,,1
FP.CPI.TOTL,BHS,"Bahamas, The",2019,116.218911182281,,,1
FP.CPI.TOTL,BHS,"Bahamas, The",2020,116.263679982958,,,1
FP.CPI.TOTL,BHS,"Bahamas, The",2021,119.641038306054,,,1
FP.CPI.TOTL,BHS,"Bahamas, The",2022,126.347404647515,,,1
FP.CPI.TOTL,BHS,"Bahamas, The",2023,130.204684513872,,,1
FP.CPI.TOTL,BHS,"Bahamas, The",2024,130.737433241932,,,1
FP.CPI.TOTL,BIH,Bosnia and Herzegovina,2005,85.0497012056015,,,1
FP.CPI.TOTL,BIH,Bosnia and Herzegovina,2006,90.2594769186035,,,1
FP.CPI.TOTL,BIH,Bosnia and Herzegovina,2007,91.6140704842974,,,1
FP.CPI.TOTL,BIH,Bosnia and Herzegovina,2008,98.4182869878808,,,1
FP.CPI.TOTL,BIH,Bosnia and Herzegovina,2009,98.0428563756199,,,1
FP.CPI.TOTL,BIH,Bosnia and Herzegovina,2010,100.0,,,1
FP.CPI.TOTL,BIH,Bosnia and Herzegovina,2011,103.67125,,,1
FP.CPI.TOTL,BIH,Bosnia and Herzegovina,2012,105.799283333333,,,1
FP.CPI.TOTL,BIH,Bosnia and Herzegovina,2013,105.700841666667,,,1
FP.CPI.TOTL,BIH,Bosnia and Herzegovina,2014,104.7525,,,1
FP.CPI.TOTL,BIH,Bosnia and Herzegovina,2015,103.667239971042,,,1
FP.CPI.TOTL,BIH,Bosnia and Herzegovina,2016,102.025142250964,,,1
FP.CPI.TOTL,BIH,Bosnia and Herzegovina,2017,102.85158612695,,,1
FP.CPI.TOTL,BIH,Bosnia and Herzegovina,2018,104.30910432626,,,1
FP.CPI.TOTL,BIH,Bosnia and Herzegovina,2019,104.896137350469,,,1
FP.CPI.TOTL,BIH,Bosnia and Herzegovina,2020,103.79336844634,,,1
FP.CPI.TOTL,BIH,Bosnia and Herzegovina,2021,105.850178320986,,,1
FP.CPI.TOTL,BIH,Bosnia and Herzegovina,2022,120.691266784607,,,1
FP.CPI.TOTL,BIH,Bosnia and Herzegovina,2023,128.060556205188,,,1
FP.CPI.TOTL,BLR,Belarus,1992,0.000144697526067745,,,1
FP.CPI.TOTL,BLR,Belarus,1993,0.00186692978146556,,,1
FP.CPI.TOTL,BLR,Belarus,1994,0.0433317495765942,,,1
FP.CPI.TOTL,BLR,Belarus,1995,0.350703795845737,,,1
FP.CPI.TOTL,BLR,Belarus,1996,0.535567049888311,,,1
FP.CPI.TOTL,BLR,Belarus,1997,0.877994516548958,,,1
FP.CPI.TOTL,BLR,Belarus,1998,1.51778663650374,,,1
FP.CPI.TOTL,BLR,Belarus,1999,5.97520347175981,,,1
FP.CPI.TOTL,BLR,Belarus,2000,16.0506056584144,,,1
FP.CPI.TOTL,BLR,Belarus,2001,25.8631326997577,,,1
FP.CPI.TOTL,BLR,Belarus,2002,36.8646752211049,,,1
FP.CPI.TOTL,BLR,Belarus,2003,47.3334466749697,,,1
FP.CPI.TOTL,BLR,Belarus,2004,55.90470197953,,,1
FP.CPI.TOTL,BLR,Belarus,2005,61.6846217217236,,,1
FP.CPI.TOTL,BLR,Belarus,2006,66.0007742985638,,,1
FP.CPI.TOTL,BLR,Belarus,2007,71.5624963519242,,,1
FP.CPI.TOTL,BLR,Belarus,2008,82.1808511686491,,,1
FP.CPI.TOTL,BLR,Belarus,2009,92.8197017390842,,,1
FP.CPI.TOTL,BLR,Belarus,2010,100.0,,,1
FP.CPI.TOTL,BLR,Belarus,2011,153.228698311817,,,1
FP.CPI.TOTL,BLR,Belarus,2012,243.97032896394,,,1
FP.CPI.TOTL,BLR,Belarus,2013,288.646812458565,,,1
FP.CPI.TOTL,BLR,Belarus,2014,340.948328529255,,,1
FP.CPI.TOTL,BLR,Belarus,2015,387.093945157894,,,1
FP.CPI.TOTL,BLR,Belarus,2016,432.912632614287,,,1
FP.CPI.TOTL,BLR,Belarus,2017,459.025218055968,,,1
FP.CPI.TOTL,BLR,Belarus,2018,481.390313879142,,,1
FP.CPI.TOTL,BLR,Belarus,2019,508.339294380209,,,1
FP.CPI.TOTL,BLR,Belarus,2020,536.542688278354,,,1
FP.CPI.TOTL,BLR,Belarus,2021,587.301149813956,,,1
FP.CPI.TOTL,BLR,Belarus,2022,676.627747581603,,,1
FP.CPI.TOTL,BLR,Belarus,2023,710.463188170058,,,1
FP.CPI.TOTL,BLR,Belarus,2024,751.565750724137,,,1
FP.CPI.TOTL,BLR,Belarus,2025,801.159917107648,,,1
FP.CPI.TOTL,BLZ,Belize,1990,66.5483313761355,,,1
FP.CPI.TOTL,BLZ,Belize,1991,67.0553973858179,,,1
FP.CPI.TOTL,BLZ,Belize,1992,68.6625145846371,,,1
FP.CPI.TOTL,BLZ,Belize,1993,69.6736366781005,,,1
FP.CPI.TOTL,BLZ,Belize,1994,71.4637914172932,,,1
FP.CPI.TOTL,BLZ,Belize,1995,73.5288204566114,,,1
FP.CPI.TOTL,BLZ,Belize,1996,77.9148300197922,,,1
FP.CPI.TOTL,BLZ,Belize,1997,78.8101006874555,,,1
FP.CPI.TOTL,BLZ,Belize,1998,80.5401892743557,,,1
FP.CPI.TOTL,BLZ,Belize,1999,82.6514659669741,,,1
FP.CPI.TOTL,BLZ,Belize,2000,85.1867498213079,,,1
FP.CPI.TOTL,BLZ,Belize,2001,88.2972740234199,,,1
FP.CPI.TOTL,BLZ,Belize,2002,92.041313848626,,,1
FP.CPI.TOTL,BLZ,Belize,2003,94.1749076647235,,,1
FP.CPI.TOTL,BLZ,Belize,2004,100.196857152232,,,1
FP.CPI.TOTL,BLZ,Belize,2005,99.0903727940208,,,1
FP.CPI.TOTL,BLZ,Belize,2006,92.0413138478551,,,1
FP.CPI.TOTL,BLZ,Belize,2007,94.1749076637407,,,1
FP.CPI.TOTL,BLZ,Belize,2008,100.196857155967,,,1
FP.CPI.TOTL,BLZ,Belize,2009,99.0903727931812,,,1
FP.CPI.TOTL,BLZ,Belize,2010,100.0,,,1
FP.CPI.TOTL,BLZ,Belize,2011,101.602056156402,,,1
FP.CPI.TOTL,BLZ,Belize,2012,102.923472935782,,,1
FP.CPI.TOTL,BLZ,Belize,2013,103.448123042833,,,1
FP.CPI.TOTL,BLZ,Belize,2014,104.690948425632,,,1
FP.CPI.TOTL,BLZ,Belize,2015,103.788947954679,,,1
FP.CPI.TOTL,BLZ,Belize,2016,104.477512032706,,,1
FP.CPI.TOTL,BLZ,Belize,2017,105.676551744532,,,1
FP.CPI.TOTL,BLZ,Belize,2018,105.961860070454,,,1
FP.CPI.TOTL,BLZ,Belize,2019,106.160082270615,,,1
FP.CPI.TOTL,BLZ,Belize,2020,106.288997389243,,,1
FP.CPI.TOTL,BLZ,Belize,2021,109.728123082433,,,1
FP.CPI.TOTL,BLZ,Belize,2022,116.61564017262,,,1
FP.CPI.TOTL,BLZ,Belize,2023,121.734880395108,,,1
FP.CPI.TOTL,BLZ,Belize,2024,125.739422155629,,,1
FP.CPI.TOTL,BLZ,Belize,2025,127.07580019817,,,1
FP.CPI.TOTL,BOL,Bolivia,1990,26.3350446402851,,,1
FP.CPI.TOTL,BOL,Bolivia,1991,31.9831400506552,,,1
FP.CPI.TOTL,BOL,Bolivia,1992,35.8404102387903,,,1
FP.CPI.TOTL,BOL,Bolivia,1993,38.8968363247954,,,1
FP.CPI.TOTL,BOL,Bolivia,1994,41.9595904151193,,,1
FP.CPI.TOTL,BOL,Bolivia,1995,46.2366182230716,,,1
FP.CPI.TOTL,BOL,Bolivia,1996,51.9817430329974,,,1
FP.CPI.TOTL,BOL,Bolivia,1997,54.4292744812108,,,1
FP.CPI.TOTL,BOL,Bolivia,1998,58.6057573316525,,,1
FP.CPI.TOTL,BOL,Bolivia,1999,59.8713581954227,,,1
FP.CPI.TOTL,BOL,Bolivia,2000,62.6303680784417,,,1
FP.CPI.TOTL,BOL,Bolivia,2001,63.6259740912743,,,1
FP.CPI.TOTL,BOL,Bolivia,2002,64.2165878277004,,,1
FP.CPI.TOTL,BOL,Bolivia,2003,66.359671957018,,,1
FP.CPI.TOTL,BOL,Bolivia,2004,69.3043033000567,,,1
FP.CPI.TOTL,BOL,Bolivia,2005,73.0420445177246,,,1
FP.CPI.TOTL,BOL,Bolivia,2006,76.1699941455488,,,1
FP.CPI.TOTL,BOL,Bolivia,2007,82.8010561907834,,,1
FP.CPI.TOTL,BOL,Bolivia,2008,94.3988434471964,,,1
FP.CPI.TOTL,BOL,Bolivia,2009,97.5578575098271,,,1
FP.CPI.TOTL,BOL,Bolivia,2010,100.0,,,1
FP.CPI.TOTL,BOL,Bolivia,2011,109.884464198239,,,1
FP.CPI.TOTL,BOL,Bolivia,2012,114.846410265601,,,1
FP.CPI.TOTL,BOL,Bolivia,2013,121.434460016488,,,1
FP.CPI.TOTL,BOL,Bolivia,2014,128.437100493447,,,1
FP.CPI.TOTL,BOL,Bolivia,2015,133.651146397123,,,1
FP.CPI.TOTL,BOL,Bolivia,2016,138.493613869075,,,1
FP.CPI.TOTL,BOL,Bolivia,2017,142.402953510878,,,1
FP.CPI.TOTL,BOL,Bolivia,2018,145.638433874571,,,1
FP.CPI.TOTL,BOL,Bolivia,2019,148.317518475358,,,1
FP.CPI.TOTL,BOL,Bolivia,2020,149.712803892505,,,1
FP.CPI.TOTL,BOL,Bolivia,2021,150.816761737338,,,1
FP.CPI.TOTL,BOL,Bolivia,2022,153.450518176398,,,1
FP.CPI.TOTL,BOL,Bolivia,2023,157.40476617273,,,1
FP.CPI.TOTL,BOL,Bolivia,2024,165.432040421688,,,1
FP.CPI.TOTL,BOL,Bolivia,2025,197.719611600523,,,1
FP.CPI.TOTL,BRA,Brazil,1990,0.000892703750329439,,,1
FP.CPI.TOTL,BRA,Brazil,1991,0.00475620651227255,,,1
FP.CPI.TOTL,BRA,Brazil,1992,0.0500334876739342,,,1
FP.CPI.TOTL,BRA,Brazil,1993,1.01436931774855,,,1
FP.CPI.TOTL,BRA,Brazil,1994,22.0715442934335,,,1
FP.CPI.TOTL,BRA,Brazil,1995,36.6403159411409,,,1
FP.CPI.TOTL,BRA,Brazil,1996,42.4139744020249,,,1
FP.CPI.TOTL,BRA,Brazil,1997,45.3518684755867,,,1
FP.CPI.TOTL,BRA,Brazil,1998,46.8008952735922,,,1
FP.CPI.TOTL,BRA,Brazil,1999,49.0746921995341,,,1
FP.CPI.TOTL,BRA,Brazil,2000,52.5315827425714,,,1
FP.CPI.TOTL,BRA,Brazil,2001,56.1249316036126,,,1
FP.CPI.TOTL,BRA,Brazil,2002,60.8675805806435,,,1
FP.CPI.TOTL,BRA,Brazil,2003,69.8241962003047,,,1
FP.CPI.TOTL,BRA,Brazil,2004,74.430627668128,,,1
FP.CPI.TOTL,BRA,Brazil,2005,79.5436673306746,,,1
FP.CPI.TOTL,BRA,Brazil,2006,82.8714308457339,,,1
FP.CPI.TOTL,BRA,Brazil,2007,85.8890058743968,,,1
FP.CPI.TOTL,BRA,Brazil,2008,90.7662937251916,,,1
FP.CPI.TOTL,BRA,Brazil,2009,95.202981748031,,,1
FP.CPI.TOTL,BRA,Brazil,2010,100.0,,,1
FP.CPI.TOTL,BRA,Brazil,2011,106.636449622131,,,1
FP.CPI.TOTL,BRA,Brazil,2012,112.398549260784,,,1
FP.CPI.TOTL,BRA,Brazil,2013,119.372104441451,,,1
FP.CPI.TOTL,BRA,Brazil,2014,126.927212865611,,,1
FP.CPI.TOTL,BRA,Brazil,2015,138.388614560102,,,1
FP.CPI.TOTL,BRA,Brazil,2016,150.482594206408,,,1
FP.CPI.TOTL,BRA,Brazil,2017,155.668786230018,,,1
FP.CPI.TOTL,BRA,Brazil,2018,161.373814183906,,,1
FP.CPI.TOTL,BRA,Brazil,2019,167.397860280061,,,1
FP.CPI.TOTL,BRA,Brazil,2020,172.774291252888,,,1
FP.CPI.TOTL,BRA,Brazil,2021,187.117425058296,,,1
FP.CPI.TOTL,BRA,Brazil,2022,204.482120615775,,,1
FP.CPI.TOTL,BRA,Brazil,2023,213.87513528772,,,1
FP.CPI.TOTL,BRA,Brazil,2024,223.216054990026,,,1
FP.CPI.TOTL,BRA,Brazil,2025,234.414252669968,,,1
FP.CPI.TOTL,BRB,Barbados,1990,51.11745080628,,,1
FP.CPI.TOTL,BRB,Barbados,1991,54.3161389044404,,,1
FP.CPI.TOTL,BRB,Barbados,1992,57.6261063072741,,,1
FP.CPI.TOTL,BRB,Barbados,1993,58.2677380427303,,,1
FP.CPI.TOTL,BRB,Barbados,1994,58.3127232935558,,,1
FP.CPI.TOTL,BRB,Barbados,1995,59.4083393554372,,,1
FP.CPI.TOTL,BRB,Barbados,1996,60.8259127688362,,,1
FP.CPI.TOTL,BRB,Barbados,1997,65.5159183670657,,,1
FP.CPI.TOTL,BRB,Barbados,1998,64.684595653445,,,1
FP.CPI.TOTL,BRB,Barbados,1999,65.693715710441,,,1
FP.CPI.TOTL,BRB,Barbados,2000,67.2938918008204,,,1
FP.CPI.TOTL,BRB,Barbados,2001,69.0286172321325,,,1
FP.CPI.TOTL,BRB,Barbados,2002,69.1150752011193,,,1
FP.CPI.TOTL,BRB,Barbados,2003,70.2343476740119,,,1
FP.CPI.TOTL,BRB,Barbados,2004,71.2137110877929,,,1
FP.CPI.TOTL,BRB,Barbados,2005,75.5450623761222,,,1
FP.CPI.TOTL,BRB,Barbados,2006,81.0656406669,,,1
FP.CPI.TOTL,BRB,Barbados,2007,84.336014923633,,,1
FP.CPI.TOTL,BRB,Barbados,2008,91.1740701877111,,,1
FP.CPI.TOTL,BRB,Barbados,2009,94.4963273871983,,,1
FP.CPI.TOTL,BRB,Barbados,2010,100.0,,,1
FP.CPI.TOTL,BRB,Barbados,2011,109.432202401772,,,1
FP.CPI.TOTL,BRB,Barbados,2012,114.393144456104,,,1
FP.CPI.TOTL,BRB,Barbados,2013,116.468355477784,,,1
FP.CPI.TOTL,BRB,Barbados,2014,118.52926677929,,,1
FP.CPI.TOTL,BRB,Barbados,2015,117.210285040264,,,1
FP.CPI.TOTL,BRB,Barbados,2016,118.712836656174,,,1
FP.CPI.TOTL,BRB,Barbados,2017,124.24507403521,,,1
FP.CPI.TOTL,BRB,Barbados,2018,128.104133146788,,,1
FP.CPI.TOTL,BRB,Barbados,2019,130.251958726827,,,1
FP.CPI.TOTL,BRB,Barbados,2022,138.808814270724,,,1
FP.CPI.TOTL,BRB,Barbados,2023,143.232913606156,,,1
FP.CPI.TOTL,BRB,Barbados,2024,145.30468695348,,,1
FP.CPI.TOTL,BRB,Barbados,2025,146.534802378454,,,1
FP.CPI.TOTL,BRN,Brunei Darussalam,1990,78.048711229506,,,1
FP.CPI.TOTL,BRN,Brunei Darussalam,1991,79.2974906091781,,,1
FP.CPI.TOTL,BRN,Brunei Darussalam,1992,80.3121238551617,,,1
FP.CPI.TOTL,BRN,Brunei Darussalam,1993,83.7267549714526,,,1
FP.CPI.TOTL,BRN,Brunei Darussalam,1994,85.7885417597654,,,1
FP.CPI.TOTL,BRN,Brunei Darussalam,1995,90.9072364045671,,,1
FP.CPI.TOTL,BRN,Brunei Darussalam,1996,92.7218689406532,,,1
FP.CPI.TOTL,BRN,Brunei Darussalam,1997,94.3088594023198,,,1
FP.CPI.TOTL,BRN,Brunei Darussalam,1998,93.8925996090957,,,1
FP.CPI.TOTL,BRN,Brunei Darussalam,1999,93.5023560529482,,,1
FP.CPI.TOTL,BRN,Brunei Darussalam,2000,94.9592653292323,,,1
FP.CPI.TOTL,BRN,Brunei Darussalam,2001,95.5251184856463,,,1
FP.CPI.TOTL,BRN,Brunei Darussalam,2002,93.3137383341436,,,1
FP.CPI.TOTL,BRN,Brunei Darussalam,2003,93.593679549146,,,1
FP.CPI.TOTL,BRN,Brunei Darussalam,2004,94.3557417455415,,,1
FP.CPI.TOTL,BRN,Brunei Darussalam,2005,95.5299396195795,,,1
FP.CPI.TOTL,BRN,Brunei Darussalam,2006,95.6826806042815,,,1
FP.CPI.TOTL,BRN,Brunei Darussalam,2007,96.6086728240376,,,1
FP.CPI.TOTL,BRN,Brunei Darussalam,2008,98.6229445597957,,,1
FP.CPI.TOTL,BRN,Brunei Darussalam,2009,99.6443998949906,,,1
FP.CPI.TOTL,BRN,Brunei Darussalam,2010,100.0,,,1
FP.CPI.TOTL,BRN,Brunei Darussalam,2011,100.137911563169,,,1
FP.CPI.TOTL,BRN,Brunei Darussalam,2012,100.249831963168,,,1
FP.CPI.TOTL,BRN,Brunei Darussalam,2013,100.640009374917,,,1
FP.CPI.TOTL,BRN,Brunei Darussalam,2014,100.431575127898,,,1
FP.CPI.TOTL,BRN,Brunei Darussalam,2015,99.9411201211483,,,1
FP.CPI.TOTL,BRN,Brunei Darussalam,2016,99.6625909496525,,,1
FP.CPI.TOTL,BRN,Brunei Darussalam,2017,98.4063383634936,,,1
FP.CPI.TOTL,BRN,Brunei Darussalam,2018,99.4150542992179,,,1
FP.CPI.TOTL,BRN,Brunei Darussalam,2019,99.0268165721066,,,1
FP.CPI.TOTL,BRN,Brunei Darussalam,2020,100.948253665821,,,1
FP.CPI.TOTL,BRN,Brunei Darussalam,2021,102.69810471103,,,1
FP.CPI.TOTL,BRN,Brunei Darussalam,2022,106.479705986051,,,1
FP.CPI.TOTL,BRN,Brunei Darussalam,2023,106.859907015157,,,1
FP.CPI.TOTL,BRN,Brunei Darussalam,2024,106.444570163807,,,1
FP.CPI.TOTL,BRN,Brunei Darussalam,2025,106.122049061729,,,1
FP.CPI.TOTL,BTN,Bhutan,1990,26.02,,,1
FP.CPI.TOTL,BTN,Bhutan,1991,29.214,,,1
FP.CPI.TOTL,BTN,Bhutan,1992,33.881,,,1
FP.CPI.TOTL,BTN,Bhutan,1993,37.675,,,1
FP.CPI.TOTL,BTN,Bhutan,1994,40.316,,,1
FP.CPI.TOTL,BTN,Bhutan,1995,44.141,,,1
FP.CPI.TOTL,BTN,Bhutan,1996,48.021,,,1
FP.CPI.TOTL,BTN,Bhutan,1997,51.145,,,1
FP.CPI.TOTL,BTN,Bhutan,1998,56.559,,,1
FP.CPI.TOTL,BTN,Bhutan,1999,60.392,,,1
FP.CPI.TOTL,BTN,Bhutan,2000,62.815,,,1
FP.CPI.TOTL,BTN,Bhutan,2001,64.96,,,1
FP.CPI.TOTL,BTN,Bhutan,2002,66.555,,,1
FP.CPI.TOTL,BTN,Bhutan,2003,68.267,,,1
FP.CPI.TOTL,BTN,Bhutan,2004,71.07,,,1
FP.CPI.TOTL,BTN,Bhutan,2005,74.8456868846605,,,1
FP.CPI.TOTL,BTN,Bhutan,2006,78.5883113128943,,,1
FP.CPI.TOTL,BTN,Bhutan,2007,82.6404121818089,,,1
FP.CPI.TOTL,BTN,Bhutan,2008,89.5220119369484,,,1
FP.CPI.TOTL,BTN,Bhutan,2009,93.4261762655376,,,1
FP.CPI.TOTL,BTN,Bhutan,2010,100.0,,,1
FP.CPI.TOTL,BTN,Bhutan,2011,108.848985699468,,,1
FP.CPI.TOTL,BTN,Bhutan,2012,120.734921525617,,,1
FP.CPI.TOTL,BTN,Bhutan,2013,131.3310812,,,1
FP.CPI.TOTL,BTN,Bhutan,2014,142.193554958547,,,1
FP.CPI.TOTL,BTN,Bhutan,2015,148.660722526853,,,1
FP.CPI.TOTL,BTN,Bhutan,2016,153.447429647958,,,1
FP.CPI.TOTL,BTN,Bhutan,2017,161.05087817625,,,1
FP.CPI.TOTL,BTN,Bhutan,2018,165.437845896942,,,1
FP.CPI.TOTL,BTN,Bhutan,2019,169.948393577383,,,1
FP.CPI.TOTL,BTN,Bhutan,2020,179.515409348127,,,1
FP.CPI.TOTL,BTN,Bhutan,2021,192.704073301911,,,1
FP.CPI.TOTL,BTN,Bhutan,2022,203.570977260005,,,1
FP.CPI.TOTL,BTN,Bhutan,2023,212.180694578194,,,1
FP.CPI.TOTL,BTN,Bhutan,2024,218.039673401975,,,1
FP.CPI.TOTL,BTN,Bhutan,2025,225.791281700656,,,1
FP.CPI.TOTL,BWA,Botswana,1990,16.2558654177117,,,1
FP.CPI.TOTL,BWA,Botswana,1991,18.1683705986913,,,1
FP.CPI.TOTL,BWA,Botswana,1992,21.1057623358172,,,1
FP.CPI.TOTL,BWA,Botswana,1993,24.130387628851,,,1
FP.CPI.TOTL,BWA,Botswana,1994,26.6744353320637,,,1
FP.CPI.TOTL,BWA,Botswana,1995,29.4785976383479,,,1
FP.CPI.TOTL,BWA,Botswana,1996,32.4508827978371,,,1
FP.CPI.TOTL,BWA,Botswana,1997,35.2805774747962,,,1
FP.CPI.TOTL,BWA,Botswana,1998,37.6307573887633,,,1
FP.CPI.TOTL,BWA,Botswana,1999,40.5468762381222,,,1
FP.CPI.TOTL,BWA,Botswana,2000,44.034509775931,,,1
FP.CPI.TOTL,BWA,Botswana,2001,46.9227498599996,,,1
FP.CPI.TOTL,BWA,Botswana,2002,50.6919589272398,,,1
FP.CPI.TOTL,BWA,Botswana,2003,55.3505006072386,,,1
FP.CPI.TOTL,BWA,Botswana,2004,59.1949823407624,,,1
FP.CPI.TOTL,BWA,Botswana,2005,64.2918036779929,,,1
FP.CPI.TOTL,BWA,Botswana,2006,71.7208622579467,,,1
FP.CPI.TOTL,BWA,Botswana,2007,76.7994154183413,,,1
FP.CPI.TOTL,BWA,Botswana,2008,86.5546218487395,,,1
FP.CPI.TOTL,BWA,Botswana,2009,93.5026184386796,,,1
FP.CPI.TOTL,BWA,Botswana,2010,100.0,,,1
FP.CPI.TOTL,BWA,Botswana,2011,108.459872334086,,,1
FP.CPI.TOTL,BWA,Botswana,2012,116.634387283833,,,1
FP.CPI.TOTL,BWA,Botswana,2013,123.497862684651,,,1
FP.CPI.TOTL,BWA,Botswana,2014,128.934551163777,,,1
FP.CPI.TOTL,BWA,Botswana,2015,132.882567987256,,,1
FP.CPI.TOTL,BWA,Botswana,2016,136.623156350634,,,1
FP.CPI.TOTL,BWA,Botswana,2017,141.143033956383,,,1
FP.CPI.TOTL,BWA,Botswana,2018,145.713267399351,,,1
FP.CPI.TOTL,BWA,Botswana,2019,149.753698758867,,,1
FP.CPI.TOTL,BWA,Botswana,2020,152.584581533137,,,1
FP.CPI.TOTL,BWA,Botswana,2021,163.633196988276,,,1
FP.CPI.TOTL,BWA,Botswana,2022,182.721938000665,,,1
FP.CPI.TOTL,BWA,Botswana,2023,191.981583240697,,,1
FP.CPI.TOTL,BWA,Botswana,2024,197.392298719903,,,1
FP.CPI.TOTL,BWA,Botswana,2025,202.642441604877,,,1
FP.CPI.TOTL,CAF,Central African Republic,1990,49.7014779622492,,,1
FP.CPI.TOTL,CAF,Central African Republic,1991,48.3285428206112,,,1
FP.CPI.TOTL,CAF,Central African Republic,1992,47.8290150793453,,,1
FP.CPI.TOTL,CAF,Central African Republic,1993,46.4346278261193,,,1
FP.CPI.TOTL,CAF,Central African Republic,1994,57.8440866036167,,,1
FP.CPI.TOTL,CAF,Central African Republic,1995,68.9440220567716,,,1
FP.CPI.TOTL,CAF,Central African Republic,1996,71.5121462726036,,,1
FP.CPI.TOTL,CAF,Central African Republic,1997,72.6644311236216,,,1
FP.CPI.TOTL,CAF,Central African Republic,1998,71.2945605693531,,,1
FP.CPI.TOTL,CAF,Central African Republic,1999,70.2863113247124,,,1
FP.CPI.TOTL,CAF,Central African Republic,2000,72.5378636652516,,,1
FP.CPI.TOTL,CAF,Central African Republic,2001,75.3195896207538,,,1
FP.CPI.TOTL,CAF,Central African Republic,2002,77.0759046423449,,,1
FP.CPI.TOTL,CAF,Central African Republic,2003,80.2627690481251,,,1
FP.CPI.TOTL,CAF,Central African Republic,2004,78.6042143636283,,,1
FP.CPI.TOTL,CAF,Central African Republic,2005,80.8707831822792,,,1
FP.CPI.TOTL,CAF,Central African Republic,2006,86.2852961471146,,,1
FP.CPI.TOTL,CAF,Central African Republic,2007,87.1135639078315,,,1
FP.CPI.TOTL,CAF,Central African Republic,2008,95.1793660993333,,,1
FP.CPI.TOTL,CAF,Central African Republic,2009,98.5308812088857,,,1
FP.CPI.TOTL,CAF,Central African Republic,2010,100.0,,,1
FP.CPI.TOTL,CAF,Central African Republic,2011,101.194475724499,,,1
FP.CPI.TOTL,CAF,Central African Republic,2012,106.73820858312,,,1
FP.CPI.TOTL,CAF,Central African Republic,2013,114.197921480885,,,1
FP.CPI.TOTL,CAF,Central African Republic,2014,131.211909142167,,,1
FP.CPI.TOTL,CAF,Central African Republic,2015,133.052773088714,,,1
FP.CPI.TOTL,CAF,Central African Republic,2016,139.632808518549,,,1
FP.CPI.TOTL,CAF,Central African Republic,2017,145.470469904858,,,1
FP.CPI.TOTL,CAF,Central African Republic,2018,147.815682079127,,,1
FP.CPI.TOTL,CAF,Central African Republic,2019,151.785085312376,,,1
FP.CPI.TOTL,CAF,Central African Republic,2020,154.380847959423,,,1
FP.CPI.TOTL,CAF,Central African Republic,2021,160.95649049113,,,1
FP.CPI.TOTL,CAF,Central African Republic,2022,169.942960718886,,,1
FP.CPI.TOTL,CAF,Central African Republic,2023,175.005796934209,,,1
FP.CPI.TOTL,CAF,Central African Republic,2024,177.591220586984,,,1
FP.CPI.TOTL,CAF,Central African Republic,2025,179.370649325771,,,1
FP.CPI.TOTL,CAN,Canada,1990,67.279622209502,,,1
FP.CPI.TOTL,CAN,Canada,1991,71.0646823125358,,,1
FP.CPI.TOTL,CAN,Canada,1992,72.123640526617,,,1
FP.CPI.TOTL,CAN,Canada,1993,73.468803663423,,,1
FP.CPI.TOTL,CAN,Canada,1994,73.590440755581,,,1
FP.CPI.TOTL,CAN,Canada,1995,75.1717229536348,,,1
FP.CPI.TOTL,CAN,Canada,1996,76.352318259874,,,1
FP.CPI.TOTL,CAN,Canada,1997,77.5901545506583,,,1
FP.CPI.TOTL,CAN,Canada,1998,78.3629078420148,,,1
FP.CPI.TOTL,CAN,Canada,1999,79.722381224957,,,1
FP.CPI.TOTL,CAN,Canada,2000,81.8903835145964,,,1
FP.CPI.TOTL,CAN,Canada,2001,83.9582140812822,,,1
FP.CPI.TOTL,CAN,Canada,2002,85.8543216943331,,,1
FP.CPI.TOTL,CAN,Canada,2003,88.2226674298798,,,1
FP.CPI.TOTL,CAN,Canada,2004,89.8611906124785,,,1
FP.CPI.TOTL,CAN,Canada,2005,91.850314825415,,,1
FP.CPI.TOTL,CAN,Canada,2006,93.689181453921,,,1
FP.CPI.TOTL,CAN,Canada,2007,95.6926159129937,,,1
FP.CPI.TOTL,CAN,Canada,2008,97.9607899255867,,,1
FP.CPI.TOTL,CAN,Canada,2009,98.2541499713795,,,1
FP.CPI.TOTL,CAN,Canada,2010,100.0,,,1
FP.CPI.TOTL,CAN,Canada,2011,102.912135088724,,,1
FP.CPI.TOTL,CAN,Canada,2012,104.471951917573,,,1
FP.CPI.TOTL,CAN,Canada,2013,105.452203777905,,,1
FP.CPI.TOTL,CAN,Canada,2014,107.462793360046,,,1
FP.CPI.TOTL,CAN,Canada,2015,108.672009158557,,,1
FP.CPI.TOTL,CAN,Canada,2016,110.224670864339,,,1
FP.CPI.TOTL,CAN,Canada,2017,111.984831139096,,,1
FP.CPI.TOTL,CAN,Canada,2018,114.524899828277,,,1
FP.CPI.TOTL,CAN,Canada,2019,116.757298225529,,,1
FP.CPI.TOTL,CAN,Canada,2020,117.594447624499,,,1
FP.CPI.TOTL,CAN,Canada,2021,121.587006296508,,,1
FP.CPI.TOTL,CAN,Canada,2022,129.858328563251,,,1
FP.CPI.TOTL,CAN,Canada,2023,134.895535203205,,,1
FP.CPI.TOTL,CAN,Canada,2024,138.10818546079,,,1
FP.CPI.TOTL,CAN,Canada,2025,140.970234688037,,,1
FP.CPI.TOTL,CHE,Switzerland,1990,75.7072261056969,,,1
FP.CPI.TOTL,CHE,Switzerland,1991,80.143364178801,,,1
FP.CPI.TOTL,CHE,Switzerland,1992,83.3787760002362,,,1
FP.CPI.TOTL,CHE,Switzerland,1993,86.124123758008,,,1
FP.CPI.TOTL,CHE,Switzerland,1994,86.8580020534487,,,1
FP.CPI.TOTL,CHE,Switzerland,1995,88.42129649372,,,1
FP.CPI.TOTL,CHE,Switzerland,1996,89.1389538564489,,,1
FP.CPI.TOTL,CHE,Switzerland,1997,89.6026773559716,,,1
FP.CPI.TOTL,CHE,Switzerland,1998,89.6187506765556,,,1
FP.CPI.TOTL,CHE,Switzerland,1999,90.3414760556728,,,1
FP.CPI.TOTL,CHE,Switzerland,2000,91.7494743368115,,,1
FP.CPI.TOTL,CHE,Switzerland,2001,92.6568952905171,,,1
FP.CPI.TOTL,CHE,Switzerland,2002,93.252411818155,,,1
FP.CPI.TOTL,CHE,Switzerland,2003,93.8476167201897,,,1
FP.CPI.TOTL,CHE,Switzerland,2004,94.6011274286296,,,1
FP.CPI.TOTL,CHE,Switzerland,2005,95.7098093179336,,,1
FP.CPI.TOTL,CHE,Switzerland,2006,96.7238636326361,,,1
FP.CPI.TOTL,CHE,Switzerland,2007,97.4322214313128,,,1
FP.CPI.TOTL,CHE,Switzerland,2008,99.7959672366682,,,1
FP.CPI.TOTL,CHE,Switzerland,2009,99.3164656408171,,,1
FP.CPI.TOTL,CHE,Switzerland,2010,100.0,,,1
FP.CPI.TOTL,CHE,Switzerland,2011,100.231349207651,,,1
FP.CPI.TOTL,CHE,Switzerland,2012,99.5371949759393,,,1
FP.CPI.TOTL,CHE,Switzerland,2013,99.3208776033039,,,1
FP.CPI.TOTL,CHE,Switzerland,2014,99.3077647259499,,,1
FP.CPI.TOTL,CHE,Switzerland,2015,98.1717745930006,,,1
FP.CPI.TOTL,CHE,Switzerland,2016,97.7451017375588,,,1
FP.CPI.TOTL,CHE,Switzerland,2017,98.2668532046593,,,1
FP.CPI.TOTL,CHE,Switzerland,2018,99.186960600683,,,1
FP.CPI.TOTL,CHE,Switzerland,2019,99.5468963730061,,,1
FP.CPI.TOTL,CHE,Switzerland,2020,98.824310405343,,,1
FP.CPI.TOTL,CHE,Switzerland,2021,99.3992842451936,,,1
FP.CPI.TOTL,CHE,Switzerland,2022,102.21728177187,,,1
FP.CPI.TOTL,CHE,Switzerland,2023,104.400030506506,,,1
FP.CPI.TOTL,CHE,Switzerland,2024,105.509114228825,,,1
FP.CPI.TOTL,CHE,Switzerland,2025,105.671996011192,,,1
FP.CPI.TOTL,CHL,Chile,1990,29.9917383358417,,,1
FP.CPI.TOTL,CHL,Chile,1991,36.5252623091808,,,1
FP.CPI.TOTL,CHL,Chile,1992,42.1595785852505,,,1
FP.CPI.TOTL,CHL,Chile,1993,47.5255514943023,,,1
FP.CPI.TOTL,CHL,Chile,1994,52.9639572135025,,,1
FP.CPI.TOTL,CHL,Chile,1995,57.3242840249409,,,1
FP.CPI.TOTL,CHL,Chile,1996,61.5428456245968,,,1
FP.CPI.TOTL,CHL,Chile,1997,65.3178004730166,,,1
FP.CPI.TOTL,CHL,Chile,1998,68.6557030746076,,,1
FP.CPI.TOTL,CHL,Chile,1999,70.9466609331327,,,1
FP.CPI.TOTL,CHL,Chile,2000,73.6733347667168,,,1
FP.CPI.TOTL,CHL,Chile,2001,76.3028101483552,,,1
FP.CPI.TOTL,CHL,Chile,2002,78.2022909051817,,,1
FP.CPI.TOTL,CHL,Chile,2003,80.3999150720275,,,1
FP.CPI.TOTL,CHL,Chile,2004,81.2479241023436,,,1
FP.CPI.TOTL,CHL,Chile,2005,83.7280789077618,,,1
FP.CPI.TOTL,CHL,Chile,2006,86.5681498602451,,,1
FP.CPI.TOTL,CHL,Chile,2007,90.3839002365083,,,1
FP.CPI.TOTL,CHL,Chile,2008,98.2620038701354,,,1
FP.CPI.TOTL,CHL,Chile,2009,98.6089131369598,,,1
FP.CPI.TOTL,CHL,Chile,2010,100.0,,,1
FP.CPI.TOTL,CHL,Chile,2011,103.341216942593,,,1
FP.CPI.TOTL,CHL,Chile,2012,106.449150720275,,,1
FP.CPI.TOTL,CHL,Chile,2013,108.354117394109,,,1
FP.CPI.TOTL,CHL,Chile,2014,113.466996344872,,,1
FP.CPI.TOTL,CHL,Chile,2015,118.401419049667,,,1
FP.CPI.TOTL,CHL,Chile,2016,122.884325951408,,,1
FP.CPI.TOTL,CHL,Chile,2017,125.566544829069,,,1
FP.CPI.TOTL,CHL,Chile,2018,128.623951838314,,,1
FP.CPI.TOTL,CHL,Chile,2019,131.913566974844,,,1
FP.CPI.TOTL,CHL,Chile,2020,135.93098258439,,,1
FP.CPI.TOTL,CHL,Chile,2021,142.08127284455,,,1
FP.CPI.TOTL,CHL,Chile,2022,158.625026875941,,,1
FP.CPI.TOTL,CHL,Chile,2023,170.651472801548,,,1
FP.CPI.TOTL,CHL,Chile,2024,177.985456906926,,,1
FP.CPI.TOTL,CHL,Chile,2025,185.483870325878,,,1
FP.CPI.TOTL,CHN,China,1990,40.4402632290027,,,1
FP.CPI.TOTL,CHN,China,1991,41.8785962689823,,,1
FP.CPI.TOTL,CHN,China,1992,44.5395544614716,,,1
FP.CPI.TOTL,CHN,China,1993,51.0468183922653,,,1
FP.CPI.TOTL,CHN,China,1994,63.4292398842776,,,1
FP.CPI.TOTL,CHN,China,1995,74.0797874420121,,,1
FP.CPI.TOTL,CHN,China,1996,80.2381577567065,,,1
FP.CPI.TOTL,CHN,China,1997,82.4739659836287,,,1
FP.CPI.TOTL,CHN,China,1998,81.8362888154733,,,1
FP.CPI.TOTL,CHN,China,1999,80.6893755831361,,,1
FP.CPI.TOTL,CHN,China,2000,80.9700222903011,,,1
FP.CPI.TOTL,CHN,China,2001,81.552298456301,,,1
FP.CPI.TOTL,CHN,China,2002,80.955359361403,,,1
FP.CPI.TOTL,CHN,China,2003,81.8682148167155,,,1
FP.CPI.TOTL,CHN,China,2004,84.9993772047539,,,1
FP.CPI.TOTL,CHN,China,2005,86.5093181065058,,,1
FP.CPI.TOTL,CHN,China,2006,87.9362296125358,,,1
FP.CPI.TOTL,CHN,China,2007,92.1719134940607,,,1
FP.CPI.TOTL,CHN,China,2008,97.6333310615016,,,1
FP.CPI.TOTL,CHN,China,2009,96.9223990713834,,,1
FP.CPI.TOTL,CHN,China,2010,100.0,,,1
FP.CPI.TOTL,CHN,China,2011,105.553898922575,,,1
FP.CPI.TOTL,CHN,China,2012,108.318908982374,,,1
FP.CPI.TOTL,CHN,China,2013,111.158001765192,,,1
FP.CPI.TOTL,CHN,China,2014,113.294060199837,,,1
FP.CPI.TOTL,CHN,China,2015,114.922122819495,,,1
FP.CPI.TOTL,CHN,China,2016,117.220567369674,,,1
FP.CPI.TOTL,CHN,China,2017,119.088050428682,,,1
FP.CPI.TOTL,CHN,China,2018,121.558877866113,,,1
FP.CPI.TOTL,CHN,China,2019,125.083154382075,,,1
FP.CPI.TOTL,CHN,China,2020,128.109443605623,,,1
FP.CPI.TOTL,CHN,China,2021,129.366216637457,,,1
FP.CPI.TOTL,CHN,China,2022,131.919356668535,,,1
FP.CPI.TOTL,CHN,China,2023,132.229151902431,,,1
FP.CPI.TOTL,CHN,China,2024,132.517581947783,,,1
FP.CPI.TOTL,CHN,China,2025,132.596515636861,,,1
FP.CPI.TOTL,CIV,Cote d'Ivoire,1990,41.8707257970249,,,1
FP.CPI.TOTL,CIV,Cote d'Ivoire,1991,42.5755560310966,,,1
FP.CPI.TOTL,CIV,Cote d'Ivoire,1992,44.3770912239754,,,1
FP.CPI.TOTL,CIV,Cote d'Ivoire,1993,45.3377285700267,,,1
FP.CPI.TOTL,CIV,Cote d'Ivoire,1994,57.1625208877872,,,1
FP.CPI.TOTL,CIV,Cote d'Ivoire,1995,65.333942739535,,,1
FP.CPI.TOTL,CIV,Cote d'Ivoire,1996,66.9547515630835,,,1
FP.CPI.TOTL,CIV,Cote d'Ivoire,1997,69.6468905321824,,,1
FP.CPI.TOTL,CIV,Cote d'Ivoire,1998,72.858620390728,,,1
FP.CPI.TOTL,CIV,Cote d'Ivoire,1999,73.3703617129058,,,1
FP.CPI.TOTL,CIV,Cote d'Ivoire,2000,75.2272006073529,,,1
FP.CPI.TOTL,CIV,Cote d'Ivoire,2001,78.5082568831034,,,1
FP.CPI.TOTL,CIV,Cote d'Ivoire,2002,80.9241638777508,,,1
FP.CPI.TOTL,CIV,Cote d'Ivoire,2003,83.5920777572988,,,1
FP.CPI.TOTL,CIV,Cote d'Ivoire,2004,84.8108405175449,,,1
FP.CPI.TOTL,CIV,Cote d'Ivoire,2005,88.1064459399084,,,1
FP.CPI.TOTL,CIV,Cote d'Ivoire,2006,90.2802006727278,,,1
FP.CPI.TOTL,CIV,Cote d'Ivoire,2007,91.9883077512366,,,1
FP.CPI.TOTL,CIV,Cote d'Ivoire,2008,97.7914156186894,,,1
FP.CPI.TOTL,CIV,Cote d'Ivoire,2009,98.7884035771395,,,1
FP.CPI.TOTL,CIV,Cote d'Ivoire,2010,100.0,,,1
FP.CPI.TOTL,CIV,Cote d'Ivoire,2011,104.912433950525,,,1
FP.CPI.TOTL,CIV,Cote d'Ivoire,2012,106.281028400716,,,1
FP.CPI.TOTL,CIV,Cote d'Ivoire,2013,109.024322817415,,,1
FP.CPI.TOTL,CIV,Cote d'Ivoire,2014,109.513495413212,,,1
FP.CPI.TOTL,CIV,Cote d'Ivoire,2015,110.884056313105,,,1
FP.CPI.TOTL,CIV,Cote d'Ivoire,2016,111.685945921178,,,1
FP.CPI.TOTL,CIV,Cote d'Ivoire,2017,112.451978676858,,,1
FP.CPI.TOTL,CIV,Cote d'Ivoire,2018,112.903246012758,,,1
FP.CPI.TOTL,CIV,Cote d'Ivoire,2019,113.796147557137,,,1
FP.CPI.TOTL,CIV,Cote d'Ivoire,2020,116.541509399556,,,1
FP.CPI.TOTL,CIV,Cote d'Ivoire,2021,121.388699871755,,,1
FP.CPI.TOTL,CIV,Cote d'Ivoire,2022,127.74161214938,,,1
FP.CPI.TOTL,CIV,Cote d'Ivoire,2023,133.323566179512,,,1
FP.CPI.TOTL,CIV,Cote d'Ivoire,2024,137.923936202659,,,1
FP.CPI.TOTL,CIV,Cote d'Ivoire,2025,138.096394599599,,,1
FP.CPI.TOTL,CMR,Cameroon,1990,46.9499450028635,,,1
FP.CPI.TOTL,CMR,Cameroon,1991,46.9781390695069,,,1
FP.CPI.TOTL,CMR,Cameroon,1992,46.9705967077296,,,1
FP.CPI.TOTL,CMR,Cameroon,1993,45.4644588928368,,,1
FP.CPI.TOTL,CMR,Cameroon,1994,61.4199660724494,,,1
FP.CPI.TOTL,CMR,Cameroon,1995,66.9905670350674,,,1
FP.CPI.TOTL,CMR,Cameroon,1996,69.6193195769357,,,1
FP.CPI.TOTL,CMR,Cameroon,1997,72.9514664757748,,,1
FP.CPI.TOTL,CMR,Cameroon,1998,75.2645764514801,,,1
FP.CPI.TOTL,CMR,Cameroon,1999,76.6733374030397,,,1
FP.CPI.TOTL,CMR,Cameroon,2000,77.6142650318084,,,1
FP.CPI.TOTL,CMR,Cameroon,2001,81.0446389417932,,,1
FP.CPI.TOTL,CMR,Cameroon,2002,83.3417865050857,,,1
FP.CPI.TOTL,CMR,Cameroon,2003,83.8611421466501,,,1
FP.CPI.TOTL,CMR,Cameroon,2004,84.0570815081705,,,1
FP.CPI.TOTL,CMR,Cameroon,2005,85.749604048364,,,1
FP.CPI.TOTL,CMR,Cameroon,2006,90.1379070575965,,,1
FP.CPI.TOTL,CMR,Cameroon,2007,90.9684397574072,,,1
FP.CPI.TOTL,CMR,Cameroon,2008,95.8241588442075,,,1
FP.CPI.TOTL,CMR,Cameroon,2009,98.7406806505194,,,1
FP.CPI.TOTL,CMR,Cameroon,2010,100.0,,,1
FP.CPI.TOTL,CMR,Cameroon,2011,102.939699463051,,,1
FP.CPI.TOTL,CMR,Cameroon,2012,105.755405742962,,,1
FP.CPI.TOTL,CMR,Cameroon,2013,107.923758722329,,,1
FP.CPI.TOTL,CMR,Cameroon,2014,109.925634907972,,,1
FP.CPI.TOTL,CMR,Cameroon,2015,112.867503568736,,,1
FP.CPI.TOTL,CMR,Cameroon,2016,113.854180430792,,,1
FP.CPI.TOTL,CMR,Cameroon,2017,114.583313019794,,,1
FP.CPI.TOTL,CMR,Cameroon,2018,115.808046057299,,,1
FP.CPI.TOTL,CMR,Cameroon,2019,118.648588290011,,,1
FP.CPI.TOTL,CMR,Cameroon,2020,121.540776745136,,,1
FP.CPI.TOTL,CMR,Cameroon,2021,124.302010149149,,,1
FP.CPI.TOTL,CMR,Cameroon,2022,132.067998413642,,,1
FP.CPI.TOTL,CMR,Cameroon,2023,141.818332882446,,,1
FP.CPI.TOTL,CMR,Cameroon,2024,148.247402508391,,,1
FP.CPI.TOTL,CMR,Cameroon,2025,153.293350615657,,,1
FP.CPI.TOTL,COD,"Congo, Dem. Rep.",1990,4.13142847259999e-10,,,1
FP.CPI.TOTL,COD,"Congo, Dem. Rep.",1991,9.31404449721431e-09,,,1
FP.CPI.TOTL,COD,"Congo, Dem. Rep.",1992,3.9390676230795e-07,,,1
FP.CPI.TOTL,COD,"Congo, Dem. Rep.",1993,8.22045898006947e-06,,,1
FP.CPI.TOTL,COD,"Congo, Dem. Rep.",1994,0.00196248100474795,,,1
FP.CPI.TOTL,COD,"Congo, Dem. Rep.",1995,0.0125973399013556,,,1
FP.CPI.TOTL,COD,"Congo, Dem. Rep.",1996,0.0746319135920352,,,1
FP.CPI.TOTL,COD,"Congo, Dem. Rep.",1997,0.222788731136843,,,1
FP.CPI.TOTL,COD,"Congo, Dem. Rep.",1998,0.287728988223605,,,1
FP.CPI.TOTL,COD,"Congo, Dem. Rep.",1999,1.10745441992109,,,1
FP.CPI.TOTL,COD,"Congo, Dem. Rep.",2000,6.79873847528014,,,1
FP.CPI.TOTL,COD,"Congo, Dem. Rep.",2001,31.2698875559072,,,1
FP.CPI.TOTL,COD,"Congo, Dem. Rep.",2002,41.1269636904424,,,1
FP.CPI.TOTL,COD,"Congo, Dem. Rep.",2003,46.4216348971088,,,1
FP.CPI.TOTL,COD,"Congo, Dem. Rep.",2004,48.2758932577652,,,1
FP.CPI.TOTL,COD,"Congo, Dem. Rep.",2005,58.5667769448823,,,1
FP.CPI.TOTL,COD,"Congo, Dem. Rep.",2006,66.2113196958995,,,1
FP.CPI.TOTL,COD,"Congo, Dem. Rep.",2007,77.4308944628405,,,1
FP.CPI.TOTL,COD,"Congo, Dem. Rep.",2008,90.8275112898595,,,1
FP.CPI.TOTL,COD,"Congo, Dem. Rep.",2009,93.3706816059754,,,1
FP.CPI.TOTL,COD,"Congo, Dem. Rep.",2010,100.0,,,1
FP.CPI.TOTL,COD,"Congo, Dem. Rep.",2011,115.316515913949,,,1
FP.CPI.TOTL,COD,"Congo, Dem. Rep.",2012,126.527389319038,,,1
FP.CPI.TOTL,COD,"Congo, Dem. Rep.",2013,127.550012909223,,,1
FP.CPI.TOTL,COD,"Congo, Dem. Rep.",2014,129.135509183589,,,1
FP.CPI.TOTL,COD,"Congo, Dem. Rep.",2015,130.096534344839,,,1
FP.CPI.TOTL,COD,"Congo, Dem. Rep.",2016,133.850926577035,,,1
FP.CPI.TOTL,COG,"Congo, Rep.",1990,37.8580450789336,,,1
FP.CPI.TOTL,COG,"Congo, Rep.",1991,37.2226546968758,,,1
FP.CPI.TOTL,COG,"Congo, Rep.",1992,35.7577689950433,,,1
FP.CPI.TOTL,COG,"Congo, Rep.",1993,37.518361437929,,,1
FP.CPI.TOTL,COG,"Congo, Rep.",1994,53.441032110022,,,1
FP.CPI.TOTL,COG,"Congo, Rep.",1995,58.4741124872293,,,1
FP.CPI.TOTL,COG,"Congo, Rep.",1996,64.3397210738633,,,1
FP.CPI.TOTL,COG,"Congo, Rep.",1998,73.4672024810374,,,1
FP.CPI.TOTL,COG,"Congo, Rep.",1999,76.5107072466461,,,1
FP.CPI.TOTL,COG,"Congo, Rep.",2000,75.8358892991145,,,1
FP.CPI.TOTL,COG,"Congo, Rep.",2001,75.8783497542401,,,1
FP.CPI.TOTL,COG,"Congo, Rep.",2002,79.2008803678167,,,1
FP.CPI.TOTL,COG,"Congo, Rep.",2003,78.7004535752652,,,1
FP.CPI.TOTL,COG,"Congo, Rep.",2004,80.6126905007425,,,1
FP.CPI.TOTL,COG,"Congo, Rep.",2005,83.1072422393703,,,1
FP.CPI.TOTL,COG,"Congo, Rep.",2006,88.5406640506187,,,1
FP.CPI.TOTL,COG,"Congo, Rep.",2007,90.8911056461824,,,1
FP.CPI.TOTL,COG,"Congo, Rep.",2008,95.398169183821,,,1
FP.CPI.TOTL,COG,"Congo, Rep.",2009,99.6100019287645,,,1
FP.CPI.TOTL,COG,"Congo, Rep.",2010,100.0,,,1
FP.CPI.TOTL,COG,"Congo, Rep.",2011,101.759587042738,,,1
FP.CPI.TOTL,COG,"Congo, Rep.",2012,106.85793338822,,,1
FP.CPI.TOTL,COG,"Congo, Rep.",2013,111.807182739123,,,1
FP.CPI.TOTL,COG,"Congo, Rep.",2014,112.827020267541,,,1
FP.CPI.TOTL,COG,"Congo, Rep.",2015,116.402619073639,,,1
FP.CPI.TOTL,COG,"Congo, Rep.",2016,120.116516568787,,,1
FP.CPI.TOTL,COG,"Congo, Rep.",2017,120.657117555654,,,1
FP.CPI.TOTL,COG,"Congo, Rep.",2018,122.048027425109,,,1
FP.CPI.TOTL,COG,"Congo, Rep.",2019,124.740496075729,,,1
FP.CPI.TOTL,COG,"Congo, Rep.",2020,126.980051354846,,,1
FP.CPI.TOTL,COG,"Congo, Rep.",2021,129.158575405592,,,1
FP.CPI.TOTL,COG,"Congo, Rep.",2022,133.089443475834,,,1
FP.CPI.TOTL,COG,"Congo, Rep.",2023,138.814612802413,,,1
FP.CPI.TOTL,COG,"Congo, Rep.",2024,143.10597814505,,,1
FP.CPI.TOTL,COG,"Congo, Rep.",2025,146.541517056582,,,1
FP.CPI.TOTL,COL,Colombia,1990,9.39933169986246,,,1
FP.CPI.TOTL,COL,Colombia,1991,12.2555837436481,,,1
FP.CPI.TOTL,COL,Colombia,1992,15.5658937091306,,,1
FP.CPI.TOTL,COL,Colombia,1993,19.0592667357694,,,1
FP.CPI.TOTL,COL,Colombia,1994,23.4135928910116,,,1
FP.CPI.TOTL,COL,Colombia,1995,28.3051122562266,,,1
FP.CPI.TOTL,COL,Colombia,1996,34.1918893516812,,,1
FP.CPI.TOTL,COL,Colombia,1997,40.5071387386486,,,1
FP.CPI.TOTL,COL,Colombia,1998,48.0726489101383,,,1
FP.CPI.TOTL,COL,Colombia,1999,53.2999183264565,,,1
FP.CPI.TOTL,COL,Colombia,2000,58.2170213748478,,,1
FP.CPI.TOTL,COL,Colombia,2001,62.8543336684019,,,1
FP.CPI.TOTL,COL,Colombia,2002,66.8465312520415,,,1
FP.CPI.TOTL,COL,Colombia,2003,71.6125476364104,,,1
FP.CPI.TOTL,COL,Colombia,2004,75.8405668110935,,,1
FP.CPI.TOTL,COL,Colombia,2005,79.6712887258717,,,1
FP.CPI.TOTL,COL,Colombia,2006,83.0919146673645,,,1
FP.CPI.TOTL,COL,Colombia,2007,87.6988502025301,,,1
FP.CPI.TOTL,COL,Colombia,2008,93.835037858537,,,1
FP.CPI.TOTL,COL,Colombia,2009,97.7784709125731,,,1
FP.CPI.TOTL,COL,Colombia,2010,100.0,,,1
FP.CPI.TOTL,COL,Colombia,2011,103.415033447762,,,1
FP.CPI.TOTL,COL,Colombia,2012,106.692568055712,,,1
FP.CPI.TOTL,COL,Colombia,2013,108.844548877365,,,1
FP.CPI.TOTL,COL,Colombia,2014,111.999775887943,,,1
FP.CPI.TOTL,COL,Colombia,2015,117.588375602645,,,1
FP.CPI.TOTL,COL,Colombia,2016,126.423331457792,,,1
FP.CPI.TOTL,COL,Colombia,2017,131.877630006754,,,1
FP.CPI.TOTL,COL,Colombia,2018,136.151216036968,,,1
FP.CPI.TOTL,COL,Colombia,2019,140.94784969246,,,1
FP.CPI.TOTL,COL,Colombia,2020,144.509087395731,,,1
FP.CPI.TOTL,COL,Colombia,2021,149.559763199866,,,1
FP.CPI.TOTL,COL,Colombia,2022,164.780806314133,,,1
FP.CPI.TOTL,COL,Colombia,2023,184.119324369034,,,1
FP.CPI.TOTL,COL,Colombia,2024,196.287928743727,,,1
FP.CPI.TOTL,COL,Colombia,2025,206.381503773576,,,1
FP.CPI.TOTL,COM,Comoros,2000,69.1444788256996,,,1
FP.CPI.TOTL,COM,Comoros,2001,72.9851738620443,,,1
FP.CPI.TOTL,COM,Comoros,2002,75.5637708127911,,,1
FP.CPI.TOTL,COM,Comoros,2003,78.4344999497301,,,1
FP.CPI.TOTL,COM,Comoros,2004,81.9444382464002,,,1
FP.CPI.TOTL,COM,Comoros,2005,84.4136896302482,,,1
FP.CPI.TOTL,COM,Comoros,2006,87.2621144475714,,,1
FP.CPI.TOTL,COM,Comoros,2007,91.1593862946495,,,1
FP.CPI.TOTL,COM,Comoros,2008,92.7098085118706,,,1
FP.CPI.TOTL,COM,Comoros,2009,96.7541332611702,,,1
FP.CPI.TOTL,COM,Comoros,2010,100.0,,,1
FP.CPI.TOTL,COM,Comoros,2011,101.842663007562,,,1
FP.CPI.TOTL,COM,Comoros,2012,108.273766971695,,,1
FP.CPI.TOTL,COM,Comoros,2013,103.623545846485,,,1
FP.CPI.TOTL,COM,Comoros,2014,111.444588709356,,,1
FP.CPI.TOTL,COM,Comoros,2015,111.314004756045,,,1
FP.CPI.TOTL,COM,Comoros,2016,112.201753346995,,,1
FP.CPI.TOTL,COM,Comoros,2017,111.93542876971,,,1
FP.CPI.TOTL,COM,Comoros,2018,114.343776432285,,,1
FP.CPI.TOTL,COM,Comoros,2019,118.439725376666,,,1
FP.CPI.TOTL,COM,Comoros,2020,119.371421917662,,,1
FP.CPI.TOTL,COM,Comoros,2021,119.366148163657,,,1
FP.CPI.TOTL,COM,Comoros,2022,134.325151400655,,,1
FP.CPI.TOTL,COM,Comoros,2023,145.573189735684,,,1
FP.CPI.TOTL,COM,Comoros,2024,152.927439696549,,,1
FP.CPI.TOTL,COM,Comoros,2025,157.896194928863,,,1
FP.CPI.TOTL,CPV,Cabo Verde,1990,48.0521844031826,,,1
FP.CPI.TOTL,CPV,Cabo Verde,1991,52.6416040455044,,,1
FP.CPI.TOTL,CPV,Cabo Verde,1992,54.282266139861,,,1
FP.CPI.TOTL,CPV,Cabo Verde,1993,57.4243386099362,,,1
FP.CPI.TOTL,CPV,Cabo Verde,1994,59.4066602744294,,,1
FP.CPI.TOTL,CPV,Cabo Verde,1995,64.3680223468713,,,1
FP.CPI.TOTL,CPV,Cabo Verde,1996,68.2066863551236,,,1
FP.CPI.TOTL,CPV,Cabo Verde,1997,74.0424931244261,,,1
FP.CPI.TOTL,CPV,Cabo Verde,1998,77.2960943460924,,,1
FP.CPI.TOTL,CPV,Cabo Verde,1999,80.6634474838334,,,1
FP.CPI.TOTL,CPV,Cabo Verde,2000,78.6650455116337,,,1
FP.CPI.TOTL,CPV,Cabo Verde,2001,81.3002967857461,,,1
FP.CPI.TOTL,CPV,Cabo Verde,2002,82.8324286026988,,,1
FP.CPI.TOTL,CPV,Cabo Verde,2003,83.8166189895307,,,1
FP.CPI.TOTL,CPV,Cabo Verde,2004,82.2317961501407,,,1
FP.CPI.TOTL,CPV,Cabo Verde,2005,82.5762582473138,,,1
FP.CPI.TOTL,CPV,Cabo Verde,2006,87.009841029523,,,1
FP.CPI.TOTL,CPV,Cabo Verde,2007,90.8478425435276,,,1
FP.CPI.TOTL,CPV,Cabo Verde,2008,97.002271006813,,,1
FP.CPI.TOTL,CPV,Cabo Verde,2009,97.9636638909916,,,1
FP.CPI.TOTL,CPV,Cabo Verde,2010,100.0,,,1
FP.CPI.TOTL,CPV,Cabo Verde,2011,104.47388342165,,,1
FP.CPI.TOTL,CPV,Cabo Verde,2012,107.127934238569,,,1
FP.CPI.TOTL,CPV,Cabo Verde,2013,108.741862479707,,,1
FP.CPI.TOTL,CPV,Cabo Verde,2014,108.48221067765,,,1
FP.CPI.TOTL,CPV,Cabo Verde,2015,108.624526319136,,,1
FP.CPI.TOTL,CPV,Cabo Verde,2016,107.095292454784,,,1
FP.CPI.TOTL,CPV,Cabo Verde,2017,107.935364262011,,,1
FP.CPI.TOTL,CPV,Cabo Verde,2018,109.292107113842,,,1
FP.CPI.TOTL,CPV,Cabo Verde,2019,110.501606515952,,,1
FP.CPI.TOTL,CPV,Cabo Verde,2020,111.171020616435,,,1
FP.CPI.TOTL,CPV,Cabo Verde,2021,113.241195084123,,,1
FP.CPI.TOTL,CPV,Cabo Verde,2022,122.222274152969,,,1
FP.CPI.TOTL,CPV,Cabo Verde,2023,126.774290191905,,,1
FP.CPI.TOTL,CPV,Cabo Verde,2024,128.103100283253,,,1
FP.CPI.TOTL,CPV,Cabo Verde,2025,131.104990158647,,,1
FP.CPI.TOTL,CRI,Costa Rica,1990,8.55449452397341,,,1
FP.CPI.TOTL,CRI,Costa Rica,1991,11.0104292821482,,,1
FP.CPI.TOTL,CRI,Costa Rica,1992,13.4097305115315,,,1
FP.CPI.TOTL,CRI,Costa Rica,1993,14.7210145243219,,,1
FP.CPI.TOTL,CRI,Costa Rica,1994,16.7134256314638,,,1
FP.CPI.TOTL,CRI,Costa Rica,1995,20.5886837496624,,,1
FP.CPI.TOTL,CRI,Costa Rica,1996,24.1940613210424,,,1
FP.CPI.TOTL,CRI,Costa Rica,1997,27.3993012293832,,,1
FP.CPI.TOTL,CRI,Costa Rica,1998,30.5938678957595,,,1
FP.CPI.TOTL,CRI,Costa Rica,1999,33.6671081177629,,,1
FP.CPI.TOTL,CRI,Costa Rica,2000,37.3575448929626,,,1
FP.CPI.TOTL,CRI,Costa Rica,2001,41.5623665844754,,,1
FP.CPI.TOTL,CRI,Costa Rica,2002,45.3726050551959,,,1
FP.CPI.TOTL,CRI,Costa Rica,2003,49.6592186315597,,,1
FP.CPI.TOTL,CRI,Costa Rica,2004,55.7746595453635,,,1
FP.CPI.TOTL,CRI,Costa Rica,2005,63.4706115549824,,,1
FP.CPI.TOTL,CRI,Costa Rica,2006,70.7510695024091,,,1
FP.CPI.TOTL,CRI,Costa Rica,2007,77.3714201075166,,,1
FP.CPI.TOTL,CRI,Costa Rica,2008,87.758118198531,,,1
FP.CPI.TOTL,CRI,Costa Rica,2009,94.6407256061966,,,1
FP.CPI.TOTL,CRI,Costa Rica,2010,100.0,,,1
FP.CPI.TOTL,CRI,Costa Rica,2011,104.877998309707,,,1
FP.CPI.TOTL,CRI,Costa Rica,2012,109.592739581609,,,1
FP.CPI.TOTL,CRI,Costa Rica,2013,115.325904176069,,,1
FP.CPI.TOTL,CRI,Costa Rica,2014,120.53771357375,,,1
FP.CPI.TOTL,CRI,Costa Rica,2015,121.50440434597,,,1
FP.CPI.TOTL,CRI,Costa Rica,2016,121.483166772673,,,1
FP.CPI.TOTL,CRI,Costa Rica,2017,123.458369999913,,,1
FP.CPI.TOTL,CRI,Costa Rica,2018,126.20052189975,,,1
FP.CPI.TOTL,CRI,Costa Rica,2019,128.845743336848,,,1
FP.CPI.TOTL,CRI,Costa Rica,2020,129.77976091938,,,1
FP.CPI.TOTL,CRI,Costa Rica,2021,132.020379357515,,,1
FP.CPI.TOTL,CRI,Costa Rica,2022,142.944768574546,,,1
FP.CPI.TOTL,CRI,Costa Rica,2023,143.695505220117,,,1
FP.CPI.TOTL,CRI,Costa Rica,2024,143.102254014446,,,1
FP.CPI.TOTL,CRI,Costa Rica,2025,142.996828522388,,,1
FP.CPI.TOTL,CUW,Curacao,2000,76.84233544719,,,1
FP.CPI.TOTL,CUW,Curacao,2001,78.2199868795102,,,1
FP.CPI.TOTL,CUW,Curacao,2002,78.526131642248,,,1
FP.CPI.TOTL,CUW,Curacao,2003,79.8090239813398,,,1
FP.CPI.TOTL,CUW,Curacao,2004,80.9096872949924,,,1
FP.CPI.TOTL,CUW,Curacao,2005,84.2408338800204,,,1
FP.CPI.TOTL,CUW,Curacao,2006,86.8649318463445,,,1
FP.CPI.TOTL,CUW,Curacao,2007,89.4671623296156,,,1
FP.CPI.TOTL,CUW,Curacao,2008,95.6192142284426,,,1
FP.CPI.TOTL,CUW,Curacao,2009,97.2957212624824,,,1
FP.CPI.TOTL,CUW,Curacao,2010,100.0,,,1
FP.CPI.TOTL,CUW,Curacao,2011,102.332531525622,,,1
FP.CPI.TOTL,CUW,Curacao,2012,105.590786500474,,,1
FP.CPI.TOTL,CUW,Curacao,2013,106.997594576864,,,1
FP.CPI.TOTL,CUW,Curacao,2014,108.601210000729,,,1
FP.CPI.TOTL,CUW,Curacao,2015,108.083679568482,,,1
FP.CPI.TOTL,CUW,Curacao,2016,108.032655441358,,,1
FP.CPI.TOTL,CUW,Curacao,2017,109.745608280487,,,1
FP.CPI.TOTL,CUW,Curacao,2018,112.58109191632,,,1
FP.CPI.TOTL,CUW,Curacao,2019,115.533202128435,,,1
FP.CPI.TOTL,CYM,Cayman Islands,2009,99.7246195761254,,,1
FP.CPI.TOTL,CYM,Cayman Islands,2010,100.0,,,1
FP.CPI.TOTL,CYM,Cayman Islands,2011,101.325435757797,,,1
FP.CPI.TOTL,CYM,Cayman Islands,2012,102.530142958183,,,1
FP.CPI.TOTL,CYM,Cayman Islands,2013,104.745420985232,,,1
FP.CPI.TOTL,CYM,Cayman Islands,2014,106.079855772852,,,1
FP.CPI.TOTL,CYM,Cayman Islands,2015,103.589601772708,,,1
FP.CPI.TOTL,CYM,Cayman Islands,2016,102.941899128965,,,1
FP.CPI.TOTL,CYP,Cyprus,1990,53.2788292926221,,,1
FP.CPI.TOTL,CYP,Cyprus,1991,55.9615645384761,,,1
FP.CPI.TOTL,CYP,Cyprus,1992,59.6047852427219,,,1
FP.CPI.TOTL,CYP,Cyprus,1993,62.4981008597125,,,1
FP.CPI.TOTL,CYP,Cyprus,1994,65.4346299460036,,,1
FP.CPI.TOTL,CYP,Cyprus,1995,67.1462806955572,,,1
FP.CPI.TOTL,CYP,Cyprus,1996,69.1465179469941,,,1
FP.CPI.TOTL,CYP,Cyprus,1997,71.6394880897709,,,1
FP.CPI.TOTL,CYP,Cyprus,1998,73.2354062146448,,,1
FP.CPI.TOTL,CYP,Cyprus,1999,74.4291433359435,,,1
FP.CPI.TOTL,CYP,Cyprus,2000,77.5117436425284,,,1
FP.CPI.TOTL,CYP,Cyprus,2001,79.041082835425,,,1
FP.CPI.TOTL,CYP,Cyprus,2002,81.2551461202728,,,1
FP.CPI.TOTL,CYP,Cyprus,2003,84.6183497483865,,,1
FP.CPI.TOTL,CYP,Cyprus,2004,86.5529089030082,,,1
FP.CPI.TOTL,CYP,Cyprus,2005,88.7688030009362,,,1
FP.CPI.TOTL,CYP,Cyprus,2006,90.814646356501,,,1
FP.CPI.TOTL,CYP,Cyprus,2007,92.9693617312686,,,1
FP.CPI.TOTL,CYP,Cyprus,2008,97.3101090576152,,,1
FP.CPI.TOTL,CYP,Cyprus,2009,97.627609223749,,,1
FP.CPI.TOTL,CYP,Cyprus,2010,100.0,,,1
FP.CPI.TOTL,CYP,Cyprus,2011,103.289449395642,,,1
FP.CPI.TOTL,CYP,Cyprus,2012,105.757090221733,,,1
FP.CPI.TOTL,CYP,Cyprus,2013,105.334741163527,,,1
FP.CPI.TOTL,CYP,Cyprus,2014,103.907467160884,,,1
FP.CPI.TOTL,CYP,Cyprus,2015,101.728529974231,,,1
FP.CPI.TOTL,CYP,Cyprus,2016,100.274659733349,,,1
FP.CPI.TOTL,CYP,Cyprus,2017,100.807886777964,,,1
FP.CPI.TOTL,CYP,Cyprus,2018,102.254975116847,,,1
FP.CPI.TOTL,CYP,Cyprus,2019,102.510991917283,,,1
FP.CPI.TOTL,CYP,Cyprus,2020,101.856538374448,,,1
FP.CPI.TOTL,CYP,Cyprus,2021,104.348039621067,,,1
FP.CPI.TOTL,CYP,Cyprus,2022,113.108561527348,,,1
FP.CPI.TOTL,CYP,Cyprus,2023,117.114122395083,,,1
FP.CPI.TOTL,CYP,Cyprus,2024,119.222446178799,,,1
FP.CPI.TOTL,CYP,Cyprus,2025,119.373296971181,,,1
FP.CPI.TOTL,CZE,Czechia,1991,34.8879009138147,,,1
FP.CPI.TOTL,CZE,Czechia,1992,38.7557480738219,,,1
FP.CPI.TOTL,CZE,Czechia,1993,46.8219933703637,,,1
FP.CPI.TOTL,CZE,Czechia,1994,51.5226545421967,,,1
FP.CPI.TOTL,CZE,Czechia,1995,56.1548109657768,,,1
FP.CPI.TOTL,CZE,Czechia,1996,61.073284357642,,,1
FP.CPI.TOTL,CZE,Czechia,1997,66.3232395628024,,,1
FP.CPI.TOTL,CZE,Czechia,1998,73.4187421609031,,,1
FP.CPI.TOTL,CZE,Czechia,1999,74.9865615481097,,,1
FP.CPI.TOTL,CZE,Czechia,2000,77.8175954130084,,,1
FP.CPI.TOTL,CZE,Czechia,2001,81.4459774234009,,,1
FP.CPI.TOTL,CZE,Czechia,2002,82.9958788747536,,,1
FP.CPI.TOTL,CZE,Czechia,2003,83.0944275219495,,,1
FP.CPI.TOTL,CZE,Czechia,2004,85.3879233112345,,,1
FP.CPI.TOTL,CZE,Czechia,2005,86.973660634295,,,1
FP.CPI.TOTL,CZE,Czechia,2006,89.1775667443111,,,1
FP.CPI.TOTL,CZE,Czechia,2007,91.7219136355492,,,1
FP.CPI.TOTL,CZE,Czechia,2008,97.5542017559577,,,1
FP.CPI.TOTL,CZE,Czechia,2009,98.548647195843,,,1
FP.CPI.TOTL,CZE,Czechia,2010,100.0,,,1
FP.CPI.TOTL,CZE,Czechia,2011,101.917219136355,,,1
FP.CPI.TOTL,CZE,Czechia,2012,105.267873141014,,,1
FP.CPI.TOTL,CZE,Czechia,2013,106.781938720659,,,1
FP.CPI.TOTL,CZE,Czechia,2014,107.149256405662,,,1
FP.CPI.TOTL,CZE,Czechia,2015,107.480738218957,,,1
FP.CPI.TOTL,CZE,Czechia,2016,108.215373588963,,,1
FP.CPI.TOTL,CZE,Czechia,2017,110.867228095323,,,1
FP.CPI.TOTL,CZE,Czechia,2018,113.250313563877,,,1
FP.CPI.TOTL,CZE,Czechia,2019,116.47554201756,,,1
FP.CPI.TOTL,CZE,Czechia,2020,120.157677835513,,,1
FP.CPI.TOTL,CZE,Czechia,2021,124.771546317864,,,1
FP.CPI.TOTL,CZE,Czechia,2022,143.612255868124,,,1
FP.CPI.TOTL,CZE,Czechia,2023,158.923132055187,,,1
FP.CPI.TOTL,CZE,Czechia,2024,162.793406199606,,,1
FP.CPI.TOTL,CZE,Czechia,2025,166.798064862928,,,1
FP.CPI.TOTL,DEU,Germany,1990,67.4751103626825,,,1
FP.CPI.TOTL,DEU,Germany,1991,70.2058500742827,,,1
FP.CPI.TOTL,DEU,Germany,1992,73.756144444307,,,1
FP.CPI.TOTL,DEU,Germany,1993,77.0564195564705,,,1
FP.CPI.TOTL,DEU,Germany,1994,79.1315923938292,,,1
FP.CPI.TOTL,DEU,Germany,1995,80.4817042975643,,,1
FP.CPI.TOTL,DEU,Germany,1996,81.6484693106268,,,1
FP.CPI.TOTL,DEU,Germany,1997,83.2319349704303,,,1
FP.CPI.TOTL,DEU,Germany,1998,83.990331616738,,,1
FP.CPI.TOTL,DEU,Germany,1999,84.482039736113,,,1
FP.CPI.TOTL,DEU,Germany,2000,85.6988078472918,,,1
FP.CPI.TOTL,DEU,Germany,2001,87.3989499142195,,,1
FP.CPI.TOTL,DEU,Germany,2002,88.6407195744564,,,1
FP.CPI.TOTL,DEU,Germany,2003,89.5574615623787,,,1
FP.CPI.TOTL,DEU,Germany,2004,91.0492533059359,,,1
FP.CPI.TOTL,DEU,Germany,2005,92.457704355053,,,1
FP.CPI.TOTL,DEU,Germany,2006,93.9161566186468,,,1
FP.CPI.TOTL,DEU,Germany,2007,96.0746729759051,,,1
FP.CPI.TOTL,DEU,Germany,2008,98.5998802890494,,,1
FP.CPI.TOTL,DEU,Germany,2009,98.9082405759318,,,1
FP.CPI.TOTL,DEU,Germany,2010,100.0,,,1
FP.CPI.TOTL,DEU,Germany,2011,102.075172837359,,,1
FP.CPI.TOTL,DEU,Germany,2012,104.1253413002,,,1
FP.CPI.TOTL,DEU,Germany,2013,105.692139574571,,,1
FP.CPI.TOTL,DEU,Germany,2014,106.650549555164,,,1
FP.CPI.TOTL,DEU,Germany,2015,107.199187857464,,,1
FP.CPI.TOTL,DEU,Germany,2016,107.72633665683,,,1
FP.CPI.TOTL,DEU,Germany,2017,109.35246016194,,,1
FP.CPI.TOTL,DEU,Germany,2018,111.246629356349,,,1
FP.CPI.TOTL,DEU,Germany,2019,112.854877121191,,,1
FP.CPI.TOTL,DEU,Germany,2020,113.018378926344,,,1
FP.CPI.TOTL,DEU,Germany,2021,116.484275880086,,,1
FP.CPI.TOTL,DEU,Germany,2022,124.489744387368,,,1
FP.CPI.TOTL,DEU,Germany,2023,131.892448207044,,,1
FP.CPI.TOTL,DEU,Germany,2024,134.868598852104,,,1
FP.CPI.TOTL,DEU,Germany,2025,137.797658505945,,,1
FP.CPI.TOTL,DJI,Djibouti,2000,70.0722694952796,,,1
FP.CPI.TOTL,DJI,Djibouti,2001,71.2961883669429,,,1
FP.CPI.TOTL,DJI,Djibouti,2002,71.7507868049893,,,1
FP.CPI.TOTL,DJI,Djibouti,2003,73.1728639701599,,,1
FP.CPI.TOTL,DJI,Djibouti,2004,75.4575125305984,,,1
FP.CPI.TOTL,DJI,Djibouti,2005,77.8004429420683,,,1
FP.CPI.TOTL,DJI,Djibouti,2006,80.5105490150371,,,1
FP.CPI.TOTL,DJI,Djibouti,2007,84.5086839958037,,,1
FP.CPI.TOTL,DJI,Djibouti,2008,94.6147569646812,,,1
FP.CPI.TOTL,DJI,Djibouti,2009,96.2000233127406,,,1
FP.CPI.TOTL,DJI,Djibouti,2010,100.0,,,1
FP.CPI.TOTL,DJI,Djibouti,2011,105.06871394778,,,1
FP.CPI.TOTL,DJI,Djibouti,2012,108.98904779208,,,1
FP.CPI.TOTL,DJI,Djibouti,2013,111.938326769089,,,1
FP.CPI.TOTL,DJI,Djibouti,2014,113.440387934234,,,1
FP.CPI.TOTL,DJI,Djibouti,2015,112.848040206643,,,1
FP.CPI.TOTL,DJI,Djibouti,2016,115.559247159871,,,1
FP.CPI.TOTL,DJI,Djibouti,2017,116.226354197135,,,1
FP.CPI.TOTL,DJI,Djibouti,2018,116.387718683166,,,1
FP.CPI.TOTL,DJI,Djibouti,2019,120.249034920672,,,1
FP.CPI.TOTL,DJI,Djibouti,2020,122.388271692978,,,1
FP.CPI.TOTL,DJI,Djibouti,2021,123.833515432526,,,1
FP.CPI.TOTL,DJI,Djibouti,2022,130.238458382183,,,1
FP.CPI.TOTL,DJI,Djibouti,2023,132.125679896824,,,1
FP.CPI.TOTL,DJI,Djibouti,2024,134.916189679078,,,1
FP.CPI.TOTL,DJI,Djibouti,2025,134.492914689335,,,1
FP.CPI.TOTL,DMA,Dominica,1990,65.3621847524616,,,1
FP.CPI.TOTL,DMA,Dominica,1991,68.9944015793131,,,1
FP.CPI.TOTL,DMA,Dominica,1992,72.7696549029719,,,1
FP.CPI.TOTL,DMA,Dominica,1993,73.9114297392513,,,1
FP.CPI.TOTL,DMA,Dominica,1994,73.9226175166346,,,1
FP.CPI.TOTL,DMA,Dominica,1995,74.8965756921653,,,1
FP.CPI.TOTL,DMA,Dominica,1996,76.1527144750293,,,1
FP.CPI.TOTL,DMA,Dominica,1997,78.0080208910849,,,1
FP.CPI.TOTL,DMA,Dominica,1998,78.7874360487846,,,1
FP.CPI.TOTL,DMA,Dominica,1999,79.7167164244261,,,1
FP.CPI.TOTL,DMA,Dominica,2000,80.3998462791618,,,1
FP.CPI.TOTL,DMA,Dominica,2001,81.4481750786713,,,1
FP.CPI.TOTL,DMA,Dominica,2002,81.5866820417414,,,1
FP.CPI.TOTL,DMA,Dominica,2003,82.7724367743651,,,1
FP.CPI.TOTL,DMA,Dominica,2004,84.7540998118499,,,1
FP.CPI.TOTL,DMA,Dominica,2005,86.1795796935804,,,1
FP.CPI.TOTL,DMA,Dominica,2006,88.077591281808,,,1
FP.CPI.TOTL,DMA,Dominica,2007,91.2767643068643,,,1
FP.CPI.TOTL,DMA,Dominica,2008,97.0818951688038,,,1
FP.CPI.TOTL,DMA,Dominica,2009,97.0879759623044,,,1
FP.CPI.TOTL,DMA,Dominica,2010,100.0,,,1
FP.CPI.TOTL,DMA,Dominica,2011,101.131231365265,,,1
FP.CPI.TOTL,DMA,Dominica,2012,102.503351067868,,,1
FP.CPI.TOTL,DMA,Dominica,2013,102.45577757453,,,1
FP.CPI.TOTL,DMA,Dominica,2014,103.274655758634,,,1
FP.CPI.TOTL,DMA,Dominica,2015,102.403196345051,,,1
FP.CPI.TOTL,DMA,Dominica,2016,102.548420693137,,,1
FP.CPI.TOTL,DMA,Dominica,2017,102.85222335235,,,1
FP.CPI.TOTL,DMA,Dominica,2018,103.869628411641,,,1
FP.CPI.TOTL,DMA,Dominica,2019,105.43247529016,,,1
FP.CPI.TOTL,DMA,Dominica,2020,106.719030275807,,,1
FP.CPI.TOTL,DMA,Dominica,2021,109.09770494273,,,1
FP.CPI.TOTL,DMA,Dominica,2022,112.245067107279,,,1
FP.CPI.TOTL,DMA,Dominica,2023,117.954720930583,,,1
FP.CPI.TOTL,DMA,Dominica,2024,121.182206873387,,,1
FP.CPI.TOTL,DMA,Dominica,2025,124.252783750442,,,1
FP.CPI.TOTL,DNK,Denmark,1990,66.1125158467994,,,1
FP.CPI.TOTL,DNK,Denmark,1991,67.6960119632176,,,1
FP.CPI.TOTL,DNK,Denmark,1992,69.1149504508526,,,1
FP.CPI.TOTL,DNK,Denmark,1993,69.9843174716544,,,1
FP.CPI.TOTL,DNK,Denmark,1994,71.3784153200607,,,1
FP.CPI.TOTL,DNK,Denmark,1995,72.8656619944648,,,1
FP.CPI.TOTL,DNK,Denmark,1996,74.415003124721,,,1
FP.CPI.TOTL,DNK,Denmark,1997,76.0388626015535,,,1
FP.CPI.TOTL,DNK,Denmark,1998,77.4422747968931,,,1
FP.CPI.TOTL,DNK,Denmark,1999,79.376624408535,,,1
FP.CPI.TOTL,DNK,Denmark,2000,81.6811516828855,,,1
FP.CPI.TOTL,DNK,Denmark,2001,83.5907508258192,,,1
FP.CPI.TOTL,DNK,Denmark,2002,85.6173555932507,,,1
FP.CPI.TOTL,DNK,Denmark,2003,87.3939826801179,,,1
FP.CPI.TOTL,DNK,Denmark,2004,88.4028211766807,,,1
FP.CPI.TOTL,DNK,Denmark,2005,90.0098205517365,,,1
FP.CPI.TOTL,DNK,Denmark,2006,91.7418087670743,,,1
FP.CPI.TOTL,DNK,Denmark,2007,93.295241496295,,,1
FP.CPI.TOTL,DNK,Denmark,2008,96.482456923489,,,1
FP.CPI.TOTL,DNK,Denmark,2009,97.7412731006161,,,1
FP.CPI.TOTL,DNK,Denmark,2010,100.0,,,1
FP.CPI.TOTL,DNK,Denmark,2011,102.758682260513,,,1
FP.CPI.TOTL,DNK,Denmark,2012,105.222747968931,,,1
FP.CPI.TOTL,DNK,Denmark,2013,106.053030979377,,,1
FP.CPI.TOTL,DNK,Denmark,2014,106.65119185787,,,1
FP.CPI.TOTL,DNK,Denmark,2015,107.133291670387,,,1
FP.CPI.TOTL,DNK,Denmark,2016,107.401124899563,,,1
FP.CPI.TOTL,DNK,Denmark,2017,108.633157753772,,,1
FP.CPI.TOTL,DNK,Denmark,2018,109.517007410053,,,1
FP.CPI.TOTL,DNK,Denmark,2019,110.347290420498,,,1
FP.CPI.TOTL,DNK,Denmark,2020,110.811534684403,,,1
FP.CPI.TOTL,DNK,Denmark,2021,112.864922774752,,,1
FP.CPI.TOTL,DNK,Denmark,2022,121.55164717436,,,1
FP.CPI.TOTL,DNK,Denmark,2023,125.569145611999,,,1
FP.CPI.TOTL,DNK,Denmark,2024,127.292206053031,,,1
FP.CPI.TOTL,DNK,Denmark,2025,129.702705115615,,,1
FP.CPI.TOTL,DOM,Dominican Republic,1990,11.8011068228295,,,1
FP.CPI.TOTL,DOM,Dominican Republic,1991,17.3569684801349,,,1
FP.CPI.TOTL,DOM,Dominican Republic,1992,18.0962063480228,,,1
FP.CPI.TOTL,DOM,Dominican Republic,1993,19.0463184924915,,,1
FP.CPI.TOTL,DOM,Dominican Republic,1994,20.6196906729848,,,1
FP.CPI.TOTL,DOM,Dominican Republic,1995,23.2045667356814,,,1
FP.CPI.TOTL,DOM,Dominican Republic,1996,24.4574494804505,,,1
FP.CPI.TOTL,DOM,Dominican Republic,1997,26.4865782970946,,,1
FP.CPI.TOTL,DOM,Dominican Republic,1998,27.7663211855628,,,1
FP.CPI.TOTL,DOM,Dominican Republic,1999,29.5629526232083,,,1
FP.CPI.TOTL,DOM,Dominican Republic,2000,31.8464351894634,,,1
FP.CPI.TOTL,DOM,Dominican Republic,2001,34.6753758383712,,,1
FP.CPI.TOTL,DOM,Dominican Republic,2002,36.4865982189322,,,1
FP.CPI.TOTL,DOM,Dominican Republic,2003,46.5020646184225,,,1
FP.CPI.TOTL,DOM,Dominican Republic,2004,70.4324269115351,,,1
FP.CPI.TOTL,DOM,Dominican Republic,2005,73.3836882985501,,,1
FP.CPI.TOTL,DOM,Dominican Republic,2006,78.9408920902498,,,1
FP.CPI.TOTL,DOM,Dominican Republic,2007,83.7906783329361,,,1
FP.CPI.TOTL,DOM,Dominican Republic,2008,92.7098785547184,,,1
FP.CPI.TOTL,DOM,Dominican Republic,2009,94.04689529053,,,1
FP.CPI.TOTL,DOM,Dominican Republic,2010,100.0,,,1
FP.CPI.TOTL,DOM,Dominican Republic,2011,105.796768092065,,,1
FP.CPI.TOTL,DOM,Dominican Republic,2012,109.705426598742,,,1
FP.CPI.TOTL,DOM,Dominican Republic,2013,115.005241966313,,,1
FP.CPI.TOTL,DOM,Dominican Republic,2014,118.45383775457,,,1
FP.CPI.TOTL,DOM,Dominican Republic,2015,119.444995914537,,,1
FP.CPI.TOTL,DOM,Dominican Republic,2016,121.373036513831,,,1
FP.CPI.TOTL,DOM,Dominican Republic,2017,125.353534364345,,,1
FP.CPI.TOTL,DOM,Dominican Republic,2018,129.821678689518,,,1
FP.CPI.TOTL,DOM,Dominican Republic,2019,132.172234898705,,,1
FP.CPI.TOTL,DOM,Dominican Republic,2020,137.169709129879,,,1
FP.CPI.TOTL,DOM,Dominican Republic,2021,148.476613026712,,,1
FP.CPI.TOTL,DOM,Dominican Republic,2022,161.559024136759,,,1
FP.CPI.TOTL,DOM,Dominican Republic,2023,169.2906134919,,,1
FP.CPI.TOTL,DOM,Dominican Republic,2024,174.88098465594,,,1
FP.CPI.TOTL,DOM,Dominican Republic,2025,181.654330992449,,,1
FP.CPI.TOTL,DZA,Algeria,1990,15.51936355384,,,1
FP.CPI.TOTL,DZA,Algeria,1991,19.5367660532134,,,1
FP.CPI.TOTL,DZA,Algeria,1992,25.7239938107487,,,1
FP.CPI.TOTL,DZA,Algeria,1993,31.0077860314867,,,1
FP.CPI.TOTL,DZA,Algeria,1994,40.0148210875034,,,1
FP.CPI.TOTL,DZA,Algeria,1995,51.9310853466031,,,1
FP.CPI.TOTL,DZA,Algeria,1996,61.6313321735073,,,1
FP.CPI.TOTL,DZA,Algeria,1997,65.1649786270048,,,1
FP.CPI.TOTL,DZA,Algeria,1998,68.3907504003648,,,1
FP.CPI.TOTL,DZA,Algeria,1999,70.2000353167834,,,1
FP.CPI.TOTL,DZA,Algeria,2000,70.4381279952933,,,1
FP.CPI.TOTL,DZA,Algeria,2001,73.4148350773088,,,1
FP.CPI.TOTL,DZA,Algeria,2002,74.4560790953083,,,1
FP.CPI.TOTL,DZA,Algeria,2003,77.6345748311132,,,1
FP.CPI.TOTL,DZA,Algeria,2004,80.7103016516726,,,1
FP.CPI.TOTL,DZA,Algeria,2005,81.8260784457658,,,1
FP.CPI.TOTL,DZA,Algeria,2006,83.7174875822751,,,1
FP.CPI.TOTL,DZA,Algeria,2007,86.7974503902714,,,1
FP.CPI.TOTL,DZA,Algeria,2008,91.0145831804057,,,1
FP.CPI.TOTL,DZA,Algeria,2009,96.2361447551934,,,1
FP.CPI.TOTL,DZA,Algeria,2010,100.0,,,1
FP.CPI.TOTL,DZA,Algeria,2011,104.524211505053,,,1
FP.CPI.TOTL,DZA,Algeria,2012,113.81793046074,,,1
FP.CPI.TOTL,DZA,Algeria,2013,117.521838067973,,,1
FP.CPI.TOTL,DZA,Algeria,2014,120.94986420025,,,1
FP.CPI.TOTL,DZA,Algeria,2015,126.736646357875,,,1
FP.CPI.TOTL,DZA,Algeria,2016,134.844870195013,,,1
FP.CPI.TOTL,DZA,Algeria,2017,142.384203185789,,,1
FP.CPI.TOTL,DZA,Algeria,2018,148.463994714821,,,1
FP.CPI.TOTL,DZA,Algeria,2019,151.361667767746,,,1
FP.CPI.TOTL,DZA,Algeria,2020,155.017250238567,,,1
FP.CPI.TOTL,DZA,Algeria,2021,166.218894516626,,,1
FP.CPI.TOTL,DZA,Algeria,2022,181.619931977783,,,1
FP.CPI.TOTL,DZA,Algeria,2023,198.550857618244,,,1
FP.CPI.TOTL,DZA,Algeria,2024,206.584452763708,,,1
FP.CPI.TOTL,DZA,Algeria,2025,209.51454647777,,,1
FP.CPI.TOTL,ECU,Ecuador,1990,1.32649126100048,,,1
FP.CPI.TOTL,ECU,Ecuador,1991,1.97273234368442,,,1
FP.CPI.TOTL,ECU,Ecuador,1992,3.04999850078102,,,1
FP.CPI.TOTL,ECU,Ecuador,1993,4.42112696646242,,,1
FP.CPI.TOTL,ECU,Ecuador,1994,5.62857572623781,,,1
FP.CPI.TOTL,ECU,Ecuador,1995,6.91944084891963,,,1
FP.CPI.TOTL,ECU,Ecuador,1996,8.60857732966436,,,1
FP.CPI.TOTL,ECU,Ecuador,1997,11.2477577415128,,,1
FP.CPI.TOTL,ECU,Ecuador,1998,15.3080220521002,,,1
FP.CPI.TOTL,ECU,Ecuador,1999,23.3052397264052,,,1
FP.CPI.TOTL,ECU,Ecuador,2000,45.7007304499548,,,1
FP.CPI.TOTL,ECU,Ecuador,2001,62.9192783312019,,,1
FP.CPI.TOTL,ECU,Ecuador,2002,70.7738681077356,,,1
FP.CPI.TOTL,ECU,Ecuador,2003,76.3857863458771,,,1
FP.CPI.TOTL,ECU,Ecuador,2004,78.4812256721704,,,1
FP.CPI.TOTL,ECU,Ecuador,2005,80.1829160470282,,,1
FP.CPI.TOTL,ECU,Ecuador,2006,82.827948757383,,,1
FP.CPI.TOTL,ECU,Ecuador,2007,84.7132659206024,,,1
FP.CPI.TOTL,ECU,Ecuador,2008,91.8292615317341,,,1
FP.CPI.TOTL,ECU,Ecuador,2009,96.5676223093753,,,1
FP.CPI.TOTL,ECU,Ecuador,2010,100.0,,,1
FP.CPI.TOTL,ECU,Ecuador,2011,104.474532657958,,,1
FP.CPI.TOTL,ECU,Ecuador,2012,109.804532676033,,,1
FP.CPI.TOTL,ECU,Ecuador,2013,112.793165848571,,,1
FP.CPI.TOTL,ECU,Ecuador,2014,116.841560903266,,,1
FP.CPI.TOTL,ECU,Ecuador,2015,121.476252276892,,,1
FP.CPI.TOTL,ECU,Ecuador,2016,123.575683382786,,,1
FP.CPI.TOTL,ECU,Ecuador,2017,124.09140868848,,,1
FP.CPI.TOTL,ECU,Ecuador,2018,123.813315813595,,,1
FP.CPI.TOTL,ECU,Ecuador,2019,124.142674729473,,,1
FP.CPI.TOTL,ECU,Ecuador,2020,123.721989477427,,,1
FP.CPI.TOTL,ECU,Ecuador,2021,123.886850743311,,,1
FP.CPI.TOTL,ECU,Ecuador,2022,128.180979253477,,,1
FP.CPI.TOTL,ECU,Ecuador,2023,131.021069370666,,,1
FP.CPI.TOTL,ECU,Ecuador,2024,133.0483913369,,,1
FP.CPI.TOTL,ECU,Ecuador,2025,133.99365934474,,,1
FP.CPI.TOTL,EGY,"Egypt, Arab Rep.",1990,19.1471871327422,,,1
FP.CPI.TOTL,EGY,"Egypt, Arab Rep.",1991,22.9284779653364,,,1
FP.CPI.TOTL,EGY,"Egypt, Arab Rep.",1992,26.0553317615891,,,1
FP.CPI.TOTL,EGY,"Egypt, Arab Rep.",1993,29.2053672512273,,,1
FP.CPI.TOTL,EGY,"Egypt, Arab Rep.",1994,31.5868404447804,,,1
FP.CPI.TOTL,EGY,"Egypt, Arab Rep.",1995,36.5593136759471,,,1
FP.CPI.TOTL,EGY,"Egypt, Arab Rep.",1996,39.186869460822,,,1
FP.CPI.TOTL,EGY,"Egypt, Arab Rep.",1997,40.9994995628414,,,1
FP.CPI.TOTL,EGY,"Egypt, Arab Rep.",1998,42.5872361233875,,,1
FP.CPI.TOTL,EGY,"Egypt, Arab Rep.",1999,43.898709687758,,,1
FP.CPI.TOTL,EGY,"Egypt, Arab Rep.",2000,45.0768656084691,,,1
FP.CPI.TOTL,EGY,"Egypt, Arab Rep.",2001,46.1000010132971,,,1
FP.CPI.TOTL,EGY,"Egypt, Arab Rep.",2002,47.361868012585,,,1
FP.CPI.TOTL,EGY,"Egypt, Arab Rep.",2003,49.496835104023,,,1
FP.CPI.TOTL,EGY,"Egypt, Arab Rep.",2004,55.0754349700109,,,1
FP.CPI.TOTL,EGY,"Egypt, Arab Rep.",2005,57.7572765309499,,,1
FP.CPI.TOTL,EGY,"Egypt, Arab Rep.",2006,62.1725468094228,,,1
FP.CPI.TOTL,EGY,"Egypt, Arab Rep.",2007,67.9663872091587,,,1
FP.CPI.TOTL,EGY,"Egypt, Arab Rep.",2008,80.4156759553908,,,1
FP.CPI.TOTL,EGY,"Egypt, Arab Rep.",2009,89.8753703283582,,,1
FP.CPI.TOTL,EGY,"Egypt, Arab Rep.",2010,100.0,,,1
FP.CPI.TOTL,EGY,"Egypt, Arab Rep.",2011,110.064925987482,,,1
FP.CPI.TOTL,EGY,"Egypt, Arab Rep.",2012,117.892445724817,,,1
FP.CPI.TOTL,EGY,"Egypt, Arab Rep.",2013,129.056530012879,,,1
FP.CPI.TOTL,EGY,"Egypt, Arab Rep.",2014,142.052800661666,,,1
FP.CPI.TOTL,EGY,"Egypt, Arab Rep.",2015,156.784372636979,,,1
FP.CPI.TOTL,EGY,"Egypt, Arab Rep.",2016,178.441948479442,,,1
FP.CPI.TOTL,EGY,"Egypt, Arab Rep.",2017,231.094115427901,,,1
FP.CPI.TOTL,EGY,"Egypt, Arab Rep.",2018,264.375055382559,,,1
FP.CPI.TOTL,EGY,"Egypt, Arab Rep.",2019,288.572774376263,,,1
FP.CPI.TOTL,EGY,"Egypt, Arab Rep.",2020,303.131077181708,,,1
FP.CPI.TOTL,EGY,"Egypt, Arab Rep.",2021,318.936481308266,,,1
FP.CPI.TOTL,EGY,"Egypt, Arab Rep.",2022,363.254813484487,,,1
FP.CPI.TOTL,EGY,"Egypt, Arab Rep.",2023,486.342894474661,,,1
FP.CPI.TOTL,EGY,"Egypt, Arab Rep.",2024,623.834899836025,,,1
FP.CPI.TOTL,EGY,"Egypt, Arab Rep.",2025,711.63038970895,,,1
FP.CPI.TOTL,ESP,Spain,1990,51.8743670462093,,,1
FP.CPI.TOTL,ESP,Spain,1991,54.952702709123,,,1
FP.CPI.TOTL,ESP,Spain,1992,58.2083927605955,,,1
FP.CPI.TOTL,ESP,Spain,1993,60.8679759826759,,,1
FP.CPI.TOTL,ESP,Spain,1994,63.7399789245035,,,1
FP.CPI.TOTL,ESP,Spain,1995,66.7190602114961,,,1
FP.CPI.TOTL,ESP,Spain,1996,69.0934885457812,,,1
FP.CPI.TOTL,ESP,Spain,1997,70.455372303681,,,1
FP.CPI.TOTL,ESP,Spain,1998,71.7477563338138,,,1
FP.CPI.TOTL,ESP,Spain,1999,73.405379287671,,,1
FP.CPI.TOTL,ESP,Spain,2000,75.9257644618479,,,1
FP.CPI.TOTL,ESP,Spain,2001,78.6513734705299,,,1
FP.CPI.TOTL,ESP,Spain,2002,81.0625546960443,,,1
FP.CPI.TOTL,ESP,Spain,2003,83.5259552625553,,,1
FP.CPI.TOTL,ESP,Spain,2004,86.0645168646731,,,1
FP.CPI.TOTL,ESP,Spain,2005,88.9638704417587,,,1
FP.CPI.TOTL,ESP,Spain,2006,92.0914627135699,,,1
FP.CPI.TOTL,ESP,Spain,2007,94.6578652555523,,,1
FP.CPI.TOTL,ESP,Spain,2008,98.5154982815583,,,1
FP.CPI.TOTL,ESP,Spain,2009,98.2319577881941,,,1
FP.CPI.TOTL,ESP,Spain,2010,100.0,,,1
FP.CPI.TOTL,ESP,Spain,2011,103.196101888338,,,1
FP.CPI.TOTL,ESP,Spain,2012,105.720410449569,,,1
FP.CPI.TOTL,ESP,Spain,2013,107.209568161367,,,1
FP.CPI.TOTL,ESP,Spain,2014,107.047558596627,,,1
FP.CPI.TOTL,ESP,Spain,2015,106.51192932012,,,1
FP.CPI.TOTL,ESP,Spain,2016,106.296138281102,,,1
FP.CPI.TOTL,ESP,Spain,2017,108.375371885592,,,1
FP.CPI.TOTL,ESP,Spain,2018,110.190639172868,,,1
FP.CPI.TOTL,ESP,Spain,2019,110.961443623997,,,1
FP.CPI.TOTL,ESP,Spain,2020,110.603312216661,,,1
FP.CPI.TOTL,ESP,Spain,2021,114.024422110457,,,1
FP.CPI.TOTL,ESP,Spain,2022,123.591728295232,,,1
FP.CPI.TOTL,ESP,Spain,2023,127.957434718697,,,1
FP.CPI.TOTL,ESP,Spain,2024,131.472614682343,,,1
FP.CPI.TOTL,ESP,Spain,2025,135.022287004932,,,1
FP.CPI.TOTL,EST,Estonia,1992,11.6377785728356,,,1
FP.CPI.TOTL,EST,Estonia,1993,22.0898943326304,,,1
FP.CPI.TOTL,EST,Estonia,1994,32.6167651348571,,,1
FP.CPI.TOTL,EST,Estonia,1995,42.0027656459522,,,1
FP.CPI.TOTL,EST,Estonia,1996,51.6845473436372,,,1
FP.CPI.TOTL,EST,Estonia,1997,57.153743570204,,,1
FP.CPI.TOTL,EST,Estonia,1998,61.8451133549247,,,1
FP.CPI.TOTL,EST,Estonia,1999,63.8835968755953,,,1
FP.CPI.TOTL,EST,Estonia,2000,66.4507525242904,,,1
FP.CPI.TOTL,EST,Estonia,2001,70.2705277195656,,,1
FP.CPI.TOTL,EST,Estonia,2002,72.7805296246904,,,1
FP.CPI.TOTL,EST,Estonia,2003,73.7521432653838,,,1
FP.CPI.TOTL,EST,Estonia,2004,76.0001905124786,,,1
FP.CPI.TOTL,EST,Estonia,2005,79.1007811011621,,,1
FP.CPI.TOTL,EST,Estonia,2006,82.6109735187655,,,1
FP.CPI.TOTL,EST,Estonia,2007,88.0643932177558,,,1
FP.CPI.TOTL,EST,Estonia,2008,97.1899409411316,,,1
FP.CPI.TOTL,EST,Estonia,2009,97.1137359497047,,,1
FP.CPI.TOTL,EST,Estonia,2010,100.0,,,1
FP.CPI.TOTL,EST,Estonia,2011,104.981901314536,,,1
FP.CPI.TOTL,EST,Estonia,2012,109.111259287483,,,1
FP.CPI.TOTL,EST,Estonia,2013,112.145170508668,,,1
FP.CPI.TOTL,EST,Estonia,2014,112.026100209564,,,1
FP.CPI.TOTL,EST,Estonia,2015,111.474566584111,,,1
FP.CPI.TOTL,EST,Estonia,2016,111.640312440465,,,1
FP.CPI.TOTL,EST,Estonia,2017,115.455324823776,,,1
FP.CPI.TOTL,EST,Estonia,2018,119.422747189941,,,1
FP.CPI.TOTL,EST,Estonia,2019,122.14231282149,,,1
FP.CPI.TOTL,EST,Estonia,2020,121.599352257573,,,1
FP.CPI.TOTL,EST,Estonia,2021,127.257572871023,,,1
FP.CPI.TOTL,EST,Estonia,2022,151.94333206325,,,1
FP.CPI.TOTL,EST,Estonia,2023,165.860163840732,,,1
FP.CPI.TOTL,EST,Estonia,2024,171.697466184035,,,1
FP.CPI.TOTL,EST,Estonia,2025,179.989093160602,,,1
FP.CPI.TOTL,ETH,Ethiopia,1990,19.8963158387465,,,1
FP.CPI.TOTL,ETH,Ethiopia,1991,27.0037968083683,,,1
FP.CPI.TOTL,ETH,Ethiopia,1992,29.8466063984725,,,1
FP.CPI.TOTL,ETH,Ethiopia,1993,30.9040913504875,,,1
FP.CPI.TOTL,ETH,Ethiopia,1994,33.250909727143,,,1
FP.CPI.TOTL,ETH,Ethiopia,1995,36.5833735422195,,,1
FP.CPI.TOTL,ETH,Ethiopia,1996,33.4795491518932,,,1
FP.CPI.TOTL,ETH,Ethiopia,1997,34.2814545208008,,,1
FP.CPI.TOTL,ETH,Ethiopia,1998,34.5882055565684,,,1
FP.CPI.TOTL,ETH,Ethiopia,1999,37.3350101368159,,,1
FP.CPI.TOTL,ETH,Ethiopia,2000,37.5823389390627,,,1
FP.CPI.TOTL,ETH,Ethiopia,2001,34.4863642850551,,,1
FP.CPI.TOTL,ETH,Ethiopia,2002,34.7191779720784,,,1
FP.CPI.TOTL,ETH,Ethiopia,2003,39.4666940620304,,,1
FP.CPI.TOTL,ETH,Ethiopia,2004,40.7798971892674,,,1
FP.CPI.TOTL,ETH,Ethiopia,2005,44.8456412087524,,,1
FP.CPI.TOTL,ETH,Ethiopia,2006,50.3614202259554,,,1
FP.CPI.TOTL,ETH,Ethiopia,2007,59.0439309386504,,,1
FP.CPI.TOTL,ETH,Ethiopia,2008,85.2338619143604,,,1
FP.CPI.TOTL,ETH,Ethiopia,2009,92.4647993652397,,,1
FP.CPI.TOTL,ETH,Ethiopia,2010,100.0,,,1
FP.CPI.TOTL,ETH,Ethiopia,2011,133.249959882334,,,1
FP.CPI.TOTL,ETH,Ethiopia,2012,164.697506969423,,,1
FP.CPI.TOTL,ETH,Ethiopia,2013,176.99056500687,,,1
FP.CPI.TOTL,ETH,Ethiopia,2014,189.185249477272,,,1
FP.CPI.TOTL,ETH,Ethiopia,2015,207.288195981494,,,1
FP.CPI.TOTL,ETH,Ethiopia,2016,221.027534076201,,,1
FP.CPI.TOTL,ETH,Ethiopia,2017,244.649000887414,,,1
FP.CPI.TOTL,ETH,Ethiopia,2018,278.49138441874,,,1
FP.CPI.TOTL,ETH,Ethiopia,2019,322.519847925871,,,1
FP.CPI.TOTL,ETH,Ethiopia,2020,388.173106848802,,,1
FP.CPI.TOTL,ETH,Ethiopia,2021,492.356913864236,,,1
FP.CPI.TOTL,ETH,Ethiopia,2022,659.216079717136,,,1
FP.CPI.TOTL,ETH,Ethiopia,2023,858.423451765946,,,1
FP.CPI.TOTL,ETH,Ethiopia,2024,1039.01639764882,,,1
FP.CPI.TOTL,ETH,Ethiopia,2025,1176.47456071671,,,1
FP.CPI.TOTL,FIN,Finland,1990,71.5523386575596,,,1
FP.CPI.TOTL,FIN,Finland,1991,74.6363967875094,,,1
FP.CPI.TOTL,FIN,Finland,1992,76.8152744292349,,,1
FP.CPI.TOTL,FIN,Finland,1993,78.4980306932004,,,1
FP.CPI.TOTL,FIN,Finland,1994,79.3525263252546,,,1
FP.CPI.TOTL,FIN,Finland,1995,79.9803947839412,,,1
FP.CPI.TOTL,FIN,Finland,1996,80.4836268195482,,,1
FP.CPI.TOTL,FIN,Finland,1997,81.4434414213164,,,1
FP.CPI.TOTL,FIN,Finland,1998,82.5832210342597,,,1
FP.CPI.TOTL,FIN,Finland,1999,83.5430292896546,,,1
FP.CPI.TOTL,FIN,Finland,2000,86.0844924575983,,,1
FP.CPI.TOTL,FIN,Finland,2001,88.3041301344494,,,1
FP.CPI.TOTL,FIN,Finland,2002,89.6915824008834,,,1
FP.CPI.TOTL,FIN,Finland,2003,90.4785725679397,,,1
FP.CPI.TOTL,FIN,Finland,2004,90.6478765787805,,,1
FP.CPI.TOTL,FIN,Finland,2005,91.2134055202459,,,1
FP.CPI.TOTL,FIN,Finland,2006,92.6424129317036,,,1
FP.CPI.TOTL,FIN,Finland,2007,94.9683541727376,,,1
FP.CPI.TOTL,FIN,Finland,2008,98.8297233440041,,,1
FP.CPI.TOTL,FIN,Finland,2009,98.8297224373794,,,1
FP.CPI.TOTL,FIN,Finland,2010,100.0,,,1
FP.CPI.TOTL,FIN,Finland,2011,103.416807542552,,,1
FP.CPI.TOTL,FIN,Finland,2012,106.321099212145,,,1
FP.CPI.TOTL,FIN,Finland,2013,107.892829303649,,,1
FP.CPI.TOTL,FIN,Finland,2014,109.016205355146,,,1
FP.CPI.TOTL,FIN,Finland,2015,108.789529224042,,,1
FP.CPI.TOTL,FIN,Finland,2016,109.177564613377,,,1
FP.CPI.TOTL,FIN,Finland,2017,110.000779878603,,,1
FP.CPI.TOTL,FIN,Finland,2018,111.192991413593,,,1
FP.CPI.TOTL,FIN,Finland,2019,112.331712088838,,,1
FP.CPI.TOTL,FIN,Finland,2020,112.658096995756,,,1
FP.CPI.TOTL,FIN,Finland,2021,115.130462665656,,,1
FP.CPI.TOTL,FIN,Finland,2022,123.331790076698,,,1
FP.CPI.TOTL,FIN,Finland,2023,131.040820253141,,,1
FP.CPI.TOTL,FIN,Finland,2024,133.092512043014,,,1
FP.CPI.TOTL,FIN,Finland,2025,133.542197914767,,,1
FP.CPI.TOTL,FJI,Fiji,1990,49.9250037293591,,,1
FP.CPI.TOTL,FJI,Fiji,1991,53.1688037424213,,,1
FP.CPI.TOTL,FJI,Fiji,1992,55.7650485068223,,,1
FP.CPI.TOTL,FJI,Fiji,1993,58.6685055287275,,,1
FP.CPI.TOTL,FJI,Fiji,1994,59.1476316572123,,,1
FP.CPI.TOTL,FJI,Fiji,1995,60.4285606945894,,,1
FP.CPI.TOTL,FJI,Fiji,1996,62.2717295766171,,,1
FP.CPI.TOTL,FJI,Fiji,1997,64.3691286492691,,,1
FP.CPI.TOTL,FJI,Fiji,1998,68.045688329069,,,1
FP.CPI.TOTL,FJI,Fiji,1999,69.3852858719753,,,1
FP.CPI.TOTL,FJI,Fiji,2000,70.1430874017209,,,1
FP.CPI.TOTL,FJI,Fiji,2001,73.1400702258138,,,1
FP.CPI.TOTL,FJI,Fiji,2002,73.6974210283365,,,1
FP.CPI.TOTL,FJI,Fiji,2003,76.7726285264673,,,1
FP.CPI.TOTL,FJI,Fiji,2004,78.9433632310302,,,1
FP.CPI.TOTL,FJI,Fiji,2005,80.8109773236947,,,1
FP.CPI.TOTL,FJI,Fiji,2006,82.8238465522673,,,1
FP.CPI.TOTL,FJI,Fiji,2007,86.8024609806498,,,1
FP.CPI.TOTL,FJI,Fiji,2008,93.5142690772613,,,1
FP.CPI.TOTL,FJI,Fiji,2009,96.442234123948,,,1
FP.CPI.TOTL,FJI,Fiji,2010,100.0,,,1
FP.CPI.TOTL,FJI,Fiji,2011,107.278117827085,,,1
FP.CPI.TOTL,FJI,Fiji,2012,110.9506503443,,,1
FP.CPI.TOTL,FJI,Fiji,2013,114.18324407039,,,1
FP.CPI.TOTL,FJI,Fiji,2014,114.776205049732,,,1
FP.CPI.TOTL,FJI,Fiji,2015,116.354246365723,,,1
FP.CPI.TOTL,FJI,Fiji,2016,120.849273144606,,,1
FP.CPI.TOTL,FJI,Fiji,2017,124.894797245601,,,1
FP.CPI.TOTL,FJI,Fiji,2018,129.992348890589,,,1
FP.CPI.TOTL,FJI,Fiji,2019,132.324264056062,,,1
FP.CPI.TOTL,FJI,Fiji,2020,130.074564092112,,,1
FP.CPI.TOTL,FJI,Fiji,2021,132.070621413067,,,1
FP.CPI.TOTL,FJI,Fiji,2022,140.098962460889,,,1
FP.CPI.TOTL,FJI,Fiji,2023,144.267524158796,,,1
FP.CPI.TOTL,FJI,Fiji,2024,149.880746127672,,,1
FP.CPI.TOTL,FJI,Fiji,2025,147.807493219718,,,1
FP.CPI.TOTL,FRA,France,1990,71.1881257808514,,,1
FP.CPI.TOTL,FRA,France,1991,73.4756902285805,,,1
FP.CPI.TOTL,FRA,France,1992,75.2124795438949,,,1
FP.CPI.TOTL,FRA,France,1993,76.7952981752275,,,1
FP.CPI.TOTL,FRA,France,1994,78.066656108677,,,1
FP.CPI.TOTL,FRA,France,1995,79.4691090816309,,,1
FP.CPI.TOTL,FRA,France,1996,81.0448890531243,,,1
FP.CPI.TOTL,FRA,France,1997,82.0206232733288,,,1
FP.CPI.TOTL,FRA,France,1998,82.5546815886256,,,1
FP.CPI.TOTL,FRA,France,1999,82.9981171584931,,,1
FP.CPI.TOTL,FRA,France,2000,84.3891323092084,,,1
FP.CPI.TOTL,FRA,France,2001,85.768709637685,,,1
FP.CPI.TOTL,FRA,France,2002,87.4183955374897,,,1
FP.CPI.TOTL,FRA,France,2003,89.2528462580725,,,1
FP.CPI.TOTL,FRA,France,2004,91.1647222368861,,,1
FP.CPI.TOTL,FRA,France,2005,92.7563391930177,,,1
FP.CPI.TOTL,FRA,France,2006,94.3101233525137,,,1
FP.CPI.TOTL,FRA,France,2007,95.7134561579476,,,1
FP.CPI.TOTL,FRA,France,2008,98.4057435464288,,,1
FP.CPI.TOTL,FRA,France,2009,98.4919671294586,,,1
FP.CPI.TOTL,FRA,France,2010,100.0,,,1
FP.CPI.TOTL,FRA,France,2011,102.11159795175,,,1
FP.CPI.TOTL,FRA,France,2012,104.107058016154,,,1
FP.CPI.TOTL,FRA,France,2013,105.006246810607,,,1
FP.CPI.TOTL,FRA,France,2014,105.539425293424,,,1
FP.CPI.TOTL,FRA,France,2015,105.57901775502,,,1
FP.CPI.TOTL,FRA,France,2016,105.772580900596,,,1
FP.CPI.TOTL,FRA,France,2017,106.864453008147,,,1
FP.CPI.TOTL,FRA,France,2018,108.842316422953,,,1
FP.CPI.TOTL,FRA,France,2019,110.04856675289,,,1
FP.CPI.TOTL,FRA,France,2020,110.572946910908,,,1
FP.CPI.TOTL,FRA,France,2021,112.388921149413,,,1
FP.CPI.TOTL,FRA,France,2022,118.258283622798,,,1
FP.CPI.TOTL,FRA,France,2023,124.027345193475,,,1
FP.CPI.TOTL,FRA,France,2024,126.506713121822,,,1
FP.CPI.TOTL,FRA,France,2025,127.70064579704,,,1
FP.CPI.TOTL,FSM,"Micronesia, Fed. Sts.",1999,70.8902862967376,,,1
FP.CPI.TOTL,FSM,"Micronesia, Fed. Sts.",2000,72.4204659619855,,,1
FP.CPI.TOTL,FSM,"Micronesia, Fed. Sts.",2001,72.7843768852393,,,1
FP.CPI.TOTL,FSM,"Micronesia, Fed. Sts.",2002,72.7032642095743,,,1
FP.CPI.TOTL,FSM,"Micronesia, Fed. Sts.",2003,72.7953380576265,,,1
FP.CPI.TOTL,FSM,"Micronesia, Fed. Sts.",2004,74.4526673225655,,,1
FP.CPI.TOTL,FSM,"Micronesia, Fed. Sts.",2005,77.622638376933,,,1
FP.CPI.TOTL,FSM,"Micronesia, Fed. Sts.",2006,81.2222873888774,,,1
FP.CPI.TOTL,FSM,"Micronesia, Fed. Sts.",2007,83.9077746237323,,,1
FP.CPI.TOTL,FSM,"Micronesia, Fed. Sts.",2008,90.9759353675123,,,1
FP.CPI.TOTL,FSM,"Micronesia, Fed. Sts.",2009,96.7925751159396,,,1
FP.CPI.TOTL,FSM,"Micronesia, Fed. Sts.",2010,100.0,,,1
FP.CPI.TOTL,FSM,"Micronesia, Fed. Sts.",2011,105.082594038904,,,1
FP.CPI.TOTL,FSM,"Micronesia, Fed. Sts.",2012,110.356167730641,,,1
FP.CPI.TOTL,FSM,"Micronesia, Fed. Sts.",2013,112.289969066139,,,1
FP.CPI.TOTL,FSM,"Micronesia, Fed. Sts.",2014,113.020173769947,,,1
FP.CPI.TOTL,FSM,"Micronesia, Fed. Sts.",2015,112.683242732504,,,1
FP.CPI.TOTL,FSM,"Micronesia, Fed. Sts.",2016,111.514190075614,,,1
FP.CPI.TOTL,FSM,"Micronesia, Fed. Sts.",2017,112.163485612668,,,1
FP.CPI.TOTL,FSM,"Micronesia, Fed. Sts.",2018,113.844143545724,,,1
FP.CPI.TOTL,FSM,"Micronesia, Fed. Sts.",2019,116.034336045649,,,1
FP.CPI.TOTL,FSM,"Micronesia, Fed. Sts.",2020,116.677856243305,,,1
FP.CPI.TOTL,FSM,"Micronesia, Fed. Sts.",2021,120.401378078118,,,1
FP.CPI.TOTL,FSM,"Micronesia, Fed. Sts.",2022,126.9135800956,,,1
FP.CPI.TOTL,GAB,Gabon,1990,65.0261868267643,,,1
FP.CPI.TOTL,GAB,Gabon,1991,57.4271533548204,,,1
FP.CPI.TOTL,GAB,Gabon,1992,51.946929897579,,,1
FP.CPI.TOTL,GAB,Gabon,1993,52.2241948471014,,,1
FP.CPI.TOTL,GAB,Gabon,1994,71.0856133709942,,,1
FP.CPI.TOTL,GAB,Gabon,1995,77.9429091303675,,,1
FP.CPI.TOTL,GAB,Gabon,1996,78.4804762127003,,,1
FP.CPI.TOTL,GAB,Gabon,1997,81.5988587539897,,,1
FP.CPI.TOTL,GAB,Gabon,1998,82.7810128713628,,,1
FP.CPI.TOTL,GAB,Gabon,1999,81.1778724846929,,,1
FP.CPI.TOTL,GAB,Gabon,2000,81.5877558194148,,,1
FP.CPI.TOTL,GAB,Gabon,2001,83.3317924353412,,,1
FP.CPI.TOTL,GAB,Gabon,2002,83.3623609445929,,,1
FP.CPI.TOTL,GAB,Gabon,2003,85.2258040938075,,,1
FP.CPI.TOTL,GAB,Gabon,2004,85.5737003494262,,,1
FP.CPI.TOTL,GAB,Gabon,2005,88.7470584040505,,,1
FP.CPI.TOTL,GAB,Gabon,2006,87.4962561506103,,,1
FP.CPI.TOTL,GAB,Gabon,2007,91.8975968052488,,,1
FP.CPI.TOTL,GAB,Gabon,2008,96.7353633316694,,,1
FP.CPI.TOTL,GAB,Gabon,2009,98.5595093774516,,,1
FP.CPI.TOTL,GAB,Gabon,2010,100.0,,,1
FP.CPI.TOTL,GAB,Gabon,2011,101.263317078374,,,1
FP.CPI.TOTL,GAB,Gabon,2012,103.94924381854,,,1
FP.CPI.TOTL,GAB,Gabon,2013,104.474645977231,,,1
FP.CPI.TOTL,GAB,Gabon,2014,109.374984864148,,,1
FP.CPI.TOTL,GAB,Gabon,2015,109.004427677729,,,1
FP.CPI.TOTL,GAB,Gabon,2016,111.300831725277,,,1
FP.CPI.TOTL,GAB,Gabon,2017,114.252447232406,,,1
FP.CPI.TOTL,GAB,Gabon,2018,119.678371953152,,,1
FP.CPI.TOTL,GAB,Gabon,2019,122.627926286455,,,1
FP.CPI.TOTL,GAB,Gabon,2020,124.286789179276,,,1
FP.CPI.TOTL,GAB,Gabon,2021,125.637671569116,,,1
FP.CPI.TOTL,GAB,Gabon,2022,130.953713012953,,,1
FP.CPI.TOTL,GAB,Gabon,2023,135.70604334892,,,1
FP.CPI.TOTL,GAB,Gabon,2024,137.298038062687,,,1
FP.CPI.TOTL,GAB,Gabon,2025,139.725008923804,,,1
FP.CPI.TOTL,GBR,United Kingdom,1990,61.0967264656926,,,1
FP.CPI.TOTL,GBR,United Kingdom,1991,65.6556315886813,,,1
FP.CPI.TOTL,GBR,United Kingdom,1992,68.6702422785278,,,1
FP.CPI.TOTL,GBR,United Kingdom,1993,70.4272239689291,,,1
FP.CPI.TOTL,GBR,United Kingdom,1994,71.9900129461809,,,1
FP.CPI.TOTL,GBR,United Kingdom,1995,73.9319400776771,,,1
FP.CPI.TOTL,GBR,United Kingdom,1996,76.0403181061587,,,1
FP.CPI.TOTL,GBR,United Kingdom,1997,77.7140743480673,,,1
FP.CPI.TOTL,GBR,United Kingdom,1998,79.1289069724431,,,1
FP.CPI.TOTL,GBR,United Kingdom,1999,80.5159977806547,,,1
FP.CPI.TOTL,GBR,United Kingdom,2000,81.4684668022933,,,1
FP.CPI.TOTL,GBR,United Kingdom,2001,82.7168485296837,,,1
FP.CPI.TOTL,GBR,United Kingdom,2002,83.9744775291289,,,1
FP.CPI.TOTL,GBR,United Kingdom,2003,85.1303865359719,,,1
FP.CPI.TOTL,GBR,United Kingdom,2004,86.3140373589791,,,1
FP.CPI.TOTL,GBR,United Kingdom,2005,88.1172554096541,,,1
FP.CPI.TOTL,GBR,United Kingdom,2006,90.2811170704642,,,1
FP.CPI.TOTL,GBR,United Kingdom,2007,92.4357314592195,,,1
FP.CPI.TOTL,GBR,United Kingdom,2008,95.6907712224893,,,1
FP.CPI.TOTL,GBR,United Kingdom,2009,97.5679674496024,,,1
FP.CPI.TOTL,GBR,United Kingdom,2010,100.0,,,1
FP.CPI.TOTL,GBR,United Kingdom,2011,103.856112446828,,,1
FP.CPI.TOTL,GBR,United Kingdom,2012,106.528574070649,,,1
FP.CPI.TOTL,GBR,United Kingdom,2013,108.969853893102,,,1
FP.CPI.TOTL,GBR,United Kingdom,2014,110.551137414463,,,1
FP.CPI.TOTL,GBR,United Kingdom,2015,110.958017384871,,,1
FP.CPI.TOTL,GBR,United Kingdom,2016,112.076937303495,,,1
FP.CPI.TOTL,GBR,United Kingdom,2017,114.943591640466,,,1
FP.CPI.TOTL,GBR,United Kingdom,2018,117.579064176068,,,1
FP.CPI.TOTL,GBR,United Kingdom,2019,119.622711300166,,,1
FP.CPI.TOTL,GBR,United Kingdom,2020,120.806362123174,,,1
FP.CPI.TOTL,GBR,United Kingdom,2021,123.848714629184,,,1
FP.CPI.TOTL,GBR,United Kingdom,2022,133.660070279268,,,1
FP.CPI.TOTL,GBR,United Kingdom,2023,142.740891437026,,,1
FP.CPI.TOTL,GBR,United Kingdom,2024,147.410763824672,,,1
FP.CPI.TOTL,GBR,United Kingdom,2025,153.134825226558,,,1
FP.CPI.TOTL,GEO,Georgia,1994,10.9011308634888,,,1
FP.CPI.TOTL,GEO,Georgia,1995,28.6391405567436,,,1
FP.CPI.TOTL,GEO,Georgia,1996,39.9107903009958,,,1
FP.CPI.TOTL,GEO,Georgia,1997,42.7395145104369,,,1
FP.CPI.TOTL,GEO,Georgia,1998,44.2639508531427,,,1
FP.CPI.TOTL,GEO,Georgia,1999,52.7593874463469,,,1
FP.CPI.TOTL,GEO,Georgia,2000,54.9035089108937,,,1
FP.CPI.TOTL,GEO,Georgia,2001,57.4543503233544,,,1
FP.CPI.TOTL,GEO,Georgia,2002,60.6648059412,,,1
FP.CPI.TOTL,GEO,Georgia,2003,61.1730159690591,,,1
FP.CPI.TOTL,GEO,Georgia,2004,64.6331613976932,,,1
FP.CPI.TOTL,GEO,Georgia,2005,69.9635166666666,,,1
FP.CPI.TOTL,GEO,Georgia,2006,76.37285,,,1
FP.CPI.TOTL,GEO,Georgia,2007,83.4334416666667,,,1
FP.CPI.TOTL,GEO,Georgia,2008,91.7763583333333,,,1
FP.CPI.TOTL,GEO,Georgia,2009,93.3618083333333,,,1
FP.CPI.TOTL,GEO,Georgia,2010,100.0,,,1
FP.CPI.TOTL,GEO,Georgia,2011,108.542933333333,,,1
FP.CPI.TOTL,GEO,Georgia,2012,107.518658333333,,,1
FP.CPI.TOTL,GEO,Georgia,2013,106.9681,,,1
FP.CPI.TOTL,GEO,Georgia,2014,110.25075,,,1
FP.CPI.TOTL,GEO,Georgia,2015,114.664725,,,1
FP.CPI.TOTL,GEO,Georgia,2016,117.112733333333,,,1
FP.CPI.TOTL,GEO,Georgia,2017,124.180858333333,,,1
FP.CPI.TOTL,GEO,Georgia,2018,127.428491666667,,,1
FP.CPI.TOTL,GEO,Georgia,2019,133.612466666667,,,1
FP.CPI.TOTL,GEO,Georgia,2020,140.563608333333,,,1
FP.CPI.TOTL,GEO,Georgia,2021,154.011208333333,,,1
FP.CPI.TOTL,GEO,Georgia,2022,172.335716666667,,,1
FP.CPI.TOTL,GEO,Georgia,2023,176.623016666667,,,1
FP.CPI.TOTL,GEO,Georgia,2024,178.583033333333,,,1
FP.CPI.TOTL,GEO,Georgia,2025,185.492791666667,,,1
FP.CPI.TOTL,GHA,Ghana,1990,1.88092171488364,,,1
FP.CPI.TOTL,GHA,Ghana,1991,2.22007896670963,,,1
FP.CPI.TOTL,GHA,Ghana,1992,2.44333269943057,,,1
FP.CPI.TOTL,GHA,Ghana,1993,3.05318469233027,,,1
FP.CPI.TOTL,GHA,Ghana,1994,3.8125195242749,,,1
FP.CPI.TOTL,GHA,Ghana,1995,6.079502868492,,,1
FP.CPI.TOTL,GHA,Ghana,1996,8.91018139530741,,,1
FP.CPI.TOTL,GHA,Ghana,1997,11.3948040676584,,,1
FP.CPI.TOTL,GHA,Ghana,1998,13.061199205853,,,1
FP.CPI.TOTL,GHA,Ghana,1999,13.6966785113,,,1
FP.CPI.TOTL,GHA,Ghana,2000,19.2083497512298,,,1
FP.CPI.TOTL,GHA,Ghana,2001,27.1816389781647,,,1
FP.CPI.TOTL,GHA,Ghana,2002,29.7260938269276,,,1
FP.CPI.TOTL,GHA,Ghana,2003,38.5764377123893,,,1
FP.CPI.TOTL,GHA,Ghana,2004,45.536683616152,,,1
FP.CPI.TOTL,GHA,Ghana,2005,52.5670885638145,,,1
FP.CPI.TOTL,GHA,Ghana,2006,58.7064955286905,,,1
FP.CPI.TOTL,GHA,Ghana,2007,65.008207238338,,,1
FP.CPI.TOTL,GHA,Ghana,2008,75.7310767414419,,,1
FP.CPI.TOTL,GHA,Ghana,2009,90.3069978698952,,,1
FP.CPI.TOTL,GHA,Ghana,2010,100.0,,,1
FP.CPI.TOTL,GHA,Ghana,2011,108.72845937093,,,1
FP.CPI.TOTL,GHA,Ghana,2012,120.891195539437,,,1
FP.CPI.TOTL,GHA,Ghana,2013,134.994594893508,,,1
FP.CPI.TOTL,GHA,Ghana,2014,155.904739308264,,,1
FP.CPI.TOTL,GHA,Ghana,2015,182.642354549914,,,1
FP.CPI.TOTL,GHA,Ghana,2016,214.521910357024,,,1
FP.CPI.TOTL,GHA,Ghana,2017,241.062392815469,,,1
FP.CPI.TOTL,GHA,Ghana,2018,259.886388974227,,,1
FP.CPI.TOTL,GHA,Ghana,2019,278.45173709811,,,1
FP.CPI.TOTL,GHA,Ghana,2020,305.983066637367,,,1
FP.CPI.TOTL,GHA,Ghana,2021,336.492909542398,,,1
FP.CPI.TOTL,GHA,Ghana,2022,441.666780384402,,,1
FP.CPI.TOTL,GHA,Ghana,2023,609.972588583069,,,1
FP.CPI.TOTL,GHA,Ghana,2024,749.341127038871,,,1
FP.CPI.TOTL,GHA,Ghana,2025,855.782602934165,,,1
FP.CPI.TOTL,GIN,Guinea,2004,32.2631351401334,,,1
FP.CPI.TOTL,GIN,Guinea,2005,42.3851461519433,,,1
FP.CPI.TOTL,GIN,Guinea,2006,57.0907873034414,,,1
FP.CPI.TOTL,GIN,Guinea,2007,67.4673608075348,,,1
FP.CPI.TOTL,GIN,Guinea,2008,83.0291211114231,,,1
FP.CPI.TOTL,GIN,Guinea,2009,86.9185278699779,,,1
FP.CPI.TOTL,GIN,Guinea,2010,100.0,,,1
FP.CPI.TOTL,GIN,Guinea,2011,121.316926854258,,,1
FP.CPI.TOTL,GIN,Guinea,2012,139.788998934856,,,1
FP.CPI.TOTL,GIN,Guinea,2013,156.406539824067,,,1
FP.CPI.TOTL,GIN,Guinea,2014,166.026332763198,,,1
FP.CPI.TOTL,GIN,Guinea,2015,185.584371739381,,,1
FP.CPI.TOTL,GIN,Guinea,2016,200.751590655302,,,1
FP.CPI.TOTL,GIN,Guinea,2017,218.647309106389,,,1
FP.CPI.TOTL,GIN,Guinea,2018,240.135129253703,,,1
FP.CPI.TOTL,GIN,Guinea,2019,262.875950950144,,,1
FP.CPI.TOTL,GIN,Guinea,2020,290.745061231669,,,1
FP.CPI.TOTL,GIN,Guinea,2021,327.371054687123,,,1
FP.CPI.TOTL,GIN,Guinea,2022,361.722233672476,,,1
FP.CPI.TOTL,GIN,Guinea,2023,389.954566905293,,,1
FP.CPI.TOTL,GIN,Guinea,2024,421.631118994785,,,1
FP.CPI.TOTL,GIN,Guinea,2025,436.583430246309,,,1
FP.CPI.TOTL,GMB,"Gambia, The",1990,33.628957016338,,,1
FP.CPI.TOTL,GMB,"Gambia, The",1991,36.5352869163585,,,1
FP.CPI.TOTL,GMB,"Gambia, The",1992,40.0012224394306,,,1
FP.CPI.TOTL,GMB,"Gambia, The",1993,42.5868231465376,,,1
FP.CPI.TOTL,GMB,"Gambia, The",1994,43.3151456887785,,,1
FP.CPI.TOTL,GMB,"Gambia, The",1995,46.3389649285639,,,1
FP.CPI.TOTL,GMB,"Gambia, The",1996,46.8484566152232,,,1
FP.CPI.TOTL,GMB,"Gambia, The",1997,48.151418961434,,,1
FP.CPI.TOTL,GMB,"Gambia, The",1998,48.6879164915942,,,1
FP.CPI.TOTL,GMB,"Gambia, The",1999,50.5440810134291,,,1
FP.CPI.TOTL,GMB,"Gambia, The",2000,50.971163115798,,,1
FP.CPI.TOTL,GMB,"Gambia, The",2001,53.261091598188,,,1
FP.CPI.TOTL,GMB,"Gambia, The",2002,57.8464054138192,,,1
FP.CPI.TOTL,GMB,"Gambia, The",2003,67.6993064479928,,,1
FP.CPI.TOTL,GMB,"Gambia, The",2004,77.3171731204846,,,1
FP.CPI.TOTL,GMB,"Gambia, The",2005,81.0582586952405,,,1
FP.CPI.TOTL,GMB,"Gambia, The",2006,82.7252245604672,,,1
FP.CPI.TOTL,GMB,"Gambia, The",2007,87.1668533294479,,,1
FP.CPI.TOTL,GMB,"Gambia, The",2008,91.0402474868351,,,1
FP.CPI.TOTL,GMB,"Gambia, The",2009,95.1930546365208,,,1
FP.CPI.TOTL,GMB,"Gambia, The",2010,100.0,,,1
FP.CPI.TOTL,GMB,"Gambia, The",2011,104.795882661831,,,1
FP.CPI.TOTL,GMB,"Gambia, The",2012,109.254236951057,,,1
FP.CPI.TOTL,GMB,"Gambia, The",2013,115.48077783219,,,1
FP.CPI.TOTL,GMB,"Gambia, The",2014,122.349573755068,,,1
FP.CPI.TOTL,GMB,"Gambia, The",2015,130.679689360556,,,1
FP.CPI.TOTL,GMB,"Gambia, The",2016,140.126253232327,,,1
FP.CPI.TOTL,GMB,"Gambia, The",2017,151.384262300215,,,1
FP.CPI.TOTL,GMB,"Gambia, The",2018,161.255981964361,,,1
FP.CPI.TOTL,GMB,"Gambia, The",2019,172.730435584882,,,1
FP.CPI.TOTL,GMB,"Gambia, The",2020,182.975555086968,,,1
FP.CPI.TOTL,GMB,"Gambia, The",2021,196.461489499352,,,1
FP.CPI.TOTL,GMB,"Gambia, The",2022,219.080336221032,,,1
FP.CPI.TOTL,GMB,"Gambia, The",2023,256.267499051756,,,1
FP.CPI.TOTL,GMB,"Gambia, The",2024,285.894721181442,,,1
FP.CPI.TOTL,GNB,Guinea-Bissau,1990,4.58072821538023,,,1
FP.CPI.TOTL,GNB,Guinea-Bissau,1991,7.21901167467801,,,1
FP.CPI.TOTL,GNB,Guinea-Bissau,1992,12.2422625100147,,,1
FP.CPI.TOTL,GNB,Guinea-Bissau,1993,18.1317904888996,,,1
FP.CPI.TOTL,GNB,Guinea-Bissau,1994,20.8835340090184,,,1
FP.CPI.TOTL,GNB,Guinea-Bissau,1995,30.3574136091315,,,1
FP.CPI.TOTL,GNB,Guinea-Bissau,1996,45.7589605143907,,,1
FP.CPI.TOTL,GNB,Guinea-Bissau,1997,68.2270327461698,,,1
FP.CPI.TOTL,GNB,Guinea-Bissau,1998,73.6945801236143,,,1
FP.CPI.TOTL,GNB,Guinea-Bissau,1999,72.1570863163161,,,1
FP.CPI.TOTL,GNB,Guinea-Bissau,2000,78.3888038782586,,,1
FP.CPI.TOTL,GNB,Guinea-Bissau,2001,81.0133571801026,,,1
FP.CPI.TOTL,GNB,Guinea-Bissau,2002,83.6868966031071,,,1
FP.CPI.TOTL,GNB,Guinea-Bissau,2003,80.7556914880525,,,1
FP.CPI.TOTL,GNB,Guinea-Bissau,2004,81.4690086888917,,,1
FP.CPI.TOTL,GNB,Guinea-Bissau,2005,84.1812742972448,,,1
FP.CPI.TOTL,GNB,Guinea-Bissau,2006,85.826796961407,,,1
FP.CPI.TOTL,GNB,Guinea-Bissau,2007,89.7897958602478,,,1
FP.CPI.TOTL,GNB,Guinea-Bissau,2008,99.1818741754195,,,1
FP.CPI.TOTL,GNB,Guinea-Bissau,2009,97.5439873472857,,,1
FP.CPI.TOTL,GNB,Guinea-Bissau,2010,100.0,,,1
FP.CPI.TOTL,GNB,Guinea-Bissau,2011,105.046102263202,,,1
FP.CPI.TOTL,GNB,Guinea-Bissau,2012,107.284157585918,,,1
FP.CPI.TOTL,GNB,Guinea-Bissau,2013,108.579212070411,,,1
FP.CPI.TOTL,GNB,Guinea-Bissau,2014,106.940486169321,,,1
FP.CPI.TOTL,GNB,Guinea-Bissau,2015,108.519698239732,,,1
FP.CPI.TOTL,GNB,Guinea-Bissau,2016,110.150880134116,,,1
FP.CPI.TOTL,GNB,Guinea-Bissau,2017,112.013657770165,,,1
FP.CPI.TOTL,GNB,Guinea-Bissau,2018,112.440793517742,,,1
FP.CPI.TOTL,GNB,Guinea-Bissau,2019,112.718072816065,,,1
FP.CPI.TOTL,GNB,Guinea-Bissau,2020,114.003069434827,,,1
FP.CPI.TOTL,GNB,Guinea-Bissau,2021,116.559575493745,,,1
FP.CPI.TOTL,GNB,Guinea-Bissau,2022,127.505404715915,,,1
FP.CPI.TOTL,GNB,Guinea-Bissau,2023,136.561105409253,,,1
FP.CPI.TOTL,GNB,Guinea-Bissau,2024,141.7033933908,,,1
FP.CPI.TOTL,GNB,Guinea-Bissau,2025,142.943198452785,,,1
FP.CPI.TOTL,GNQ,Equatorial Guinea,1990,29.7295608139677,,,1
FP.CPI.TOTL,GNQ,Equatorial Guinea,1991,28.7112379263168,,,1
FP.CPI.TOTL,GNQ,Equatorial Guinea,1992,27.4827577984293,,,1
FP.CPI.TOTL,GNQ,Equatorial Guinea,1993,28.9811960072712,,,1
FP.CPI.TOTL,GNQ,Equatorial Guinea,1994,38.2091035088547,,,1
FP.CPI.TOTL,GNQ,Equatorial Guinea,1995,45.8021827479985,,,1
FP.CPI.TOTL,GNQ,Equatorial Guinea,1996,47.8819351542961,,,1
FP.CPI.TOTL,GNQ,Equatorial Guinea,1997,49.3262963171747,,,1
FP.CPI.TOTL,GNQ,Equatorial Guinea,1998,53.2406884910137,,,1
FP.CPI.TOTL,GNQ,Equatorial Guinea,1999,53.4388855631069,,,1
FP.CPI.TOTL,GNQ,Equatorial Guinea,2000,56.0051752162291,,,1
FP.CPI.TOTL,GNQ,Equatorial Guinea,2001,60.9478499339941,,,1
FP.CPI.TOTL,GNQ,Equatorial Guinea,2002,65.5753023354285,,,1
FP.CPI.TOTL,GNQ,Equatorial Guinea,2003,70.3777384508461,,,1
FP.CPI.TOTL,GNQ,Equatorial Guinea,2004,73.3474593441042,,,1
FP.CPI.TOTL,GNQ,Equatorial Guinea,2005,77.4781194458834,,,1
FP.CPI.TOTL,GNQ,Equatorial Guinea,2006,80.8994755998429,,,1
FP.CPI.TOTL,GNQ,Equatorial Guinea,2007,83.1676851961002,,,1
FP.CPI.TOTL,GNQ,Equatorial Guinea,2008,88.616638076126,,,1
FP.CPI.TOTL,GNQ,Equatorial Guinea,2009,92.7737027694463,,,1
FP.CPI.TOTL,GNQ,Equatorial Guinea,2010,100.0,,,1
FP.CPI.TOTL,GNQ,Equatorial Guinea,2011,104.805389221557,,,1
FP.CPI.TOTL,GNQ,Equatorial Guinea,2012,108.637724550898,,,1
FP.CPI.TOTL,GNQ,Equatorial Guinea,2013,111.84131736527,,,1
FP.CPI.TOTL,GNQ,Equatorial Guinea,2014,116.661676646707,,,1
FP.CPI.TOTL,GNQ,Equatorial Guinea,2015,118.617662311179,,,1
FP.CPI.TOTL,GNQ,Equatorial Guinea,2016,120.292471529847,,,1
FP.CPI.TOTL,GNQ,Equatorial Guinea,2017,121.187874251497,,,1
FP.CPI.TOTL,GNQ,Equatorial Guinea,2018,122.472555526802,,,1
FP.CPI.TOTL,GNQ,Equatorial Guinea,2019,124.346722780622,,,1
FP.CPI.TOTL,GNQ,Equatorial Guinea,2020,130.273952095808,,,1
FP.CPI.TOTL,GNQ,Equatorial Guinea,2021,130.14745508982,,,1
FP.CPI.TOTL,GNQ,Equatorial Guinea,2022,136.377245508982,,,1
FP.CPI.TOTL,GNQ,Equatorial Guinea,2023,140.276946107785,,,1
FP.CPI.TOTL,GNQ,Equatorial Guinea,2024,144.375,,,1
FP.CPI.TOTL,GRC,Greece,1990,29.8038102776573,,,1
FP.CPI.TOTL,GRC,Greece,1991,35.6023936014802,,,1
FP.CPI.TOTL,GRC,Greece,1992,41.255011905445,,,1
FP.CPI.TOTL,GRC,Greece,1993,47.2003807675154,,,1
FP.CPI.TOTL,GRC,Greece,1994,52.3329858938543,,,1
FP.CPI.TOTL,GRC,Greece,1995,57.0086839286901,,,1
FP.CPI.TOTL,GRC,Greece,1996,61.6802902782641,,,1
FP.CPI.TOTL,GRC,Greece,1997,65.0949127935353,,,1
FP.CPI.TOTL,GRC,Greece,1998,68.1974832721008,,,1
FP.CPI.TOTL,GRC,Greece,1999,69.9956006622909,,,1
FP.CPI.TOTL,GRC,Greece,2000,72.2012891686262,,,1
FP.CPI.TOTL,GRC,Greece,2001,74.6373377933514,,,1
FP.CPI.TOTL,GRC,Greece,2002,77.3461945200262,,,1
FP.CPI.TOTL,GRC,Greece,2003,80.0770181516035,,,1
FP.CPI.TOTL,GRC,Greece,2004,82.3983292768991,,,1
FP.CPI.TOTL,GRC,Greece,2005,85.319409980831,,,1
FP.CPI.TOTL,GRC,Greece,2006,88.0461729692533,,,1
FP.CPI.TOTL,GRC,Greece,2007,90.5951125075436,,,1
FP.CPI.TOTL,GRC,Greece,2008,94.3573436953788,,,1
FP.CPI.TOTL,GRC,Greece,2009,95.4991361443125,,,1
FP.CPI.TOTL,GRC,Greece,2010,100.0,,,1
FP.CPI.TOTL,GRC,Greece,2011,103.329853233506,,,1
FP.CPI.TOTL,GRC,Greece,2012,104.881378839373,,,1
FP.CPI.TOTL,GRC,Greece,2013,103.915138732922,,,1
FP.CPI.TOTL,GRC,Greece,2014,102.551500931586,,,1
FP.CPI.TOTL,GRC,Greece,2015,100.771321684226,,,1
FP.CPI.TOTL,GRC,Greece,2016,99.9392992576633,,,1
FP.CPI.TOTL,GRC,Greece,2017,101.05987316816,,,1
FP.CPI.TOTL,GRC,Greece,2018,101.692125375109,,,1
FP.CPI.TOTL,GRC,Greece,2019,101.949414101629,,,1
FP.CPI.TOTL,GRC,Greece,2020,100.677102178392,,,1
FP.CPI.TOTL,GRC,Greece,2021,101.909213734394,,,1
FP.CPI.TOTL,GRC,Greece,2022,111.738622172264,,,1
FP.CPI.TOTL,GRC,Greece,2023,115.61014338928,,,1
FP.CPI.TOTL,GRC,Greece,2024,118.779039104338,,,1
FP.CPI.TOTL,GRC,Greece,2025,121.727250609581,,,1
FP.CPI.TOTL,GRD,Grenada,1990,59.0199941495865,,,1
FP.CPI.TOTL,GRD,Grenada,1991,60.580839086098,,,1
FP.CPI.TOTL,GRD,Grenada,1992,62.8697876661773,,,1
FP.CPI.TOTL,GRD,Grenada,1993,64.6355479993813,,,1
FP.CPI.TOTL,GRD,Grenada,1994,67.0727332494084,,,1
FP.CPI.TOTL,GRD,Grenada,1995,68.3262050908802,,,1
FP.CPI.TOTL,GRD,Grenada,1996,69.7148338961285,,,1
FP.CPI.TOTL,GRD,Grenada,1997,70.5824544055298,,,1
FP.CPI.TOTL,GRD,Grenada,1998,71.5548641535995,,,1
FP.CPI.TOTL,GRD,Grenada,1999,71.9680417160402,,,1
FP.CPI.TOTL,GRD,Grenada,2000,73.5382535352993,,,1
FP.CPI.TOTL,GRD,Grenada,2001,75.8480849694239,,,1
FP.CPI.TOTL,GRD,Grenada,2002,76.6575474734471,,,1
FP.CPI.TOTL,GRD,Grenada,2003,78.3094625040232,,,1
FP.CPI.TOTL,GRD,Grenada,2004,80.1206952043773,,,1
FP.CPI.TOTL,GRD,Grenada,2005,82.9055358867075,,,1
FP.CPI.TOTL,GRD,Grenada,2006,86.4306404892179,,,1
FP.CPI.TOTL,GRD,Grenada,2007,89.7658513035083,,,1
FP.CPI.TOTL,GRD,Grenada,2008,96.9769874476988,,,1
FP.CPI.TOTL,GRD,Grenada,2009,96.6776633408433,,,1
FP.CPI.TOTL,GRD,Grenada,2010,100.0,,,1
FP.CPI.TOTL,GRD,Grenada,2011,103.033472803347,,,1
FP.CPI.TOTL,GRD,Grenada,2012,105.51738010943,,,1
FP.CPI.TOTL,GRD,Grenada,2013,105.47095268748,,,1
FP.CPI.TOTL,GRD,Grenada,2014,104.433537174123,,,1
FP.CPI.TOTL,GRD,Grenada,2015,103.895236562601,,,1
FP.CPI.TOTL,GRD,Grenada,2016,105.609913099453,,,1
FP.CPI.TOTL,GRD,Grenada,2017,106.569335074026,,,1
FP.CPI.TOTL,GRD,Grenada,2018,107.426261562601,,,1
FP.CPI.TOTL,GRD,Grenada,2019,108.068831493402,,,1
FP.CPI.TOTL,GRD,Grenada,2020,107.268330431284,,,1
FP.CPI.TOTL,GRD,Grenada,2021,108.57648052784,,,1
FP.CPI.TOTL,GRD,Grenada,2022,111.378339233988,,,1
FP.CPI.TOTL,GRD,Grenada,2023,114.381235918893,,,1
FP.CPI.TOTL,GRD,Grenada,2024,115.623591889282,,,1
FP.CPI.TOTL,GRD,Grenada,2025,116.329256517541,,,1
FP.CPI.TOTL,GTM,Guatemala,1990,18.2602252730944,,,1
FP.CPI.TOTL,GTM,Guatemala,1991,24.3164886301185,,,1
FP.CPI.TOTL,GTM,Guatemala,1992,26.7593031379926,,,1
FP.CPI.TOTL,GTM,Guatemala,1993,29.9221698617922,,,1
FP.CPI.TOTL,GTM,Guatemala,1994,33.1703174951705,,,1
FP.CPI.TOTL,GTM,Guatemala,1995,35.9604099338024,,,1
FP.CPI.TOTL,GTM,Guatemala,1996,39.9365224448194,,,1
FP.CPI.TOTL,GTM,Guatemala,1997,43.623822803295,,,1
FP.CPI.TOTL,GTM,Guatemala,1998,46.5088671824885,,,1
FP.CPI.TOTL,GTM,Guatemala,1999,48.9336584053486,,,1
FP.CPI.TOTL,GTM,Guatemala,2000,51.8587056854268,,,1
FP.CPI.TOTL,GTM,Guatemala,2001,55.6370654665424,,,1
FP.CPI.TOTL,GTM,Guatemala,2002,60.1618224457979,,,1
FP.CPI.TOTL,GTM,Guatemala,2003,63.5329761815383,,,1
FP.CPI.TOTL,GTM,Guatemala,2004,68.3479005922599,,,1
FP.CPI.TOTL,GTM,Guatemala,2005,74.5734715419507,,,1
FP.CPI.TOTL,GTM,Guatemala,2006,79.4661272585141,,,1
FP.CPI.TOTL,GTM,Guatemala,2007,84.8870025306841,,,1
FP.CPI.TOTL,GTM,Guatemala,2008,94.5265677653575,,,1
FP.CPI.TOTL,GTM,Guatemala,2009,96.2839135945872,,,1
FP.CPI.TOTL,GTM,Guatemala,2010,100.0,,,1
FP.CPI.TOTL,GTM,Guatemala,2011,106.214123930671,,,1
FP.CPI.TOTL,GTM,Guatemala,2012,110.230937685245,,,1
FP.CPI.TOTL,GTM,Guatemala,2013,115.018676610491,,,1
FP.CPI.TOTL,GTM,Guatemala,2014,118.950430995715,,,1
FP.CPI.TOTL,GTM,Guatemala,2015,121.791824121623,,,1
FP.CPI.TOTL,GTM,Guatemala,2016,127.209662777719,,,1
FP.CPI.TOTL,GTM,Guatemala,2017,132.838100804773,,,1
FP.CPI.TOTL,GTM,Guatemala,2018,137.822002853775,,,1
FP.CPI.TOTL,GTM,Guatemala,2019,142.921394880398,,,1
FP.CPI.TOTL,GTM,Guatemala,2020,147.515518254925,,,1
FP.CPI.TOTL,GTM,Guatemala,2021,153.80123012521,,,1
FP.CPI.TOTL,GTM,Guatemala,2022,164.390642043944,,,1
FP.CPI.TOTL,GTM,Guatemala,2023,174.59367205225,,,1
FP.CPI.TOTL,GTM,Guatemala,2024,179.604383910689,,,1
FP.CPI.TOTL,GTM,Guatemala,2025,182.277644137421,,,1
FP.CPI.TOTL,GUY,Guyana,1994,37.7802309755788,,,1
FP.CPI.TOTL,GUY,Guyana,1995,42.3933960210179,,,1
FP.CPI.TOTL,GUY,Guyana,1996,45.4010853641809,,,1
FP.CPI.TOTL,GUY,Guyana,1997,47.015398547387,,,1
FP.CPI.TOTL,GUY,Guyana,1998,49.1717438942973,,,1
FP.CPI.TOTL,GUY,Guyana,1999,52.8784178311248,,,1
FP.CPI.TOTL,GUY,Guyana,2000,56.1296702638214,,,1
FP.CPI.TOTL,GUY,Guyana,2001,57.6044285969131,,,1
FP.CPI.TOTL,GUY,Guyana,2002,60.6810898920818,,,1
FP.CPI.TOTL,GUY,Guyana,2003,64.3104126140443,,,1
FP.CPI.TOTL,GUY,Guyana,2004,67.3127225052523,,,1
FP.CPI.TOTL,GUY,Guyana,2005,71.97449407301,,,1
FP.CPI.TOTL,GUY,Guyana,2006,76.7803446929421,,,1
FP.CPI.TOTL,GUY,Guyana,2007,86.147665328627,,,1
FP.CPI.TOTL,GUY,Guyana,2008,93.1273681860775,,,1
FP.CPI.TOTL,GUY,Guyana,2009,95.8767683746059,,,1
FP.CPI.TOTL,GUY,Guyana,2010,100.0,,,1
FP.CPI.TOTL,GUY,Guyana,2011,104.4073041447,,,1
FP.CPI.TOTL,GUY,Guyana,2012,106.903239334042,,,1
FP.CPI.TOTL,GUY,Guyana,2013,108.946293964839,,,1
FP.CPI.TOTL,GUY,Guyana,2014,109.691160049428,,,1
FP.CPI.TOTL,GUY,Guyana,2015,108.741891336185,,,1
FP.CPI.TOTL,GUY,Guyana,2016,109.640292202848,,,1
FP.CPI.TOTL,GUY,Guyana,2017,111.77358110518,,,1
FP.CPI.TOTL,GUY,Guyana,2018,113.172187908809,,,1
FP.CPI.TOTL,GUY,Guyana,2019,115.562825739299,,,1
FP.CPI.TOTL,GUY,Guyana,2020,116.397690936384,,,1
FP.CPI.TOTL,GUY,Guyana,2021,121.642802043289,,,1
FP.CPI.TOTL,GUY,Guyana,2022,130.076857874774,,,1
FP.CPI.TOTL,GUY,Guyana,2023,133.747098602085,,,1
FP.CPI.TOTL,GUY,Guyana,2024,137.630840182993,,,1
FP.CPI.TOTL,GUY,Guyana,2025,142.213704093083,,,1
FP.CPI.TOTL,HKG,"Hong Kong SAR, China",1990,56.9996503914016,,,1
FP.CPI.TOTL,HKG,"Hong Kong SAR, China",1991,63.3601264007425,,,1
FP.CPI.TOTL,HKG,"Hong Kong SAR, China",1992,69.4759687174165,,,1
FP.CPI.TOTL,HKG,"Hong Kong SAR, China",1993,75.5918110340906,,,1
FP.CPI.TOTL,HKG,"Hong Kong SAR, China",1994,82.1969207360984,,,1
FP.CPI.TOTL,HKG,"Hong Kong SAR, China",1995,89.6582483624406,,,1
FP.CPI.TOTL,HKG,"Hong Kong SAR, China",1996,95.2848232937807,,,1
FP.CPI.TOTL,HKG,"Hong Kong SAR, China",1997,100.789081378787,,,1
FP.CPI.TOTL,HKG,"Hong Kong SAR, China",1998,103.724685690791,,,1
FP.CPI.TOTL,HKG,"Hong Kong SAR, China",1999,99.5659129154526,,,1
FP.CPI.TOTL,HKG,"Hong Kong SAR, China",2000,95.8964075254482,,,1
FP.CPI.TOTL,HKG,"Hong Kong SAR, China",2001,94.306288523113,,,1
FP.CPI.TOTL,HKG,"Hong Kong SAR, China",2002,91.4930010574429,,,1
FP.CPI.TOTL,HKG,"Hong Kong SAR, China",2003,89.0466641307732,,,1
FP.CPI.TOTL,HKG,"Hong Kong SAR, China",2004,88.8020304381063,,,1
FP.CPI.TOTL,HKG,"Hong Kong SAR, China",2005,89.5359315161073,,,1
FP.CPI.TOTL,HKG,"Hong Kong SAR, China",2006,91.3268754223924,,,1
FP.CPI.TOTL,HKG,"Hong Kong SAR, China",2007,93.1854021175941,,,1
FP.CPI.TOTL,HKG,"Hong Kong SAR, China",2008,97.1953142599685,,,1
FP.CPI.TOTL,HKG,"Hong Kong SAR, China",2009,97.7585041676054,,,1
FP.CPI.TOTL,HKG,"Hong Kong SAR, China",2010,100.0,,,1
FP.CPI.TOTL,HKG,"Hong Kong SAR, China",2011,105.305248929939,,,1
FP.CPI.TOTL,HKG,"Hong Kong SAR, China",2012,109.574228429827,,,1
FP.CPI.TOTL,HKG,"Hong Kong SAR, China",2013,114.327551250282,,,1
FP.CPI.TOTL,HKG,"Hong Kong SAR, China",2014,119.384996620861,,,1
FP.CPI.TOTL,HKG,"Hong Kong SAR, China",2015,122.955620635278,,,1
FP.CPI.TOTL,HKG,"Hong Kong SAR, China",2016,125.917999549448,,,1
FP.CPI.TOTL,HKG,"Hong Kong SAR, China",2017,127.799053840955,,,1
FP.CPI.TOTL,HKG,"Hong Kong SAR, China",2018,130.874070736652,,,1
FP.CPI.TOTL,HKG,"Hong Kong SAR, China",2019,134.647443117819,,,1
FP.CPI.TOTL,HKG,"Hong Kong SAR, China",2020,134.985357062402,,,1
FP.CPI.TOTL,HKG,"Hong Kong SAR, China",2021,137.102951115116,,,1
FP.CPI.TOTL,HKG,"Hong Kong SAR, China",2022,139.682360892093,,,1
FP.CPI.TOTL,HKG,"Hong Kong SAR, China",2023,142.610948411804,,,1
FP.CPI.TOTL,HKG,"Hong Kong SAR, China",2024,145.077720207254,,,1
FP.CPI.TOTL,HKG,"Hong Kong SAR, China",2025,147.16152286551,,,1
FP.CPI.TOTL,HND,Honduras,1990,9.01774964029806,,,1
FP.CPI.TOTL,HND,Honduras,1991,12.081283017117,,,1
FP.CPI.TOTL,HND,Honduras,1992,13.1395896672656,,,1
FP.CPI.TOTL,HND,Honduras,1993,14.551917740581,,,1
FP.CPI.TOTL,HND,Honduras,1994,17.7139544246798,,,1
FP.CPI.TOTL,HND,Honduras,1995,22.9332877036022,,,1
FP.CPI.TOTL,HND,Honduras,1996,28.4000870569444,,,1
FP.CPI.TOTL,HND,Honduras,1997,34.1368668008921,,,1
FP.CPI.TOTL,HND,Honduras,1998,38.8027305372296,,,1
FP.CPI.TOTL,HND,Honduras,1999,43.3285805199219,,,1
FP.CPI.TOTL,HND,Honduras,2000,48.1155372323848,,,1
FP.CPI.TOTL,HND,Honduras,2001,52.7703091569363,,,1
FP.CPI.TOTL,HND,Honduras,2002,56.8286149121055,,,1
FP.CPI.TOTL,HND,Honduras,2003,61.1897373798532,,,1
FP.CPI.TOTL,HND,Honduras,2004,66.1545447665178,,,1
FP.CPI.TOTL,HND,Honduras,2005,71.9821388026943,,,1
FP.CPI.TOTL,HND,Honduras,2006,75.9971240445016,,,1
FP.CPI.TOTL,HND,Honduras,2007,81.2684477408613,,,1
FP.CPI.TOTL,HND,Honduras,2008,90.5358359191705,,,1
FP.CPI.TOTL,HND,Honduras,2009,95.5119957617498,,,1
FP.CPI.TOTL,HND,Honduras,2010,100.0,,,1
FP.CPI.TOTL,HND,Honduras,2011,106.762279573148,,,1
FP.CPI.TOTL,HND,Honduras,2012,112.30984636343,,,1
FP.CPI.TOTL,HND,Honduras,2013,118.107167183834,,,1
FP.CPI.TOTL,HND,Honduras,2014,125.346249905396,,,1
FP.CPI.TOTL,HND,Honduras,2015,129.30447286763,,,1
FP.CPI.TOTL,HND,Honduras,2016,132.827518353137,,,1
FP.CPI.TOTL,HND,Honduras,2017,138.053432225838,,,1
FP.CPI.TOTL,HND,Honduras,2018,144.055097252706,,,1
FP.CPI.TOTL,HND,Honduras,2019,150.34435782941,,,1
FP.CPI.TOTL,HND,Honduras,2020,155.558919246197,,,1
FP.CPI.TOTL,HND,Honduras,2021,162.529327177779,,,1
FP.CPI.TOTL,HND,Honduras,2022,177.302656474684,,,1
FP.CPI.TOTL,HND,Honduras,2023,189.116778929842,,,1
FP.CPI.TOTL,HND,Honduras,2024,197.827896768334,,,1
FP.CPI.TOTL,HND,Honduras,2025,206.921213955952,,,1
FP.CPI.TOTL,HRV,Croatia,1990,0.108485967645282,,,1
FP.CPI.TOTL,HRV,Croatia,1991,0.241079928100626,,,1
FP.CPI.TOTL,HRV,Croatia,1992,1.74782947872954,,,1
FP.CPI.TOTL,HRV,Croatia,1993,27.9652716596727,,,1
FP.CPI.TOTL,HRV,Croatia,1994,57.9797227082006,,,1
FP.CPI.TOTL,HRV,Croatia,1995,60.2699820251566,,,1
FP.CPI.TOTL,HRV,Croatia,1996,62.8615912522383,,,1
FP.CPI.TOTL,HRV,Croatia,1997,65.4833354703325,,,1
FP.CPI.TOTL,HRV,Croatia,1998,69.672099221081,,,1
FP.CPI.TOTL,HRV,Croatia,1999,72.4723175629808,,,1
FP.CPI.TOTL,HRV,Croatia,2000,75.8142448103077,,,1
FP.CPI.TOTL,HRV,Croatia,2001,78.6775232641374,,,1
FP.CPI.TOTL,HRV,Croatia,2002,79.9928418038654,,,1
FP.CPI.TOTL,HRV,Croatia,2003,81.4065855404439,,,1
FP.CPI.TOTL,HRV,Croatia,2004,83.0798138869004,,,1
FP.CPI.TOTL,HRV,Croatia,2005,85.8357193987115,,,1
FP.CPI.TOTL,HRV,Croatia,2006,88.5737294201861,,,1
FP.CPI.TOTL,HRV,Croatia,2007,91.1417322834645,,,1
FP.CPI.TOTL,HRV,Croatia,2008,96.6803865425913,,,1
FP.CPI.TOTL,HRV,Croatia,2009,98.9799570508232,,,1
FP.CPI.TOTL,HRV,Croatia,2010,100.0,,,1
FP.CPI.TOTL,HRV,Croatia,2011,102.272727272727,,,1
FP.CPI.TOTL,HRV,Croatia,2012,105.762347888332,,,1
FP.CPI.TOTL,HRV,Croatia,2013,108.106657122405,,,1
FP.CPI.TOTL,HRV,Croatia,2014,107.874015748031,,,1
FP.CPI.TOTL,HRV,Croatia,2015,107.372942018611,,,1
FP.CPI.TOTL,HRV,Croatia,2016,106.164996420902,,,1
FP.CPI.TOTL,HRV,Croatia,2017,107.363994273443,,,1
FP.CPI.TOTL,HRV,Croatia,2018,108.974588403722,,,1
FP.CPI.TOTL,HRV,Croatia,2019,109.815676449535,,,1
FP.CPI.TOTL,HRV,Croatia,2020,109.985683607731,,,1
FP.CPI.TOTL,HRV,Croatia,2021,112.795275590551,,,1
FP.CPI.TOTL,HRV,Croatia,2022,124.955261274159,,,1
FP.CPI.TOTL,HRV,Croatia,2023,134.878310665712,,,1
FP.CPI.TOTL,HRV,Croatia,2024,138.886900501074,,,1
FP.CPI.TOTL,HRV,Croatia,2025,144.013958482462,,,1
FP.CPI.TOTL,HTI,Haiti,1990,5.89242979475272,,,1
FP.CPI.TOTL,HTI,Haiti,1991,6.80103701076611,,,1
FP.CPI.TOTL,HTI,Haiti,1992,8.11761539692012,,,1
FP.CPI.TOTL,HTI,Haiti,1993,10.5290319137379,,,1
FP.CPI.TOTL,HTI,Haiti,1994,14.6702706870075,,,1
FP.CPI.TOTL,HTI,Haiti,1995,18.7204661836217,,,1
FP.CPI.TOTL,HTI,Haiti,1996,22.5738113523326,,,1
FP.CPI.TOTL,HTI,Haiti,1997,27.2147628850823,,,1
FP.CPI.TOTL,HTI,Haiti,1998,28.6487183946885,,,1
FP.CPI.TOTL,HTI,Haiti,1999,29.5094388329555,,,1
FP.CPI.TOTL,HTI,Haiti,2000,32.2636202630057,,,1
FP.CPI.TOTL,HTI,Haiti,2001,36.5600769588083,,,1
FP.CPI.TOTL,HTI,Haiti,2002,39.1313011283816,,,1
FP.CPI.TOTL,HTI,Haiti,2003,50.3618193354665,,,1
FP.CPI.TOTL,HTI,Haiti,2004,60.9538335410813,,,1
FP.CPI.TOTL,HTI,Haiti,2005,69.4709177770268,,,1
FP.CPI.TOTL,HTI,Haiti,2006,77.3525429172173,,,1
FP.CPI.TOTL,HTI,Haiti,2007,82.4247253084455,,,1
FP.CPI.TOTL,HTI,Haiti,2008,95.0206859478011,,,1
FP.CPI.TOTL,HTI,Haiti,2009,95.3949591650264,,,1
FP.CPI.TOTL,HTI,Haiti,2010,100.0,,,1
FP.CPI.TOTL,HTI,Haiti,2011,106.33279483849,,,1
FP.CPI.TOTL,HTI,Haiti,2012,111.668618669326,,,1
FP.CPI.TOTL,HTI,Haiti,2013,116.989655202756,,,1
FP.CPI.TOTL,HTI,Haiti,2014,121.011954452908,,,1
FP.CPI.TOTL,HTI,Haiti,2015,129.158286450508,,,1
FP.CPI.TOTL,HTI,Haiti,2016,144.015244532932,,,1
FP.CPI.TOTL,HTI,Haiti,2017,159.396200425506,,,1
FP.CPI.TOTL,HTI,Haiti,2018,179.291095505561,,,1
FP.CPI.TOTL,HTI,Haiti,2019,212.825312171362,,,1
FP.CPI.TOTL,HTI,Haiti,2020,261.341632995889,,,1
FP.CPI.TOTL,HTI,Haiti,2021,305.355546890834,,,1
FP.CPI.TOTL,HTI,Haiti,2022,409.127368142819,,,1
FP.CPI.TOTL,HTI,Haiti,2023,559.741538412178,,,1
FP.CPI.TOTL,HTI,Haiti,2024,710.586601344592,,,1
FP.CPI.TOTL,HTI,Haiti,2025,914.118483827973,,,1
FP.CPI.TOTL,HUN,Hungary,1990,9.22940529027825,,,1
FP.CPI.TOTL,HUN,Hungary,1991,12.4428574373068,,,1
FP.CPI.TOTL,HUN,Hungary,1992,15.386305049811,,,1
FP.CPI.TOTL,HUN,Hungary,1993,18.8427207145311,,,1
FP.CPI.TOTL,HUN,Hungary,1994,22.3979793885263,,,1
FP.CPI.TOTL,HUN,Hungary,1995,28.7378323600137,,,1
FP.CPI.TOTL,HUN,Hungary,1996,35.4823229130883,,,1
FP.CPI.TOTL,HUN,Hungary,1997,41.9773885262796,,,1
FP.CPI.TOTL,HUN,Hungary,1998,47.9187798007557,,,1
FP.CPI.TOTL,HUN,Hungary,1999,52.7095767777396,,,1
FP.CPI.TOTL,HUN,Hungary,2000,57.8770182068018,,,1
FP.CPI.TOTL,HUN,Hungary,2001,63.1535554792167,,,1
FP.CPI.TOTL,HUN,Hungary,2002,66.4788732394366,,,1
FP.CPI.TOTL,HUN,Hungary,2003,69.5774647887324,,,1
FP.CPI.TOTL,HUN,Hungary,2004,74.2700103057368,,,1
FP.CPI.TOTL,HUN,Hungary,2005,76.9151494331844,,,1
FP.CPI.TOTL,HUN,Hungary,2006,79.9381655788388,,,1
FP.CPI.TOTL,HUN,Hungary,2007,86.3002404671934,,,1
FP.CPI.TOTL,HUN,Hungary,2008,91.5149433184472,,,1
FP.CPI.TOTL,HUN,Hungary,2009,95.3692889041566,,,1
FP.CPI.TOTL,HUN,Hungary,2010,100.0,,,1
FP.CPI.TOTL,HUN,Hungary,2011,103.929920989351,,,1
FP.CPI.TOTL,HUN,Hungary,2012,109.804190999656,,,1
FP.CPI.TOTL,HUN,Hungary,2013,111.707317073171,,,1
FP.CPI.TOTL,HUN,Hungary,2014,111.453108897286,,,1
FP.CPI.TOTL,HUN,Hungary,2015,111.384403984885,,,1
FP.CPI.TOTL,HUN,Hungary,2016,111.824115424253,,,1
FP.CPI.TOTL,HUN,Hungary,2017,114.450017176228,,,1
FP.CPI.TOTL,HUN,Hungary,2018,117.712126417039,,,1
FP.CPI.TOTL,HUN,Hungary,2019,121.642047406389,,,1
FP.CPI.TOTL,HUN,Hungary,2020,125.688766746822,,,1
FP.CPI.TOTL,HUN,Hungary,2021,132.112676056338,,,1
FP.CPI.TOTL,HUN,Hungary,2022,151.411885949845,,,1
FP.CPI.TOTL,HUN,Hungary,2023,177.341119890072,,,1
FP.CPI.TOTL,HUN,Hungary,2024,183.90930951563,,,1
FP.CPI.TOTL,HUN,Hungary,2025,192.023359670216,,,1
FP.CPI.TOTL,IDN,Indonesia,1990,12.6526731764626,,,1
FP.CPI.TOTL,IDN,Indonesia,1991,13.8444370469662,,,1
FP.CPI.TOTL,IDN,Indonesia,1992,14.886024661281,,,1
FP.CPI.TOTL,IDN,Indonesia,1993,16.3257877019765,,,1
FP.CPI.TOTL,IDN,Indonesia,1994,17.718703629847,,,1
FP.CPI.TOTL,IDN,Indonesia,1995,19.3878592004659,,,1
FP.CPI.TOTL,IDN,Indonesia,1996,20.9337076876435,,,1
FP.CPI.TOTL,IDN,Indonesia,1997,22.2370720530741,,,1
FP.CPI.TOTL,IDN,Indonesia,1998,35.2348722341909,,,1
FP.CPI.TOTL,IDN,Indonesia,1999,42.4502103317746,,,1
FP.CPI.TOTL,IDN,Indonesia,2000,44.0160374374209,,,1
FP.CPI.TOTL,IDN,Indonesia,2001,49.0779328255757,,,1
FP.CPI.TOTL,IDN,Indonesia,2002,54.9182657419472,,,1
FP.CPI.TOTL,IDN,Indonesia,2003,58.6292646124938,,,1
FP.CPI.TOTL,IDN,Indonesia,2004,62.1845795050309,,,1
FP.CPI.TOTL,IDN,Indonesia,2005,68.6848580863441,,,1
FP.CPI.TOTL,IDN,Indonesia,2006,77.6885301496347,,,1
FP.CPI.TOTL,IDN,Indonesia,2007,82.6656931301841,,,1
FP.CPI.TOTL,IDN,Indonesia,2008,91.1196377337151,,,1
FP.CPI.TOTL,IDN,Indonesia,2009,95.1165214762686,,,1
FP.CPI.TOTL,IDN,Indonesia,2010,100.0,,,1
FP.CPI.TOTL,IDN,Indonesia,2011,105.356048491126,,,1
FP.CPI.TOTL,IDN,Indonesia,2012,109.864775619763,,,1
FP.CPI.TOTL,IDN,Indonesia,2013,116.909848400615,,,1
FP.CPI.TOTL,IDN,Indonesia,2014,124.38614999404,,,1
FP.CPI.TOTL,IDN,Indonesia,2015,132.300990742743,,,1
FP.CPI.TOTL,IDN,Indonesia,2016,136.965665065143,,,1
FP.CPI.TOTL,IDN,Indonesia,2017,142.182411367013,,,1
FP.CPI.TOTL,IDN,Indonesia,2018,146.729899050653,,,1
FP.CPI.TOTL,IDN,Indonesia,2019,151.176672788694,,,1
FP.CPI.TOTL,IDN,Indonesia,2020,154.079015876998,,,1
FP.CPI.TOTL,IDN,Indonesia,2021,156.48276998491,,,1
FP.CPI.TOTL,IDN,Indonesia,2022,163.069856850655,,,1
FP.CPI.TOTL,IDN,Indonesia,2023,169.05352024275,,,1
FP.CPI.TOTL,IDN,Indonesia,2024,172.741444317759,,,1
FP.CPI.TOTL,IDN,Indonesia,2025,176.046565851867,,,1
FP.CPI.TOTL,IND,India,1990,22.9490075793463,,,1
FP.CPI.TOTL,IND,India,1991,26.1320914258645,,,1
FP.CPI.TOTL,IND,India,1992,29.2124945523448,,,1
FP.CPI.TOTL,IND,India,1993,31.0607370914258,,,1
FP.CPI.TOTL,IND,India,1994,34.2438214116532,,,1
FP.CPI.TOTL,IND,India,1995,37.7452131691141,,,1
FP.CPI.TOTL,IND,India,1996,41.1336584557082,,,1
FP.CPI.TOTL,IND,India,1997,44.0805774514448,,,1
FP.CPI.TOTL,IND,India,1998,49.9128076740881,,,1
FP.CPI.TOTL,IND,India,1999,52.2436461392705,,,1
FP.CPI.TOTL,IND,India,2000,54.3383216485078,,,1
FP.CPI.TOTL,IND,India,2001,56.3919261013737,,,1
FP.CPI.TOTL,IND,India,2002,58.815172903837,,,1
FP.CPI.TOTL,IND,India,2003,61.0535954523922,,,1
FP.CPI.TOTL,IND,India,2004,63.353638086215,,,1
FP.CPI.TOTL,IND,India,2005,66.0438512553292,,,1
FP.CPI.TOTL,IND,India,2006,69.8720985315016,,,1
FP.CPI.TOTL,IND,India,2007,74.3249644718143,,,1
FP.CPI.TOTL,IND,India,2008,80.5305542396968,,,1
FP.CPI.TOTL,IND,India,2009,89.2941733775461,,,1
FP.CPI.TOTL,IND,India,2010,100.0,,,1
FP.CPI.TOTL,IND,India,2011,108.911793364834,,,1
FP.CPI.TOTL,IND,India,2012,119.235538897084,,,1
FP.CPI.TOTL,IND,India,2013,131.18041028234,,,1
FP.CPI.TOTL,IND,India,2014,139.924446113916,,,1
FP.CPI.TOTL,IND,India,2015,146.790501522573,,,1
FP.CPI.TOTL,IND,India,2016,154.054013105393,,,1
FP.CPI.TOTL,IND,India,2017,159.18119775209,,,1
FP.CPI.TOTL,IND,India,2018,165.451068899504,,,1
FP.CPI.TOTL,IND,India,2019,171.621576003377,,,1
FP.CPI.TOTL,IND,India,2020,182.988822584425,,,1
FP.CPI.TOTL,IND,India,2021,192.378724699015,,,1
FP.CPI.TOTL,IND,India,2022,205.266241146235,,,1
FP.CPI.TOTL,IND,India,2023,216.862025027426,,,1
FP.CPI.TOTL,IND,India,2024,227.603278134168,,,1
FP.CPI.TOTL,IND,India,2025,233.063138328864,,,1
FP.CPI.TOTL,IRL,Ireland,1990,60.9535664630293,,,1
FP.CPI.TOTL,IRL,Ireland,1991,62.9106698967769,,,1
FP.CPI.TOTL,IRL,Ireland,1992,64.8420265430799,,,1
FP.CPI.TOTL,IRL,Ireland,1993,65.7948251527281,,,1
FP.CPI.TOTL,IRL,Ireland,1994,67.3141605224352,,,1
FP.CPI.TOTL,IRL,Ireland,1995,69.0137518432694,,,1
FP.CPI.TOTL,IRL,Ireland,1996,70.2254571308195,,,1
FP.CPI.TOTL,IRL,Ireland,1997,71.3081946492521,,,1
FP.CPI.TOTL,IRL,Ireland,1998,73.0250684642933,,,1
FP.CPI.TOTL,IRL,Ireland,1999,74.2152938698125,,,1
FP.CPI.TOTL,IRL,Ireland,2000,78.3547503686539,,,1
FP.CPI.TOTL,IRL,Ireland,2001,82.1571518854013,,,1
FP.CPI.TOTL,IRL,Ireland,2002,85.9595534021488,,,1
FP.CPI.TOTL,IRL,Ireland,2003,88.961449336423,,,1
FP.CPI.TOTL,IRL,Ireland,2004,90.8995154834632,,,1
FP.CPI.TOTL,IRL,Ireland,2005,93.1325047398357,,,1
FP.CPI.TOTL,IRL,Ireland,2006,96.7979776701074,,,1
FP.CPI.TOTL,IRL,Ireland,2007,101.527280387613,,,1
FP.CPI.TOTL,IRL,Ireland,2008,105.624605013693,,,1
FP.CPI.TOTL,IRL,Ireland,2009,100.926901200758,,,1
FP.CPI.TOTL,IRL,Ireland,2010,100.0,,,1
FP.CPI.TOTL,IRL,Ireland,2011,102.548978302086,,,1
FP.CPI.TOTL,IRL,Ireland,2012,104.286918053508,,,1
FP.CPI.TOTL,IRL,Ireland,2013,104.82409943122,,,1
FP.CPI.TOTL,IRL,Ireland,2014,105.024225826838,,,1
FP.CPI.TOTL,IRL,Ireland,2015,104.676637876554,,,1
FP.CPI.TOTL,IRL,Ireland,2016,104.697703812935,,,1
FP.CPI.TOTL,IRL,Ireland,2017,105.07689066779,,,1
FP.CPI.TOTL,IRL,Ireland,2018,105.571940172741,,,1
FP.CPI.TOTL,IRL,Ireland,2019,106.562039182642,,,1
FP.CPI.TOTL,IRL,Ireland,2020,106.214451232357,,,1
FP.CPI.TOTL,IRL,Ireland,2021,108.7002317253,,,1
FP.CPI.TOTL,IRL,Ireland,2022,117.210870023173,,,1
FP.CPI.TOTL,IRL,Ireland,2023,124.594480724668,,,1
FP.CPI.TOTL,IRL,Ireland,2024,127.227722772277,,,1
FP.CPI.TOTL,IRL,Ireland,2025,130.040025279124,,,1
FP.CPI.TOTL,IRN,"Iran, Islamic Rep.",1990,2.97421701244274,,,1
FP.CPI.TOTL,IRN,"Iran, Islamic Rep.",1991,3.48365779420319,,,1
FP.CPI.TOTL,IRN,"Iran, Islamic Rep.",1992,4.38271053462994,,,1
FP.CPI.TOTL,IRN,"Iran, Islamic Rep.",1993,5.31196046633819,,,1
FP.CPI.TOTL,IRN,"Iran, Islamic Rep.",1994,6.98241418404714,,,1
FP.CPI.TOTL,IRN,"Iran, Islamic Rep.",1995,10.4496007830059,,,1
FP.CPI.TOTL,IRN,"Iran, Islamic Rep.",1996,13.4734377099679,,,1
FP.CPI.TOTL,IRN,"Iran, Islamic Rep.",1997,15.8109748350774,,,1
FP.CPI.TOTL,IRN,"Iran, Islamic Rep.",1998,18.6357848195023,,,1
FP.CPI.TOTL,IRN,"Iran, Islamic Rep.",1999,22.3761187395983,,,1
FP.CPI.TOTL,IRN,"Iran, Islamic Rep.",2000,25.615453804342,,,1
FP.CPI.TOTL,IRN,"Iran, Islamic Rep.",2001,28.5034033705372,,,1
FP.CPI.TOTL,IRN,"Iran, Islamic Rep.",2002,32.5896323907668,,,1
FP.CPI.TOTL,IRN,"Iran, Islamic Rep.",2003,37.9564968412533,,,1
FP.CPI.TOTL,IRN,"Iran, Islamic Rep.",2004,43.559448423577,,,1
FP.CPI.TOTL,IRN,"Iran, Islamic Rep.",2005,49.4108405341712,,,1
FP.CPI.TOTL,IRN,"Iran, Islamic Rep.",2006,54.3597800471328,,,1
FP.CPI.TOTL,IRN,"Iran, Islamic Rep.",2007,63.7863315003927,,,1
FP.CPI.TOTL,IRN,"Iran, Islamic Rep.",2008,79.9947630269704,,,1
FP.CPI.TOTL,IRN,"Iran, Islamic Rep.",2009,90.8352971982194,,,1
FP.CPI.TOTL,IRN,"Iran, Islamic Rep.",2010,100.0,,,1
FP.CPI.TOTL,IRN,"Iran, Islamic Rep.",2011,126.293385673861,,,1
FP.CPI.TOTL,IRN,"Iran, Islamic Rep.",2012,160.716937290151,,,1
FP.CPI.TOTL,IRN,"Iran, Islamic Rep.",2013,219.54421493168,,,1
FP.CPI.TOTL,IRN,"Iran, Islamic Rep.",2014,256.002941860307,,,1
FP.CPI.TOTL,IRN,"Iran, Islamic Rep.",2015,287.964093938751,,,1
FP.CPI.TOTL,IRN,"Iran, Islamic Rep.",2016,308.828317801683,,,1
FP.CPI.TOTL,IRN,"Iran, Islamic Rep.",2017,333.673322422363,,,1
FP.CPI.TOTL,IRN,"Iran, Islamic Rep.",2018,393.781629583152,,,1
FP.CPI.TOTL,IRN,"Iran, Islamic Rep.",2019,550.929425291206,,,1
FP.CPI.TOTL,IRN,"Iran, Islamic Rep.",2020,719.481539670071,,,1
FP.CPI.TOTL,IRN,"Iran, Islamic Rep.",2021,1031.65750196386,,,1
FP.CPI.TOTL,IRN,"Iran, Islamic Rep.",2022,1480.30950510605,,,1
FP.CPI.TOTL,IRN,"Iran, Islamic Rep.",2023,2140.21942916994,,,1
FP.CPI.TOTL,IRN,"Iran, Islamic Rep.",2024,2834.84629484158,,,1
FP.CPI.TOTL,IRN,"Iran, Islamic Rep.",2025,4030.3356899712,,,1
FP.CPI.TOTL,IRQ,Iraq,1990,0.0307012090625516,,,1
FP.CPI.TOTL,IRQ,Iraq,1991,0.0862557778424067,,,1
FP.CPI.TOTL,IRQ,Iraq,1992,0.158379253100464,,,1
FP.CPI.TOTL,IRQ,Iraq,1993,0.48732077877066,,,1
FP.CPI.TOTL,IRQ,Iraq,1994,2.67295447155706,,,1
FP.CPI.TOTL,IRQ,Iraq,1995,13.025597095761,,,1
FP.CPI.TOTL,IRQ,Iraq,1996,10.9262191808169,,,1
FP.CPI.TOTL,IRQ,Iraq,1997,13.44615492784,,,1
FP.CPI.TOTL,IRQ,Iraq,1998,15.4319871013305,,,1
FP.CPI.TOTL,IRQ,Iraq,1999,17.372985763174,,,1
FP.CPI.TOTL,IRQ,Iraq,2000,18.2379801454919,,,1
FP.CPI.TOTL,IRQ,Iraq,2001,21.2242818777985,,,1
FP.CPI.TOTL,IRQ,Iraq,2002,25.3241115895961,,,1
FP.CPI.TOTL,IRQ,Iraq,2003,33.8371182739408,,,1
FP.CPI.TOTL,IRQ,Iraq,2004,42.9602505733062,,,1
FP.CPI.TOTL,IRQ,Iraq,2005,58.8381361872119,,,1
FP.CPI.TOTL,IRQ,Iraq,2006,90.1582426388021,,,1
FP.CPI.TOTL,IRQ,Iraq,2007,81.0815682536793,,,1
FP.CPI.TOTL,IRQ,Iraq,2008,91.3488079114036,,,1
FP.CPI.TOTL,IRQ,Iraq,2009,97.6277737056041,,,1
FP.CPI.TOTL,IRQ,Iraq,2010,100.0,,,1
FP.CPI.TOTL,IRQ,Iraq,2011,105.60405144266,,,1
FP.CPI.TOTL,IRQ,Iraq,2012,112.034383954155,,,1
FP.CPI.TOTL,IRQ,Iraq,2013,114.140067968281,,,1
FP.CPI.TOTL,IRQ,Iraq,2014,116.692210301859,,,1
FP.CPI.TOTL,IRQ,Iraq,2015,118.318118211501,,,1
FP.CPI.TOTL,IRQ,Iraq,2016,118.97658385606,,,1
FP.CPI.TOTL,IRQ,Iraq,2017,119.195570846192,,,1
FP.CPI.TOTL,IRQ,Iraq,2018,119.633544826456,,,1
FP.CPI.TOTL,IRQ,Iraq,2019,119.395515489356,,,1
FP.CPI.TOTL,IRQ,Iraq,2020,120.081039980204,,,1
FP.CPI.TOTL,IRQ,Iraq,2021,127.336174175012,,,1
FP.CPI.TOTL,IRQ,Iraq,2022,133.696318062324,,,1
FP.CPI.TOTL,IRQ,Iraq,2023,139.523276234531,,,1
FP.CPI.TOTL,IRQ,Iraq,2024,143.167200219716,,,1
FP.CPI.TOTL,IRQ,Iraq,2025,143.60164783943,,,1
FP.CPI.TOTL,ISL,Iceland,1990,39.9546205205733,,,1
FP.CPI.TOTL,ISL,Iceland,1991,42.675042283937,,,1
FP.CPI.TOTL,ISL,Iceland,1992,44.3597299502815,,,1
FP.CPI.TOTL,ISL,Iceland,1993,46.153128583786,,,1
FP.CPI.TOTL,ISL,Iceland,1994,46.8697280308314,,,1
FP.CPI.TOTL,ISL,Iceland,1995,47.6436557445876,,,1
FP.CPI.TOTL,ISL,Iceland,1996,48.7206019830776,,,1
FP.CPI.TOTL,ISL,Iceland,1997,49.605090798799,,,1
FP.CPI.TOTL,ISL,Iceland,1998,50.428159155385,,,1
FP.CPI.TOTL,ISL,Iceland,1999,52.0579128471197,,,1
FP.CPI.TOTL,ISL,Iceland,2000,54.7318525647267,,,1
FP.CPI.TOTL,ISL,Iceland,2001,58.2374745193488,,,1
FP.CPI.TOTL,ISL,Iceland,2002,61.2640890583378,,,1
FP.CPI.TOTL,ISL,Iceland,2003,62.5234724516806,,,1
FP.CPI.TOTL,ISL,Iceland,2004,64.498084533929,,,1
FP.CPI.TOTL,ISL,Iceland,2005,67.0696540124831,,,1
FP.CPI.TOTL,ISL,Iceland,2006,71.5546548024829,,,1
FP.CPI.TOTL,ISL,Iceland,2007,75.1692792371019,,,1
FP.CPI.TOTL,ISL,Iceland,2008,84.7115639190804,,,1
FP.CPI.TOTL,ISL,Iceland,2009,94.8796029310126,,,1
FP.CPI.TOTL,ISL,Iceland,2010,100.0,,,1
FP.CPI.TOTL,ISL,Iceland,2011,104.001026643431,,,1
FP.CPI.TOTL,ISL,Iceland,2012,109.394415767139,,,1
FP.CPI.TOTL,ISL,Iceland,2013,113.630473015855,,,1
FP.CPI.TOTL,ISL,Iceland,2014,115.953778501939,,,1
FP.CPI.TOTL,ISL,Iceland,2015,117.847368154088,,,1
FP.CPI.TOTL,ISL,Iceland,2016,119.847152693711,,,1
FP.CPI.TOTL,ISL,Iceland,2017,121.956960656067,,,1
FP.CPI.TOTL,ISL,Iceland,2018,125.22896551876,,,1
FP.CPI.TOTL,ISL,Iceland,2019,129.003331214359,,,1
FP.CPI.TOTL,ISL,Iceland,2020,132.677248064403,,,1
FP.CPI.TOTL,ISL,Iceland,2021,138.573742998267,,,1
FP.CPI.TOTL,ISL,Iceland,2022,150.087495958498,,,1
FP.CPI.TOTL,ISL,Iceland,2023,163.199594369605,,,1
FP.CPI.TOTL,ISL,Iceland,2024,172.757931043999,,,1
FP.CPI.TOTL,ISL,Iceland,2025,179.825199833669,,,1
FP.CPI.TOTL,ISR,Israel,1990,32.5071399428804,,,1
FP.CPI.TOTL,ISR,Israel,1991,38.718890248878,,,1
FP.CPI.TOTL,ISR,Israel,1992,43.390452876377,,,1
FP.CPI.TOTL,ISR,Israel,1993,48.1130150958792,,,1
FP.CPI.TOTL,ISR,Israel,1994,54.0085679314565,,,1
FP.CPI.TOTL,ISR,Israel,1995,59.3737250101999,,,1
FP.CPI.TOTL,ISR,Israel,1996,66.1770705834353,,,1
FP.CPI.TOTL,ISR,Israel,1997,72.1032231742146,,,1
FP.CPI.TOTL,ISR,Israel,1998,76.0607915136679,,,1
FP.CPI.TOTL,ISR,Israel,1999,80.0081599347205,,,1
FP.CPI.TOTL,ISR,Israel,2000,80.8343533251734,,,1
FP.CPI.TOTL,ISR,Israel,2001,81.7421460628315,,,1
FP.CPI.TOTL,ISR,Israel,2002,86.485108119135,,,1
FP.CPI.TOTL,ISR,Israel,2003,87.0971032231742,,,1
FP.CPI.TOTL,ISR,Israel,2004,86.7299061607507,,,1
FP.CPI.TOTL,ISR,Israel,2005,87.8926968584251,,,1
FP.CPI.TOTL,ISR,Israel,2006,89.6980824153407,,,1
FP.CPI.TOTL,ISR,Israel,2007,90.1162790697674,,,1
FP.CPI.TOTL,ISR,Israel,2008,94.1962464300285,,,1
FP.CPI.TOTL,ISR,Israel,2009,97.3684210526315,,,1
FP.CPI.TOTL,ISR,Israel,2010,100.0,,,1
FP.CPI.TOTL,ISR,Israel,2011,103.488372093023,,,1
FP.CPI.TOTL,ISR,Israel,2012,105.222358221134,,,1
FP.CPI.TOTL,ISR,Israel,2013,106.895144838841,,,1
FP.CPI.TOTL,ISR,Israel,2014,107.394940840473,,,1
FP.CPI.TOTL,ISR,Israel,2015,106.731946144431,,,1
FP.CPI.TOTL,ISR,Israel,2016,106.160750713994,,,1
FP.CPI.TOTL,ISR,Israel,2017,106.425948592411,,,1
FP.CPI.TOTL,ISR,Israel,2018,107.282741738066,,,1
FP.CPI.TOTL,ISR,Israel,2019,108.159934720522,,,1
FP.CPI.TOTL,ISR,Israel,2020,107.537739698082,,,1
FP.CPI.TOTL,ISR,Israel,2021,109.128926968584,,,1
FP.CPI.TOTL,ISR,Israel,2022,113.943288453692,,,1
FP.CPI.TOTL,ISR,Israel,2023,118.7576499388,,,1
FP.CPI.TOTL,ISR,Israel,2024,122.409220726234,,,1
FP.CPI.TOTL,ISR,Israel,2025,126.132190942472,,,1
FP.CPI.TOTL,ITA,Italy,1990,55.838990721391,,,1
FP.CPI.TOTL,ITA,Italy,1991,59.328927249434,,,1
FP.CPI.TOTL,ITA,Italy,1992,62.455911747802,,,1
FP.CPI.TOTL,ITA,Italy,1993,65.3455810784169,,,1
FP.CPI.TOTL,ITA,Italy,1994,67.9932808957477,,,1
FP.CPI.TOTL,ITA,Italy,1995,71.5530164769477,,,1
FP.CPI.TOTL,ITA,Italy,1996,74.4201291680352,,,1
FP.CPI.TOTL,ITA,Italy,1997,75.9406126299779,,,1
FP.CPI.TOTL,ITA,Italy,1998,77.4253165947392,,,1
FP.CPI.TOTL,ITA,Italy,1999,78.7132557275131,,,1
FP.CPI.TOTL,ITA,Italy,2000,80.7107504637521,,,1
FP.CPI.TOTL,ITA,Italy,2001,82.9586783816502,,,1
FP.CPI.TOTL,ITA,Italy,2002,85.0038779193305,,,1
FP.CPI.TOTL,ITA,Italy,2003,87.2756537574471,,,1
FP.CPI.TOTL,ITA,Italy,2004,89.201597564227,,,1
FP.CPI.TOTL,ITA,Italy,2005,90.9725106234272,,,1
FP.CPI.TOTL,ITA,Italy,2006,92.8746038216872,,,1
FP.CPI.TOTL,ITA,Italy,2007,94.5739686397295,,,1
FP.CPI.TOTL,ITA,Italy,2008,97.740146777842,,,1
FP.CPI.TOTL,ITA,Italy,2009,98.497406286648,,,1
FP.CPI.TOTL,ITA,Italy,2010,100.0,,,1
FP.CPI.TOTL,ITA,Italy,2011,102.780632728793,,,1
FP.CPI.TOTL,ITA,Italy,2012,105.90656520528,,,1
FP.CPI.TOTL,ITA,Italy,2013,107.198618335037,,,1
FP.CPI.TOTL,ITA,Italy,2014,107.457017849343,,,1
FP.CPI.TOTL,ITA,Italy,2015,107.498700856028,,,1
FP.CPI.TOTL,ITA,Italy,2016,107.397634171255,,,1
FP.CPI.TOTL,ITA,Italy,2017,108.714901774357,,,1
FP.CPI.TOTL,ITA,Italy,2018,109.951520340534,,,1
FP.CPI.TOTL,ITA,Italy,2019,110.623595648239,,,1
FP.CPI.TOTL,ITA,Italy,2020,110.471258578492,,,1
FP.CPI.TOTL,ITA,Italy,2021,112.541250526224,,,1
FP.CPI.TOTL,ITA,Italy,2022,121.771084752039,,,1
FP.CPI.TOTL,ITA,Italy,2023,128.617291886527,,,1
FP.CPI.TOTL,ITA,Italy,2024,129.880793465012,,,1
FP.CPI.TOTL,ITA,Italy,2025,131.870136375819,,,1
FP.CPI.TOTL,JAM,Jamaica,1990,3.72512054235222,,,1
FP.CPI.TOTL,JAM,Jamaica,1991,5.6275804951133,,,1
FP.CPI.TOTL,JAM,Jamaica,1992,9.97750848369031,,,1
FP.CPI.TOTL,JAM,Jamaica,1993,12.1795395592702,,,1
FP.CPI.TOTL,JAM,Jamaica,1994,16.4500995325864,,,1
FP.CPI.TOTL,JAM,Jamaica,1995,19.7251085318696,,,1
FP.CPI.TOTL,JAM,Jamaica,1996,24.9338502073182,,,1
FP.CPI.TOTL,JAM,Jamaica,1997,27.3418499094583,,,1
FP.CPI.TOTL,JAM,Jamaica,1998,29.7019699936964,,,1
FP.CPI.TOTL,JAM,Jamaica,1999,31.4704964207047,,,1
FP.CPI.TOTL,JAM,Jamaica,2000,34.0419769803656,,,1
FP.CPI.TOTL,JAM,Jamaica,2001,36.3574813811781,,,1
FP.CPI.TOTL,JAM,Jamaica,2002,38.9302640487475,,,1
FP.CPI.TOTL,JAM,Jamaica,2003,42.8571428571428,,,1
FP.CPI.TOTL,JAM,Jamaica,2004,48.6662153012864,,,1
FP.CPI.TOTL,JAM,Jamaica,2005,55.9918754231551,,,1
FP.CPI.TOTL,JAM,Jamaica,2006,60.785375761679,,,1
FP.CPI.TOTL,JAM,Jamaica,2007,66.4048747461069,,,1
FP.CPI.TOTL,JAM,Jamaica,2008,81.0291130670277,,,1
FP.CPI.TOTL,JAM,Jamaica,2009,88.8016249153689,,,1
FP.CPI.TOTL,JAM,Jamaica,2010,100.0,,,1
FP.CPI.TOTL,JAM,Jamaica,2011,107.555856465809,,,1
FP.CPI.TOTL,JAM,Jamaica,2012,114.949221394719,,,1
FP.CPI.TOTL,JAM,Jamaica,2013,125.687203791469,,,1
FP.CPI.TOTL,JAM,Jamaica,2014,136.086662153013,,,1
FP.CPI.TOTL,JAM,Jamaica,2015,141.110358835477,,,1
FP.CPI.TOTL,JAM,Jamaica,2016,144.427894380501,,,1
FP.CPI.TOTL,JAM,Jamaica,2017,150.751523358158,,,1
FP.CPI.TOTL,JAM,Jamaica,2018,156.384563303995,,,1
FP.CPI.TOTL,JAM,Jamaica,2019,162.49153689912,,,1
FP.CPI.TOTL,JAM,Jamaica,2020,170.984608465162,,,1
FP.CPI.TOTL,JAM,Jamaica,2021,181.00906404486,,,1
FP.CPI.TOTL,JAM,Jamaica,2022,199.742721733243,,,1
FP.CPI.TOTL,JAM,Jamaica,2023,212.674339878131,,,1
FP.CPI.TOTL,JAM,Jamaica,2024,224.184157075152,,,1
FP.CPI.TOTL,JAM,Jamaica,2025,233.161814488828,,,1
FP.CPI.TOTL,JOR,Jordan,1990,47.6611881178976,,,1
FP.CPI.TOTL,JOR,Jordan,1991,51.5481943981829,,,1
FP.CPI.TOTL,JOR,Jordan,1992,53.6079755039749,,,1
FP.CPI.TOTL,JOR,Jordan,1993,55.3859733581903,,,1
FP.CPI.TOTL,JOR,Jordan,1994,57.3337298015011,,,1
FP.CPI.TOTL,JOR,Jordan,1995,58.6828638516848,,,1
FP.CPI.TOTL,JOR,Jordan,1996,62.4979647750506,,,1
FP.CPI.TOTL,JOR,Jordan,1997,64.3965805741499,,,1
FP.CPI.TOTL,JOR,Jordan,1998,66.3875081902343,,,1
FP.CPI.TOTL,JOR,Jordan,1999,66.7899868188227,,,1
FP.CPI.TOTL,JOR,Jordan,2000,67.2353965011268,,,1
FP.CPI.TOTL,JOR,Jordan,2001,68.4269451384666,,,1
FP.CPI.TOTL,JOR,Jordan,2002,69.6812068619824,,,1
FP.CPI.TOTL,JOR,Jordan,2003,70.8170105338327,,,1
FP.CPI.TOTL,JOR,Jordan,2004,73.1977851016171,,,1
FP.CPI.TOTL,JOR,Jordan,2005,75.7550853934519,,,1
FP.CPI.TOTL,JOR,Jordan,2006,80.4910847531713,,,1
FP.CPI.TOTL,JOR,Jordan,2007,84.3095064663315,,,1
FP.CPI.TOTL,JOR,Jordan,2008,96.0885823707758,,,1
FP.CPI.TOTL,JOR,Jordan,2009,95.3784207318567,,,1
FP.CPI.TOTL,JOR,Jordan,2010,100.0,,,1
FP.CPI.TOTL,JOR,Jordan,2011,104.162441629278,,,1
FP.CPI.TOTL,JOR,Jordan,2012,108.86561499113,,,1
FP.CPI.TOTL,JOR,Jordan,2013,114.11797064643,,,1
FP.CPI.TOTL,JOR,Jordan,2014,117.426797297677,,,1
FP.CPI.TOTL,JOR,Jordan,2015,116.397138828916,,,1
FP.CPI.TOTL,JOR,Jordan,2016,115.491068042148,,,1
FP.CPI.TOTL,JOR,Jordan,2017,119.329869272798,,,1
FP.CPI.TOTL,JOR,Jordan,2018,124.654739256782,,,1
FP.CPI.TOTL,JOR,Jordan,2019,125.604002606804,,,1
FP.CPI.TOTL,JOR,Jordan,2020,126.022633651656,,,1
FP.CPI.TOTL,JOR,Jordan,2021,127.719016475095,,,1
FP.CPI.TOTL,JOR,Jordan,2022,133.120452526249,,,1
FP.CPI.TOTL,JOR,Jordan,2023,135.895840722819,,,1
FP.CPI.TOTL,JOR,Jordan,2024,138.011190097021,,,1
FP.CPI.TOTL,JOR,Jordan,2025,140.449109340499,,,1
FP.CPI.TOTL,JPN,Japan,1990,94.5343299540883,,,1
FP.CPI.TOTL,JPN,Japan,1991,97.608055542147,,,1
FP.CPI.TOTL,JPN,Japan,1992,99.3262336096294,,,1
FP.CPI.TOTL,JPN,Japan,1993,100.560904281237,,,1
FP.CPI.TOTL,JPN,Japan,1994,101.260263193127,,,1
FP.CPI.TOTL,JPN,Japan,1995,101.130752283518,,,1
FP.CPI.TOTL,JPN,Japan,1996,101.268897253768,,,1
FP.CPI.TOTL,JPN,Japan,1997,103.038879685094,,,1
FP.CPI.TOTL,JPN,Japan,1998,103.720970475702,,,1
FP.CPI.TOTL,JPN,Japan,1999,103.366973989437,,,1
FP.CPI.TOTL,JPN,Japan,2000,102.667615077547,,,1
FP.CPI.TOTL,JPN,Japan,2001,101.907817741173,,,1
FP.CPI.TOTL,JPN,Japan,2002,100.966705131346,,,1
FP.CPI.TOTL,JPN,Japan,2003,100.707683312128,,,1
FP.CPI.TOTL,JPN,Japan,2004,100.699049251487,,,1
FP.CPI.TOTL,JPN,Japan,2005,100.414125250347,,,1
FP.CPI.TOTL,JPN,Japan,2006,100.664513008925,,,1
FP.CPI.TOTL,JPN,Japan,2007,100.724951433409,,,1
FP.CPI.TOTL,JPN,Japan,2008,102.115035196548,,,1
FP.CPI.TOTL,JPN,Japan,2009,100.73358549405,,,1
FP.CPI.TOTL,JPN,Japan,2010,100.0,,,1
FP.CPI.TOTL,JPN,Japan,2011,99.7275443838987,,,1
FP.CPI.TOTL,JPN,Japan,2012,99.6835999296889,,,1
FP.CPI.TOTL,JPN,Japan,2013,100.017577781684,,,1
FP.CPI.TOTL,JPN,Japan,2014,102.777289506064,,,1
FP.CPI.TOTL,JPN,Japan,2015,103.594656354368,,,1
FP.CPI.TOTL,JPN,Japan,2016,103.462822991738,,,1
FP.CPI.TOTL,JPN,Japan,2017,103.963789769731,,,1
FP.CPI.TOTL,JPN,Japan,2018,104.992089998242,,,1
FP.CPI.TOTL,JPN,Japan,2019,105.484267885393,,,1
FP.CPI.TOTL,JPN,Japan,2020,105.457901212867,,,1
FP.CPI.TOTL,JPN,Japan,2021,105.211812269292,,,1
FP.CPI.TOTL,JPN,Japan,2022,107.839690631042,,,1
FP.CPI.TOTL,JPN,Japan,2023,111.364035858675,,,1
FP.CPI.TOTL,JPN,Japan,2024,114.41378098084,,,1
FP.CPI.TOTL,JPN,Japan,2025,118.043592898576,,,1
FP.CPI.TOTL,KAZ,Kazakhstan,1993,0.373663499315334,,,1
FP.CPI.TOTL,KAZ,Kazakhstan,1994,7.38871888630901,,,1
FP.CPI.TOTL,KAZ,Kazakhstan,1995,20.404338728498,,,1
FP.CPI.TOTL,KAZ,Kazakhstan,1996,28.3992773951737,,,1
FP.CPI.TOTL,KAZ,Kazakhstan,1997,33.3430352650778,,,1
FP.CPI.TOTL,KAZ,Kazakhstan,1998,35.7258374816532,,,1
FP.CPI.TOTL,KAZ,Kazakhstan,1999,38.689662838549,,,1
FP.CPI.TOTL,KAZ,Kazakhstan,2000,43.7893049656122,,,1
FP.CPI.TOTL,KAZ,Kazakhstan,2001,47.4475238316714,,,1
FP.CPI.TOTL,KAZ,Kazakhstan,2002,50.2169999848363,,,1
FP.CPI.TOTL,KAZ,Kazakhstan,2003,53.4500799677343,,,1
FP.CPI.TOTL,KAZ,Kazakhstan,2004,57.1285435425156,,,1
FP.CPI.TOTL,KAZ,Kazakhstan,2005,61.4588867381441,,,1
FP.CPI.TOTL,KAZ,Kazakhstan,2006,66.8191426897729,,,1
FP.CPI.TOTL,KAZ,Kazakhstan,2007,74.0669056526254,,,1
FP.CPI.TOTL,KAZ,Kazakhstan,2008,86.7618990495639,,,1
FP.CPI.TOTL,KAZ,Kazakhstan,2009,93.109467764034,,,1
FP.CPI.TOTL,KAZ,Kazakhstan,2010,100.0,,,1
FP.CPI.TOTL,KAZ,Kazakhstan,2011,108.452904661768,,,1
FP.CPI.TOTL,KAZ,Kazakhstan,2012,114.087774540991,,,1
FP.CPI.TOTL,KAZ,Kazakhstan,2013,120.867826977188,,,1
FP.CPI.TOTL,KAZ,Kazakhstan,2014,129.146608074122,,,1
FP.CPI.TOTL,KAZ,Kazakhstan,2015,137.771387734836,,,1
FP.CPI.TOTL,KAZ,Kazakhstan,2016,157.556866561297,,,1
FP.CPI.TOTL,KAZ,Kazakhstan,2017,169.283293508518,,,1
FP.CPI.TOTL,KAZ,Kazakhstan,2018,179.717344348263,,,1
FP.CPI.TOTL,KAZ,Kazakhstan,2019,189.302678517188,,,1
FP.CPI.TOTL,KAZ,Kazakhstan,2020,202.02032502464,,,1
FP.CPI.TOTL,KAZ,Kazakhstan,2021,218.265731563045,,,1
FP.CPI.TOTL,KAZ,Kazakhstan,2022,251.06640983023,,,1
FP.CPI.TOTL,KAZ,Kazakhstan,2023,287.540232612332,,,1
FP.CPI.TOTL,KAZ,Kazakhstan,2024,312.529841144883,,,1
FP.CPI.TOTL,KAZ,Kazakhstan,2025,348.120569024412,,,1
FP.CPI.TOTL,KEN,Kenya,1990,8.66901985684995,,,1
FP.CPI.TOTL,KEN,Kenya,1991,10.410148766435,,,1
FP.CPI.TOTL,KEN,Kenya,1992,13.2554885668121,,,1
FP.CPI.TOTL,KEN,Kenya,1993,19.3502139211618,,,1
FP.CPI.TOTL,KEN,Kenya,1994,24.9258599160737,,,1
FP.CPI.TOTL,KEN,Kenya,1995,25.3132895760085,,,1
FP.CPI.TOTL,KEN,Kenya,1996,27.5570816918342,,,1
FP.CPI.TOTL,KEN,Kenya,1997,30.6880746141217,,,1
FP.CPI.TOTL,KEN,Kenya,1998,32.7510609454423,,,1
FP.CPI.TOTL,KEN,Kenya,1999,34.6316272236208,,,1
FP.CPI.TOTL,KEN,Kenya,2000,38.0878723316079,,,1
FP.CPI.TOTL,KEN,Kenya,2001,40.2735822660957,,,1
FP.CPI.TOTL,KEN,Kenya,2002,41.0634713445186,,,1
FP.CPI.TOTL,KEN,Kenya,2003,45.0941346535517,,,1
FP.CPI.TOTL,KEN,Kenya,2004,50.3358928940492,,,1
FP.CPI.TOTL,KEN,Kenya,2005,55.5269219624651,,,1
FP.CPI.TOTL,KEN,Kenya,2006,63.5526356768982,,,1
FP.CPI.TOTL,KEN,Kenya,2007,69.7546612757899,,,1
FP.CPI.TOTL,KEN,Kenya,2008,88.0581564955536,,,1
FP.CPI.TOTL,KEN,Kenya,2009,96.1895575526589,,,1
FP.CPI.TOTL,KEN,Kenya,2010,100.0,,,1
FP.CPI.TOTL,KEN,Kenya,2011,114.02249130147,,,1
FP.CPI.TOTL,KEN,Kenya,2012,124.715258324443,,,1
FP.CPI.TOTL,KEN,Kenya,2013,131.845845200422,,,1
FP.CPI.TOTL,KEN,Kenya,2014,140.914406784821,,,1
FP.CPI.TOTL,KEN,Kenya,2015,150.189610460249,,,1
FP.CPI.TOTL,KEN,Kenya,2016,159.647425011301,,,1
FP.CPI.TOTL,KEN,Kenya,2017,172.428238576216,,,1
FP.CPI.TOTL,KEN,Kenya,2018,180.514789261214,,,1
FP.CPI.TOTL,KEN,Kenya,2019,189.973110678512,,,1
FP.CPI.TOTL,KEN,Kenya,2020,200.241465217838,,,1
FP.CPI.TOTL,KEN,Kenya,2021,212.472085832078,,,1
FP.CPI.TOTL,KEN,Kenya,2022,228.747155845931,,,1
FP.CPI.TOTL,KEN,Kenya,2023,246.295256788022,,,1
FP.CPI.TOTL,KEN,Kenya,2024,257.35339300785,,,1
FP.CPI.TOTL,KEN,Kenya,2025,267.825434002955,,,1
FP.CPI.TOTL,KGZ,Kyrgyz Republic,1995,16.7406673637992,,,1
FP.CPI.TOTL,KGZ,Kyrgyz Republic,1996,22.0888649034047,,,1
FP.CPI.TOTL,KGZ,Kyrgyz Republic,1997,27.2654849006599,,,1
FP.CPI.TOTL,KGZ,Kyrgyz Republic,1998,30.116740970288,,,1
FP.CPI.TOTL,KGZ,Kyrgyz Republic,1999,41.269248983497,,,1
FP.CPI.TOTL,KGZ,Kyrgyz Republic,2000,48.9869015768215,,,1
FP.CPI.TOTL,KGZ,Kyrgyz Republic,2001,52.3766383560393,,,1
FP.CPI.TOTL,KGZ,Kyrgyz Republic,2002,53.4944657377953,,,1
FP.CPI.TOTL,KGZ,Kyrgyz Republic,2003,55.0857190441513,,,1
FP.CPI.TOTL,KGZ,Kyrgyz Republic,2004,57.3501006207445,,,1
FP.CPI.TOTL,KGZ,Kyrgyz Republic,2005,59.8383344785777,,,1
FP.CPI.TOTL,KGZ,Kyrgyz Republic,2006,63.1606326084188,,,1
FP.CPI.TOTL,KGZ,Kyrgyz Republic,2007,69.6220305477495,,,1
FP.CPI.TOTL,KGZ,Kyrgyz Republic,2008,86.6934237473156,,,1
FP.CPI.TOTL,KGZ,Kyrgyz Republic,2009,92.6202738287655,,,1
FP.CPI.TOTL,KGZ,Kyrgyz Republic,2010,100.0,,,1
FP.CPI.TOTL,KGZ,Kyrgyz Republic,2011,116.63632627315,,,1
FP.CPI.TOTL,KGZ,Kyrgyz Republic,2012,119.865335743153,,,1
FP.CPI.TOTL,KGZ,Kyrgyz Republic,2013,127.792931811437,,,1
FP.CPI.TOTL,KGZ,Kyrgyz Republic,2014,137.421167323168,,,1
FP.CPI.TOTL,KGZ,Kyrgyz Republic,2015,146.358103369357,,,1
FP.CPI.TOTL,KGZ,Kyrgyz Republic,2016,146.927199725867,,,1
FP.CPI.TOTL,KGZ,Kyrgyz Republic,2017,151.592593591367,,,1
FP.CPI.TOTL,KGZ,Kyrgyz Republic,2018,153.931154097371,,,1
FP.CPI.TOTL,KGZ,Kyrgyz Republic,2019,155.676152413544,,,1
FP.CPI.TOTL,KGZ,Kyrgyz Republic,2020,165.523327506819,,,1
FP.CPI.TOTL,KGZ,Kyrgyz Republic,2021,185.228945555436,,,1
FP.CPI.TOTL,KGZ,Kyrgyz Republic,2022,211.018203674728,,,1
FP.CPI.TOTL,KGZ,Kyrgyz Republic,2023,233.709575724236,,,1
FP.CPI.TOTL,KGZ,Kyrgyz Republic,2024,245.389461868517,,,1
FP.CPI.TOTL,KGZ,Kyrgyz Republic,2025,265.548108334208,,,1
FP.CPI.TOTL,KHM,Cambodia,1994,44.8684006241243,,,1
FP.CPI.TOTL,KHM,Cambodia,1995,44.5099270778711,,,1
FP.CPI.TOTL,KHM,Cambodia,1996,47.6927702763355,,,1
FP.CPI.TOTL,KHM,Cambodia,1997,51.4892168422603,,,1
FP.CPI.TOTL,KHM,Cambodia,1998,59.1129695586722,,,1
FP.CPI.TOTL,KHM,Cambodia,1999,61.4823397547782,,,1
FP.CPI.TOTL,KHM,Cambodia,2000,60.9954042169748,,,1
FP.CPI.TOTL,KHM,Cambodia,2001,60.6290363583919,,,1
FP.CPI.TOTL,KHM,Cambodia,2002,60.7572465008042,,,1
FP.CPI.TOTL,KHM,Cambodia,2003,61.3294255110072,,,1
FP.CPI.TOTL,KHM,Cambodia,2004,63.9784499406004,,,1
FP.CPI.TOTL,KHM,Cambodia,2005,68.2107901851408,,,1
FP.CPI.TOTL,KHM,Cambodia,2006,72.1743046830313,,,1
FP.CPI.TOTL,KHM,Cambodia,2007,78.4598405256494,,,1
FP.CPI.TOTL,KHM,Cambodia,2008,97.3661921221039,,,1
FP.CPI.TOTL,KHM,Cambodia,2009,96.1571790346472,,,1
FP.CPI.TOTL,KHM,Cambodia,2010,100.0,,,1
FP.CPI.TOTL,KHM,Cambodia,2011,105.478447496174,,,1
FP.CPI.TOTL,KHM,Cambodia,2012,108.573518555638,,,1
FP.CPI.TOTL,KHM,Cambodia,2013,111.767344424509,,,1
FP.CPI.TOTL,KHM,Cambodia,2014,116.076745197925,,,1
FP.CPI.TOTL,KHM,Cambodia,2015,117.497445574856,,,1
FP.CPI.TOTL,KHM,Cambodia,2016,121.044857661075,,,1
FP.CPI.TOTL,KHM,Cambodia,2017,124.570453245464,,,1
FP.CPI.TOTL,KHM,Cambodia,2018,127.633746767247,,,1
FP.CPI.TOTL,KHM,Cambodia,2019,130.113128034144,,,1
FP.CPI.TOTL,KHM,Cambodia,2020,133.938838017668,,,1
FP.CPI.TOTL,KHM,Cambodia,2021,137.850836238126,,,1
FP.CPI.TOTL,KHM,Cambodia,2022,145.217175025789,,,1
FP.CPI.TOTL,KHM,Cambodia,2023,148.306623905508,,,1
FP.CPI.TOTL,KHM,Cambodia,2024,149.505003739972,,,1
FP.CPI.TOTL,KHM,Cambodia,2025,153.020271624614,,,1
FP.CPI.TOTL,KIR,Kiribati,2006,80.4730641546641,,,1
FP.CPI.TOTL,KIR,Kiribati,2007,83.3640761353743,,,1
FP.CPI.TOTL,KIR,Kiribati,2008,94.7561101998019,,,1
FP.CPI.TOTL,KIR,Kiribati,2009,104.057785809548,,,1
FP.CPI.TOTL,KIR,Kiribati,2010,100.0,,,1
FP.CPI.TOTL,KIR,Kiribati,2011,101.49740979876,,,1
FP.CPI.TOTL,KIR,Kiribati,2012,98.405937821067,,,1
FP.CPI.TOTL,KIR,Kiribati,2013,96.9415993234551,,,1
FP.CPI.TOTL,KIR,Kiribati,2014,98.9812362348314,,,1
FP.CPI.TOTL,KIR,Kiribati,2015,99.5474244893384,,,1
FP.CPI.TOTL,KIR,Kiribati,2016,101.456058112065,,,1
FP.CPI.TOTL,KIR,Kiribati,2017,101.81675559135,,,1
FP.CPI.TOTL,KIR,Kiribati,2018,102.391033138334,,,1
FP.CPI.TOTL,KIR,Kiribati,2019,100.534601842803,,,1
FP.CPI.TOTL,KIR,Kiribati,2020,103.10149708468,,,1
FP.CPI.TOTL,KIR,Kiribati,2021,105.218806716601,,,1
FP.CPI.TOTL,KIR,Kiribati,2022,110.843756153458,,,1
FP.CPI.TOTL,KIR,Kiribati,2023,121.133463779108,,,1
FP.CPI.TOTL,KIR,Kiribati,2024,124.107836289559,,,1
FP.CPI.TOTL,KNA,St. Kitts and Nevis,1990,52.0525166699973,,,1
FP.CPI.TOTL,KNA,St. Kitts and Nevis,1991,54.3031318646206,,,1
FP.CPI.TOTL,KNA,St. Kitts and Nevis,1992,55.8553579590558,,,1
FP.CPI.TOTL,KNA,St. Kitts and Nevis,1993,56.8578842548308,,,1
FP.CPI.TOTL,KNA,St. Kitts and Nevis,1994,57.6779282278466,,,1
FP.CPI.TOTL,KNA,St. Kitts and Nevis,1995,59.3833493544166,,,1
FP.CPI.TOTL,KNA,St. Kitts and Nevis,1996,60.6224267943043,,,1
FP.CPI.TOTL,KNA,St. Kitts and Nevis,1997,66.0209650765089,,,1
FP.CPI.TOTL,KNA,St. Kitts and Nevis,1998,68.2962843235434,,,1
FP.CPI.TOTL,KNA,St. Kitts and Nevis,1999,70.5931131593749,,,1
FP.CPI.TOTL,KNA,St. Kitts and Nevis,2000,72.1100570323037,,,1
FP.CPI.TOTL,KNA,St. Kitts and Nevis,2001,73.7710743263593,,,1
FP.CPI.TOTL,KNA,St. Kitts and Nevis,2002,75.2768091043675,,,1
FP.CPI.TOTL,KNA,St. Kitts and Nevis,2003,76.9595744793289,,,1
FP.CPI.TOTL,KNA,St. Kitts and Nevis,2004,78.7408458678049,,,1
FP.CPI.TOTL,KNA,St. Kitts and Nevis,2005,81.4005691516921,,,1
FP.CPI.TOTL,KNA,St. Kitts and Nevis,2006,88.3094308657463,,,1
FP.CPI.TOTL,KNA,St. Kitts and Nevis,2007,92.2664758661654,,,1
FP.CPI.TOTL,KNA,St. Kitts and Nevis,2008,97.156872888509,,,1
FP.CPI.TOTL,KNA,St. Kitts and Nevis,2009,99.1563002115723,,,1
FP.CPI.TOTL,KNA,St. Kitts and Nevis,2010,100.0,,,1
FP.CPI.TOTL,KNA,St. Kitts and Nevis,2011,105.835165195709,,,1
FP.CPI.TOTL,KNA,St. Kitts and Nevis,2012,106.698874634995,,,1
FP.CPI.TOTL,KNA,St. Kitts and Nevis,2013,107.880015748548,,,1
FP.CPI.TOTL,KNA,St. Kitts and Nevis,2014,108.147412972867,,,1
FP.CPI.TOTL,KNA,St. Kitts and Nevis,2015,105.657994028676,,,1
FP.CPI.TOTL,KNA,St. Kitts and Nevis,2016,104.932084385971,,,1
FP.CPI.TOTL,KNA,St. Kitts and Nevis,2017,105.661274976213,,,1
FP.CPI.TOTL,KNA,St. Kitts and Nevis,2018,104.565438498638,,,1
FP.CPI.TOTL,KNA,St. Kitts and Nevis,2019,104.220830481643,,,1
FP.CPI.TOTL,KNA,St. Kitts and Nevis,2020,103.004318030447,,,1
FP.CPI.TOTL,KNA,St. Kitts and Nevis,2021,104.235929197152,,,1
FP.CPI.TOTL,KNA,St. Kitts and Nevis,2022,107.017126546147,,,1
FP.CPI.TOTL,KNA,St. Kitts and Nevis,2023,110.823845926704,,,1
FP.CPI.TOTL,KOR,"Korea, Rep.",1990,44.5510346637439,,,1
FP.CPI.TOTL,KOR,"Korea, Rep.",1991,48.7088893863028,,,1
FP.CPI.TOTL,KOR,"Korea, Rep.",1992,51.7353097816439,,,1
FP.CPI.TOTL,KOR,"Korea, Rep.",1993,54.2191202463742,,,1
FP.CPI.TOTL,KOR,"Korea, Rep.",1994,57.6164141433632,,,1
FP.CPI.TOTL,KOR,"Korea, Rep.",1995,60.1980564839185,,,1
FP.CPI.TOTL,KOR,"Korea, Rep.",1996,63.1625359874652,,,1
FP.CPI.TOTL,KOR,"Korea, Rep.",1997,65.9662779119937,,,1
FP.CPI.TOTL,KOR,"Korea, Rep.",1998,70.9227070292299,,,1
FP.CPI.TOTL,KOR,"Korea, Rep.",1999,71.4992783210738,,,1
FP.CPI.TOTL,KOR,"Korea, Rep.",2000,73.1145655647234,,,1
FP.CPI.TOTL,KOR,"Korea, Rep.",2001,76.0878248519979,,,1
FP.CPI.TOTL,KOR,"Korea, Rep.",2002,78.1895700028558,,,1
FP.CPI.TOTL,KOR,"Korea, Rep.",2003,80.937835271961,,,1
FP.CPI.TOTL,KOR,"Korea, Rep.",2004,83.8440401670281,,,1
FP.CPI.TOTL,KOR,"Korea, Rep.",2005,86.1529303251801,,,1
FP.CPI.TOTL,KOR,"Korea, Rep.",2006,88.0847721887325,,,1
FP.CPI.TOTL,KOR,"Korea, Rep.",2007,90.3173457652498,,,1
FP.CPI.TOTL,KOR,"Korea, Rep.",2008,94.538685077841,,,1
FP.CPI.TOTL,KOR,"Korea, Rep.",2009,97.1446406656427,,,1
FP.CPI.TOTL,KOR,"Korea, Rep.",2010,100.0,,,1
FP.CPI.TOTL,KOR,"Korea, Rep.",2011,104.025965004361,,,1
FP.CPI.TOTL,KOR,"Korea, Rep.",2012,106.301086763559,,,1
FP.CPI.TOTL,KOR,"Korea, Rep.",2013,107.684433346969,,,1
FP.CPI.TOTL,KOR,"Korea, Rep.",2014,109.057167004994,,,1
FP.CPI.TOTL,KOR,"Korea, Rep.",2015,109.82747242569,,,1
FP.CPI.TOTL,KOR,"Korea, Rep.",2016,110.894650313757,,,1
FP.CPI.TOTL,KOR,"Korea, Rep.",2017,113.050810827499,,,1
FP.CPI.TOTL,KOR,"Korea, Rep.",2018,114.719259179216,,,1
FP.CPI.TOTL,KOR,"Korea, Rep.",2019,115.158634290169,,,1
FP.CPI.TOTL,KOR,"Korea, Rep.",2020,115.777367840135,,,1
FP.CPI.TOTL,KOR,"Korea, Rep.",2021,118.669872413341,,,1
FP.CPI.TOTL,KOR,"Korea, Rep.",2022,124.709591769001,,,1
FP.CPI.TOTL,KOR,"Korea, Rep.",2023,129.195964772806,,,1
FP.CPI.TOTL,KOR,"Korea, Rep.",2024,132.195563411264,,,1
FP.CPI.TOTL,KOR,"Korea, Rep.",2025,135.002199769989,,,1
FP.CPI.TOTL,KWT,Kuwait,1990,55.7363046802826,,,1
FP.CPI.TOTL,KWT,Kuwait,1991,60.7850041444234,,,1
FP.CPI.TOTL,KWT,Kuwait,1992,60.4534394445156,,,1
FP.CPI.TOTL,KWT,Kuwait,1993,60.6846988570564,,,1
FP.CPI.TOTL,KWT,Kuwait,1994,62.2227132633509,,,1
FP.CPI.TOTL,KWT,Kuwait,1995,63.8944680528015,,,1
FP.CPI.TOTL,KWT,Kuwait,1996,66.1652683084719,,,1
FP.CPI.TOTL,KWT,Kuwait,1997,66.6166421016236,,,1
FP.CPI.TOTL,KWT,Kuwait,1998,66.7030160990785,,,1
FP.CPI.TOTL,KWT,Kuwait,1999,68.6979768144897,,,1
FP.CPI.TOTL,KWT,Kuwait,2000,69.9434341326304,,,1
FP.CPI.TOTL,KWT,Kuwait,2001,70.8526987763546,,,1
FP.CPI.TOTL,KWT,Kuwait,2002,71.4821896835482,,,1
FP.CPI.TOTL,KWT,Kuwait,2003,72.1693839239013,,,1
FP.CPI.TOTL,KWT,Kuwait,2004,73.070465185832,,,1
FP.CPI.TOTL,KWT,Kuwait,2005,76.0977569019605,,,1
FP.CPI.TOTL,KWT,Kuwait,2006,78.4240755212118,,,1
FP.CPI.TOTL,KWT,Kuwait,2007,82.7255967203686,,,1
FP.CPI.TOTL,KWT,Kuwait,2008,91.4802065404475,,,1
FP.CPI.TOTL,KWT,Kuwait,2009,95.697074010327,,,1
FP.CPI.TOTL,KWT,Kuwait,2010,100.0,,,1
FP.CPI.TOTL,KWT,Kuwait,2011,104.83940349871,,,1
FP.CPI.TOTL,KWT,Kuwait,2012,108.252079151133,,,1
FP.CPI.TOTL,KWT,Kuwait,2013,111.155721250358,,,1
FP.CPI.TOTL,KWT,Kuwait,2014,114.389159736163,,,1
FP.CPI.TOTL,KWT,Kuwait,2015,118.131631775165,,,1
FP.CPI.TOTL,KWT,Kuwait,2016,121.909951247491,,,1
FP.CPI.TOTL,KWT,Kuwait,2017,124.557631780803,,,1
FP.CPI.TOTL,KWT,Kuwait,2018,125.234145567617,,,1
FP.CPI.TOTL,KWT,Kuwait,2019,126.601512114575,,,1
FP.CPI.TOTL,KWT,Kuwait,2020,129.262333503248,,,1
FP.CPI.TOTL,KWT,Kuwait,2021,133.68779685455,,,1
FP.CPI.TOTL,KWT,Kuwait,2022,139.009439631897,,,1
FP.CPI.TOTL,KWT,Kuwait,2023,144.072391440901,,,1
FP.CPI.TOTL,KWT,Kuwait,2024,148.248402787014,,,1
FP.CPI.TOTL,KWT,Kuwait,2025,151.749969822804,,,1
FP.CPI.TOTL,LAO,Lao PDR,1990,3.67015991229318,,,1
FP.CPI.TOTL,LAO,Lao PDR,1991,4.16348660180273,,,1
FP.CPI.TOTL,LAO,Lao PDR,1992,4.5741949729403,,,1
FP.CPI.TOTL,LAO,Lao PDR,1993,4.86086994559892,,,1
FP.CPI.TOTL,LAO,Lao PDR,1994,5.19065473310036,,,1
FP.CPI.TOTL,LAO,Lao PDR,1995,6.20770741644349,,,1
FP.CPI.TOTL,LAO,Lao PDR,1996,7.016225035574,,,1
FP.CPI.TOTL,LAO,Lao PDR,1997,8.94630872973252,,,1
FP.CPI.TOTL,LAO,Lao PDR,1998,17.0857261282532,,,1
FP.CPI.TOTL,LAO,Lao PDR,1999,38.489378901588,,,1
FP.CPI.TOTL,LAO,Lao PDR,2000,48.1443015869663,,,1
FP.CPI.TOTL,LAO,Lao PDR,2001,51.9052419647664,,,1
FP.CPI.TOTL,LAO,Lao PDR,2002,57.4234671202872,,,1
FP.CPI.TOTL,LAO,Lao PDR,2003,66.3179906033738,,,1
FP.CPI.TOTL,LAO,Lao PDR,2004,73.2563556712173,,,1
FP.CPI.TOTL,LAO,Lao PDR,2005,78.5054794732104,,,1
FP.CPI.TOTL,LAO,Lao PDR,2006,83.6441297338659,,,1
FP.CPI.TOTL,LAO,Lao PDR,2007,87.5435962227756,,,1
FP.CPI.TOTL,LAO,Lao PDR,2008,94.2221298615915,,,1
FP.CPI.TOTL,LAO,Lao PDR,2009,94.3551598960601,,,1
FP.CPI.TOTL,LAO,Lao PDR,2010,100.0,,,1
FP.CPI.TOTL,LAO,Lao PDR,2011,107.5689885611,,,1
FP.CPI.TOTL,LAO,Lao PDR,2012,112.146185398532,,,1
FP.CPI.TOTL,LAO,Lao PDR,2013,119.291497933913,,,1
FP.CPI.TOTL,LAO,Lao PDR,2014,124.217333843943,,,1
FP.CPI.TOTL,LAO,Lao PDR,2015,125.804029263158,,,1
FP.CPI.TOTL,LAO,Lao PDR,2016,127.813009249953,,,1
FP.CPI.TOTL,LAO,Lao PDR,2017,128.868078299,,,1
FP.CPI.TOTL,LAO,Lao PDR,2018,131.497493121168,,,1
FP.CPI.TOTL,LAO,Lao PDR,2019,135.866574667173,,,1
FP.CPI.TOTL,LAO,Lao PDR,2020,142.801303317534,,,1
FP.CPI.TOTL,LAO,Lao PDR,2021,148.164378148681,,,1
FP.CPI.TOTL,LAO,Lao PDR,2022,182.1773224818,,,1
FP.CPI.TOTL,LAO,Lao PDR,2023,239.071544726127,,,1
FP.CPI.TOTL,LAO,Lao PDR,2024,294.370154759073,,,1
FP.CPI.TOTL,LAO,Lao PDR,2025,317.161085072268,,,1
FP.CPI.TOTL,LBN,Lebanon,2008,95.0333819639543,,,1
FP.CPI.TOTL,LBN,Lebanon,2009,96.1691227867805,,,1
FP.CPI.TOTL,LBN,Lebanon,2010,100.0,,,1
FP.CPI.TOTL,LBN,Lebanon,2011,104.971485716924,,,1
FP.CPI.TOTL,LBN,Lebanon,2012,111.88015725734,,,1
FP.CPI.TOTL,LBN,Lebanon,2013,117.273921525802,,,1
FP.CPI.TOTL,LBN,Lebanon,2014,119.448888615649,,,1
FP.CPI.TOTL,LBN,Lebanon,2015,114.970576284332,,,1
FP.CPI.TOTL,LBN,Lebanon,2016,114.069943209824,,,1
FP.CPI.TOTL,LBN,Lebanon,2017,118.999307190905,,,1
FP.CPI.TOTL,LBN,Lebanon,2018,126.230882092859,,,1
FP.CPI.TOTL,LBN,Lebanon,2019,130.024611761339,,,1
FP.CPI.TOTL,LBN,Lebanon,2020,240.369131329817,,,1
FP.CPI.TOTL,LBN,Lebanon,2021,612.355015021184,,,1
FP.CPI.TOTL,LBN,Lebanon,2022,1660.74042721277,,,1
FP.CPI.TOTL,LBN,Lebanon,2023,5336.65059176616,,,1
FP.CPI.TOTL,LBN,Lebanon,2024,7751.11367489034,,,1
FP.CPI.TOTL,LBN,Lebanon,2025,8882.58992454499,,,1
FP.CPI.TOTL,LBR,Liberia,2001,41.0286645662338,,,1
FP.CPI.TOTL,LBR,Liberia,2002,46.8381786423992,,,1
FP.CPI.TOTL,LBR,Liberia,2003,51.6766974480441,,,1
FP.CPI.TOTL,LBR,Liberia,2004,55.7225110752132,,,1
FP.CPI.TOTL,LBR,Liberia,2005,61.7596878842971,,,1
FP.CPI.TOTL,LBR,Liberia,2006,66.2937420712194,,,1
FP.CPI.TOTL,LBR,Liberia,2007,73.8458566737493,,,1
FP.CPI.TOTL,LBR,Liberia,2008,86.7610898516829,,,1
FP.CPI.TOTL,LBR,Liberia,2009,93.2053939200936,,,1
FP.CPI.TOTL,LBR,Liberia,2010,100.0,,,1
FP.CPI.TOTL,LBR,Liberia,2011,108.488167518494,,,1
FP.CPI.TOTL,LBR,Liberia,2012,115.899848080648,,,1
FP.CPI.TOTL,LBR,Liberia,2013,124.681935170635,,,1
FP.CPI.TOTL,LBR,Liberia,2014,136.976961508543,,,1
FP.CPI.TOTL,LBR,Liberia,2015,147.590891046088,,,1
FP.CPI.TOTL,LBR,Liberia,2016,160.629437395093,,,1
FP.CPI.TOTL,LBR,Liberia,2017,180.579023030836,,,1
FP.CPI.TOTL,LBR,Liberia,2018,223.129788020628,,,1
FP.CPI.TOTL,LBR,Liberia,2019,283.299582540638,,,1
FP.CPI.TOTL,LBR,Liberia,2020,331.335078273269,,,1
FP.CPI.TOTL,LBR,Liberia,2021,357.230882302137,,,1
FP.CPI.TOTL,LBR,Liberia,2022,384.355369130599,,,1
FP.CPI.TOTL,LBR,Liberia,2023,423.153943398049,,,1
FP.CPI.TOTL,LBR,Liberia,2024,457.915931483508,,,1
FP.CPI.TOTL,LBR,Liberia,2025,495.994586932209,,,1
FP.CPI.TOTL,LBY,Libya,1990,57.9164305039041,,,1
FP.CPI.TOTL,LBY,Libya,1991,64.8062242716584,,,1
FP.CPI.TOTL,LBY,Libya,1992,70.8719258780402,,,1
FP.CPI.TOTL,LBY,Libya,1993,78.7199663450649,,,1
FP.CPI.TOTL,LBY,Libya,1994,82.7446024820007,,,1
FP.CPI.TOTL,LBY,Libya,1995,88.7336443524408,,,1
FP.CPI.TOTL,LBY,Libya,1996,92.3079045407194,,,1
FP.CPI.TOTL,LBY,Libya,1997,95.5851082522243,,,1
FP.CPI.TOTL,LBY,Libya,1998,99.1306210395248,,,1
FP.CPI.TOTL,LBY,Libya,1999,101.756216995526,,,1
FP.CPI.TOTL,LBY,Libya,2000,98.8052867026555,,,1
FP.CPI.TOTL,LBY,Libya,2001,90.0966504647885,,,1
FP.CPI.TOTL,LBY,Libya,2002,81.2692986404266,,,1
FP.CPI.TOTL,LBY,Libya,2003,79.4885648430049,,,1
FP.CPI.TOTL,LBY,Libya,2004,77.7417497845817,,,1
FP.CPI.TOTL,LBY,Libya,2005,79.802066116321,,,1
FP.CPI.TOTL,LBY,Libya,2006,80.9665927386088,,,1
FP.CPI.TOTL,LBY,Libya,2007,86.0278045970127,,,1
FP.CPI.TOTL,LBY,Libya,2008,94.9409122060595,,,1
FP.CPI.TOTL,LBY,Libya,2009,97.2763639485596,,,1
FP.CPI.TOTL,LBY,Libya,2010,100.0,,,1
FP.CPI.TOTL,LBY,Libya,2011,115.518481531756,,,1
FP.CPI.TOTL,LBY,Libya,2012,122.518675005754,,,1
FP.CPI.TOTL,LBY,Libya,2013,125.711288725735,,,1
FP.CPI.TOTL,LBY,Libya,2014,128.769770733721,,,1
FP.CPI.TOTL,LBY,Libya,2015,142.164780042916,,,1
FP.CPI.TOTL,LBY,Libya,2016,178.919883449612,,,1
FP.CPI.TOTL,LBY,Libya,2017,225.087687557724,,,1
FP.CPI.TOTL,LBY,Libya,2018,254.732194858593,,,1
FP.CPI.TOTL,LBY,Libya,2019,249.224429256178,,,1
FP.CPI.TOTL,LBY,Libya,2020,252.830797888858,,,1
FP.CPI.TOTL,LBY,Libya,2021,260.082820215574,,,1
FP.CPI.TOTL,LBY,Libya,2022,271.813339537122,,,1
FP.CPI.TOTL,LBY,Libya,2023,278.263946612132,,,1
FP.CPI.TOTL,LBY,Libya,2024,284.180276852671,,,1
FP.CPI.TOTL,LBY,Libya,2025,289.413930284708,,,1
FP.CPI.TOTL,LCA,St. Lucia,1990,57.0957386211634,,,1
FP.CPI.TOTL,LCA,St. Lucia,1991,60.6068699188283,,,1
FP.CPI.TOTL,LCA,St. Lucia,1992,63.7213950234014,,,1
FP.CPI.TOTL,LCA,St. Lucia,1993,64.2618681688889,,,1
FP.CPI.TOTL,LCA,St. Lucia,1994,66.0714288152471,,,1
FP.CPI.TOTL,LCA,St. Lucia,1995,69.7910250961087,,,1
FP.CPI.TOTL,LCA,St. Lucia,1996,70.4364822338852,,,1
FP.CPI.TOTL,LCA,St. Lucia,1997,70.4325939378747,,,1
FP.CPI.TOTL,LCA,St. Lucia,1998,72.6878057427435,,,1
FP.CPI.TOTL,LCA,St. Lucia,1999,75.2346395110931,,,1
FP.CPI.TOTL,LCA,St. Lucia,2000,78.0264360467777,,,1
FP.CPI.TOTL,LCA,St. Lucia,2001,82.1674712981764,,,1
FP.CPI.TOTL,LCA,St. Lucia,2002,81.9575033135984,,,1
FP.CPI.TOTL,LCA,St. Lucia,2003,82.8051518439316,,,1
FP.CPI.TOTL,LCA,St. Lucia,2004,84.0144119032603,,,1
FP.CPI.TOTL,LCA,St. Lucia,2005,87.2895236330754,,,1
FP.CPI.TOTL,LCA,St. Lucia,2006,89.3806496395273,,,1
FP.CPI.TOTL,LCA,St. Lucia,2007,91.9039580999858,,,1
FP.CPI.TOTL,LCA,St. Lucia,2008,97.0042120872706,,,1
FP.CPI.TOTL,LCA,St. Lucia,2009,96.8519774724321,,,1
FP.CPI.TOTL,LCA,St. Lucia,2010,100.0,,,1
FP.CPI.TOTL,LCA,St. Lucia,2011,102.769407941441,,,1
FP.CPI.TOTL,LCA,St. Lucia,2012,107.062739592043,,,1
FP.CPI.TOTL,LCA,St. Lucia,2013,108.635025631881,,,1
FP.CPI.TOTL,LCA,St. Lucia,2014,112.455671155643,,,1
FP.CPI.TOTL,LCA,St. Lucia,2015,111.349556102794,,,1
FP.CPI.TOTL,LCA,St. Lucia,2016,107.921974406103,,,1
FP.CPI.TOTL,LCA,St. Lucia,2017,108.034496100272,,,1
FP.CPI.TOTL,LCA,St. Lucia,2018,110.125632259346,,,1
FP.CPI.TOTL,LCA,St. Lucia,2019,110.719305842338,,,1
FP.CPI.TOTL,LCA,St. Lucia,2020,108.775287041709,,,1
FP.CPI.TOTL,LCA,St. Lucia,2021,111.397536282109,,,1
FP.CPI.TOTL,LCA,St. Lucia,2022,122.150390273087,,,1
FP.CPI.TOTL,LCA,St. Lucia,2023,126.815491359484,,,1
FP.CPI.TOTL,LCA,St. Lucia,2024,125.960449508274,,,1
FP.CPI.TOTL,LCA,St. Lucia,2025,128.513787634473,,,1
FP.CPI.TOTL,LKA,Sri Lanka,1990,14.4872080825492,,,1
FP.CPI.TOTL,LKA,Sri Lanka,1991,16.2525657613351,,,1
FP.CPI.TOTL,LKA,Sri Lanka,1992,18.1026663539849,,,1
FP.CPI.TOTL,LKA,Sri Lanka,1993,20.229138963742,,,1
FP.CPI.TOTL,LKA,Sri Lanka,1994,21.9382407533809,,,1
FP.CPI.TOTL,LKA,Sri Lanka,1995,23.6219675462129,,,1
FP.CPI.TOTL,LKA,Sri Lanka,1996,27.3863243838163,,,1
FP.CPI.TOTL,LKA,Sri Lanka,1997,30.0082078982108,,,1
FP.CPI.TOTL,LKA,Sri Lanka,1998,32.8182494077947,,,1
FP.CPI.TOTL,LKA,Sri Lanka,1999,34.3579850630866,,,1
FP.CPI.TOTL,LKA,Sri Lanka,2000,36.4800290177408,,,1
FP.CPI.TOTL,LKA,Sri Lanka,2001,41.6450378017238,,,1
FP.CPI.TOTL,LKA,Sri Lanka,2002,45.6225685511801,,,1
FP.CPI.TOTL,LKA,Sri Lanka,2003,48.5034685424131,,,1
FP.CPI.TOTL,LKA,Sri Lanka,2004,52.1780553441436,,,1
FP.CPI.TOTL,LKA,Sri Lanka,2005,58.2514171977792,,,1
FP.CPI.TOTL,LKA,Sri Lanka,2006,64.088316153921,,,1
FP.CPI.TOTL,LKA,Sri Lanka,2007,74.241258652681,,,1
FP.CPI.TOTL,LKA,Sri Lanka,2008,90.9934241427903,,,1
FP.CPI.TOTL,LKA,Sri Lanka,2009,94.1463128229218,,,1
FP.CPI.TOTL,LKA,Sri Lanka,2010,100.0,,,1
FP.CPI.TOTL,LKA,Sri Lanka,2011,106.716768435885,,,1
FP.CPI.TOTL,LKA,Sri Lanka,2012,114.766322217003,,,1
FP.CPI.TOTL,LKA,Sri Lanka,2013,122.694896603917,,,1
FP.CPI.TOTL,LKA,Sri Lanka,2014,126.595370167296,,,1
FP.CPI.TOTL,LKA,Sri Lanka,2015,131.365949371736,,,1
FP.CPI.TOTL,LKA,Sri Lanka,2016,136.566580789574,,,1
FP.CPI.TOTL,LKA,Sri Lanka,2017,147.08785819643,,,1
FP.CPI.TOTL,LKA,Sri Lanka,2018,150.228239475664,,,1
FP.CPI.TOTL,LKA,Sri Lanka,2019,155.528883036152,,,1
FP.CPI.TOTL,LKA,Sri Lanka,2020,165.100045087827,,,1
FP.CPI.TOTL,LKA,Sri Lanka,2021,176.681451206782,,,1
FP.CPI.TOTL,LKA,Sri Lanka,2022,264.529415973267,,,1
FP.CPI.TOTL,LKA,Sri Lanka,2023,308.285687553672,,,1
FP.CPI.TOTL,LKA,Sri Lanka,2024,306.962031974316,,,1
FP.CPI.TOTL,LKA,Sri Lanka,2025,292.338789383343,,,1
FP.CPI.TOTL,LSO,Lesotho,1990,51.7886113898949,,,1
FP.CPI.TOTL,LSO,Lesotho,1991,60.9438540366573,,,1
FP.CPI.TOTL,LSO,Lesotho,1992,71.4313894566425,,,1
FP.CPI.TOTL,LSO,Lesotho,1993,80.814374457802,,,1
FP.CPI.TOTL,LSO,Lesotho,1994,87.4530640884768,,,1
FP.CPI.TOTL,LSO,Lesotho,1995,95.5606919050126,,,1
FP.CPI.TOTL,LSO,Lesotho,1996,104.476805079658,,,1
FP.CPI.TOTL,LSO,Lesotho,1999,65.34307054029,,,1
FP.CPI.TOTL,LSO,Lesotho,2000,69.3498915430789,,,1
FP.CPI.TOTL,LSO,Lesotho,2001,62.6810994934545,,,1
FP.CPI.TOTL,LSO,Lesotho,2002,83.8751953628774,,,1
FP.CPI.TOTL,LSO,Lesotho,2003,89.4354192593706,,,1
FP.CPI.TOTL,LSO,Lesotho,2004,93.9281366112023,,,1
FP.CPI.TOTL,LSO,Lesotho,2005,97.1572772078313,,,1
FP.CPI.TOTL,LSO,Lesotho,2006,103.057365443818,,,1
FP.CPI.TOTL,LSO,Lesotho,2007,111.314771604833,,,1
FP.CPI.TOTL,LSO,Lesotho,2008,123.242890884457,,,1
FP.CPI.TOTL,LSO,Lesotho,2009,102.46452023524,,,1
FP.CPI.TOTL,LSO,Lesotho,2010,100.0,,,1
FP.CPI.TOTL,LSO,Lesotho,2011,105.036630521016,,,1
FP.CPI.TOTL,LSO,Lesotho,2012,111.392855646249,,,1
FP.CPI.TOTL,LSO,Lesotho,2013,116.812250625327,,,1
FP.CPI.TOTL,LSO,Lesotho,2014,123.085406783966,,,1
FP.CPI.TOTL,LSO,Lesotho,2015,127.046843072419,,,1
FP.CPI.TOTL,LSO,Lesotho,2016,135.427494309836,,,1
FP.CPI.TOTL,LSO,Lesotho,2017,141.450902126157,,,1
FP.CPI.TOTL,LSO,Lesotho,2018,148.172370359897,,,1
FP.CPI.TOTL,LSO,Lesotho,2019,155.858195070683,,,1
FP.CPI.TOTL,LSO,Lesotho,2020,163.616966833624,,,1
FP.CPI.TOTL,LSO,Lesotho,2021,173.512105268925,,,1
FP.CPI.TOTL,LSO,Lesotho,2022,187.864686358543,,,1
FP.CPI.TOTL,LSO,Lesotho,2023,199.779473243937,,,1
FP.CPI.TOTL,LSO,Lesotho,2024,211.976901586296,,,1
FP.CPI.TOTL,LSO,Lesotho,2025,221.028551441279,,,1
FP.CPI.TOTL,LTU,Lithuania,1991,0.372875406160646,,,1
FP.CPI.TOTL,LTU,Lithuania,1992,4.17851848417156,,,1
FP.CPI.TOTL,LTU,Lithuania,1993,21.3293252627819,,,1
FP.CPI.TOTL,LTU,Lithuania,1994,36.7407613223404,,,1
FP.CPI.TOTL,LTU,Lithuania,1995,51.307602075259,,,1
FP.CPI.TOTL,LTU,Lithuania,1996,63.9421993343938,,,1
FP.CPI.TOTL,LTU,Lithuania,1997,69.6209370594386,,,1
FP.CPI.TOTL,LTU,Lithuania,1998,73.1490155416621,,,1
FP.CPI.TOTL,LTU,Lithuania,1999,73.6812116625561,,,1
FP.CPI.TOTL,LTU,Lithuania,2000,74.4044778412456,,,1
FP.CPI.TOTL,LTU,Lithuania,2001,75.4216765680072,,,1
FP.CPI.TOTL,LTU,Lithuania,2002,75.6339935731796,,,1
FP.CPI.TOTL,LTU,Lithuania,2003,74.7760707174463,,,1
FP.CPI.TOTL,LTU,Lithuania,2004,75.6465408418078,,,1
FP.CPI.TOTL,LTU,Lithuania,2005,77.6575926625653,,,1
FP.CPI.TOTL,LTU,Lithuania,2006,80.561303272864,,,1
FP.CPI.TOTL,LTU,Lithuania,2007,85.1832452797291,,,1
FP.CPI.TOTL,LTU,Lithuania,2008,94.4902692299447,,,1
FP.CPI.TOTL,LTU,Lithuania,2009,98.6979630285178,,,1
FP.CPI.TOTL,LTU,Lithuania,2010,99.9999999999999,,,1
FP.CPI.TOTL,LTU,Lithuania,2011,104.130275626451,,,1
FP.CPI.TOTL,LTU,Lithuania,2012,107.347883202239,,,1
FP.CPI.TOTL,LTU,Lithuania,2013,108.472330133615,,,1
FP.CPI.TOTL,LTU,Lithuania,2014,108.584878864148,,,1
FP.CPI.TOTL,LTU,Lithuania,2015,107.624882767344,,,1
FP.CPI.TOTL,LTU,Lithuania,2016,108.599453068237,,,1
FP.CPI.TOTL,LTU,Lithuania,2017,112.642489751195,,,1
FP.CPI.TOTL,LTU,Lithuania,2018,115.681502787888,,,1
FP.CPI.TOTL,LTU,Lithuania,2019,118.382098321258,,,1
FP.CPI.TOTL,LTU,Lithuania,2020,119.802558548614,,,1
FP.CPI.TOTL,LTU,Lithuania,2021,125.413564341792,,,1
FP.CPI.TOTL,LTU,Lithuania,2022,150.12636507601,,,1
FP.CPI.TOTL,LTU,Lithuania,2023,163.813865619739,,,1
FP.CPI.TOTL,LTU,Lithuania,2024,164.986340159053,,,1
FP.CPI.TOTL,LTU,Lithuania,2025,171.242135647364,,,1
FP.CPI.TOTL,LUX,Luxembourg,1990,64.6733842933843,,,1
FP.CPI.TOTL,LUX,Luxembourg,1991,66.6901310401311,,,1
FP.CPI.TOTL,LUX,Luxembourg,1992,68.7936536536537,,,1
FP.CPI.TOTL,LUX,Luxembourg,1993,71.2620374920375,,,1
FP.CPI.TOTL,LUX,Luxembourg,1994,72.8260715260715,,,1
FP.CPI.TOTL,LUX,Luxembourg,1995,74.1862398762399,,,1
FP.CPI.TOTL,LUX,Luxembourg,1996,75.0645008645009,,,1
FP.CPI.TOTL,LUX,Luxembourg,1997,76.0910173810174,,,1
FP.CPI.TOTL,LUX,Luxembourg,1998,76.8204031304032,,,1
FP.CPI.TOTL,LUX,Luxembourg,1999,77.6079634179634,,,1
FP.CPI.TOTL,LUX,Luxembourg,2000,80.0532095732096,,,1
FP.CPI.TOTL,LUX,Luxembourg,2001,82.1856838656839,,,1
FP.CPI.TOTL,LUX,Luxembourg,2002,83.8902857402858,,,1
FP.CPI.TOTL,LUX,Luxembourg,2003,85.6099026299026,,,1
FP.CPI.TOTL,LUX,Luxembourg,2004,87.5153043953044,,,1
FP.CPI.TOTL,LUX,Luxembourg,2005,89.6924196924197,,,1
FP.CPI.TOTL,LUX,Luxembourg,2006,92.0839020839021,,,1
FP.CPI.TOTL,LUX,Luxembourg,2007,94.2133042133042,,,1
FP.CPI.TOTL,LUX,Luxembourg,2008,97.4183274183275,,,1
FP.CPI.TOTL,LUX,Luxembourg,2009,97.7768677768678,,,1
FP.CPI.TOTL,LUX,Luxembourg,2010,100.0,,,1
FP.CPI.TOTL,LUX,Luxembourg,2011,103.410683410684,,,1
FP.CPI.TOTL,LUX,Luxembourg,2012,106.164346164346,,,1
FP.CPI.TOTL,LUX,Luxembourg,2013,108.005278005278,,,1
FP.CPI.TOTL,LUX,Luxembourg,2014,108.684138684139,,,1
FP.CPI.TOTL,LUX,Luxembourg,2015,109.200109200109,,,1
FP.CPI.TOTL,LUX,Luxembourg,2016,109.517699517699,,,1
FP.CPI.TOTL,LUX,Luxembourg,2017,111.413231413231,,,1
FP.CPI.TOTL,LUX,Luxembourg,2018,113.115843115843,,,1
FP.CPI.TOTL,LUX,Luxembourg,2019,115.087815087815,,,1
FP.CPI.TOTL,LUX,Luxembourg,2020,116.031486031486,,,1
FP.CPI.TOTL,LUX,Luxembourg,2021,118.963508963509,,,1
FP.CPI.TOTL,LUX,Luxembourg,2022,126.501046501047,,,1
FP.CPI.TOTL,LUX,Luxembourg,2023,131.233961233961,,,1
FP.CPI.TOTL,LUX,Luxembourg,2024,133.925743925744,,,1
FP.CPI.TOTL,LUX,Luxembourg,2025,136.948766948767,,,1
FP.CPI.TOTL,LVA,Latvia,1991,1.12999042707251,,,1
FP.CPI.TOTL,LVA,Latvia,1992,11.8840663239259,,,1
FP.CPI.TOTL,LVA,Latvia,1993,24.8364556178627,,,1
FP.CPI.TOTL,LVA,Latvia,1994,33.7588791286342,,,1
FP.CPI.TOTL,LVA,Latvia,1995,42.1904750160179,,,1
FP.CPI.TOTL,LVA,Latvia,1996,49.6204158953757,,,1
FP.CPI.TOTL,LVA,Latvia,1997,53.812042681118,,,1
FP.CPI.TOTL,LVA,Latvia,1998,56.3111892229428,,,1
FP.CPI.TOTL,LVA,Latvia,1999,57.6428465650509,,,1
FP.CPI.TOTL,LVA,Latvia,2000,59.1728345741562,,,1
FP.CPI.TOTL,LVA,Latvia,2001,60.6444866601879,,,1
FP.CPI.TOTL,LVA,Latvia,2002,61.8203078988159,,,1
FP.CPI.TOTL,LVA,Latvia,2003,63.6394616619203,,,1
FP.CPI.TOTL,LVA,Latvia,2004,67.5802624403157,,,1
FP.CPI.TOTL,LVA,Latvia,2005,72.1408828494716,,,1
FP.CPI.TOTL,LVA,Latvia,2006,76.8561545761077,,,1
FP.CPI.TOTL,LVA,Latvia,2007,84.6132290301033,,,1
FP.CPI.TOTL,LVA,Latvia,2008,97.6456285716324,,,1
FP.CPI.TOTL,LVA,Latvia,2009,101.096529301156,,,1
FP.CPI.TOTL,LVA,Latvia,2010,100.0,,,1
FP.CPI.TOTL,LVA,Latvia,2011,104.370735599392,,,1
FP.CPI.TOTL,LVA,Latvia,2012,106.727206841374,,,1
FP.CPI.TOTL,LVA,Latvia,2013,106.695770579258,,,1
FP.CPI.TOTL,LVA,Latvia,2014,107.357807845492,,,1
FP.CPI.TOTL,LVA,Latvia,2015,107.544870498588,,,1
FP.CPI.TOTL,LVA,Latvia,2016,107.69611443606,,,1
FP.CPI.TOTL,LVA,Latvia,2017,110.852001659202,,,1
FP.CPI.TOTL,LVA,Latvia,2018,113.661494917447,,,1
FP.CPI.TOTL,LVA,Latvia,2019,116.856984643274,,,1
FP.CPI.TOTL,LVA,Latvia,2020,117.112977285483,,,1
FP.CPI.TOTL,LVA,Latvia,2021,120.949398596532,,,1
FP.CPI.TOTL,LVA,Latvia,2022,141.886081804437,,,1
FP.CPI.TOTL,LVA,Latvia,2023,154.567925394545,,,1
FP.CPI.TOTL,LVA,Latvia,2024,156.524444429468,,,1
FP.CPI.TOTL,LVA,Latvia,2025,162.387495069516,,,1
FP.CPI.TOTL,MAC,"Macao SAR, China",1990,53.5620139548285,,,1
FP.CPI.TOTL,MAC,"Macao SAR, China",1991,58.6872975420492,,,1
FP.CPI.TOTL,MAC,"Macao SAR, China",1992,63.2143897126443,,,1
FP.CPI.TOTL,MAC,"Macao SAR, China",1993,67.4534743238086,,,1
FP.CPI.TOTL,MAC,"Macao SAR, China",1994,71.6707120153953,,,1
FP.CPI.TOTL,MAC,"Macao SAR, China",1995,77.8047689074938,,,1
FP.CPI.TOTL,MAC,"Macao SAR, China",1996,81.5568935928022,,,1
FP.CPI.TOTL,MAC,"Macao SAR, China",1997,84.4039934907517,,,1
FP.CPI.TOTL,MAC,"Macao SAR, China",1998,84.549700429306,,,1
FP.CPI.TOTL,MAC,"Macao SAR, China",1999,81.8405906496202,,,1
FP.CPI.TOTL,MAC,"Macao SAR, China",2000,80.5231872434778,,,1
FP.CPI.TOTL,MAC,"Macao SAR, China",2001,78.9250837382649,,,1
FP.CPI.TOTL,MAC,"Macao SAR, China",2002,76.8434212388545,,,1
FP.CPI.TOTL,MAC,"Macao SAR, China",2003,75.6427796386281,,,1
FP.CPI.TOTL,MAC,"Macao SAR, China",2004,76.3846299004576,,,1
FP.CPI.TOTL,MAC,"Macao SAR, China",2005,79.7424163796764,,,1
FP.CPI.TOTL,MAC,"Macao SAR, China",2006,83.8491295938104,,,1
FP.CPI.TOTL,MAC,"Macao SAR, China",2007,88.5207812426286,,,1
FP.CPI.TOTL,MAC,"Macao SAR, China",2008,96.1433221682313,,,1
FP.CPI.TOTL,MAC,"Macao SAR, China",2009,97.2673019766948,,,1
FP.CPI.TOTL,MAC,"Macao SAR, China",2010,100.0,,,1
FP.CPI.TOTL,MAC,"Macao SAR, China",2011,105.80624616691,,,1
FP.CPI.TOTL,MAC,"Macao SAR, China",2012,112.26824550644,,,1
FP.CPI.TOTL,MAC,"Macao SAR, China",2013,118.443647685993,,,1
FP.CPI.TOTL,MAC,"Macao SAR, China",2014,125.607397273199,,,1
FP.CPI.TOTL,MAC,"Macao SAR, China",2015,131.335802236166,,,1
FP.CPI.TOTL,MAC,"Macao SAR, China",2016,134.447091569562,,,1
FP.CPI.TOTL,MAC,"Macao SAR, China",2017,136.098268622918,,,1
FP.CPI.TOTL,MAC,"Macao SAR, China",2018,140.187290654338,,,1
FP.CPI.TOTL,MAC,"Macao SAR, China",2019,144.045147898287,,,1
FP.CPI.TOTL,MAC,"Macao SAR, China",2020,145.213945369628,,,1
FP.CPI.TOTL,MAC,"Macao SAR, China",2021,145.252360796339,,,1
FP.CPI.TOTL,MAC,"Macao SAR, China",2022,146.770288671746,,,1
FP.CPI.TOTL,MAC,"Macao SAR, China",2023,147.469479571402,,,1
FP.CPI.TOTL,MAC,"Macao SAR, China",2024,148.461209755257,,,1
FP.CPI.TOTL,MAC,"Macao SAR, China",2025,148.956048303645,,,1
FP.CPI.TOTL,MAR,Morocco,1990,56.9044306089075,,,1
FP.CPI.TOTL,MAR,Morocco,1991,61.4489129031881,,,1
FP.CPI.TOTL,MAR,Morocco,1992,64.9762320544784,,,1
FP.CPI.TOTL,MAR,Morocco,1993,68.3440242089762,,,1
FP.CPI.TOTL,MAR,Morocco,1994,71.8580494438667,,,1
FP.CPI.TOTL,MAR,Morocco,1995,76.2583357720462,,,1
FP.CPI.TOTL,MAR,Morocco,1996,78.5360267817991,,,1
FP.CPI.TOTL,MAR,Morocco,1997,79.3513869876248,,,1
FP.CPI.TOTL,MAR,Morocco,1998,81.5360205825818,,,1
FP.CPI.TOTL,MAR,Morocco,1999,82.0943650713538,,,1
FP.CPI.TOTL,MAR,Morocco,2000,83.6497532900759,,,1
FP.CPI.TOTL,MAR,Morocco,2001,84.1682160296499,,,1
FP.CPI.TOTL,MAR,Morocco,2002,86.5212392323321,,,1
FP.CPI.TOTL,MAR,Morocco,2003,87.5315768786815,,,1
FP.CPI.TOTL,MAR,Morocco,2004,88.8388119912827,,,1
FP.CPI.TOTL,MAR,Morocco,2005,89.7117791681723,,,1
FP.CPI.TOTL,MAR,Morocco,2006,92.6585973033581,,,1
FP.CPI.TOTL,MAR,Morocco,2007,94.5507647375298,,,1
FP.CPI.TOTL,MAR,Morocco,2008,98.0631773115057,,,1
FP.CPI.TOTL,MAR,Morocco,2009,99.016217047114,,,1
FP.CPI.TOTL,MAR,Morocco,2010,100.0,,,1
FP.CPI.TOTL,MAR,Morocco,2011,100.906924909692,,,1
FP.CPI.TOTL,MAR,Morocco,2012,102.205720544155,,,1
FP.CPI.TOTL,MAR,Morocco,2013,104.127857197756,,,1
FP.CPI.TOTL,MAR,Morocco,2014,104.588425178695,,,1
FP.CPI.TOTL,MAR,Morocco,2015,106.217815694412,,,1
FP.CPI.TOTL,MAR,Morocco,2016,107.954807470602,,,1
FP.CPI.TOTL,MAR,Morocco,2017,108.76950272846,,,1
FP.CPI.TOTL,MAR,Morocco,2018,110.731613965107,,,1
FP.CPI.TOTL,MAR,Morocco,2019,111.067558219968,,,1
FP.CPI.TOTL,MAR,Morocco,2020,111.851660373914,,,1
FP.CPI.TOTL,MAR,Morocco,2021,113.419774613788,,,1
FP.CPI.TOTL,MAR,Morocco,2022,120.970176677427,,,1
FP.CPI.TOTL,MAR,Morocco,2023,128.338641341941,,,1
FP.CPI.TOTL,MAR,Morocco,2024,129.603106265852,,,1
FP.CPI.TOTL,MAR,Morocco,2025,130.512793261471,,,1
FP.CPI.TOTL,MDA,Moldova,1991,0.0100141858847122,,,1
FP.CPI.TOTL,MDA,Moldova,1992,0.112842476699455,,,1
FP.CPI.TOTL,MDA,Moldova,1993,1.93367318173962,,,1
FP.CPI.TOTL,MDA,Moldova,1994,11.3395550181904,,,1
FP.CPI.TOTL,MDA,Moldova,1995,14.7261823421022,,,1
FP.CPI.TOTL,MDA,Moldova,1996,18.1876712415069,,,1
FP.CPI.TOTL,MDA,Moldova,1997,20.3288753032257,,,1
FP.CPI.TOTL,MDA,Moldova,1998,21.8933378093154,,,1
FP.CPI.TOTL,MDA,Moldova,1999,30.4877822719561,,,1
FP.CPI.TOTL,MDA,Moldova,2000,40.0302451908516,,,1
FP.CPI.TOTL,MDA,Moldova,2001,43.9390636747994,,,1
FP.CPI.TOTL,MDA,Moldova,2002,46.2683806087262,,,1
FP.CPI.TOTL,MDA,Moldova,2003,51.703101242279,,,1
FP.CPI.TOTL,MDA,Moldova,2004,58.1785407781869,,,1
FP.CPI.TOTL,MDA,Moldova,2005,65.1362193567527,,,1
FP.CPI.TOTL,MDA,Moldova,2006,73.4591663924606,,,1
FP.CPI.TOTL,MDA,Moldova,2007,82.54398406054,,,1
FP.CPI.TOTL,MDA,Moldova,2008,93.0956205548393,,,1
FP.CPI.TOTL,MDA,Moldova,2009,93.037232288028,,,1
FP.CPI.TOTL,MDA,Moldova,2010,100.0,,,1
FP.CPI.TOTL,MDA,Moldova,2011,107.687251033562,,,1
FP.CPI.TOTL,MDA,Moldova,2012,112.583073435548,,,1
FP.CPI.TOTL,MDA,Moldova,2013,117.759506896909,,,1
FP.CPI.TOTL,MDA,Moldova,2014,123.752035663224,,,1
FP.CPI.TOTL,MDA,Moldova,2015,135.726580048526,,,1
FP.CPI.TOTL,MDA,Moldova,2016,144.357852642313,,,1
FP.CPI.TOTL,MDA,Moldova,2017,153.842495547244,,,1
FP.CPI.TOTL,MDA,Moldova,2018,158.527082570638,,,1
FP.CPI.TOTL,MDA,Moldova,2019,166.196279636921,,,1
FP.CPI.TOTL,MDA,Moldova,2020,172.455183700835,,,1
FP.CPI.TOTL,MDA,Moldova,2021,181.261454671574,,,1
FP.CPI.TOTL,MDA,Moldova,2022,233.351098473522,,,1
FP.CPI.TOTL,MDA,Moldova,2023,264.659839713206,,,1
FP.CPI.TOTL,MDA,Moldova,2024,277.039926090056,,,1
FP.CPI.TOTL,MDA,Moldova,2025,298.535568206682,,,1
FP.CPI.TOTL,MDG,Madagascar,1990,8.15209786829519,,,1
FP.CPI.TOTL,MDG,Madagascar,1991,8.85257891052451,,,1
FP.CPI.TOTL,MDG,Madagascar,1992,10.1372986785544,,,1
FP.CPI.TOTL,MDG,Madagascar,1993,11.1518761466338,,,1
FP.CPI.TOTL,MDG,Madagascar,1994,15.4946164369629,,,1
FP.CPI.TOTL,MDG,Madagascar,1995,23.0994067320728,,,1
FP.CPI.TOTL,MDG,Madagascar,1996,27.6630074236166,,,1
FP.CPI.TOTL,MDG,Madagascar,1997,28.9040757801126,,,1
FP.CPI.TOTL,MDG,Madagascar,1998,30.6984454542346,,,1
FP.CPI.TOTL,MDG,Madagascar,1999,33.7466580310852,,,1
FP.CPI.TOTL,MDG,Madagascar,2000,37.7489052028752,,,1
FP.CPI.TOTL,MDG,Madagascar,2001,40.7374652074899,,,1
FP.CPI.TOTL,MDG,Madagascar,2002,47.458546305668,,,1
FP.CPI.TOTL,MDG,Madagascar,2003,46.6498504004302,,,1
FP.CPI.TOTL,MDG,Madagascar,2004,53.16021106386,,,1
FP.CPI.TOTL,MDG,Madagascar,2005,62.9224590055456,,,1
FP.CPI.TOTL,MDG,Madagascar,2006,69.6964626313924,,,1
FP.CPI.TOTL,MDG,Madagascar,2007,76.8668112322822,,,1
FP.CPI.TOTL,MDG,Madagascar,2008,84.0127407905458,,,1
FP.CPI.TOTL,MDG,Madagascar,2009,91.5354247688101,,,1
FP.CPI.TOTL,MDG,Madagascar,2010,100.0,,,1
FP.CPI.TOTL,MDG,Madagascar,2011,109.48254048583,,,1
FP.CPI.TOTL,MDG,Madagascar,2012,115.738202430759,,,1
FP.CPI.TOTL,MDG,Madagascar,2013,122.481607135743,,,1
FP.CPI.TOTL,MDG,Madagascar,2014,129.928988710365,,,1
FP.CPI.TOTL,MDG,Madagascar,2015,139.549180162949,,,1
FP.CPI.TOTL,MDG,Madagascar,2016,147.972031780113,,,1
FP.CPI.TOTL,MDG,Madagascar,2017,160.711019098127,,,1
FP.CPI.TOTL,MDG,Madagascar,2018,174.522893053767,,,1
FP.CPI.TOTL,MDG,Madagascar,2019,184.314525125891,,,1
FP.CPI.TOTL,MDG,Madagascar,2020,192.059040165303,,,1
FP.CPI.TOTL,MDG,Madagascar,2021,203.221994008737,,,1
FP.CPI.TOTL,MDG,Madagascar,2022,219.806108379759,,,1
FP.CPI.TOTL,MDG,Madagascar,2023,241.510481738622,,,1
FP.CPI.TOTL,MDG,Madagascar,2024,259.897538942068,,,1
FP.CPI.TOTL,MDG,Madagascar,2025,280.820653516255,,,1
FP.CPI.TOTL,MDV,Maldives,1990,35.3042958886657,,,1
FP.CPI.TOTL,MDV,Maldives,1991,40.49885596283,,,1
FP.CPI.TOTL,MDV,Maldives,1992,47.3253422141401,,,1
FP.CPI.TOTL,MDV,Maldives,1993,56.8506838885979,,,1
FP.CPI.TOTL,MDV,Maldives,1994,58.7757054545435,,,1
FP.CPI.TOTL,MDV,Maldives,1995,62.0018224236807,,,1
FP.CPI.TOTL,MDV,Maldives,1996,65.8715086327756,,,1
FP.CPI.TOTL,MDV,Maldives,1997,70.8598490766486,,,1
FP.CPI.TOTL,MDV,Maldives,1998,69.8647979891675,,,1
FP.CPI.TOTL,MDV,Maldives,1999,71.9284003685537,,,1
FP.CPI.TOTL,MDV,Maldives,2000,71.0834165856345,,,1
FP.CPI.TOTL,MDV,Maldives,2001,71.5615075594567,,,1
FP.CPI.TOTL,MDV,Maldives,2002,74.5518285241863,,,1
FP.CPI.TOTL,MDV,Maldives,2003,73.611990052103,,,1
FP.CPI.TOTL,MDV,Maldives,2004,72.3713246466094,,,1
FP.CPI.TOTL,MDV,Maldives,2005,73.3123508948959,,,1
FP.CPI.TOTL,MDV,Maldives,2006,75.3199519390778,,,1
FP.CPI.TOTL,MDV,Maldives,2007,80.437772103249,,,1
FP.CPI.TOTL,MDV,Maldives,2008,90.1236529291405,,,1
FP.CPI.TOTL,MDV,Maldives,2009,94.2064135573861,,,1
FP.CPI.TOTL,MDV,Maldives,2010,100.0,,,1
FP.CPI.TOTL,MDV,Maldives,2011,111.273414605594,,,1
FP.CPI.TOTL,MDV,Maldives,2012,123.385187134304,,,1
FP.CPI.TOTL,MDV,Maldives,2013,128.080770842787,,,1
FP.CPI.TOTL,MDV,Maldives,2014,130.796085435266,,,1
FP.CPI.TOTL,MDV,Maldives,2015,132.042842431055,,,1
FP.CPI.TOTL,MDV,Maldives,2016,132.706370144271,,,1
FP.CPI.TOTL,MDV,Maldives,2017,136.445336799763,,,1
FP.CPI.TOTL,MDV,Maldives,2018,136.263355033873,,,1
FP.CPI.TOTL,MDV,Maldives,2019,136.563174927495,,,1
FP.CPI.TOTL,MDV,Maldives,2020,134.692567714574,,,1
FP.CPI.TOTL,MDV,Maldives,2021,135.424149976868,,,1
FP.CPI.TOTL,MDV,Maldives,2022,138.580264591153,,,1
FP.CPI.TOTL,MDV,Maldives,2023,142.604253377973,,,1
FP.CPI.TOTL,MDV,Maldives,2024,144.616307098382,,,1
FP.CPI.TOTL,MDV,Maldives,2025,150.409325350631,,,1
FP.CPI.TOTL,MEX,Mexico,1990,11.7543180636708,,,1
FP.CPI.TOTL,MEX,Mexico,1991,14.418123874751,,,1
FP.CPI.TOTL,MEX,Mexico,1992,16.6540715669279,,,1
FP.CPI.TOTL,MEX,Mexico,1993,18.278086769687,,,1
FP.CPI.TOTL,MEX,Mexico,1994,19.5513039992386,,,1
FP.CPI.TOTL,MEX,Mexico,1995,26.3941179264612,,,1
FP.CPI.TOTL,MEX,Mexico,1996,35.467988935687,,,1
FP.CPI.TOTL,MEX,Mexico,1997,42.7834846501138,,,1
FP.CPI.TOTL,MEX,Mexico,1998,49.5982070850547,,,1
FP.CPI.TOTL,MEX,Mexico,1999,57.8243757365431,,,1
FP.CPI.TOTL,MEX,Mexico,2000,63.3128119183035,,,1
FP.CPI.TOTL,MEX,Mexico,2001,67.3444059411696,,,1
FP.CPI.TOTL,MEX,Mexico,2002,70.732319377097,,,1
FP.CPI.TOTL,MEX,Mexico,2003,73.9484472925727,,,1
FP.CPI.TOTL,MEX,Mexico,2004,77.4154528387154,,,1
FP.CPI.TOTL,MEX,Mexico,2005,80.5028253377382,,,1
FP.CPI.TOTL,MEX,Mexico,2006,83.4246493200917,,,1
FP.CPI.TOTL,MEX,Mexico,2007,86.7339792329344,,,1
FP.CPI.TOTL,MEX,Mexico,2008,91.1790807033324,,,1
FP.CPI.TOTL,MEX,Mexico,2009,96.0091610619154,,,1
FP.CPI.TOTL,MEX,Mexico,2010,100.0,,,1
FP.CPI.TOTL,MEX,Mexico,2011,103.407378246057,,,1
FP.CPI.TOTL,MEX,Mexico,2012,107.658982747635,,,1
FP.CPI.TOTL,MEX,Mexico,2013,111.756904251934,,,1
FP.CPI.TOTL,MEX,Mexico,2014,116.247985177591,,,1
FP.CPI.TOTL,MEX,Mexico,2015,119.410675116721,,,1
FP.CPI.TOTL,MEX,Mexico,2016,122.780095507214,,,1
FP.CPI.TOTL,MEX,Mexico,2017,130.197802476747,,,1
FP.CPI.TOTL,MEX,Mexico,2018,136.57664871233,,,1
FP.CPI.TOTL,MEX,Mexico,2019,141.542522969974,,,1
FP.CPI.TOTL,MEX,Mexico,2020,146.350487735058,,,1
FP.CPI.TOTL,MEX,Mexico,2021,154.676672089174,,,1
FP.CPI.TOTL,MEX,Mexico,2022,166.890369321443,,,1
FP.CPI.TOTL,MEX,Mexico,2023,176.116003638578,,,1
FP.CPI.TOTL,MEX,Mexico,2024,184.432651983998,,,1
FP.CPI.TOTL,MEX,Mexico,2025,191.453424862064,,,1
FP.CPI.TOTL,MKD,North Macedonia,1993,27.5915658594426,,,1
FP.CPI.TOTL,MKD,North Macedonia,1994,62.5178993010383,,,1
FP.CPI.TOTL,MKD,North Macedonia,1995,72.7543231667423,,,1
FP.CPI.TOTL,MKD,North Macedonia,1996,74.5488813644176,,,1
FP.CPI.TOTL,MKD,North Macedonia,1997,75.5138158969325,,,1
FP.CPI.TOTL,MKD,North Macedonia,1998,75.9247618206505,,,1
FP.CPI.TOTL,MKD,North Macedonia,1999,74.9534665350268,,,1
FP.CPI.TOTL,MKD,North Macedonia,2000,79.9059590549901,,,1
FP.CPI.TOTL,MKD,North Macedonia,2001,84.0601781801165,,,1
FP.CPI.TOTL,MKD,North Macedonia,2002,86.0058333333333,,,1
FP.CPI.TOTL,MKD,North Macedonia,2003,86.7416666666666,,,1
FP.CPI.TOTL,MKD,North Macedonia,2004,86.3525,,,1
FP.CPI.TOTL,MKD,North Macedonia,2005,86.8062961613405,,,1
FP.CPI.TOTL,MKD,North Macedonia,2006,89.595928725609,,,1
FP.CPI.TOTL,MKD,North Macedonia,2007,91.6134122031797,,,1
FP.CPI.TOTL,MKD,North Macedonia,2008,99.2465470435176,,,1
FP.CPI.TOTL,MKD,North Macedonia,2009,98.5124858744183,,,1
FP.CPI.TOTL,MKD,North Macedonia,2010,100.0,,,1
FP.CPI.TOTL,MKD,North Macedonia,2011,103.904754220697,,,1
FP.CPI.TOTL,MKD,North Macedonia,2012,107.350293711187,,,1
FP.CPI.TOTL,MKD,North Macedonia,2013,110.34,,,1
FP.CPI.TOTL,MKD,North Macedonia,2014,110.029166666667,,,1
FP.CPI.TOTL,MKD,North Macedonia,2015,109.699166666667,,,1
FP.CPI.TOTL,MKD,North Macedonia,2016,109.436666666667,,,1
FP.CPI.TOTL,MKD,North Macedonia,2017,110.915833333333,,,1
FP.CPI.TOTL,MKD,North Macedonia,2018,112.533333333333,,,1
FP.CPI.TOTL,MKD,North Macedonia,2019,113.395833333333,,,1
FP.CPI.TOTL,MKD,North Macedonia,2020,114.756666666667,,,1
FP.CPI.TOTL,MKD,North Macedonia,2021,118.464166666667,,,1
FP.CPI.TOTL,MKD,North Macedonia,2022,135.291666666667,,,1
FP.CPI.TOTL,MKD,North Macedonia,2023,147.9575,,,1
FP.CPI.TOTL,MKD,North Macedonia,2024,153.120833333333,,,1
FP.CPI.TOTL,MKD,North Macedonia,2025,159.356666666667,,,1
FP.CPI.TOTL,MLI,Mali,1990,52.872380134732,,,1
FP.CPI.TOTL,MLI,Mali,1991,53.8243088585494,,,1
FP.CPI.TOTL,MLI,Mali,1992,50.4643231511772,,,1
FP.CPI.TOTL,MLI,Mali,1993,50.3312144736943,,,1
FP.CPI.TOTL,MLI,Mali,1994,61.9963749367433,,,1
FP.CPI.TOTL,MLI,Mali,1995,70.3297848664319,,,1
FP.CPI.TOTL,MLI,Mali,1996,75.1160502210147,,,1
FP.CPI.TOTL,MLI,Mali,1997,74.8433791119892,,,1
FP.CPI.TOTL,MLI,Mali,1998,77.8644990643947,,,1
FP.CPI.TOTL,MLI,Mali,1999,76.9286427797623,,,1
FP.CPI.TOTL,MLI,Mali,2000,76.4073268628188,,,1
FP.CPI.TOTL,MLI,Mali,2001,80.3705840145192,,,1
FP.CPI.TOTL,MLI,Mali,2002,84.4154930568257,,,1
FP.CPI.TOTL,MLI,Mali,2003,83.2786475030098,,,1
FP.CPI.TOTL,MLI,Mali,2004,80.6971915769417,,,1
FP.CPI.TOTL,MLI,Mali,2005,85.8601034290779,,,1
FP.CPI.TOTL,MLI,Mali,2006,87.1853764227528,,,1
FP.CPI.TOTL,MLI,Mali,2007,88.4164356964982,,,1
FP.CPI.TOTL,MLI,Mali,2008,96.5250965250965,,,1
FP.CPI.TOTL,MLI,Mali,2009,98.9032354109295,,,1
FP.CPI.TOTL,MLI,Mali,2010,100.0,,,1
FP.CPI.TOTL,MLI,Mali,2011,102.955643952294,,,1
FP.CPI.TOTL,MLI,Mali,2012,108.43610514765,,,1
FP.CPI.TOTL,MLI,Mali,2013,107.778183874307,,,1
FP.CPI.TOTL,MLI,Mali,2014,108.730743142029,,,1
FP.CPI.TOTL,MLI,Mali,2015,110.30808978607,,,1
FP.CPI.TOTL,MLI,Mali,2016,108.322933479343,,,1
FP.CPI.TOTL,MLI,Mali,2017,110.229262671784,,,1
FP.CPI.TOTL,MLI,Mali,2018,110.559450578237,,,1
FP.CPI.TOTL,MLI,Mali,2019,108.726079750895,,,1
FP.CPI.TOTL,MLI,Mali,2020,109.202396681528,,,1
FP.CPI.TOTL,MLI,Mali,2021,113.489249057224,,,1
FP.CPI.TOTL,MLI,Mali,2022,124.408590014187,,,1
FP.CPI.TOTL,MLI,Mali,2023,126.969916905326,,,1
FP.CPI.TOTL,MLI,Mali,2024,131.041078595453,,,1
FP.CPI.TOTL,MLI,Mali,2025,135.336913627197,,,1
FP.CPI.TOTL,MLT,Malta,1990,59.2986428753727,,,1
FP.CPI.TOTL,MLT,Malta,1991,60.8061287334342,,,1
FP.CPI.TOTL,MLT,Malta,1992,61.7992217847756,,,1
FP.CPI.TOTL,MLT,Malta,1993,64.3606880059943,,,1
FP.CPI.TOTL,MLT,Malta,1994,67.0187341011278,,,1
FP.CPI.TOTL,MLT,Malta,1995,69.9854158802935,,,1
FP.CPI.TOTL,MLT,Malta,1996,71.4229163224748,,,1
FP.CPI.TOTL,MLT,Malta,1997,73.6456531308328,,,1
FP.CPI.TOTL,MLT,Malta,1998,75.4022870694282,,,1
FP.CPI.TOTL,MLT,Malta,1999,77.011951634675,,,1
FP.CPI.TOTL,MLT,Malta,2000,78.8368213537536,,,1
FP.CPI.TOTL,MLT,Malta,2001,81.1463400778033,,,1
FP.CPI.TOTL,MLT,Malta,2002,82.9222200057658,,,1
FP.CPI.TOTL,MLT,Malta,2003,84.0033912335936,,,1
FP.CPI.TOTL,MLT,Malta,2004,86.3477818008757,,,1
FP.CPI.TOTL,MLT,Malta,2005,88.945094172097,,,1
FP.CPI.TOTL,MLT,Malta,2006,91.4122354628734,,,1
FP.CPI.TOTL,MLT,Malta,2007,92.5541746941397,,,1
FP.CPI.TOTL,MLT,Malta,2008,96.4957068794785,,,1
FP.CPI.TOTL,MLT,Malta,2009,98.5069933964832,,,1
FP.CPI.TOTL,MLT,Malta,2010,100.0,,,1
FP.CPI.TOTL,MLT,Malta,2011,102.962985281929,,,1
FP.CPI.TOTL,MLT,Malta,2012,105.409201073572,,,1
FP.CPI.TOTL,MLT,Malta,2013,106.653329391708,,,1
FP.CPI.TOTL,MLT,Malta,2014,106.984281575608,,,1
FP.CPI.TOTL,MLT,Malta,2015,108.161695229016,,,1
FP.CPI.TOTL,MLT,Malta,2016,108.856853441984,,,1
FP.CPI.TOTL,MLT,Malta,2017,110.342046800347,,,1
FP.CPI.TOTL,MLT,Malta,2018,111.619613085975,,,1
FP.CPI.TOTL,MLT,Malta,2019,113.452474124359,,,1
FP.CPI.TOTL,MLT,Malta,2020,114.176919176219,,,1
FP.CPI.TOTL,MLT,Malta,2021,115.887166319179,,,1
FP.CPI.TOTL,MLT,Malta,2022,123.018580023951,,,1
FP.CPI.TOTL,MLT,Malta,2023,129.28510661979,,,1
FP.CPI.TOTL,MLT,Malta,2024,131.41933829849,,,1
FP.CPI.TOTL,MLT,Malta,2025,134.525457387157,,,1
FP.CPI.TOTL,MMR,Myanmar,1990,1.67985245131483,,,1
FP.CPI.TOTL,MMR,Myanmar,1991,2.22197507756224,,,1
FP.CPI.TOTL,MMR,Myanmar,1992,2.7088811513616,,,1
FP.CPI.TOTL,MMR,Myanmar,1993,3.57116155011332,,,1
FP.CPI.TOTL,MMR,Myanmar,1994,4.43176813249285,,,1
FP.CPI.TOTL,MMR,Myanmar,1995,5.54833936758894,,,1
FP.CPI.TOTL,MMR,Myanmar,1996,6.45135360647177,,,1
FP.CPI.TOTL,MMR,Myanmar,1997,8.36722709148926,,,1
FP.CPI.TOTL,MMR,Myanmar,1998,12.6753073029494,,,1
FP.CPI.TOTL,MMR,Myanmar,1999,15.0076960975733,,,1
FP.CPI.TOTL,MMR,Myanmar,2000,14.9913128688885,,,1
FP.CPI.TOTL,MMR,Myanmar,2001,18.1546755773626,,,1
FP.CPI.TOTL,MMR,Myanmar,2002,28.5163679343749,,,1
FP.CPI.TOTL,MMR,Myanmar,2003,38.9504264120604,,,1
FP.CPI.TOTL,MMR,Myanmar,2004,40.7165219987298,,,1
FP.CPI.TOTL,MMR,Myanmar,2005,44.5310974654808,,,1
FP.CPI.TOTL,MMR,Myanmar,2006,53.4357527307125,,,1
FP.CPI.TOTL,MMR,Myanmar,2007,72.1514098169118,,,1
FP.CPI.TOTL,MMR,Myanmar,2008,91.4876537263591,,,1
FP.CPI.TOTL,MMR,Myanmar,2009,92.834665896028,,,1
FP.CPI.TOTL,MMR,Myanmar,2010,100.0,,,1
FP.CPI.TOTL,MMR,Myanmar,2011,105.021460146207,,,1
FP.CPI.TOTL,MMR,Myanmar,2012,106.562737479798,,,1
FP.CPI.TOTL,MMR,Myanmar,2013,112.576114138628,,,1
FP.CPI.TOTL,MMR,Myanmar,2014,118.152345882585,,,1
FP.CPI.TOTL,MMR,Myanmar,2015,129.322671760608,,,1
FP.CPI.TOTL,MMR,Myanmar,2016,138.283213706085,,,1
FP.CPI.TOTL,MMR,Myanmar,2017,144.606264199701,,,1
FP.CPI.TOTL,MMR,Myanmar,2018,154.544081933578,,,1
FP.CPI.TOTL,MMR,Myanmar,2019,168.182700659368,,,1
FP.CPI.TOTL,MNE,Montenegro,2005,82.2054794520548,,,1
FP.CPI.TOTL,MNE,Montenegro,2006,84.6095890410959,,,1
FP.CPI.TOTL,MNE,Montenegro,2007,88.2876712328767,,,1
FP.CPI.TOTL,MNE,Montenegro,2008,96.0205479452052,,,1
FP.CPI.TOTL,MNE,Montenegro,2009,99.3493150684929,,,1
FP.CPI.TOTL,MNE,Montenegro,2010,100.0,,,1
FP.CPI.TOTL,MNE,Montenegro,2011,103.450143112487,,,1
FP.CPI.TOTL,MNE,Montenegro,2012,107.738407324783,,,1
FP.CPI.TOTL,MNE,Montenegro,2013,110.11500096703,,,1
FP.CPI.TOTL,MNE,Montenegro,2014,109.332618412118,,,1
FP.CPI.TOTL,MNE,Montenegro,2015,111.025843470093,,,1
FP.CPI.TOTL,MNE,Montenegro,2016,110.724535958828,,,1
FP.CPI.TOTL,MNE,Montenegro,2017,113.360041214069,,,1
FP.CPI.TOTL,MNE,Montenegro,2018,116.320125570259,,,1
FP.CPI.TOTL,MNE,Montenegro,2019,116.740696925397,,,1
FP.CPI.TOTL,MNE,Montenegro,2020,116.442242679664,,,1
FP.CPI.TOTL,MNE,Montenegro,2021,119.249434576437,,,1
FP.CPI.TOTL,MNE,Montenegro,2022,134.799922927867,,,1
FP.CPI.TOTL,MNE,Montenegro,2023,146.372185064342,,,1
FP.CPI.TOTL,MNE,Montenegro,2024,151.256259085343,,,1
FP.CPI.TOTL,MNE,Montenegro,2025,157.154661939617,,,1
FP.CPI.TOTL,MNG,Mongolia,1992,2.28866320311081,,,1
FP.CPI.TOTL,MNG,Mongolia,1993,8.42572477113285,,,1
FP.CPI.TOTL,MNG,Mongolia,1994,15.8049753117949,,,1
FP.CPI.TOTL,MNG,Mongolia,1995,15.8118530208079,,,1
FP.CPI.TOTL,MNG,Mongolia,1996,23.2260233367848,,,1
FP.CPI.TOTL,MNG,Mongolia,1997,31.7165551132909,,,1
FP.CPI.TOTL,MNG,Mongolia,1998,34.6842865523854,,,1
FP.CPI.TOTL,MNG,Mongolia,1999,37.3081325408319,,,1
FP.CPI.TOTL,MNG,Mongolia,2000,41.6342115099873,,,1
FP.CPI.TOTL,MNG,Mongolia,2001,44.2477409349141,,,1
FP.CPI.TOTL,MNG,Mongolia,2002,44.6535257666791,,,1
FP.CPI.TOTL,MNG,Mongolia,2003,46.9438028679967,,,1
FP.CPI.TOTL,MNG,Mongolia,2004,50.8125141877898,,,1
FP.CPI.TOTL,MNG,Mongolia,2005,57.274121805471,,,1
FP.CPI.TOTL,MNG,Mongolia,2006,60.1923337396722,,,1
FP.CPI.TOTL,MNG,Mongolia,2007,65.9894351889476,,,1
FP.CPI.TOTL,MNG,Mongolia,2008,84.4372206420155,,,1
FP.CPI.TOTL,MNG,Mongolia,2009,90.8709196803468,,,1
FP.CPI.TOTL,MNG,Mongolia,2010,100.0,,,1
FP.CPI.TOTL,MNG,Mongolia,2011,108.411214953271,,,1
FP.CPI.TOTL,MNG,Mongolia,2012,123.946905052147,,,1
FP.CPI.TOTL,MNG,Mongolia,2013,136.949749424353,,,1
FP.CPI.TOTL,MNG,Mongolia,2014,153.731545442232,,,1
FP.CPI.TOTL,MNG,Mongolia,2015,162.549099282135,,,1
FP.CPI.TOTL,MNG,Mongolia,2016,163.74102668292,,,1
FP.CPI.TOTL,MNG,Mongolia,2017,170.784234051199,,,1
FP.CPI.TOTL,MNG,Mongolia,2018,182.438973559454,,,1
FP.CPI.TOTL,MNG,Mongolia,2019,195.758969878896,,,1
FP.CPI.TOTL,MNG,Mongolia,2020,203.04849178504,,,1
FP.CPI.TOTL,MNG,Mongolia,2021,217.990721824726,,,1
FP.CPI.TOTL,MNG,Mongolia,2022,251.018436838688,,,1
FP.CPI.TOTL,MNG,Mongolia,2023,276.992778265797,,,1
FP.CPI.TOTL,MNG,Mongolia,2024,294.160233953164,,,1
FP.CPI.TOTL,MNG,Mongolia,2025,319.473795398154,,,1
FP.CPI.TOTL,MOZ,Mozambique,2004,57.2411129240673,,,1
FP.CPI.TOTL,MOZ,Mozambique,2005,60.9203156695223,,,1
FP.CPI.TOTL,MOZ,Mozambique,2006,68.9892650332333,,,1
FP.CPI.TOTL,MOZ,Mozambique,2007,74.8460995505839,,,1
FP.CPI.TOTL,MOZ,Mozambique,2008,85.700883643219,,,1
FP.CPI.TOTL,MOZ,Mozambique,2009,88.9477587269819,,,1
FP.CPI.TOTL,MOZ,Mozambique,2010,100.0,,,1
FP.CPI.TOTL,MOZ,Mozambique,2011,111.166605612787,,,1
FP.CPI.TOTL,MOZ,Mozambique,2012,114.059666020389,,,1
FP.CPI.TOTL,MOZ,Mozambique,2013,118.920150460584,,,1
FP.CPI.TOTL,MOZ,Mozambique,2014,121.964207535538,,,1
FP.CPI.TOTL,MOZ,Mozambique,2015,126.294863432896,,,1
FP.CPI.TOTL,MOZ,Mozambique,2016,148.292955561846,,,1
FP.CPI.TOTL,MOZ,Mozambique,2017,170.704777480577,,,1
FP.CPI.TOTL,MOZ,Mozambique,2018,177.38161216446,,,1
FP.CPI.TOTL,MOZ,Mozambique,2019,182.353092070672,,,1
FP.CPI.TOTL,MOZ,Mozambique,2020,188.706156499664,,,1
FP.CPI.TOTL,MOZ,Mozambique,2021,200.799346249151,,,1
FP.CPI.TOTL,MOZ,Mozambique,2022,221.440317880633,,,1
FP.CPI.TOTL,MOZ,Mozambique,2023,237.222313580234,,,1
FP.CPI.TOTL,MOZ,Mozambique,2024,246.897587776595,,,1
FP.CPI.TOTL,MOZ,Mozambique,2025,257.68323359846,,,1
FP.CPI.TOTL,MRT,Mauritania,1990,29.6136575555917,,,1
FP.CPI.TOTL,MRT,Mauritania,1991,31.2805116272042,,,1
FP.CPI.TOTL,MRT,Mauritania,1992,34.4529240489427,,,1
FP.CPI.TOTL,MRT,Mauritania,1993,37.6812816054137,,,1
FP.CPI.TOTL,MRT,Mauritania,1994,39.2368623587608,,,1
FP.CPI.TOTL,MRT,Mauritania,1995,41.8044405029745,,,1
FP.CPI.TOTL,MRT,Mauritania,1996,43.7614343844879,,,1
FP.CPI.TOTL,MRT,Mauritania,1997,45.7855525564604,,,1
FP.CPI.TOTL,MRT,Mauritania,1998,49.4628955139399,,,1
FP.CPI.TOTL,MRT,Mauritania,1999,51.4781009991274,,,1
FP.CPI.TOTL,MRT,Mauritania,2000,53.1532331319081,,,1
FP.CPI.TOTL,MRT,Mauritania,2001,55.6593529791016,,,1
FP.CPI.TOTL,MRT,Mauritania,2002,57.8276773194462,,,1
FP.CPI.TOTL,MRT,Mauritania,2003,60.8069022991322,,,1
FP.CPI.TOTL,MRT,Mauritania,2004,67.1111328986714,,,1
FP.CPI.TOTL,MRT,Mauritania,2005,75.2487931250063,,,1
FP.CPI.TOTL,MRT,Mauritania,2006,79.945095347811,,,1
FP.CPI.TOTL,MRT,Mauritania,2007,85.7443992352565,,,1
FP.CPI.TOTL,MRT,Mauritania,2008,92.0437276337074,,,1
FP.CPI.TOTL,MRT,Mauritania,2009,94.0879454875239,,,1
FP.CPI.TOTL,MRT,Mauritania,2010,100.0,,,1
FP.CPI.TOTL,MRT,Mauritania,2011,105.686319595759,,,1
FP.CPI.TOTL,MRT,Mauritania,2012,110.867514550585,,,1
FP.CPI.TOTL,MRT,Mauritania,2013,115.445347020587,,,1
FP.CPI.TOTL,MRT,Mauritania,2014,119.525611071366,,,1
FP.CPI.TOTL,MRT,Mauritania,2015,123.415843264796,,,1
FP.CPI.TOTL,MRT,Mauritania,2016,125.232167135102,,,1
FP.CPI.TOTL,MRT,Mauritania,2017,128.055246473499,,,1
FP.CPI.TOTL,MRT,Mauritania,2018,131.983161831254,,,1
FP.CPI.TOTL,MRT,Mauritania,2019,135.018896797734,,,1
FP.CPI.TOTL,MRT,Mauritania,2020,138.240035711831,,,1
FP.CPI.TOTL,MRT,Mauritania,2021,143.168520868821,,,1
FP.CPI.TOTL,MRT,Mauritania,2022,156.80570371963,,,1
FP.CPI.TOTL,MRT,Mauritania,2023,164.572369168803,,,1
FP.CPI.TOTL,MRT,Mauritania,2024,168.672925866554,,,1
FP.CPI.TOTL,MRT,Mauritania,2025,171.283930911729,,,1
FP.CPI.TOTL,MUS,Mauritius,1990,29.8297690062079,,,1
FP.CPI.TOTL,MUS,Mauritius,1991,31.9181552435081,,,1
FP.CPI.TOTL,MUS,Mauritius,1992,33.4002809420732,,,1
FP.CPI.TOTL,MUS,Mauritius,1993,36.9132685325013,,,1
FP.CPI.TOTL,MUS,Mauritius,1994,39.6166012494847,,,1
FP.CPI.TOTL,MUS,Mauritius,1995,42.0052176203119,,,1
FP.CPI.TOTL,MUS,Mauritius,1996,44.756968236704,,,1
FP.CPI.TOTL,MUS,Mauritius,1997,47.815365549351,,,1
FP.CPI.TOTL,MUS,Mauritius,1998,51.0719712328978,,,1
FP.CPI.TOTL,MUS,Mauritius,1999,54.6006084174562,,,1
FP.CPI.TOTL,MUS,Mauritius,2000,56.8934453545595,,,1
FP.CPI.TOTL,MUS,Mauritius,2001,59.9596289873974,,,1
FP.CPI.TOTL,MUS,Mauritius,2002,63.8086376706983,,,1
FP.CPI.TOTL,MUS,Mauritius,2003,66.3106085396153,,,1
FP.CPI.TOTL,MUS,Mauritius,2004,69.4340839496486,,,1
FP.CPI.TOTL,MUS,Mauritius,2005,72.8621627467761,,,1
FP.CPI.TOTL,MUS,Mauritius,2006,79.3567323929997,,,1
FP.CPI.TOTL,MUS,Mauritius,2007,86.361783457478,,,1
FP.CPI.TOTL,MUS,Mauritius,2008,94.7667567754905,,,1
FP.CPI.TOTL,MUS,Mauritius,2009,97.1511748804326,,,1
FP.CPI.TOTL,MUS,Mauritius,2010,100.0,,,1
FP.CPI.TOTL,MUS,Mauritius,2011,106.522492548693,,,1
FP.CPI.TOTL,MUS,Mauritius,2012,110.625909752547,,,1
FP.CPI.TOTL,MUS,Mauritius,2013,114.545712899425,,,1
FP.CPI.TOTL,MUS,Mauritius,2014,118.231441048035,,,1
FP.CPI.TOTL,MUS,Mauritius,2015,119.752547307133,,,1
FP.CPI.TOTL,MUS,Mauritius,2016,120.923338185347,,,1
FP.CPI.TOTL,MUS,Mauritius,2017,125.357593401262,,,1
FP.CPI.TOTL,MUS,Mauritius,2018,129.389161086851,,,1
FP.CPI.TOTL,MUS,Mauritius,2019,129.914034934498,,,1
FP.CPI.TOTL,MUS,Mauritius,2020,133.266857350801,,,1
FP.CPI.TOTL,MUS,Mauritius,2021,138.635551188743,,,1
FP.CPI.TOTL,MUS,Mauritius,2022,153.571800582242,,,1
FP.CPI.TOTL,MUS,Mauritius,2023,164.403192624939,,,1
FP.CPI.TOTL,MUS,Mauritius,2024,170.329141935069,,,1
FP.CPI.TOTL,MUS,Mauritius,2025,176.586341028867,,,1
FP.CPI.TOTL,MWI,Malawi,1990,2.09540565732911,,,1
FP.CPI.TOTL,MWI,Malawi,1991,2.35974768955199,,,1
FP.CPI.TOTL,MWI,Malawi,1992,2.92021969375051,,,1
FP.CPI.TOTL,MWI,Malawi,1993,3.58523286279466,,,1
FP.CPI.TOTL,MWI,Malawi,1994,4.82750300491308,,,1
FP.CPI.TOTL,MWI,Malawi,1995,8.85005728504623,,,1
FP.CPI.TOTL,MWI,Malawi,1996,12.177859809975,,,1
FP.CPI.TOTL,MWI,Malawi,1997,13.290593779248,,,1
FP.CPI.TOTL,MWI,Malawi,1998,17.2443661760535,,,1
FP.CPI.TOTL,MWI,Malawi,1999,24.9705603276808,,,1
FP.CPI.TOTL,MWI,Malawi,2000,32.3572237502022,,,1
FP.CPI.TOTL,MWI,Malawi,2001,39.7023135414981,,,1
FP.CPI.TOTL,MWI,Malawi,2002,45.5562746049722,,,1
FP.CPI.TOTL,MWI,Malawi,2003,49.9191069406245,,,1
FP.CPI.TOTL,MWI,Malawi,2004,55.6247640619101,,,1
FP.CPI.TOTL,MWI,Malawi,2005,64.1967319204012,,,1
FP.CPI.TOTL,MWI,Malawi,2006,73.1677722051448,,,1
FP.CPI.TOTL,MWI,Malawi,2007,78.9862270363737,,,1
FP.CPI.TOTL,MWI,Malawi,2008,85.8679825270992,,,1
FP.CPI.TOTL,MWI,Malawi,2009,93.0998220352694,,,1
FP.CPI.TOTL,MWI,Malawi,2010,100.0,,,1
FP.CPI.TOTL,MWI,Malawi,2011,107.622822628485,,,1
FP.CPI.TOTL,MWI,Malawi,2012,130.515558431753,,,1
FP.CPI.TOTL,MWI,Malawi,2013,166.12455329055,,,1
FP.CPI.TOTL,MWI,Malawi,2014,205.649014902299,,,1
FP.CPI.TOTL,MWI,Malawi,2015,250.618999732887,,,1
FP.CPI.TOTL,MWI,Malawi,2016,305.031174499811,,,1
FP.CPI.TOTL,MWI,Malawi,2017,340.242124547702,,,1
FP.CPI.TOTL,MWI,Malawi,2018,382.500802418103,,,1
FP.CPI.TOTL,MWI,Malawi,2019,418.344325525805,,,1
FP.CPI.TOTL,MWI,Malawi,2020,454.42867680603,,,1
FP.CPI.TOTL,MWI,Malawi,2021,496.827527221711,,,1
FP.CPI.TOTL,MWI,Malawi,2022,600.932616885901,,,1
FP.CPI.TOTL,MWI,Malawi,2023,773.939571837271,,,1
FP.CPI.TOTL,MWI,Malawi,2024,1022.99062053592,,,1
FP.CPI.TOTL,MWI,Malawi,2025,1313.21568389077,,,1
FP.CPI.TOTL,MYS,Malaysia,1990,56.8137433942992,,,1
FP.CPI.TOTL,MYS,Malaysia,1991,59.2898757105672,,,1
FP.CPI.TOTL,MYS,Malaysia,1992,62.1163594444336,,,1
FP.CPI.TOTL,MYS,Malaysia,1993,64.3131575223467,,,1
FP.CPI.TOTL,MYS,Malaysia,1994,66.7088037021399,,,1
FP.CPI.TOTL,MYS,Malaysia,1995,69.0106410694247,,,1
FP.CPI.TOTL,MYS,Malaysia,1996,71.4181183158851,,,1
FP.CPI.TOTL,MYS,Malaysia,1997,73.3196361410336,,,1
FP.CPI.TOTL,MYS,Malaysia,1998,77.1838317213788,,,1
FP.CPI.TOTL,MYS,Malaysia,1999,79.302189298518,,,1
FP.CPI.TOTL,MYS,Malaysia,2000,80.519271906486,,,1
FP.CPI.TOTL,MYS,Malaysia,2001,81.6600566572237,,,1
FP.CPI.TOTL,MYS,Malaysia,2002,83.1363663346491,,,1
FP.CPI.TOTL,MYS,Malaysia,2003,84.0422836367056,,,1
FP.CPI.TOTL,MYS,Malaysia,2004,85.2367523757134,,,1
FP.CPI.TOTL,MYS,Malaysia,2005,87.7726062146297,,,1
FP.CPI.TOTL,MYS,Malaysia,2006,90.9405264022545,,,1
FP.CPI.TOTL,MYS,Malaysia,2007,92.7842120541747,,,1
FP.CPI.TOTL,MYS,Malaysia,2008,97.8323989582419,,,1
FP.CPI.TOTL,MYS,Malaysia,2009,98.4030635647886,,,1
FP.CPI.TOTL,MYS,Malaysia,2010,100.0,,,1
FP.CPI.TOTL,MYS,Malaysia,2011,103.174470921513,,,1
FP.CPI.TOTL,MYS,Malaysia,2012,104.890851524746,,,1
FP.CPI.TOTL,MYS,Malaysia,2013,107.098816863856,,,1
FP.CPI.TOTL,MYS,Malaysia,2014,110.464922512914,,,1
FP.CPI.TOTL,MYS,Malaysia,2015,112.789535077487,,,1
FP.CPI.TOTL,MYS,Malaysia,2016,115.147475420763,,,1
FP.CPI.TOTL,MYS,Malaysia,2017,119.605065822363,,,1
FP.CPI.TOTL,MYS,Malaysia,2018,120.663222796201,,,1
FP.CPI.TOTL,MYS,Malaysia,2019,121.463089485086,,,1
FP.CPI.TOTL,MYS,Malaysia,2020,120.079986668888,,,1
FP.CPI.TOTL,MYS,Malaysia,2021,123.05449091818,,,1
FP.CPI.TOTL,MYS,Malaysia,2022,127.212131311448,,,1
FP.CPI.TOTL,MYS,Malaysia,2023,130.378270288285,,,1
FP.CPI.TOTL,MYS,Malaysia,2024,132.769538410265,,,1
FP.CPI.TOTL,MYS,Malaysia,2025,134.60256623896,,,1
FP.CPI.TOTL,NAM,Namibia,2002,62.5734769644146,,,1
FP.CPI.TOTL,NAM,Namibia,2003,67.0388160897156,,,1
FP.CPI.TOTL,NAM,Namibia,2004,69.8119652966247,,,1
FP.CPI.TOTL,NAM,Namibia,2005,71.4050366952705,,,1
FP.CPI.TOTL,NAM,Namibia,2006,74.947559735723,,,1
FP.CPI.TOTL,NAM,Namibia,2007,79.8550370676694,,,1
FP.CPI.TOTL,NAM,Namibia,2008,87.1175676639298,,,1
FP.CPI.TOTL,NAM,Namibia,2009,95.3516819062337,,,1
FP.CPI.TOTL,NAM,Namibia,2010,100.0,,,1
FP.CPI.TOTL,NAM,Namibia,2011,105.005595180812,,,1
FP.CPI.TOTL,NAM,Namibia,2012,112.064068950758,,,1
FP.CPI.TOTL,NAM,Namibia,2013,118.340693430305,,,1
FP.CPI.TOTL,NAM,Namibia,2014,124.67212131582,,,1
FP.CPI.TOTL,NAM,Namibia,2015,128.903512292969,,,1
FP.CPI.TOTL,NAM,Namibia,2016,137.576891264402,,,1
FP.CPI.TOTL,NAM,Namibia,2017,146.032091587863,,,1
FP.CPI.TOTL,NAM,Namibia,2018,152.29919176551,,,1
FP.CPI.TOTL,NAM,Namibia,2019,157.968367961494,,,1
FP.CPI.TOTL,NAM,Namibia,2020,161.458493232361,,,1
FP.CPI.TOTL,NAM,Namibia,2021,167.298294033139,,,1
FP.CPI.TOTL,NAM,Namibia,2022,177.472173637599,,,1
FP.CPI.TOTL,NAM,Namibia,2023,187.907421438975,,,1
FP.CPI.TOTL,NAM,Namibia,2024,195.872890747544,,,1
FP.CPI.TOTL,NAM,Namibia,2025,202.749489241663,,,1
FP.CPI.TOTL,NCL,New Caledonia,2010,100.0,,,1
FP.CPI.TOTL,NCL,New Caledonia,2011,102.428996937534,,,1
FP.CPI.TOTL,NCL,New Caledonia,2012,104.221168771238,,,1
FP.CPI.TOTL,NCL,New Caledonia,2013,105.552712170155,,,1
FP.CPI.TOTL,NCL,New Caledonia,2014,105.74149431556,,,1
FP.CPI.TOTL,NCL,New Caledonia,2015,106.344758149096,,,1
FP.CPI.TOTL,NCL,New Caledonia,2016,106.959768427235,,,1
FP.CPI.TOTL,NER,Niger,1990,52.3213710715791,,,1
FP.CPI.TOTL,NER,Niger,1991,48.2420611889648,,,1
FP.CPI.TOTL,NER,Niger,1992,46.0829308618701,,,1
FP.CPI.TOTL,NER,Niger,1993,45.5230071389855,,,1
FP.CPI.TOTL,NER,Niger,1994,61.9299806879715,,,1
FP.CPI.TOTL,NER,Niger,1995,68.4718233208102,,,1
FP.CPI.TOTL,NER,Niger,1996,72.0932004925605,,,1
FP.CPI.TOTL,NER,Niger,1997,74.208020309211,,,1
FP.CPI.TOTL,NER,Niger,1998,77.5830127808122,,,1
FP.CPI.TOTL,NER,Niger,1999,75.7969548179652,,,1
FP.CPI.TOTL,NER,Niger,2000,77.9951800030077,,,1
FP.CPI.TOTL,NER,Niger,2001,81.1192880784906,,,1
FP.CPI.TOTL,NER,Niger,2002,83.2518054455024,,,1
FP.CPI.TOTL,NER,Niger,2003,81.9077818948645,,,1
FP.CPI.TOTL,NER,Niger,2004,82.1228256629665,,,1
FP.CPI.TOTL,NER,Niger,2005,88.5263512020049,,,1
FP.CPI.TOTL,NER,Niger,2006,88.5621918300219,,,1
FP.CPI.TOTL,NER,Niger,2007,88.6099793340446,,,1
FP.CPI.TOTL,NER,Niger,2008,98.6274348647978,,,1
FP.CPI.TOTL,NER,Niger,2009,99.2023406829628,,,1
FP.CPI.TOTL,NER,Niger,2010,100.0,,,1
FP.CPI.TOTL,NER,Niger,2011,102.942385140133,,,1
FP.CPI.TOTL,NER,Niger,2012,103.410865455741,,,1
FP.CPI.TOTL,NER,Niger,2013,105.786452069013,,,1
FP.CPI.TOTL,NER,Niger,2014,104.802334182625,,,1
FP.CPI.TOTL,NER,Niger,2015,104.198578028039,,,1
FP.CPI.TOTL,NER,Niger,2016,105.921907081479,,,1
FP.CPI.TOTL,NER,Niger,2017,108.883878892078,,,1
FP.CPI.TOTL,NER,Niger,2018,112.115120867278,,,1
FP.CPI.TOTL,NER,Niger,2019,109.323686827592,,,1
FP.CPI.TOTL,NER,Niger,2020,112.492099097718,,,1
FP.CPI.TOTL,NER,Niger,2021,116.809397403471,,,1
FP.CPI.TOTL,NER,Niger,2022,121.746017087804,,,1
FP.CPI.TOTL,NER,Niger,2023,126.251804508777,,,1
FP.CPI.TOTL,NER,Niger,2024,137.70476217643,,,1
FP.CPI.TOTL,NER,Niger,2025,131.570417062881,,,1
FP.CPI.TOTL,NGA,Nigeria,1990,2.41380443431866,,,1
FP.CPI.TOTL,NGA,Nigeria,1991,2.72776732786743,,,1
FP.CPI.TOTL,NGA,Nigeria,1992,3.94404721132203,,,1
FP.CPI.TOTL,NGA,Nigeria,1993,6.19867177160294,,,1
FP.CPI.TOTL,NGA,Nigeria,1994,9.73388021279174,,,1
FP.CPI.TOTL,NGA,Nigeria,1995,16.8236007587926,,,1
FP.CPI.TOTL,NGA,Nigeria,1996,21.7475814686831,,,1
FP.CPI.TOTL,NGA,Nigeria,1997,23.6026228125134,,,1
FP.CPI.TOTL,NGA,Nigeria,1998,25.9620302360026,,,1
FP.CPI.TOTL,NGA,Nigeria,1999,27.6802943378914,,,1
FP.CPI.TOTL,NGA,Nigeria,2000,29.5994500138817,,,1
FP.CPI.TOTL,NGA,Nigeria,2001,35.1859454894259,,,1
FP.CPI.TOTL,NGA,Nigeria,2002,39.7166916287349,,,1
FP.CPI.TOTL,NGA,Nigeria,2003,45.2896518563785,,,1
FP.CPI.TOTL,NGA,Nigeria,2004,52.0822091579999,,,1
FP.CPI.TOTL,NGA,Nigeria,2005,61.385911135889,,,1
FP.CPI.TOTL,NGA,Nigeria,2006,66.4363981671635,,,1
FP.CPI.TOTL,NGA,Nigeria,2007,70.0147318096053,,,1
FP.CPI.TOTL,NGA,Nigeria,2008,78.124576560861,,,1
FP.CPI.TOTL,NGA,Nigeria,2009,87.9197768259367,,,1
FP.CPI.TOTL,NGA,Nigeria,2010,100.0,,,1
FP.CPI.TOTL,NGA,Nigeria,2011,110.826137188002,,,1
FP.CPI.TOTL,NGA,Nigeria,2012,124.373791623613,,,1
FP.CPI.TOTL,NGA,Nigeria,2013,134.939989954204,,,1
FP.CPI.TOTL,NGA,Nigeria,2014,145.799165386817,,,1
FP.CPI.TOTL,NGA,Nigeria,2015,158.934846393837,,,1
FP.CPI.TOTL,NGA,Nigeria,2016,183.882551450038,,,1
FP.CPI.TOTL,NGA,Nigeria,2017,214.227339611353,,,1
FP.CPI.TOTL,NGA,Nigeria,2018,240.138364526616,,,1
FP.CPI.TOTL,NGA,Nigeria,2019,267.505546743183,,,1
FP.CPI.TOTL,NGA,Nigeria,2020,302.939394135075,,,1
FP.CPI.TOTL,NGA,Nigeria,2021,354.296242254442,,,1
FP.CPI.TOTL,NGA,Nigeria,2022,421.071120344953,,,1
FP.CPI.TOTL,NGA,Nigeria,2023,524.905364657231,,,1
FP.CPI.TOTL,NGA,Nigeria,2024,699.392616339435,,,1
FP.CPI.TOTL,NGA,Nigeria,2025,860.323721691846,,,1
FP.CPI.TOTL,NIC,Nicaragua,1999,42.6964164952416,,,1
FP.CPI.TOTL,NIC,Nicaragua,2000,45.7150162186723,,,1
FP.CPI.TOTL,NIC,Nicaragua,2001,48.4515362271056,,,1
FP.CPI.TOTL,NIC,Nicaragua,2002,50.2685534600019,,,1
FP.CPI.TOTL,NIC,Nicaragua,2003,52.9339870718191,,,1
FP.CPI.TOTL,NIC,Nicaragua,2004,57.4176072747509,,,1
FP.CPI.TOTL,NIC,Nicaragua,2005,62.9291807346468,,,1
FP.CPI.TOTL,NIC,Nicaragua,2006,68.6810335030899,,,1
FP.CPI.TOTL,NIC,Nicaragua,2007,76.3231272829037,,,1
FP.CPI.TOTL,NIC,Nicaragua,2008,91.4551055322211,,,1
FP.CPI.TOTL,NIC,Nicaragua,2009,94.8270567410376,,,1
FP.CPI.TOTL,NIC,Nicaragua,2010,100.0,,,1
FP.CPI.TOTL,NIC,Nicaragua,2011,108.082387980991,,,1
FP.CPI.TOTL,NIC,Nicaragua,2012,115.857349178098,,,1
FP.CPI.TOTL,NIC,Nicaragua,2013,124.124313083916,,,1
FP.CPI.TOTL,NIC,Nicaragua,2014,131.61641766895,,,1
FP.CPI.TOTL,NIC,Nicaragua,2015,136.877625982058,,,1
FP.CPI.TOTL,NIC,Nicaragua,2016,141.700061784993,,,1
FP.CPI.TOTL,NIC,Nicaragua,2017,147.156465910385,,,1
FP.CPI.TOTL,NIC,Nicaragua,2018,154.436645452421,,,1
FP.CPI.TOTL,NIC,Nicaragua,2019,162.739607236814,,,1
FP.CPI.TOTL,NIC,Nicaragua,2020,168.731375929621,,,1
FP.CPI.TOTL,NIC,Nicaragua,2021,177.047156631849,,,1
FP.CPI.TOTL,NIC,Nicaragua,2022,195.57943398714,,,1
FP.CPI.TOTL,NIC,Nicaragua,2023,211.983969101511,,,1
FP.CPI.TOTL,NIC,Nicaragua,2024,221.787673144802,,,1
FP.CPI.TOTL,NIC,Nicaragua,2025,226.403787162385,,,1
FP.CPI.TOTL,NLD,Netherlands,1990,64.4304339123077,,,1
FP.CPI.TOTL,NLD,Netherlands,1991,66.4652742773436,,,1
FP.CPI.TOTL,NLD,Netherlands,1992,68.5812532413768,,,1
FP.CPI.TOTL,NLD,Netherlands,1993,70.3535170644272,,,1
FP.CPI.TOTL,NLD,Netherlands,1994,72.3244897959184,,,1
FP.CPI.TOTL,NLD,Netherlands,1995,73.7154521550038,,,1
FP.CPI.TOTL,NLD,Netherlands,1996,75.2736404414642,,,1
FP.CPI.TOTL,NLD,Netherlands,1997,76.8613464110566,,,1
FP.CPI.TOTL,NLD,Netherlands,1998,78.3671649667446,,,1
FP.CPI.TOTL,NLD,Netherlands,1999,80.0576851337949,,,1
FP.CPI.TOTL,NLD,Netherlands,2000,81.9474646746795,,,1
FP.CPI.TOTL,NLD,Netherlands,2001,85.3530712329515,,,1
FP.CPI.TOTL,NLD,Netherlands,2002,88.1590799494118,,,1
FP.CPI.TOTL,NLD,Netherlands,2003,90.0033664825716,,,1
FP.CPI.TOTL,NLD,Netherlands,2004,91.1406916756894,,,1
FP.CPI.TOTL,NLD,Netherlands,2005,92.6792651969392,,,1
FP.CPI.TOTL,NLD,Netherlands,2006,93.7001282902818,,,1
FP.CPI.TOTL,NLD,Netherlands,2007,95.2123158670512,,,1
FP.CPI.TOTL,NLD,Netherlands,2008,97.5797719890453,,,1
FP.CPI.TOTL,NLD,Netherlands,2009,98.74075354618,,,1
FP.CPI.TOTL,NLD,Netherlands,2010,100.0,,,1
FP.CPI.TOTL,NLD,Netherlands,2011,102.341070177514,,,1
FP.CPI.TOTL,NLD,Netherlands,2012,104.854103924227,,,1
FP.CPI.TOTL,NLD,Netherlands,2013,107.482689910561,,,1
FP.CPI.TOTL,NLD,Netherlands,2014,108.531758668693,,,1
FP.CPI.TOTL,NLD,Netherlands,2015,109.183218539311,,,1
FP.CPI.TOTL,NLD,Netherlands,2016,109.528965398018,,,1
FP.CPI.TOTL,NLD,Netherlands,2017,111.042062834942,,,1
FP.CPI.TOTL,NLD,Netherlands,2018,112.933662096136,,,1
FP.CPI.TOTL,NLD,Netherlands,2019,115.907994941178,,,1
FP.CPI.TOTL,NLD,Netherlands,2020,117.382878251613,,,1
FP.CPI.TOTL,NLD,Netherlands,2021,120.523715504927,,,1
FP.CPI.TOTL,NLD,Netherlands,2022,132.577542831667,,,1
FP.CPI.TOTL,NLD,Netherlands,2023,137.666390675753,,,1
FP.CPI.TOTL,NLD,Netherlands,2024,142.274832358267,,,1
FP.CPI.TOTL,NLD,Netherlands,2025,146.912389565724,,,1
FP.CPI.TOTL,NOR,Norway,1990,65.0076916116189,,,1
FP.CPI.TOTL,NOR,Norway,1991,67.2427834585106,,,1
FP.CPI.TOTL,NOR,Norway,1992,68.8082526468193,,,1
FP.CPI.TOTL,NOR,Norway,1993,70.3827707899738,,,1
FP.CPI.TOTL,NOR,Norway,1994,71.3510089584653,,,1
FP.CPI.TOTL,NOR,Norway,1995,73.1065061985341,,,1
FP.CPI.TOTL,NOR,Norway,1996,74.0294995927971,,,1
FP.CPI.TOTL,NOR,Norway,1997,75.9297801103972,,,1
FP.CPI.TOTL,NOR,Norway,1998,77.6400325762375,,,1
FP.CPI.TOTL,NOR,Norway,1999,79.4769704099177,,,1
FP.CPI.TOTL,NOR,Norway,2000,81.9292371731065,,,1
FP.CPI.TOTL,NOR,Norway,2001,84.3905528911411,,,1
FP.CPI.TOTL,NOR,Norway,2002,85.4764274726269,,,1
FP.CPI.TOTL,NOR,Norway,2003,87.60293186137,,,1
FP.CPI.TOTL,NOR,Norway,2004,88.0010858745815,,,1
FP.CPI.TOTL,NOR,Norway,2005,89.349380146593,,,1
FP.CPI.TOTL,NOR,Norway,2006,91.4306397611076,,,1
FP.CPI.TOTL,NOR,Norway,2007,92.0821645099991,,,1
FP.CPI.TOTL,NOR,Norway,2008,95.5388652610624,,,1
FP.CPI.TOTL,NOR,Norway,2009,97.6382227852683,,,1
FP.CPI.TOTL,NOR,Norway,2010,100.0,,,1
FP.CPI.TOTL,NOR,Norway,2011,101.284951588092,,,1
FP.CPI.TOTL,NOR,Norway,2012,101.990770066057,,,1
FP.CPI.TOTL,NOR,Norway,2013,104.153470274183,,,1
FP.CPI.TOTL,NOR,Norway,2014,106.279974662926,,,1
FP.CPI.TOTL,NOR,Norway,2015,108.587458148584,,,1
FP.CPI.TOTL,NOR,Norway,2016,112.442312912859,,,1
FP.CPI.TOTL,NOR,Norway,2017,114.55071939191,,,1
FP.CPI.TOTL,NOR,Norway,2018,117.717853587911,,,1
FP.CPI.TOTL,NOR,Norway,2019,120.269658854402,,,1
FP.CPI.TOTL,NOR,Norway,2020,121.81703013302,,,1
FP.CPI.TOTL,NOR,Norway,2021,126.06098995566,,,1
FP.CPI.TOTL,NOR,Norway,2022,133.327300696769,,,1
FP.CPI.TOTL,NOR,Norway,2023,140.684100986336,,,1
FP.CPI.TOTL,NOR,Norway,2024,145.109039905891,,,1
FP.CPI.TOTL,NOR,Norway,2025,149.543027780291,,,1
FP.CPI.TOTL,NPL,Nepal,1990,23.6085818230517,,,1
FP.CPI.TOTL,NPL,Nepal,1991,27.2814758270693,,,1
FP.CPI.TOTL,NPL,Nepal,1992,31.9601189691023,,,1
FP.CPI.TOTL,NPL,Nepal,1993,34.3588518816047,,,1
FP.CPI.TOTL,NPL,Nepal,1994,37.2275709419352,,,1
FP.CPI.TOTL,NPL,Nepal,1995,40.0654173230289,,,1
FP.CPI.TOTL,NPL,Nepal,1996,43.7596357549729,,,1
FP.CPI.TOTL,NPL,Nepal,1997,45.5143921624383,,,1
FP.CPI.TOTL,NPL,Nepal,1998,50.6322433252537,,,1
FP.CPI.TOTL,NPL,Nepal,1999,54.4049087921726,,,1
FP.CPI.TOTL,NPL,Nepal,2000,55.7535086649626,,,1
FP.CPI.TOTL,NPL,Nepal,2001,57.2523323210508,,,1
FP.CPI.TOTL,NPL,Nepal,2002,58.9867341827655,,,1
FP.CPI.TOTL,NPL,Nepal,2003,62.3531125994006,,,1
FP.CPI.TOTL,NPL,Nepal,2004,64.1250704069399,,,1
FP.CPI.TOTL,NPL,Nepal,2005,68.5088735377306,,,1
FP.CPI.TOTL,NPL,Nepal,2006,73.2499176441865,,,1
FP.CPI.TOTL,NPL,Nepal,2007,74.9121188718688,,,1
FP.CPI.TOTL,NPL,Nepal,2008,82.3342842988434,,,1
FP.CPI.TOTL,NPL,Nepal,2009,91.4691280183192,,,1
FP.CPI.TOTL,NPL,Nepal,2010,100.0,,,1
FP.CPI.TOTL,NPL,Nepal,2011,109.22707546126,,,1
FP.CPI.TOTL,NPL,Nepal,2012,119.559749053898,,,1
FP.CPI.TOTL,NPL,Nepal,2013,130.368145393248,,,1
FP.CPI.TOTL,NPL,Nepal,2014,141.272338749022,,,1
FP.CPI.TOTL,NPL,Nepal,2015,152.388930465066,,,1
FP.CPI.TOTL,NPL,Nepal,2016,165.784440634692,,,1
FP.CPI.TOTL,NPL,Nepal,2017,170.388340836714,,,1
FP.CPI.TOTL,NPL,Nepal,2018,177.896663414107,,,1
FP.CPI.TOTL,NPL,Nepal,2019,187.798676961371,,,1
FP.CPI.TOTL,NPL,Nepal,2020,197.294450880557,,,1
FP.CPI.TOTL,NPL,Nepal,2021,205.436334049118,,,1
FP.CPI.TOTL,NPL,Nepal,2022,221.193723645929,,,1
FP.CPI.TOTL,NPL,Nepal,2023,236.93358725363,,,1
FP.CPI.TOTL,NPL,Nepal,2024,248.034154558445,,,1
FP.CPI.TOTL,NPL,Nepal,2025,254.615350687251,,,1
FP.CPI.TOTL,NRU,Naoero,2010,100.0,,,1
FP.CPI.TOTL,NRU,Naoero,2011,100.3003003003,,,1
FP.CPI.TOTL,NRU,Naoero,2012,100.175175175175,,,1
FP.CPI.TOTL,NZL,New Zealand,1990,64.675578984307,,,1
FP.CPI.TOTL,NZL,New Zealand,1991,66.3586916339568,,,1
FP.CPI.TOTL,NZL,New Zealand,1992,67.031940556103,,,1
FP.CPI.TOTL,NZL,New Zealand,1993,67.8954512198756,,,1
FP.CPI.TOTL,NZL,New Zealand,1994,69.0804834258259,,,1
FP.CPI.TOTL,NZL,New Zealand,1995,71.6744169878802,,,1
FP.CPI.TOTL,NZL,New Zealand,1996,73.3126884933663,,,1
FP.CPI.TOTL,NZL,New Zealand,1997,74.1830188512678,,,1
FP.CPI.TOTL,NZL,New Zealand,1998,75.1216151198578,,,1
FP.CPI.TOTL,NZL,New Zealand,1999,75.0357758064178,,,1
FP.CPI.TOTL,NZL,New Zealand,2000,76.9981372744839,,,1
FP.CPI.TOTL,NZL,New Zealand,2001,79.0199669167589,,,1
FP.CPI.TOTL,NZL,New Zealand,2002,81.135404585527,,,1
FP.CPI.TOTL,NZL,New Zealand,2003,82.5581743082921,,,1
FP.CPI.TOTL,NZL,New Zealand,2004,84.4489620933151,,,1
FP.CPI.TOTL,NZL,New Zealand,2005,87.0136967707976,,,1
FP.CPI.TOTL,NZL,New Zealand,2006,89.9420574288871,,,1
FP.CPI.TOTL,NZL,New Zealand,2007,92.0792094230958,,,1
FP.CPI.TOTL,NZL,New Zealand,2008,95.7245787073259,,,1
FP.CPI.TOTL,NZL,New Zealand,2009,97.7497768150263,,,1
FP.CPI.TOTL,NZL,New Zealand,2010,100.0,,,1
FP.CPI.TOTL,NZL,New Zealand,2011,104.02790667392,,,1
FP.CPI.TOTL,NZL,New Zealand,2012,105.130512172271,,,1
FP.CPI.TOTL,NZL,New Zealand,2013,106.323136529614,,,1
FP.CPI.TOTL,NZL,New Zealand,2014,107.628261011102,,,1
FP.CPI.TOTL,NZL,New Zealand,2015,107.943293912264,,,1
FP.CPI.TOTL,NZL,New Zealand,2016,108.640866961892,,,1
FP.CPI.TOTL,NZL,New Zealand,2017,110.651578737121,,,1
FP.CPI.TOTL,NZL,New Zealand,2018,112.420119642595,,,1
FP.CPI.TOTL,NZL,New Zealand,2019,114.240911764414,,,1
FP.CPI.TOTL,NZL,New Zealand,2020,116.19964268334,,,1
FP.CPI.TOTL,NZL,New Zealand,2021,120.779210747308,,,1
FP.CPI.TOTL,NZL,New Zealand,2022,129.441767205658,,,1
FP.CPI.TOTL,NZL,New Zealand,2023,136.86287449004,,,1
FP.CPI.TOTL,NZL,New Zealand,2024,140.863099606157,,,1
FP.CPI.TOTL,NZL,New Zealand,2025,144.863324722274,,,1
FP.CPI.TOTL,OMN,Oman,2000,74.7676129523116,,,1
FP.CPI.TOTL,OMN,Oman,2001,74.1570107798677,,,1
FP.CPI.TOTL,OMN,Oman,2002,73.9496834822752,,,1
FP.CPI.TOTL,OMN,Oman,2003,74.1207503106155,,,1
FP.CPI.TOTL,OMN,Oman,2004,74.5839820690471,,,1
FP.CPI.TOTL,OMN,Oman,2005,76.0084134622574,,,1
FP.CPI.TOTL,OMN,Oman,2006,78.7029010145078,,,1
FP.CPI.TOTL,OMN,Oman,2007,83.2916612080894,,,1
FP.CPI.TOTL,OMN,Oman,2008,93.5993450729136,,,1
FP.CPI.TOTL,OMN,Oman,2009,96.8461287370816,,,1
FP.CPI.TOTL,OMN,Oman,2010,100.0,,,1
FP.CPI.TOTL,OMN,Oman,2011,104.042188671164,,,1
FP.CPI.TOTL,OMN,Oman,2012,107.109076632045,,,1
FP.CPI.TOTL,OMN,Oman,2013,108.237522383787,,,1
FP.CPI.TOTL,OMN,Oman,2014,109.335066922386,,,1
FP.CPI.TOTL,OMN,Oman,2015,109.406451933026,,,1
FP.CPI.TOTL,OMN,Oman,2016,110.619997113916,,,1
FP.CPI.TOTL,OMN,Oman,2017,112.377853000941,,,1
FP.CPI.TOTL,OMN,Oman,2018,113.377243149909,,,1
FP.CPI.TOTL,OMN,Oman,2019,113.933716077231,,,1
FP.CPI.TOTL,OMN,Oman,2020,113.470686128837,,,1
FP.CPI.TOTL,OMN,Oman,2021,115.379503467114,,,1
FP.CPI.TOTL,OMN,Oman,2022,118.271078246879,,,1
FP.CPI.TOTL,OMN,Oman,2023,119.395579550122,,,1
FP.CPI.TOTL,OMN,Oman,2024,120.104298858888,,,1
FP.CPI.TOTL,OMN,Oman,2025,121.266598525264,,,1
FP.CPI.TOTL,PAK,Pakistan,1990,17.9963109482854,,,1
FP.CPI.TOTL,PAK,Pakistan,1991,20.1183046225505,,,1
FP.CPI.TOTL,PAK,Pakistan,1992,22.0313625505404,,,1
FP.CPI.TOTL,PAK,Pakistan,1993,24.2286967934559,,,1
FP.CPI.TOTL,PAK,Pakistan,1994,27.2253491119294,,,1
FP.CPI.TOTL,PAK,Pakistan,1995,30.5859314561017,,,1
FP.CPI.TOTL,PAK,Pakistan,1996,33.7588574403676,,,1
FP.CPI.TOTL,PAK,Pakistan,1997,37.5990938670644,,,1
FP.CPI.TOTL,PAK,Pakistan,1998,39.9407669950638,,,1
FP.CPI.TOTL,PAK,Pakistan,1999,41.5953680589067,,,1
FP.CPI.TOTL,PAK,Pakistan,2000,43.4116982349521,,,1
FP.CPI.TOTL,PAK,Pakistan,2001,44.7784119934962,,,1
FP.CPI.TOTL,PAK,Pakistan,2002,46.2517761109697,,,1
FP.CPI.TOTL,PAK,Pakistan,2003,47.5996151682609,,,1
FP.CPI.TOTL,PAK,Pakistan,2004,51.1432278730536,,,1
FP.CPI.TOTL,PAK,Pakistan,2005,55.7785060429291,,,1
FP.CPI.TOTL,PAK,Pakistan,2006,60.1967685839765,,,1
FP.CPI.TOTL,PAK,Pakistan,2007,64.7709310539966,,,1
FP.CPI.TOTL,PAK,Pakistan,2008,77.910440560645,,,1
FP.CPI.TOTL,PAK,Pakistan,2009,88.5434744486706,,,1
FP.CPI.TOTL,PAK,Pakistan,2010,100.0,,,1
FP.CPI.TOTL,PAK,Pakistan,2011,111.916092711628,,,1
FP.CPI.TOTL,PAK,Pakistan,2012,122.752202596554,,,1
FP.CPI.TOTL,PAK,Pakistan,2013,132.194493659787,,,1
FP.CPI.TOTL,PAK,Pakistan,2014,141.698463473481,,,1
FP.CPI.TOTL,PAK,Pakistan,2015,145.282482630176,,,1
FP.CPI.TOTL,PAK,Pakistan,2016,150.752541224988,,,1
FP.CPI.TOTL,PAK,Pakistan,2017,156.911345866617,,,1
FP.CPI.TOTL,PAK,Pakistan,2018,164.879393855103,,,1
FP.CPI.TOTL,PAK,Pakistan,2019,182.320386536114,,,1
FP.CPI.TOTL,PAK,Pakistan,2020,200.078604028626,,,1
FP.CPI.TOTL,PAK,Pakistan,2021,219.078900139702,,,1
FP.CPI.TOTL,PAK,Pakistan,2022,262.618333965596,,,1
FP.CPI.TOTL,PAK,Pakistan,2023,343.42107928414,,,1
FP.CPI.TOTL,PAK,Pakistan,2024,386.80385651478,,,1
FP.CPI.TOTL,PAK,Pakistan,2025,400.518188961503,,,1
FP.CPI.TOTL,PAN,Panama,1990,68.8555544724982,,,1
FP.CPI.TOTL,PAN,Panama,1991,69.7205597959478,,,1
FP.CPI.TOTL,PAN,Panama,1992,70.9926264480796,,,1
FP.CPI.TOTL,PAN,Panama,1993,71.3148833332862,,,1
FP.CPI.TOTL,PAN,Panama,1994,72.2194640636907,,,1
FP.CPI.TOTL,PAN,Panama,1995,72.9374750184493,,,1
FP.CPI.TOTL,PAN,Panama,1996,73.8533630079842,,,1
FP.CPI.TOTL,PAN,Panama,1997,74.8314409227345,,,1
FP.CPI.TOTL,PAN,Panama,1998,75.249809510547,,,1
FP.CPI.TOTL,PAN,Panama,1999,76.1883120183417,,,1
FP.CPI.TOTL,PAN,Panama,2000,77.3303451904774,,,1
FP.CPI.TOTL,PAN,Panama,2001,77.5677976322087,,,1
FP.CPI.TOTL,PAN,Panama,2002,78.3479985121831,,,1
FP.CPI.TOTL,PAN,Panama,2003,78.6548615063558,,,1
FP.CPI.TOTL,PAN,Panama,2004,79.0282542860562,,,1
FP.CPI.TOTL,PAN,Panama,2005,81.28520896109,,,1
FP.CPI.TOTL,PAN,Panama,2006,83.2831127996856,,,1
FP.CPI.TOTL,PAN,Panama,2007,86.7548801257696,,,1
FP.CPI.TOTL,PAN,Panama,2008,94.3534652168216,,,1
FP.CPI.TOTL,PAN,Panama,2009,96.6264902397484,,,1
FP.CPI.TOTL,PAN,Panama,2010,100.0,,,1
FP.CPI.TOTL,PAN,Panama,2011,105.875802436788,,,1
FP.CPI.TOTL,PAN,Panama,2012,111.908816978907,,,1
FP.CPI.TOTL,PAN,Panama,2013,116.415563998428,,,1
FP.CPI.TOTL,PAN,Panama,2014,119.473250218224,,,1
FP.CPI.TOTL,PAN,Panama,2015,119.63751644926,,,1
FP.CPI.TOTL,PAN,Panama,2016,120.522515865459,,,1
FP.CPI.TOTL,PAN,Panama,2017,121.577794043312,,,1
FP.CPI.TOTL,PAN,Panama,2018,122.503704212582,,,1
FP.CPI.TOTL,PAN,Panama,2019,122.068713378771,,,1
FP.CPI.TOTL,PAN,Panama,2020,120.176312134352,,,1
FP.CPI.TOTL,PAN,Panama,2021,122.136031309897,,,1
FP.CPI.TOTL,PAN,Panama,2022,125.628695902786,,,1
FP.CPI.TOTL,PAN,Panama,2023,127.496057864854,,,1
FP.CPI.TOTL,PAN,Panama,2024,128.379893114497,,,1
FP.CPI.TOTL,PAN,Panama,2025,128.136500396492,,,1
FP.CPI.TOTL,PER,Peru,1990,3.14317384437408,,,1
FP.CPI.TOTL,PER,Peru,1991,16.0154189264591,,,1
FP.CPI.TOTL,PER,Peru,1992,27.7912832791575,,,1
FP.CPI.TOTL,PER,Peru,1993,41.2922849295886,,,1
FP.CPI.TOTL,PER,Peru,1994,51.0937953989864,,,1
FP.CPI.TOTL,PER,Peru,1995,56.7798721254013,,,1
FP.CPI.TOTL,PER,Peru,1996,63.3311010725635,,,1
FP.CPI.TOTL,PER,Peru,1997,68.7536299522063,,,1
FP.CPI.TOTL,PER,Peru,1998,73.7367704992645,,,1
FP.CPI.TOTL,PER,Peru,1999,76.2951857032352,,,1
FP.CPI.TOTL,PER,Peru,2000,79.1618539622357,,,1
FP.CPI.TOTL,PER,Peru,2001,80.7269620151228,,,1
FP.CPI.TOTL,PER,Peru,2002,80.8828740363217,,,1
FP.CPI.TOTL,PER,Peru,2003,82.7103235208532,,,1
FP.CPI.TOTL,PER,Peru,2004,85.7395669542006,,,1
FP.CPI.TOTL,PER,Peru,2005,87.1253772370504,,,1
FP.CPI.TOTL,PER,Peru,2006,88.8698520836898,,,1
FP.CPI.TOTL,PER,Peru,2007,90.451723406074,,,1
FP.CPI.TOTL,PER,Peru,2008,95.6851479459922,,,1
FP.CPI.TOTL,PER,Peru,2009,98.4946854352191,,,1
FP.CPI.TOTL,PER,Peru,2010,100.0,,,1
FP.CPI.TOTL,PER,Peru,2011,103.369310953338,,,1
FP.CPI.TOTL,PER,Peru,2012,107.102196896193,,,1
FP.CPI.TOTL,PER,Peru,2013,110.066675027747,,,1
FP.CPI.TOTL,PER,Peru,2014,113.822090321437,,,1
FP.CPI.TOTL,PER,Peru,2015,117.689869607084,,,1
FP.CPI.TOTL,PER,Peru,2016,121.876306151171,,,1
FP.CPI.TOTL,PER,Peru,2017,125.526380202401,,,1
FP.CPI.TOTL,PER,Peru,2018,127.420766879302,,,1
FP.CPI.TOTL,PER,Peru,2019,130.290437892643,,,1
FP.CPI.TOTL,PER,Peru,2020,132.899389330896,,,1
FP.CPI.TOTL,PER,Peru,2021,138.576404455789,,,1
FP.CPI.TOTL,PER,Peru,2022,150.124955005568,,,1
FP.CPI.TOTL,PER,Peru,2023,159.8164418433,,,1
FP.CPI.TOTL,PER,Peru,2024,163.025088363219,,,1
FP.CPI.TOTL,PER,Peru,2025,165.521417370033,,,1
FP.CPI.TOTL,PHL,Philippines,1990,28.584806362379,,,1
FP.CPI.TOTL,PHL,Philippines,1991,34.0906569847856,,,1
FP.CPI.TOTL,PHL,Philippines,1992,37.0398409405256,,,1
FP.CPI.TOTL,PHL,Philippines,1993,39.5275518672199,,,1
FP.CPI.TOTL,PHL,Philippines,1994,43.6330705394191,,,1
FP.CPI.TOTL,PHL,Philippines,1995,46.6140802213001,,,1
FP.CPI.TOTL,PHL,Philippines,1996,50.0989972337483,,,1
FP.CPI.TOTL,PHL,Philippines,1997,52.8996611341632,,,1
FP.CPI.TOTL,PHL,Philippines,1998,57.7849100968188,,,1
FP.CPI.TOTL,PHL,Philippines,1999,61.2167842323652,,,1
FP.CPI.TOTL,PHL,Philippines,2000,63.6514522821577,,,1
FP.CPI.TOTL,PHL,Philippines,2001,67.0539419087137,,,1
FP.CPI.TOTL,PHL,Philippines,2002,68.8796680497925,,,1
FP.CPI.TOTL,PHL,Philippines,2003,70.4564315352697,,,1
FP.CPI.TOTL,PHL,Philippines,2004,73.8589211618257,,,1
FP.CPI.TOTL,PHL,Philippines,2005,78.6721991701245,,,1
FP.CPI.TOTL,PHL,Philippines,2006,82.9875518672199,,,1
FP.CPI.TOTL,PHL,Philippines,2007,85.3941908713693,,,1
FP.CPI.TOTL,PHL,Philippines,2008,92.448132780083,,,1
FP.CPI.TOTL,PHL,Philippines,2009,96.3485477178423,,,1
FP.CPI.TOTL,PHL,Philippines,2010,100.0,,,1
FP.CPI.TOTL,PHL,Philippines,2011,104.718417047184,,,1
FP.CPI.TOTL,PHL,Philippines,2012,107.888205739633,,,1
FP.CPI.TOTL,PHL,Philippines,2013,110.674621117395,,,1
FP.CPI.TOTL,PHL,Philippines,2014,114.656498576585,,,1
FP.CPI.TOTL,PHL,Philippines,2015,115.429504132997,,,1
FP.CPI.TOTL,PHL,Philippines,2016,116.876642442093,,,1
FP.CPI.TOTL,PHL,Philippines,2017,120.211352458706,,,1
FP.CPI.TOTL,PHL,Philippines,2018,126.593789832853,,,1
FP.CPI.TOTL,PHL,Philippines,2019,129.621996007385,,,1
FP.CPI.TOTL,PHL,Philippines,2020,132.7240608691,,,1
FP.CPI.TOTL,PHL,Philippines,2021,137.936373936063,,,1
FP.CPI.TOTL,PHL,Philippines,2022,145.965868357034,,,1
FP.CPI.TOTL,PHL,Philippines,2023,154.691744685736,,,1
FP.CPI.TOTL,PHL,Philippines,2024,159.661379209096,,,1
FP.CPI.TOTL,PHL,Philippines,2025,162.309740706683,,,1
FP.CPI.TOTL,PLW,Palau,2001,74.0722891566265,,,1
FP.CPI.TOTL,PLW,Palau,2002,73.1084337349398,,,1
FP.CPI.TOTL,PLW,Palau,2003,73.7831325301205,,,1
FP.CPI.TOTL,PLW,Palau,2004,77.4457831325301,,,1
FP.CPI.TOTL,PLW,Palau,2005,80.5060240963855,,,1
FP.CPI.TOTL,PLW,Palau,2006,84.0722891566266,,,1
FP.CPI.TOTL,PLW,Palau,2007,86.7951807228916,,,1
FP.CPI.TOTL,PLW,Palau,2008,97.1807228915663,,,1
FP.CPI.TOTL,PLW,Palau,2009,98.5783132530121,,,1
FP.CPI.TOTL,PLW,Palau,2010,100.0,,,1
FP.CPI.TOTL,PLW,Palau,2011,104.674698795181,,,1
FP.CPI.TOTL,PLW,Palau,2012,108.457831325301,,,1
FP.CPI.TOTL,PLW,Palau,2013,112.096385542169,,,1
FP.CPI.TOTL,PLW,Palau,2014,116.795180722892,,,1
FP.CPI.TOTL,PLW,Palau,2015,117.903614457831,,,1
FP.CPI.TOTL,PLW,Palau,2016,116.674698795181,,,1
FP.CPI.TOTL,PLW,Palau,2017,118.329132252596,,,1
FP.CPI.TOTL,PLW,Palau,2018,120.825527447798,,,1
FP.CPI.TOTL,PLW,Palau,2019,121.148590355413,,,1
FP.CPI.TOTL,PLW,Palau,2020,121.412914552552,,,1
FP.CPI.TOTL,PLW,Palau,2021,124.584804918221,,,1
FP.CPI.TOTL,PLW,Palau,2022,139.974347062763,,,1
FP.CPI.TOTL,PLW,Palau,2023,157.919023112983,,,1
FP.CPI.TOTL,PLW,Palau,2024,161.443345741504,,,1
FP.CPI.TOTL,PLW,Palau,2025,160.767850571037,,,1
FP.CPI.TOTL,PNG,Papua New Guinea,1990,21.3844551553758,,,1
FP.CPI.TOTL,PNG,Papua New Guinea,1991,22.8740281444522,,,1
FP.CPI.TOTL,PNG,Papua New Guinea,1992,23.8598105941337,,,1
FP.CPI.TOTL,PNG,Papua New Guinea,1993,25.046624845593,,,1
FP.CPI.TOTL,PNG,Papua New Guinea,1994,25.7611354663696,,,1
FP.CPI.TOTL,PNG,Papua New Guinea,1995,30.2128999442924,,,1
FP.CPI.TOTL,PNG,Papua New Guinea,1996,33.7249013006515,,,1
FP.CPI.TOTL,PNG,Papua New Guinea,1997,35.061883885969,,,1
FP.CPI.TOTL,PNG,Papua New Guinea,1998,39.8212512413108,,,1
FP.CPI.TOTL,PNG,Papua New Guinea,1999,45.767432848112,,,1
FP.CPI.TOTL,PNG,Papua New Guinea,2000,52.9052728461743,,,1
FP.CPI.TOTL,PNG,Papua New Guinea,2001,57.8244968149781,,,1
FP.CPI.TOTL,PNG,Papua New Guinea,2002,64.6474677259186,,,1
FP.CPI.TOTL,PNG,Papua New Guinea,2003,74.1565141569986,,,1
FP.CPI.TOTL,PNG,Papua New Guinea,2004,75.7575023615182,,,1
FP.CPI.TOTL,PNG,Papua New Guinea,2005,77.1065952963403,,,1
FP.CPI.TOTL,PNG,Papua New Guinea,2006,78.932836001647,,,1
FP.CPI.TOTL,PNG,Papua New Guinea,2007,79.6521907622254,,,1
FP.CPI.TOTL,PNG,Papua New Guinea,2008,88.2238961416427,,,1
FP.CPI.TOTL,PNG,Papua New Guinea,2009,94.3275122920047,,,1
FP.CPI.TOTL,PNG,Papua New Guinea,2010,100.0,,,1
FP.CPI.TOTL,PNG,Papua New Guinea,2011,104.44083401029,,,1
FP.CPI.TOTL,PNG,Papua New Guinea,2012,109.179528838343,,,1
FP.CPI.TOTL,PNG,Papua New Guinea,2013,114.595180070404,,,1
FP.CPI.TOTL,PNG,Papua New Guinea,2014,120.579474681831,,,1
FP.CPI.TOTL,PNG,Papua New Guinea,2015,127.809369076631,,,1
FP.CPI.TOTL,PNG,Papua New Guinea,2016,136.339019767127,,,1
FP.CPI.TOTL,PNG,Papua New Guinea,2017,143.73138369889,,,1
FP.CPI.TOTL,PNG,Papua New Guinea,2018,150.018897576695,,,1
FP.CPI.TOTL,PNG,Papua New Guinea,2019,155.912649364765,,,1
FP.CPI.TOTL,PNG,Papua New Guinea,2020,163.508205344215,,,1
FP.CPI.TOTL,PNG,Papua New Guinea,2021,170.839243117812,,,1
FP.CPI.TOTL,PNG,Papua New Guinea,2022,179.813837244105,,,1
FP.CPI.TOTL,PNG,Papua New Guinea,2023,183.94721776434,,,1
FP.CPI.TOTL,PNG,Papua New Guinea,2024,185.055323016921,,,1
FP.CPI.TOTL,PNG,Papua New Guinea,2025,193.237384313418,,,1
FP.CPI.TOTL,POL,Poland,1990,6.98370529558457,,,1
FP.CPI.TOTL,POL,Poland,1991,12.3450608772187,,,1
FP.CPI.TOTL,POL,Poland,1992,18.0359564324483,,,1
FP.CPI.TOTL,POL,Poland,1993,24.7027974182191,,,1
FP.CPI.TOTL,POL,Poland,1994,32.8525656447118,,,1
FP.CPI.TOTL,POL,Poland,1995,42.0353139210796,,,1
FP.CPI.TOTL,POL,Poland,1996,50.3561904063371,,,1
FP.CPI.TOTL,POL,Poland,1997,57.8658889540854,,,1
FP.CPI.TOTL,POL,Poland,1998,64.57709109579,,,1
FP.CPI.TOTL,POL,Poland,1999,69.1969832771013,,,1
FP.CPI.TOTL,POL,Poland,2000,76.0476059850374,,,1
FP.CPI.TOTL,POL,Poland,2001,80.1605156227079,,,1
FP.CPI.TOTL,POL,Poland,2002,81.6877996186005,,,1
FP.CPI.TOTL,POL,Poland,2003,82.2454833504474,,,1
FP.CPI.TOTL,POL,Poland,2004,85.0275575766466,,,1
FP.CPI.TOTL,POL,Poland,2005,86.8843882939709,,,1
FP.CPI.TOTL,POL,Poland,2006,88.0005867683732,,,1
FP.CPI.TOTL,POL,Poland,2007,90.1642951444916,,,1
FP.CPI.TOTL,POL,Poland,2008,93.9196127328737,,,1
FP.CPI.TOTL,POL,Poland,2009,97.4842305999706,,,1
FP.CPI.TOTL,POL,Poland,2010,100.0,,,1
FP.CPI.TOTL,POL,Poland,2011,104.239401496259,,,1
FP.CPI.TOTL,POL,Poland,2012,107.950711456652,,,1
FP.CPI.TOTL,POL,Poland,2013,109.021563737715,,,1
FP.CPI.TOTL,POL,Poland,2014,109.080240575033,,,1
FP.CPI.TOTL,POL,Poland,2015,108.126741968608,,,1
FP.CPI.TOTL,POL,Poland,2016,107.407950711457,,,1
FP.CPI.TOTL,POL,Poland,2017,109.637670529558,,,1
FP.CPI.TOTL,POL,Poland,2018,111.625348393722,,,1
FP.CPI.TOTL,POL,Poland,2019,114.111779375092,,,1
FP.CPI.TOTL,POL,Poland,2020,117.962446824116,,,1
FP.CPI.TOTL,POL,Poland,2021,123.925480416605,,,1
FP.CPI.TOTL,POL,Poland,2022,141.807246589409,,,1
FP.CPI.TOTL,POL,Poland,2023,158.156080387267,,,1
FP.CPI.TOTL,POL,Poland,2024,164.151158966994,,,1
FP.CPI.TOTL,POL,Poland,2025,170.412204782162,,,1
FP.CPI.TOTL,PRT,Portugal,1990,47.9642564191792,,,1
FP.CPI.TOTL,PRT,Portugal,1991,53.6477733943618,,,1
FP.CPI.TOTL,PRT,Portugal,1992,58.7761037153297,,,1
FP.CPI.TOTL,PRT,Portugal,1993,62.7633452525948,,,1
FP.CPI.TOTL,PRT,Portugal,1994,66.1653948447715,,,1
FP.CPI.TOTL,PRT,Portugal,1995,68.9594378180295,,,1
FP.CPI.TOTL,PRT,Portugal,1996,71.0757873281797,,,1
FP.CPI.TOTL,PRT,Portugal,1997,72.7367310922281,,,1
FP.CPI.TOTL,PRT,Portugal,1998,74.6080669845926,,,1
FP.CPI.TOTL,PRT,Portugal,1999,76.3539665574166,,,1
FP.CPI.TOTL,PRT,Portugal,2000,78.5323684294627,,,1
FP.CPI.TOTL,PRT,Portugal,2001,81.9641569933633,,,1
FP.CPI.TOTL,PRT,Portugal,2002,84.9151507188841,,,1
FP.CPI.TOTL,PRT,Portugal,2003,87.6485616990451,,,1
FP.CPI.TOTL,PRT,Portugal,2004,89.7217675069331,,,1
FP.CPI.TOTL,PRT,Portugal,2005,91.7648792508975,,,1
FP.CPI.TOTL,PRT,Portugal,2006,94.616624706605,,,1
FP.CPI.TOTL,PRT,Portugal,2007,96.9384838273258,,,1
FP.CPI.TOTL,PRT,Portugal,2008,99.4477428564326,,,1
FP.CPI.TOTL,PRT,Portugal,2009,98.6168271091589,,,1
FP.CPI.TOTL,PRT,Portugal,2010,100.0,,,1
FP.CPI.TOTL,PRT,Portugal,2011,103.653011004307,,,1
FP.CPI.TOTL,PRT,Portugal,2012,106.527659906895,,,1
FP.CPI.TOTL,PRT,Portugal,2013,106.819989560289,,,1
FP.CPI.TOTL,PRT,Portugal,2014,106.522866162199,,,1
FP.CPI.TOTL,PRT,Portugal,2015,107.042632369495,,,1
FP.CPI.TOTL,PRT,Portugal,2016,107.692806187126,,,1
FP.CPI.TOTL,PRT,Portugal,2017,109.166705134988,,,1
FP.CPI.TOTL,PRT,Portugal,2018,110.25151180504,,,1
FP.CPI.TOTL,PRT,Portugal,2019,110.624358614714,,,1
FP.CPI.TOTL,PRT,Portugal,2020,110.610598791976,,,1
FP.CPI.TOTL,PRT,Portugal,2021,112.010549789253,,,1
FP.CPI.TOTL,PRT,Portugal,2022,120.783990313085,,,1
FP.CPI.TOTL,PRT,Portugal,2023,125.991328648484,,,1
FP.CPI.TOTL,PRT,Portugal,2024,129.035445303373,,,1
FP.CPI.TOTL,PRT,Portugal,2025,132.049734213489,,,1
FP.CPI.TOTL,PRY,Paraguay,1990,13.413617530254,,,1
FP.CPI.TOTL,PRY,Paraguay,1991,16.6631136080057,,,1
FP.CPI.TOTL,PRY,Paraguay,1992,19.1946977616029,,,1
FP.CPI.TOTL,PRY,Paraguay,1993,22.6897952870916,,,1
FP.CPI.TOTL,PRY,Paraguay,1994,27.3562227940955,,,1
FP.CPI.TOTL,PRY,Paraguay,1995,31.0289090587171,,,1
FP.CPI.TOTL,PRY,Paraguay,1996,34.0696439058923,,,1
FP.CPI.TOTL,PRY,Paraguay,1997,36.4373363241727,,,1
FP.CPI.TOTL,PRY,Paraguay,1998,40.6470396004809,,,1
FP.CPI.TOTL,PRY,Paraguay,1999,43.3916357789424,,,1
FP.CPI.TOTL,PRY,Paraguay,2000,47.2891418303388,,,1
FP.CPI.TOTL,PRY,Paraguay,2001,50.7261451672281,,,1
FP.CPI.TOTL,PRY,Paraguay,2002,56.0575858250277,,,1
FP.CPI.TOTL,PRY,Paraguay,2003,64.0383905500184,,,1
FP.CPI.TOTL,PRY,Paraguay,2004,66.8069398301956,,,1
FP.CPI.TOTL,PRY,Paraguay,2005,71.3547434477668,,,1
FP.CPI.TOTL,PRY,Paraguay,2006,78.1971991185043,,,1
FP.CPI.TOTL,PRY,Paraguay,2007,84.5550021999605,,,1
FP.CPI.TOTL,PRY,Paraguay,2008,93.141380583241,,,1
FP.CPI.TOTL,PRY,Paraguay,2009,95.5555555555556,,,1
FP.CPI.TOTL,PRY,Paraguay,2010,100.0,,,1
FP.CPI.TOTL,PRY,Paraguay,2011,108.253968253968,,,1
FP.CPI.TOTL,PRY,Paraguay,2012,112.233296419343,,,1
FP.CPI.TOTL,PRY,Paraguay,2013,115.245478036176,,,1
FP.CPI.TOTL,PRY,Paraguay,2014,121.040974529347,,,1
FP.CPI.TOTL,PRY,Paraguay,2015,124.828349944629,,,1
FP.CPI.TOTL,PRY,Paraguay,2016,129.929863418236,,,1
FP.CPI.TOTL,PRY,Paraguay,2017,134.610557401255,,,1
FP.CPI.TOTL,PRY,Paraguay,2018,139.962148394242,,,1
FP.CPI.TOTL,PRY,Paraguay,2019,143.821040974529,,,1
FP.CPI.TOTL,PRY,Paraguay,2020,146.363100775194,,,1
FP.CPI.TOTL,PRY,Paraguay,2021,153.370941306755,,,1
FP.CPI.TOTL,PRY,Paraguay,2022,168.348482834994,,,1
FP.CPI.TOTL,PRY,Paraguay,2023,176.14642303433,,,1
FP.CPI.TOTL,PRY,Paraguay,2024,182.90234772979,,,1
FP.CPI.TOTL,PRY,Paraguay,2025,190.288062015504,,,1
FP.CPI.TOTL,PSE,West Bank and Gaza,1996,54.9164962614521,,,1
FP.CPI.TOTL,PSE,West Bank and Gaza,1997,58.8084315981958,,,1
FP.CPI.TOTL,PSE,West Bank and Gaza,1998,62.0897333457769,,,1
FP.CPI.TOTL,PSE,West Bank and Gaza,1999,65.5322314323316,,,1
FP.CPI.TOTL,PSE,West Bank and Gaza,2000,67.3659536273786,,,1
FP.CPI.TOTL,PSE,West Bank and Gaza,2001,68.189694240947,,,1
FP.CPI.TOTL,PSE,West Bank and Gaza,2002,72.08299564836,,,1
FP.CPI.TOTL,PSE,West Bank and Gaza,2003,75.2568331699587,,,1
FP.CPI.TOTL,PSE,West Bank and Gaza,2004,77.5176801275968,,,1
FP.CPI.TOTL,PSE,West Bank and Gaza,2005,80.701525592811,,,1
FP.CPI.TOTL,PSE,West Bank and Gaza,2006,83.8023536050849,,,1
FP.CPI.TOTL,PSE,West Bank and Gaza,2007,85.3608626750717,,,1
FP.CPI.TOTL,PSE,West Bank and Gaza,2008,93.8030501898917,,,1
FP.CPI.TOTL,PSE,West Bank and Gaza,2009,96.3863250802141,,,1
FP.CPI.TOTL,PSE,West Bank and Gaza,2010,100.0,,,1
FP.CPI.TOTL,PSE,West Bank and Gaza,2011,102.877243584959,,,1
FP.CPI.TOTL,PSE,West Bank and Gaza,2012,105.736292389859,,,1
FP.CPI.TOTL,PSE,West Bank and Gaza,2013,107.559608314025,,,1
FP.CPI.TOTL,PSE,West Bank and Gaza,2014,109.423600300128,,,1
FP.CPI.TOTL,PSE,West Bank and Gaza,2015,110.990121099896,,,1
FP.CPI.TOTL,PSE,West Bank and Gaza,2016,110.746934413771,,,1
FP.CPI.TOTL,PSE,West Bank and Gaza,2017,110.982350206885,,,1
FP.CPI.TOTL,PSE,West Bank and Gaza,2018,110.765815014162,,,1
FP.CPI.TOTL,PSE,West Bank and Gaza,2019,112.516117965437,,,1
FP.CPI.TOTL,PSE,West Bank and Gaza,2020,111.688750943651,,,1
FP.CPI.TOTL,PSE,West Bank and Gaza,2021,113.070878047339,,,1
FP.CPI.TOTL,PSE,West Bank and Gaza,2022,117.301112781727,,,1
FP.CPI.TOTL,PSE,West Bank and Gaza,2023,124.18798049845,,,1
FP.CPI.TOTL,PSE,West Bank and Gaza,2024,190.838608855965,,,1
FP.CPI.TOTL,PSE,West Bank and Gaza,2025,209.556825220806,,,1
FP.CPI.TOTL,QAT,Qatar,1990,46.523949550075,,,1
FP.CPI.TOTL,QAT,Qatar,1991,48.5790488253132,,,1
FP.CPI.TOTL,QAT,Qatar,1992,50.0657163861239,,,1
FP.CPI.TOTL,QAT,Qatar,1993,49.6284612211796,,,1
FP.CPI.TOTL,QAT,Qatar,1994,50.2843439685961,,,1
FP.CPI.TOTL,QAT,Qatar,1995,51.7710115294067,,,1
FP.CPI.TOTL,QAT,Qatar,1996,54.310138705849,,,1
FP.CPI.TOTL,QAT,Qatar,1997,56.9357568323404,,,1
FP.CPI.TOTL,QAT,Qatar,1998,58.6161524332949,,,1
FP.CPI.TOTL,QAT,Qatar,1999,59.8949829090213,,,1
FP.CPI.TOTL,QAT,Qatar,2000,60.8834509095827,,,1
FP.CPI.TOTL,QAT,Qatar,2001,61.7792500350916,,,1
FP.CPI.TOTL,QAT,Qatar,2002,61.9275202351758,,,1
FP.CPI.TOTL,QAT,Qatar,2003,63.3299092109724,,,1
FP.CPI.TOTL,QAT,Qatar,2004,67.6359229384182,,,1
FP.CPI.TOTL,QAT,Qatar,2005,73.5976205668046,,,1
FP.CPI.TOTL,QAT,Qatar,2006,82.3084948217525,,,1
FP.CPI.TOTL,QAT,Qatar,2007,93.6326313531848,,,1
FP.CPI.TOTL,QAT,Qatar,2008,107.724478286189,,,1
FP.CPI.TOTL,QAT,Qatar,2009,102.485537415603,,,1
FP.CPI.TOTL,QAT,Qatar,2010,100.0,,,1
FP.CPI.TOTL,QAT,Qatar,2011,101.138366235292,,,1
FP.CPI.TOTL,QAT,Qatar,2012,103.480071915553,,,1
FP.CPI.TOTL,QAT,Qatar,2013,106.814176620325,,,1
FP.CPI.TOTL,QAT,Qatar,2014,110.392153372377,,,1
FP.CPI.TOTL,QAT,Qatar,2015,112.394752300764,,,1
FP.CPI.TOTL,QAT,Qatar,2016,115.403100913185,,,1
FP.CPI.TOTL,QAT,Qatar,2017,115.858803424889,,,1
FP.CPI.TOTL,QAT,Qatar,2018,116.155188066291,,,1
FP.CPI.TOTL,QAT,Qatar,2019,115.380849813981,,,1
FP.CPI.TOTL,QAT,Qatar,2020,112.44981274436,,,1
FP.CPI.TOTL,QAT,Qatar,2021,115.041180060887,,,1
FP.CPI.TOTL,QAT,Qatar,2022,120.787803986413,,,1
FP.CPI.TOTL,QAT,Qatar,2023,124.444834716253,,,1
FP.CPI.TOTL,QAT,Qatar,2024,126.021977745975,,,1
FP.CPI.TOTL,ROU,Romania,1990,0.0233889258989871,,,1
FP.CPI.TOTL,ROU,Romania,1991,0.0773290503375852,,,1
FP.CPI.TOTL,ROU,Romania,1992,0.240652325496378,,,1
FP.CPI.TOTL,ROU,Romania,1993,0.854717312378456,,,1
FP.CPI.TOTL,ROU,Romania,1994,2.02362351907569,,,1
FP.CPI.TOTL,ROU,Romania,1995,2.67609002312054,,,1
FP.CPI.TOTL,ROU,Romania,1996,3.71519708228181,,,1
FP.CPI.TOTL,ROU,Romania,1997,9.46496539188933,,,1
FP.CPI.TOTL,ROU,Romania,1998,15.0584364973557,,,1
FP.CPI.TOTL,ROU,Romania,1999,21.9557697926016,,,1
FP.CPI.TOTL,ROU,Romania,2000,31.9822220530293,,,1
FP.CPI.TOTL,ROU,Romania,2001,43.0087366998496,,,1
FP.CPI.TOTL,ROU,Romania,2002,52.7028570340903,,,1
FP.CPI.TOTL,ROU,Romania,2003,60.7524221025182,,,1
FP.CPI.TOTL,ROU,Romania,2004,67.9663855949141,,,1
FP.CPI.TOTL,ROU,Romania,2005,74.0934960123342,,,1
FP.CPI.TOTL,ROU,Romania,2006,78.952928412357,,,1
FP.CPI.TOTL,ROU,Romania,2007,82.7721415383444,,,1
FP.CPI.TOTL,ROU,Romania,2008,89.2704189428403,,,1
FP.CPI.TOTL,ROU,Romania,2009,94.2583322230047,,,1
FP.CPI.TOTL,ROU,Romania,2010,100.0,,,1
FP.CPI.TOTL,ROU,Romania,2011,105.789253288159,,,1
FP.CPI.TOTL,ROU,Romania,2012,109.317243085825,,,1
FP.CPI.TOTL,ROU,Romania,2013,113.673220777738,,,1
FP.CPI.TOTL,ROU,Romania,2014,114.887603022632,,,1
FP.CPI.TOTL,ROU,Romania,2015,114.204990933389,,,1
FP.CPI.TOTL,ROU,Romania,2016,112.440756038601,,,1
FP.CPI.TOTL,ROU,Romania,2017,113.946361611816,,,1
FP.CPI.TOTL,ROU,Romania,2018,119.216932828292,,,1
FP.CPI.TOTL,ROU,Romania,2019,123.780383348878,,,1
FP.CPI.TOTL,ROU,Romania,2020,127.037135732912,,,1
FP.CPI.TOTL,ROU,Romania,2021,133.455469478653,,,1
FP.CPI.TOTL,ROU,Romania,2022,151.866303747835,,,1
FP.CPI.TOTL,ROU,Romania,2023,167.656128062128,,,1
FP.CPI.TOTL,ROU,Romania,2024,177.248415402478,,,1
FP.CPI.TOTL,ROU,Romania,2025,189.990863581857,,,1
FP.CPI.TOTL,RUS,Russian Federation,1992,0.053595784106737,,,1
FP.CPI.TOTL,RUS,Russian Federation,1993,0.52215463296409,,,1
FP.CPI.TOTL,RUS,Russian Federation,1994,2.12894263118429,,,1
FP.CPI.TOTL,RUS,Russian Federation,1995,6.33177914447035,,,1
FP.CPI.TOTL,RUS,Russian Federation,1996,9.35533109407782,,,1
FP.CPI.TOTL,RUS,Russian Federation,1997,10.7363023210616,,,1
FP.CPI.TOTL,RUS,Russian Federation,1998,13.7087206048547,,,1
FP.CPI.TOTL,RUS,Russian Federation,1999,25.4634679089422,,,1
FP.CPI.TOTL,RUS,Russian Federation,2000,30.7595536540075,,,1
FP.CPI.TOTL,RUS,Russian Federation,2001,37.3657852105703,,,1
FP.CPI.TOTL,RUS,Russian Federation,2002,43.2653684455772,,,1
FP.CPI.TOTL,RUS,Russian Federation,2003,49.1768425137193,,,1
FP.CPI.TOTL,RUS,Russian Federation,2004,54.5315199244747,,,1
FP.CPI.TOTL,RUS,Russian Federation,2005,61.4490089758499,,,1
FP.CPI.TOTL,RUS,Russian Federation,2006,67.3903013768284,,,1
FP.CPI.TOTL,RUS,Russian Federation,2007,73.4603471089943,,,1
FP.CPI.TOTL,RUS,Russian Federation,2008,83.8261661028973,,,1
FP.CPI.TOTL,RUS,Russian Federation,2009,93.5896759401721,,,1
FP.CPI.TOTL,RUS,Russian Federation,2010,100.0,,,1
FP.CPI.TOTL,RUS,Russian Federation,2011,108.440464859326,,,1
FP.CPI.TOTL,RUS,Russian Federation,2012,113.943539767608,,,1
FP.CPI.TOTL,RUS,Russian Federation,2013,121.640047972666,,,1
FP.CPI.TOTL,RUS,Russian Federation,2014,131.152506147458,,,1
FP.CPI.TOTL,RUS,Russian Federation,2015,151.526255807896,,,1
FP.CPI.TOTL,RUS,Russian Federation,2016,162.19739729671,,,1
FP.CPI.TOTL,RUS,Russian Federation,2017,168.171663863806,,,1
FP.CPI.TOTL,RUS,Russian Federation,2018,173.012172116464,,,1
FP.CPI.TOTL,RUS,Russian Federation,2019,180.749321987511,,,1
FP.CPI.TOTL,RUS,Russian Federation,2020,186.862621885623,,,1
FP.CPI.TOTL,RUS,Russian Federation,2021,199.372063343799,,,1
FP.CPI.TOTL,RUS,Russian Federation,2022,226.773121220448,,,1
FP.CPI.TOTL,RUS,Russian Federation,2023,240.07499599875,,,1
FP.CPI.TOTL,RUS,Russian Federation,2024,260.32499566125,,,1
FP.CPI.TOTL,RUS,Russian Federation,2025,283.024995282917,,,1
FP.CPI.TOTL,RWA,Rwanda,1990,12.3046994136371,,,1
FP.CPI.TOTL,RWA,Rwanda,1991,14.7209936405104,,,1
FP.CPI.TOTL,RWA,Rwanda,1992,16.1283812647841,,,1
FP.CPI.TOTL,RWA,Rwanda,1993,18.1209441874216,,,1
FP.CPI.TOTL,RWA,Rwanda,1995,36.0488815275135,,,1
FP.CPI.TOTL,RWA,Rwanda,1996,38.7205981439233,,,1
FP.CPI.TOTL,RWA,Rwanda,1997,43.3730416130199,,,1
FP.CPI.TOTL,RWA,Rwanda,1998,46.066536598139,,,1
FP.CPI.TOTL,RWA,Rwanda,1999,44.9582070079535,,,1
FP.CPI.TOTL,RWA,Rwanda,2000,46.7113656890543,,,1
FP.CPI.TOTL,RWA,Rwanda,2001,48.2728589440866,,,1
FP.CPI.TOTL,RWA,Rwanda,2002,49.2347368954152,,,1
FP.CPI.TOTL,RWA,Rwanda,2003,52.9025771588778,,,1
FP.CPI.TOTL,RWA,Rwanda,2004,59.3835186222589,,,1
FP.CPI.TOTL,RWA,Rwanda,2005,64.7364019496396,,,1
FP.CPI.TOTL,RWA,Rwanda,2006,70.4868242480993,,,1
FP.CPI.TOTL,RWA,Rwanda,2007,76.8875368460958,,,1
FP.CPI.TOTL,RWA,Rwanda,2008,88.7575992244827,,,1
FP.CPI.TOTL,RWA,Rwanda,2009,100.246735981484,,,1
FP.CPI.TOTL,RWA,Rwanda,2010,100.0,,,1
FP.CPI.TOTL,RWA,Rwanda,2011,103.080170692403,,,1
FP.CPI.TOTL,RWA,Rwanda,2012,113.66755381768,,,1
FP.CPI.TOTL,RWA,Rwanda,2013,120.401525107651,,,1
FP.CPI.TOTL,RWA,Rwanda,2014,123.236367612123,,,1
FP.CPI.TOTL,RWA,Rwanda,2015,126.35240266948,,,1
FP.CPI.TOTL,RWA,Rwanda,2016,135.417357450773,,,1
FP.CPI.TOTL,RWA,Rwanda,2017,146.629287289695,,,1
FP.CPI.TOTL,RWA,Rwanda,2018,146.172962049541,,,1
FP.CPI.TOTL,RWA,Rwanda,2019,151.066652368989,,,1
FP.CPI.TOTL,RWA,Rwanda,2020,165.947320417633,,,1
FP.CPI.TOTL,RWA,Rwanda,2021,165.297890975286,,,1
FP.CPI.TOTL,RWA,Rwanda,2022,194.537781306206,,,1
FP.CPI.TOTL,RWA,Rwanda,2023,233.035926477338,,,1
FP.CPI.TOTL,RWA,Rwanda,2024,237.161343777664,,,1
FP.CPI.TOTL,RWA,Rwanda,2025,251.184694435628,,,1
FP.CPI.TOTL,SAU,Saudi Arabia,1990,69.7671366388448,,,1
FP.CPI.TOTL,SAU,Saudi Arabia,1991,73.1585946699,,,1
FP.CPI.TOTL,SAU,Saudi Arabia,1992,73.1022581577558,,,1
FP.CPI.TOTL,SAU,Saudi Arabia,1993,73.8740683741256,,,1
FP.CPI.TOTL,SAU,Saudi Arabia,1994,74.2909585639898,,,1
FP.CPI.TOTL,SAU,Saudi Arabia,1995,77.9077626436198,,,1
FP.CPI.TOTL,SAU,Saudi Arabia,1996,78.8598426753228,,,1
FP.CPI.TOTL,SAU,Saudi Arabia,1997,78.9049115525632,,,1
FP.CPI.TOTL,SAU,Saudi Arabia,1998,78.6119638505007,,,1
FP.CPI.TOTL,SAU,Saudi Arabia,1999,77.5634729333793,,,1
FP.CPI.TOTL,SAU,Saudi Arabia,2000,76.690885115392,,,1
FP.CPI.TOTL,SAU,Saudi Arabia,2001,75.8312201349548,,,1
FP.CPI.TOTL,SAU,Saudi Arabia,2002,76.0186646681047,,,1
FP.CPI.TOTL,SAU,Saudi Arabia,2003,76.484047404548,,,1
FP.CPI.TOTL,SAU,Saudi Arabia,2004,76.8783287094505,,,1
FP.CPI.TOTL,SAU,Saudi Arabia,2005,77.2467540092467,,,1
FP.CPI.TOTL,SAU,Saudi Arabia,2006,78.9531526807479,,,1
FP.CPI.TOTL,SAU,Saudi Arabia,2007,82.2437807987369,,,1
FP.CPI.TOTL,SAU,Saudi Arabia,2008,90.3614460659914,,,1
FP.CPI.TOTL,SAU,Saudi Arabia,2009,94.9312256840462,,,1
FP.CPI.TOTL,SAU,Saudi Arabia,2010,100.0,,,1
FP.CPI.TOTL,SAU,Saudi Arabia,2011,105.82621637394,,,1
FP.CPI.TOTL,SAU,Saudi Arabia,2012,108.859481782476,,,1
FP.CPI.TOTL,SAU,Saudi Arabia,2013,112.681584015521,,,1
FP.CPI.TOTL,SAU,Saudi Arabia,2014,115.207740036871,,,1
FP.CPI.TOTL,SAU,Saudi Arabia,2015,116.616377223497,,,1
FP.CPI.TOTL,SAU,Saudi Arabia,2016,119.011060440762,,,1
FP.CPI.TOTL,SAU,Saudi Arabia,2017,118.017501678462,,,1
FP.CPI.TOTL,SAU,Saudi Arabia,2018,120.927746106032,,,1
FP.CPI.TOTL,SAU,Saudi Arabia,2019,119.48509448634,,,1
FP.CPI.TOTL,SAU,Saudi Arabia,2020,123.514549604405,,,1
FP.CPI.TOTL,SAU,Saudi Arabia,2021,127.298158314394,,,1
FP.CPI.TOTL,SAU,Saudi Arabia,2022,130.447608594344,,,1
FP.CPI.TOTL,SAU,Saudi Arabia,2023,133.483235566339,,,1
FP.CPI.TOTL,SAU,Saudi Arabia,2024,135.736327296139,,,1
FP.CPI.TOTL,SAU,Saudi Arabia,2025,138.565355415895,,,1
FP.CPI.TOTL,SDN,Sudan,1990,0.188197496772675,,,1
FP.CPI.TOTL,SDN,Sudan,1991,0.420768438162559,,,1
FP.CPI.TOTL,SDN,Sudan,1992,0.91569507883492,,,1
FP.CPI.TOTL,SDN,Sudan,1993,1.84403063014214,,,1
FP.CPI.TOTL,SDN,Sudan,1994,3.97200775751585,,,1
FP.CPI.TOTL,SDN,Sudan,1995,6.68787572564838,,,1
FP.CPI.TOTL,SDN,Sudan,1996,15.5709648905426,,,1
FP.CPI.TOTL,SDN,Sudan,1997,22.9155612207017,,,1
FP.CPI.TOTL,SDN,Sudan,1998,28.5578028726336,,,1
FP.CPI.TOTL,SDN,Sudan,1999,33.4601625159657,,,1
FP.CPI.TOTL,SDN,Sudan,2000,35.8429473410869,,,1
FP.CPI.TOTL,SDN,Sudan,2001,36.5366143672425,,,1
FP.CPI.TOTL,SDN,Sudan,2002,44.6567761239619,,,1
FP.CPI.TOTL,SDN,Sudan,2003,47.5547472826509,,,1
FP.CPI.TOTL,SDN,Sudan,2004,52.1473690126915,,,1
FP.CPI.TOTL,SDN,Sudan,2005,56.5829463958288,,,1
FP.CPI.TOTL,SDN,Sudan,2006,60.6564262087609,,,1
FP.CPI.TOTL,SDN,Sudan,2007,69.6058433972192,,,1
FP.CPI.TOTL,SDN,Sudan,2008,79.5574760587827,,,1
FP.CPI.TOTL,SDN,Sudan,2009,88.513069171543,,,1
FP.CPI.TOTL,SDN,Sudan,2010,100.0,,,1
FP.CPI.TOTL,SDN,Sudan,2011,118.096617122135,,,1
FP.CPI.TOTL,SDN,Sudan,2012,160.090661009416,,,1
FP.CPI.TOTL,SDN,Sudan,2013,218.559524398243,,,1
FP.CPI.TOTL,SDN,Sudan,2014,299.222507343468,,,1
FP.CPI.TOTL,SDN,Sudan,2015,349.819748489056,,,1
FP.CPI.TOTL,SDN,Sudan,2016,411.913641797515,,,1
FP.CPI.TOTL,SDN,Sudan,2017,545.174403033738,,,1
FP.CPI.TOTL,SDN,Sudan,2018,890.228952120137,,,1
FP.CPI.TOTL,SDN,Sudan,2019,1344.19276243483,,,1
FP.CPI.TOTL,SDN,Sudan,2020,3538.6920569685,,,1
FP.CPI.TOTL,SDN,Sudan,2021,16245.8889681416,,,1
FP.CPI.TOTL,SDN,Sudan,2022,38796.5572974048,,,1
FP.CPI.TOTL,SEN,Senegal,1990,54.0844029175534,,,1
FP.CPI.TOTL,SEN,Senegal,1991,53.1360021372909,,,1
FP.CPI.TOTL,SEN,Senegal,1992,53.0775828399504,,,1
FP.CPI.TOTL,SEN,Senegal,1993,52.7663175213079,,,1
FP.CPI.TOTL,SEN,Senegal,1994,69.8064963143222,,,1
FP.CPI.TOTL,SEN,Senegal,1995,75.2960846612896,,,1
FP.CPI.TOTL,SEN,Senegal,1996,77.3699697168782,,,1
FP.CPI.TOTL,SEN,Senegal,1997,78.7263927770035,,,1
FP.CPI.TOTL,SEN,Senegal,1998,79.637084497535,,,1
FP.CPI.TOTL,SEN,Senegal,1999,80.2958827634513,,,1
FP.CPI.TOTL,SEN,Senegal,2000,80.8836341575528,,,1
FP.CPI.TOTL,SEN,Senegal,2001,83.2895185343412,,,1
FP.CPI.TOTL,SEN,Senegal,2002,85.2362460123422,,,1
FP.CPI.TOTL,SEN,Senegal,2003,85.1919257008151,,,1
FP.CPI.TOTL,SEN,Senegal,2004,85.6304782132255,,,1
FP.CPI.TOTL,SEN,Senegal,2005,87.0959010663482,,,1
FP.CPI.TOTL,SEN,Senegal,2006,88.9356154507228,,,1
FP.CPI.TOTL,SEN,Senegal,2007,94.1412876405036,,,1
FP.CPI.TOTL,SEN,Senegal,2008,101.058038553206,,,1
FP.CPI.TOTL,SEN,Senegal,2009,98.7862321407254,,,1
FP.CPI.TOTL,SEN,Senegal,2010,100.0,,,1
FP.CPI.TOTL,SEN,Senegal,2011,103.40322829787,,,1
FP.CPI.TOTL,SEN,Senegal,2012,104.869722570496,,,1
FP.CPI.TOTL,SEN,Senegal,2013,105.614555041963,,,1
FP.CPI.TOTL,SEN,Senegal,2014,104.46308699624,,,1
FP.CPI.TOTL,SEN,Senegal,2015,104.604333556103,,,1
FP.CPI.TOTL,SEN,Senegal,2016,105.48016989023,,,1
FP.CPI.TOTL,SEN,Senegal,2017,106.870560070658,,,1
FP.CPI.TOTL,SEN,Senegal,2018,107.363218008605,,,1
FP.CPI.TOTL,SEN,Senegal,2019,109.252930368352,,,1
FP.CPI.TOTL,SEN,Senegal,2020,112.031392832995,,,1
FP.CPI.TOTL,SEN,Senegal,2021,114.474038812672,,,1
FP.CPI.TOTL,SEN,Senegal,2022,125.574379147807,,,1
FP.CPI.TOTL,SEN,Senegal,2023,133.032841755522,,,1
FP.CPI.TOTL,SEN,Senegal,2024,134.103095355923,,,1
FP.CPI.TOTL,SEN,Senegal,2025,136.059669170461,,,1
FP.CPI.TOTL,SGP,Singapore,1990,71.8079433732056,,,1
FP.CPI.TOTL,SGP,Singapore,1991,74.2678693321836,,,1
FP.CPI.TOTL,SGP,Singapore,1992,75.9486040842602,,,1
FP.CPI.TOTL,SGP,Singapore,1993,77.6872952070979,,,1
FP.CPI.TOTL,SGP,Singapore,1994,80.0957043920662,,,1
FP.CPI.TOTL,SGP,Singapore,1995,81.4737780968338,,,1
FP.CPI.TOTL,SGP,Singapore,1996,82.6007075283033,,,1
FP.CPI.TOTL,SGP,Singapore,1997,84.2556838933745,,,1
FP.CPI.TOTL,SGP,Singapore,1998,84.0302980070812,,,1
FP.CPI.TOTL,SGP,Singapore,1999,84.0443393301669,,,1
FP.CPI.TOTL,SGP,Singapore,2000,85.1887071616615,,,1
FP.CPI.TOTL,SGP,Singapore,2001,86.0382072083532,,,1
FP.CPI.TOTL,SGP,Singapore,2002,85.7012154542936,,,1
FP.CPI.TOTL,SGP,Singapore,2003,86.136496469954,,,1
FP.CPI.TOTL,SGP,Singapore,2004,87.5687114247075,,,1
FP.CPI.TOTL,SGP,Singapore,2005,87.9409715132846,,,1
FP.CPI.TOTL,SGP,Singapore,2006,88.7901801170006,,,1
FP.CPI.TOTL,SGP,Singapore,2007,90.6634768173707,,,1
FP.CPI.TOTL,SGP,Singapore,2008,96.6793979529335,,,1
FP.CPI.TOTL,SGP,Singapore,2009,97.2489769105807,,,1
FP.CPI.TOTL,SGP,Singapore,2010,100.0,,,1
FP.CPI.TOTL,SGP,Singapore,2011,105.251156246394,,,1
FP.CPI.TOTL,SGP,Singapore,2012,110.072548358175,,,1
FP.CPI.TOTL,SGP,Singapore,2013,112.675101421229,,,1
FP.CPI.TOTL,SGP,Singapore,2014,113.839226269208,,,1
FP.CPI.TOTL,SGP,Singapore,2015,113.245013271312,,,1
FP.CPI.TOTL,SGP,Singapore,2016,112.645030137862,,,1
FP.CPI.TOTL,SGP,Singapore,2017,113.294725208391,,,1
FP.CPI.TOTL,SGP,Singapore,2018,113.79184457918,,,1
FP.CPI.TOTL,SGP,Singapore,2019,114.43798879706,,,1
FP.CPI.TOTL,SGP,Singapore,2020,114.241027439214,,,1
FP.CPI.TOTL,SGP,Singapore,2021,116.886967483067,,,1
FP.CPI.TOTL,SGP,Singapore,2022,124.053253912596,,,1
FP.CPI.TOTL,SGP,Singapore,2023,130.049645358592,,,1
FP.CPI.TOTL,SGP,Singapore,2024,133.157196246749,,,1
FP.CPI.TOTL,SGP,Singapore,2025,134.359603724845,,,1
FP.CPI.TOTL,SLB,Solomon Islands,1990,16.3193593558551,,,1
FP.CPI.TOTL,SLB,Solomon Islands,1991,18.7754442807064,,,1
FP.CPI.TOTL,SLB,Solomon Islands,1992,20.7940224050411,,,1
FP.CPI.TOTL,SLB,Solomon Islands,1993,22.7005561048534,,,1
FP.CPI.TOTL,SLB,Solomon Islands,1994,25.7097492206017,,,1
FP.CPI.TOTL,SLB,Solomon Islands,1995,28.1853974576713,,,1
FP.CPI.TOTL,SLB,Solomon Islands,1996,31.5040466030533,,,1
FP.CPI.TOTL,SLB,Solomon Islands,1997,34.05083415728,,,1
FP.CPI.TOTL,SLB,Solomon Islands,1998,38.2729686369045,,,1
FP.CPI.TOTL,SLB,Solomon Islands,1999,41.3426017165095,,,1
FP.CPI.TOTL,SLB,Solomon Islands,2000,44.6043518575463,,,1
FP.CPI.TOTL,SLB,Solomon Islands,2001,47.6935767050965,,,1
FP.CPI.TOTL,SLB,Solomon Islands,2002,52.9063101697882,,,1
FP.CPI.TOTL,SLB,Solomon Islands,2003,57.2813781749542,,,1
FP.CPI.TOTL,SLB,Solomon Islands,2004,61.2829647650451,,,1
FP.CPI.TOTL,SLB,Solomon Islands,2005,65.7754126435205,,,1
FP.CPI.TOTL,SLB,Solomon Islands,2006,73.1554054054054,,,1
FP.CPI.TOTL,SLB,Solomon Islands,2007,78.7635135135135,,,1
FP.CPI.TOTL,SLB,Solomon Islands,2008,92.4054054054054,,,1
FP.CPI.TOTL,SLB,Solomon Islands,2009,98.9594594594595,,,1
FP.CPI.TOTL,SLB,Solomon Islands,2010,100.0,,,1
FP.CPI.TOTL,SLB,Solomon Islands,2011,107.34270706018,,,1
FP.CPI.TOTL,SLB,Solomon Islands,2012,113.688814368881,,,1
FP.CPI.TOTL,SLB,Solomon Islands,2013,119.818192049045,,,1
FP.CPI.TOTL,SLB,Solomon Islands,2014,126.007882882883,,,1
FP.CPI.TOTL,SLB,Solomon Islands,2015,125.284006297329,,,1
FP.CPI.TOTL,SLB,Solomon Islands,2016,125.926068821616,,,1
FP.CPI.TOTL,SLB,Solomon Islands,2017,126.541452847665,,,1
FP.CPI.TOTL,SLB,Solomon Islands,2018,130.921653412479,,,1
FP.CPI.TOTL,SLB,Solomon Islands,2019,133.062033185591,,,1
FP.CPI.TOTL,SLB,Solomon Islands,2020,137.005392964625,,,1
FP.CPI.TOTL,SLB,Solomon Islands,2021,136.847236823755,,,1
FP.CPI.TOTL,SLB,Solomon Islands,2022,144.398644275693,,,1
FP.CPI.TOTL,SLB,Solomon Islands,2023,152.897744832961,,,1
FP.CPI.TOTL,SLB,Solomon Islands,2024,159.505739939114,,,1
FP.CPI.TOTL,SLB,Solomon Islands,2025,164.872504985982,,,1
FP.CPI.TOTL,SLE,Sierra Leone,2006,71.8537569142683,,,1
FP.CPI.TOTL,SLE,Sierra Leone,2007,80.2247012374466,,,1
FP.CPI.TOTL,SLE,Sierra Leone,2008,86.8120511937253,,,1
FP.CPI.TOTL,SLE,Sierra Leone,2009,93.2960597790084,,,1
FP.CPI.TOTL,SLE,Sierra Leone,2010,100.0,,,1
FP.CPI.TOTL,SLE,Sierra Leone,2011,106.791382919526,,,1
FP.CPI.TOTL,SLE,Sierra Leone,2012,113.826545483452,,,1
FP.CPI.TOTL,SLE,Sierra Leone,2013,120.114470441718,,,1
FP.CPI.TOTL,SLE,Sierra Leone,2014,125.686955139246,,,1
FP.CPI.TOTL,SLE,Sierra Leone,2015,134.094703092292,,,1
FP.CPI.TOTL,SLE,Sierra Leone,2016,148.692334190095,,,1
FP.CPI.TOTL,SLE,Sierra Leone,2017,175.786321842126,,,1
FP.CPI.TOTL,SLE,Sierra Leone,2018,203.964069000238,,,1
FP.CPI.TOTL,SLE,Sierra Leone,2019,234.160947560879,,,1
FP.CPI.TOTL,SLE,Sierra Leone,2020,265.648268369591,,,1
FP.CPI.TOTL,SLE,Sierra Leone,2021,297.191234531916,,,1
FP.CPI.TOTL,SLE,Sierra Leone,2022,378.051882667797,,,1
FP.CPI.TOTL,SLE,Sierra Leone,2023,558.166662231195,,,1
FP.CPI.TOTL,SLE,Sierra Leone,2024,717.990708885698,,,1
FP.CPI.TOTL,SLE,Sierra Leone,2025,771.750275176172,,,1
FP.CPI.TOTL,SLV,El Salvador,1990,32.1716466514274,,,1
FP.CPI.TOTL,SLV,El Salvador,1991,36.8052243223765,,,1
FP.CPI.TOTL,SLV,El Salvador,1992,40.9327393509497,,,1
FP.CPI.TOTL,SLV,El Salvador,1993,48.5080338476723,,,1
FP.CPI.TOTL,SLV,El Salvador,1994,53.6430005217866,,,1
FP.CPI.TOTL,SLV,El Salvador,1995,59.0232091836481,,,1
FP.CPI.TOTL,SLV,El Salvador,1996,64.8009441492231,,,1
FP.CPI.TOTL,SLV,El Salvador,1997,67.7105948513116,,,1
FP.CPI.TOTL,SLV,El Salvador,1998,69.4352241765493,,,1
FP.CPI.TOTL,SLV,El Salvador,1999,69.7926955485205,,,1
FP.CPI.TOTL,SLV,El Salvador,2000,71.3778883660866,,,1
FP.CPI.TOTL,SLV,El Salvador,2001,74.0551448887225,,,1
FP.CPI.TOTL,SLV,El Salvador,2002,75.4366621571424,,,1
FP.CPI.TOTL,SLV,El Salvador,2003,77.0362142898618,,,1
FP.CPI.TOTL,SLV,El Salvador,2004,80.4658233511808,,,1
FP.CPI.TOTL,SLV,El Salvador,2005,84.2404338528895,,,1
FP.CPI.TOTL,SLV,El Salvador,2006,87.6413242839019,,,1
FP.CPI.TOTL,SLV,El Salvador,2007,91.6536192390676,,,1
FP.CPI.TOTL,SLV,El Salvador,2008,97.8016733849086,,,1
FP.CPI.TOTL,SLV,El Salvador,2009,98.8344104457927,,,1
FP.CPI.TOTL,SLV,El Salvador,2010,100.0,,,1
FP.CPI.TOTL,SLV,El Salvador,2011,105.128923766816,,,1
FP.CPI.TOTL,SLV,El Salvador,2012,106.947375362701,,,1
FP.CPI.TOTL,SLV,El Salvador,2013,107.75768266948,,,1
FP.CPI.TOTL,SLV,El Salvador,2014,108.987569242944,,,1
FP.CPI.TOTL,SLV,El Salvador,2015,108.19045106832,,,1
FP.CPI.TOTL,SLV,El Salvador,2016,108.843974500215,,,1
FP.CPI.TOTL,SLV,El Salvador,2017,109.945860865916,,,1
FP.CPI.TOTL,SLV,El Salvador,2018,111.144633577093,,,1
FP.CPI.TOTL,SLV,El Salvador,2019,111.228352310936,,,1
FP.CPI.TOTL,SLV,El Salvador,2020,110.815038640419,,,1
FP.CPI.TOTL,SLV,El Salvador,2021,114.656913864201,,,1
FP.CPI.TOTL,SLV,El Salvador,2022,122.910624989713,,,1
FP.CPI.TOTL,SLV,El Salvador,2023,127.883032020654,,,1
FP.CPI.TOTL,SLV,El Salvador,2024,128.974874703245,,,1
FP.CPI.TOTL,SLV,El Salvador,2025,129.307075969401,,,1
FP.CPI.TOTL,SMR,San Marino,2003,84.7335158901036,,,1
FP.CPI.TOTL,SMR,San Marino,2004,85.9459158148515,,,1
FP.CPI.TOTL,SMR,San Marino,2005,87.3945246904551,,,1
FP.CPI.TOTL,SMR,San Marino,2006,89.2256666457635,,,1
FP.CPI.TOTL,SMR,San Marino,2007,91.455367656793,,,1
FP.CPI.TOTL,SMR,San Marino,2008,95.3817317809043,,,1
FP.CPI.TOTL,SMR,San Marino,2009,97.4797410759698,,,1
FP.CPI.TOTL,SMR,San Marino,2010,100.0,,,1
FP.CPI.TOTL,SMR,San Marino,2011,102.899795843001,,,1
FP.CPI.TOTL,SMR,San Marino,2012,105.809114948055,,,1
FP.CPI.TOTL,SMR,San Marino,2013,107.506708961308,,,1
FP.CPI.TOTL,SMR,San Marino,2014,108.703218890836,,,1
FP.CPI.TOTL,SMR,San Marino,2015,108.861584341925,,,1
FP.CPI.TOTL,SMR,San Marino,2016,109.562734961782,,,1
FP.CPI.TOTL,SMR,San Marino,2017,110.673846957294,,,1
FP.CPI.TOTL,SMR,San Marino,2018,111.961354801522,,,1
FP.CPI.TOTL,SMR,San Marino,2019,112.490542347666,,,1
FP.CPI.TOTL,SMR,San Marino,2020,112.340514950563,,,1
FP.CPI.TOTL,SMR,San Marino,2021,114.155391827031,,,1
FP.CPI.TOTL,SMR,San Marino,2022,120.234683809026,,,1
FP.CPI.TOTL,SMR,San Marino,2023,127.366895341597,,,1
FP.CPI.TOTL,SMR,San Marino,2024,128.949002438317,,,1
FP.CPI.TOTL,SMR,San Marino,2025,131.908633817527,,,1
FP.CPI.TOTL,SRB,Serbia,1994,1.41343712714647,,,1
FP.CPI.TOTL,SRB,Serbia,1995,2.58179153828252,,,1
FP.CPI.TOTL,SRB,Serbia,1996,5.05000815938951,,,1
FP.CPI.TOTL,SRB,Serbia,1997,6.22705730102704,,,1
FP.CPI.TOTL,SRB,Serbia,1998,8.10511908934622,,,1
FP.CPI.TOTL,SRB,Serbia,1999,11.546058685306,,,1
FP.CPI.TOTL,SRB,Serbia,2000,19.7576882232954,,,1
FP.CPI.TOTL,SRB,Serbia,2001,38.528524534673,,,1
FP.CPI.TOTL,SRB,Serbia,2002,46.038054584668,,,1
FP.CPI.TOTL,SRB,Serbia,2003,50.5848552162845,,,1
FP.CPI.TOTL,SRB,Serbia,2004,56.1625248329823,,,1
FP.CPI.TOTL,SRB,Serbia,2005,65.215912967646,,,1
FP.CPI.TOTL,SRB,Serbia,2006,72.8618416023829,,,1
FP.CPI.TOTL,SRB,Serbia,2007,77.5189566272369,,,1
FP.CPI.TOTL,SRB,Serbia,2008,87.1398240824992,,,1
FP.CPI.TOTL,SRB,Serbia,2009,94.2129208371247,,,1
FP.CPI.TOTL,SRB,Serbia,2010,100.0,,,1
FP.CPI.TOTL,SRB,Serbia,2011,111.137397634213,,,1
FP.CPI.TOTL,SRB,Serbia,2012,119.284197755535,,,1
FP.CPI.TOTL,SRB,Serbia,2013,128.462238398544,,,1
FP.CPI.TOTL,SRB,Serbia,2014,131.137397634213,,,1
FP.CPI.TOTL,SRB,Serbia,2015,132.963299969669,,,1
FP.CPI.TOTL,SRB,Serbia,2016,134.455565665757,,,1
FP.CPI.TOTL,SRB,Serbia,2017,138.665453442523,,,1
FP.CPI.TOTL,SRB,Serbia,2018,141.383075523203,,,1
FP.CPI.TOTL,SRB,Serbia,2019,143.997573551714,,,1
FP.CPI.TOTL,SRB,Serbia,2020,146.266302699424,,,1
FP.CPI.TOTL,SRB,Serbia,2021,152.241431604489,,,1
FP.CPI.TOTL,SRB,Serbia,2022,170.482256596906,,,1
FP.CPI.TOTL,SRB,Serbia,2023,191.574158325751,,,1
FP.CPI.TOTL,SRB,Serbia,2024,200.521686381559,,,1
FP.CPI.TOTL,SRB,Serbia,2025,208.322717622081,,,1
FP.CPI.TOTL,SSD,South Sudan,2008,94.1314235704513,,,1
FP.CPI.TOTL,SSD,South Sudan,2009,98.8439001924031,,,1
FP.CPI.TOTL,SSD,South Sudan,2010,100.0,,,1
FP.CPI.TOTL,SSD,South Sudan,2011,146.85217571936,,,1
FP.CPI.TOTL,SSD,South Sudan,2012,213.707947209018,,,1
FP.CPI.TOTL,SSD,South Sudan,2013,213.583802171517,,,1
FP.CPI.TOTL,SSD,South Sudan,2014,217.159833769899,,,1
FP.CPI.TOTL,SSD,South Sudan,2015,331.74710919474,,,1
FP.CPI.TOTL,SSD,South Sudan,2016,1592.38474945444,,,1
FP.CPI.TOTL,SSD,South Sudan,2017,4583.7054616258,,,1
FP.CPI.TOTL,SSD,South Sudan,2018,8411.16962950085,,,1
FP.CPI.TOTL,SSD,South Sudan,2019,15749.1887552482,,,1
FP.CPI.TOTL,SSD,South Sudan,2020,20422.8933712573,,,1
FP.CPI.TOTL,SSD,South Sudan,2021,22570.7110312611,,,1
FP.CPI.TOTL,SSD,South Sudan,2022,21061.3351456807,,,1
FP.CPI.TOTL,SSD,South Sudan,2023,21563.1855553078,,,1
FP.CPI.TOTL,SSD,South Sudan,2024,41280.7396930496,,,1
FP.CPI.TOTL,STP,Sao Tome and Principe,1996,8.64459741756038,,,1
FP.CPI.TOTL,STP,Sao Tome and Principe,1997,11.7408482831257,,,1
FP.CPI.TOTL,STP,Sao Tome and Principe,1998,17.6691707447645,,,1
FP.CPI.TOTL,STP,Sao Tome and Principe,1999,19.9176039987665,,,1
FP.CPI.TOTL,STP,Sao Tome and Principe,2000,22.3493334419534,,,1
FP.CPI.TOTL,STP,Sao Tome and Principe,2001,24.4103972581218,,,1
FP.CPI.TOTL,STP,Sao Tome and Principe,2002,26.8828591877943,,,1
FP.CPI.TOTL,STP,Sao Tome and Principe,2003,29.5153416000885,,,1
FP.CPI.TOTL,STP,Sao Tome and Principe,2004,33.4367162633182,,,1
FP.CPI.TOTL,STP,Sao Tome and Principe,2005,39.1718503604826,,,1
FP.CPI.TOTL,STP,Sao Tome and Principe,2006,48.2115528969528,,,1
FP.CPI.TOTL,STP,Sao Tome and Principe,2007,57.1540793585216,,,1
FP.CPI.TOTL,STP,Sao Tome and Principe,2008,75.4377287565537,,,1
FP.CPI.TOTL,STP,Sao Tome and Principe,2009,88.2300633564732,,,1
FP.CPI.TOTL,STP,Sao Tome and Principe,2010,100.0,,,1
FP.CPI.TOTL,STP,Sao Tome and Principe,2011,114.32716676168,,,1
FP.CPI.TOTL,STP,Sao Tome and Principe,2012,126.489216841458,,,1
FP.CPI.TOTL,STP,Sao Tome and Principe,2013,136.74222115324,,,1
FP.CPI.TOTL,STP,Sao Tome and Principe,2014,146.312124734434,,,1
FP.CPI.TOTL,STP,Sao Tome and Principe,2015,153.987480809631,,,1
FP.CPI.TOTL,STP,Sao Tome and Principe,2016,162.349801230772,,,1
FP.CPI.TOTL,STP,Sao Tome and Principe,2017,171.587985799762,,,1
FP.CPI.TOTL,STP,Sao Tome and Principe,2018,185.089551682324,,,1
FP.CPI.TOTL,STP,Sao Tome and Principe,2019,199.378919008272,,,1
FP.CPI.TOTL,STP,Sao Tome and Principe,2020,218.956588859877,,,1
FP.CPI.TOTL,STP,Sao Tome and Principe,2021,236.774773301467,,,1
FP.CPI.TOTL,STP,Sao Tome and Principe,2022,279.407575020066,,,1
FP.CPI.TOTL,STP,Sao Tome and Principe,2023,338.806590676412,,,1
FP.CPI.TOTL,STP,Sao Tome and Principe,2024,387.431866451361,,,1
FP.CPI.TOTL,STP,Sao Tome and Principe,2025,430.233154825228,,,1
FP.CPI.TOTL,SUR,Suriname,1990,0.104248069950216,,,1
FP.CPI.TOTL,SUR,Suriname,1991,0.13131864842779,,,1
FP.CPI.TOTL,SUR,Suriname,1992,0.188660483703587,,,1
FP.CPI.TOTL,SUR,Suriname,1993,0.459410084109095,,,1
FP.CPI.TOTL,SUR,Suriname,1994,2.15223548947612,,,1
FP.CPI.TOTL,SUR,Suriname,1995,7.22201590607968,,,1
FP.CPI.TOTL,SUR,Suriname,1996,7.17132549713702,,,1
FP.CPI.TOTL,SUR,Suriname,1997,7.68372470774061,,,1
FP.CPI.TOTL,SUR,Suriname,1998,9.14173983930358,,,1
FP.CPI.TOTL,SUR,Suriname,1999,18.1713188873545,,,1
FP.CPI.TOTL,SUR,Suriname,2000,28.9653887739275,,,1
FP.CPI.TOTL,SUR,Suriname,2001,40.1420570738996,,,1
FP.CPI.TOTL,SUR,Suriname,2002,46.3750744098841,,,1
FP.CPI.TOTL,SUR,Suriname,2003,57.0423766982833,,,1
FP.CPI.TOTL,SUR,Suriname,2004,62.7388138914057,,,1
FP.CPI.TOTL,SUR,Suriname,2005,68.9487047618276,,,1
FP.CPI.TOTL,SUR,Suriname,2006,76.7270179758082,,,1
FP.CPI.TOTL,SUR,Suriname,2007,81.6577104837958,,,1
FP.CPI.TOTL,SUR,Suriname,2008,93.6345634417659,,,1
FP.CPI.TOTL,SUR,Suriname,2009,93.5094333510162,,,1
FP.CPI.TOTL,SUR,Suriname,2010,100.0,,,1
FP.CPI.TOTL,SUR,Suriname,2011,117.711779641456,,,1
FP.CPI.TOTL,SUR,Suriname,2012,123.605447410941,,,1
FP.CPI.TOTL,SUR,Suriname,2013,125.982919135185,,,1
FP.CPI.TOTL,SUR,Suriname,2014,130.245441255674,,,1
FP.CPI.TOTL,SUR,Suriname,2015,139.224436408402,,,1
FP.CPI.TOTL,SUR,Suriname,2016,216.37202126887,,,1
FP.CPI.TOTL,SUR,Suriname,2017,263.967251492829,,,1
FP.CPI.TOTL,SUR,Suriname,2019,294.682234318514,,,1
FP.CPI.TOTL,SUR,Suriname,2020,397.496230269416,,,1
FP.CPI.TOTL,SUR,Suriname,2021,632.494660552573,,,1
FP.CPI.TOTL,SUR,Suriname,2022,964.212982746744,,,1
FP.CPI.TOTL,SUR,Suriname,2023,1461.62458068448,,,1
FP.CPI.TOTL,SUR,Suriname,2024,1698.84063621997,,,1
FP.CPI.TOTL,SUR,Suriname,2025,1855.22687055018,,,1
FP.CPI.TOTL,SVK,Slovak Republic,1991,26.1186567991574,,,1
FP.CPI.TOTL,SVK,Slovak Republic,1992,28.7027074671545,,,1
FP.CPI.TOTL,SVK,Slovak Republic,1993,35.3867148955042,,,1
FP.CPI.TOTL,SVK,Slovak Republic,1994,40.1340268307556,,,1
FP.CPI.TOTL,SVK,Slovak Republic,1995,44.0836548589168,,,1
FP.CPI.TOTL,SVK,Slovak Republic,1996,46.6298508786518,,,1
FP.CPI.TOTL,SVK,Slovak Republic,1997,49.4938516547481,,,1
FP.CPI.TOTL,SVK,Slovak Republic,1998,52.7929391873163,,,1
FP.CPI.TOTL,SVK,Slovak Republic,1999,58.3733859970065,,,1
FP.CPI.TOTL,SVK,Slovak Republic,2000,65.399078662897,,,1
FP.CPI.TOTL,SVK,Slovak Republic,2001,70.1925827374022,,,1
FP.CPI.TOTL,SVK,Slovak Republic,2002,72.3876046344032,,,1
FP.CPI.TOTL,SVK,Slovak Republic,2003,78.5797438882421,,,1
FP.CPI.TOTL,SVK,Slovak Republic,2004,84.5113365485892,,,1
FP.CPI.TOTL,SVK,Slovak Republic,2005,86.8008204445922,,,1
FP.CPI.TOTL,SVK,Slovak Republic,2006,90.6923887133433,,,1
FP.CPI.TOTL,SVK,Slovak Republic,2007,93.1925273019568,,,1
FP.CPI.TOTL,SVK,Slovak Republic,2008,97.4776872332169,,,1
FP.CPI.TOTL,SVK,Slovak Republic,2009,99.0520538832529,,,1
FP.CPI.TOTL,SVK,Slovak Republic,2010,100.0,,,1
FP.CPI.TOTL,SVK,Slovak Republic,2011,103.919285991463,,,1
FP.CPI.TOTL,SVK,Slovak Republic,2012,107.666722102112,,,1
FP.CPI.TOTL,SVK,Slovak Republic,2013,109.174566217639,,,1
FP.CPI.TOTL,SVK,Slovak Republic,2014,109.091413049504,,,1
FP.CPI.TOTL,SVK,Slovak Republic,2015,108.736626198791,,,1
FP.CPI.TOTL,SVK,Slovak Republic,2016,108.171184655469,,,1
FP.CPI.TOTL,SVK,Slovak Republic,2017,109.590332058318,,,1
FP.CPI.TOTL,SVK,Slovak Republic,2018,112.345473695881,,,1
FP.CPI.TOTL,SVK,Slovak Republic,2019,115.338987748766,,,1
FP.CPI.TOTL,SVK,Slovak Republic,2020,117.573036199346,,,1
FP.CPI.TOTL,SVK,Slovak Republic,2021,121.276123953656,,,1
FP.CPI.TOTL,SVK,Slovak Republic,2022,136.768113531792,,,1
FP.CPI.TOTL,SVK,Slovak Republic,2023,151.172459670713,,,1
FP.CPI.TOTL,SVK,Slovak Republic,2024,155.341205166584,,,1
FP.CPI.TOTL,SVK,Slovak Republic,2025,161.555518598592,,,1
FP.CPI.TOTL,SVN,Slovenia,1990,3.72005350284731,,,1
FP.CPI.TOTL,SVN,Slovenia,1991,7.99190014567607,,,1
FP.CPI.TOTL,SVN,Slovenia,1992,24.7695943142189,,,1
FP.CPI.TOTL,SVN,Slovenia,1993,32.6369452169691,,,1
FP.CPI.TOTL,SVN,Slovenia,1994,39.4880333730632,,,1
FP.CPI.TOTL,SVN,Slovenia,1995,44.8045954178255,,,1
FP.CPI.TOTL,SVN,Slovenia,1996,49.2243226062773,,,1
FP.CPI.TOTL,SVN,Slovenia,1997,53.3393184125723,,,1
FP.CPI.TOTL,SVN,Slovenia,1998,57.5484130137289,,,1
FP.CPI.TOTL,SVN,Slovenia,1999,61.0908559572684,,,1
FP.CPI.TOTL,SVN,Slovenia,2000,66.5351167615768,,,1
FP.CPI.TOTL,SVN,Slovenia,2001,72.1105372356862,,,1
FP.CPI.TOTL,SVN,Slovenia,2002,77.5049662296385,,,1
FP.CPI.TOTL,SVN,Slovenia,2003,81.80196883415,,,1
FP.CPI.TOTL,SVN,Slovenia,2004,84.7410938948484,,,1
FP.CPI.TOTL,SVN,Slovenia,2005,86.8185229329449,,,1
FP.CPI.TOTL,SVN,Slovenia,2006,88.9524566282612,,,1
FP.CPI.TOTL,SVN,Slovenia,2007,92.2058888447446,,,1
FP.CPI.TOTL,SVN,Slovenia,2008,97.4131461616563,,,1
FP.CPI.TOTL,SVN,Slovenia,2009,98.2306979208052,,,1
FP.CPI.TOTL,SVN,Slovenia,2010,100.0,,,1
FP.CPI.TOTL,SVN,Slovenia,2011,101.802851719419,,,1
FP.CPI.TOTL,SVN,Slovenia,2012,104.447093100252,,,1
FP.CPI.TOTL,SVN,Slovenia,2013,106.294971968393,,,1
FP.CPI.TOTL,SVN,Slovenia,2014,106.506864432967,,,1
FP.CPI.TOTL,SVN,Slovenia,2015,105.947115172383,,,1
FP.CPI.TOTL,SVN,Slovenia,2016,105.888844744625,,,1
FP.CPI.TOTL,SVN,Slovenia,2017,107.402110095793,,,1
FP.CPI.TOTL,SVN,Slovenia,2018,109.269412439853,,,1
FP.CPI.TOTL,SVN,Slovenia,2019,111.051074912815,,,1
FP.CPI.TOTL,SVN,Slovenia,2020,110.99015582925,,,1
FP.CPI.TOTL,SVN,Slovenia,2021,113.117909327683,,,1
FP.CPI.TOTL,SVN,Slovenia,2022,123.110404802896,,,1
FP.CPI.TOTL,SVN,Slovenia,2023,132.278285436807,,,1
FP.CPI.TOTL,SVN,Slovenia,2024,134.878382554187,,,1
FP.CPI.TOTL,SVN,Slovenia,2025,138.078841654527,,,1
FP.CPI.TOTL,SWE,Sweden,1990,68.6271754732524,,,1
FP.CPI.TOTL,SWE,Sweden,1991,75.1087564434232,,,1
FP.CPI.TOTL,SWE,Sweden,1992,76.8921141591385,,,1
FP.CPI.TOTL,SWE,Sweden,1993,80.5277063755107,,,1
FP.CPI.TOTL,SWE,Sweden,1994,82.2656054131643,,,1
FP.CPI.TOTL,SWE,Sweden,1995,84.2853482548001,,,1
FP.CPI.TOTL,SWE,Sweden,1996,84.7347003997609,,,1
FP.CPI.TOTL,SWE,Sweden,1997,85.2926023577901,,,1
FP.CPI.TOTL,SWE,Sweden,1998,85.0647579532024,,,1
FP.CPI.TOTL,SWE,Sweden,1999,85.4579066416507,,,1
FP.CPI.TOTL,SWE,Sweden,2000,86.2262960544623,,,1
FP.CPI.TOTL,SWE,Sweden,2001,88.3008648169117,,,1
FP.CPI.TOTL,SWE,Sweden,2002,90.2068232098235,,,1
FP.CPI.TOTL,SWE,Sweden,2003,91.9438957260577,,,1
FP.CPI.TOTL,SWE,Sweden,2004,92.2874531293479,,,1
FP.CPI.TOTL,SWE,Sweden,2005,92.705672967515,,,1
FP.CPI.TOTL,SWE,Sweden,2006,93.966669146231,,,1
FP.CPI.TOTL,SWE,Sweden,2007,96.045370515777,,,1
FP.CPI.TOTL,SWE,Sweden,2008,99.3464970644715,,,1
FP.CPI.TOTL,SWE,Sweden,2009,98.8552678342659,,,1
FP.CPI.TOTL,SWE,Sweden,2010,100.0,,,1
FP.CPI.TOTL,SWE,Sweden,2011,102.961150738221,,,1
FP.CPI.TOTL,SWE,Sweden,2012,103.87583444225,,,1
FP.CPI.TOTL,SWE,Sweden,2013,103.829824749908,,,1
FP.CPI.TOTL,SWE,Sweden,2014,103.643306416286,,,1
FP.CPI.TOTL,SWE,Sweden,2015,103.594817159687,,,1
FP.CPI.TOTL,SWE,Sweden,2016,104.614469083966,,,1
FP.CPI.TOTL,SWE,Sweden,2017,106.491774734342,,,1
FP.CPI.TOTL,SWE,Sweden,2018,108.572129146727,,,1
FP.CPI.TOTL,SWE,Sweden,2019,110.509219846432,,,1
FP.CPI.TOTL,SWE,Sweden,2020,111.058856590269,,,1
FP.CPI.TOTL,SWE,Sweden,2021,113.461278849041,,,1
FP.CPI.TOTL,SWE,Sweden,2022,122.957183435409,,,1
FP.CPI.TOTL,SWE,Sweden,2023,133.46833183182,,,1
FP.CPI.TOTL,SWE,Sweden,2024,137.253248917946,,,1
FP.CPI.TOTL,SWE,Sweden,2025,138.186391600338,,,1
FP.CPI.TOTL,SWZ,Eswatini,1990,20.4571834673624,,,1
FP.CPI.TOTL,SWZ,Eswatini,1991,22.2848909537894,,,1
FP.CPI.TOTL,SWZ,Eswatini,1992,23.9692488334379,,,1
FP.CPI.TOTL,SWZ,Eswatini,1993,26.851173219716,,,1
FP.CPI.TOTL,SWZ,Eswatini,1994,30.5483984945473,,,1
FP.CPI.TOTL,SWZ,Eswatini,1995,34.3023663220618,,,1
FP.CPI.TOTL,SWZ,Eswatini,1996,36.5063665262829,,,1
FP.CPI.TOTL,SWZ,Eswatini,1997,39.1075645992861,,,1
FP.CPI.TOTL,SWZ,Eswatini,1998,42.2791746492625,,,1
FP.CPI.TOTL,SWZ,Eswatini,1999,44.8534946709947,,,1
FP.CPI.TOTL,SWZ,Eswatini,2000,50.3294496499372,,,1
FP.CPI.TOTL,SWZ,Eswatini,2001,53.3200808213556,,,1
FP.CPI.TOTL,SWZ,Eswatini,2002,59.7290028244156,,,1
FP.CPI.TOTL,SWZ,Eswatini,2003,64.0832471303155,,,1
FP.CPI.TOTL,SWZ,Eswatini,2004,66.2911297197199,,,1
FP.CPI.TOTL,SWZ,Eswatini,2005,69.4558709343716,,,1
FP.CPI.TOTL,SWZ,Eswatini,2006,73.1402544735956,,,1
FP.CPI.TOTL,SWZ,Eswatini,2007,79.0471259920875,,,1
FP.CPI.TOTL,SWZ,Eswatini,2008,89.0524844930228,,,1
FP.CPI.TOTL,SWZ,Eswatini,2009,95.6853221296671,,,1
FP.CPI.TOTL,SWZ,Eswatini,2010,100.0,,,1
FP.CPI.TOTL,SWZ,Eswatini,2011,106.107427145903,,,1
FP.CPI.TOTL,SWZ,Eswatini,2012,115.593056390898,,,1
FP.CPI.TOTL,SWZ,Eswatini,2013,122.090896076668,,,1
FP.CPI.TOTL,SWZ,Eswatini,2014,129.027305806354,,,1
FP.CPI.TOTL,SWZ,Eswatini,2015,135.415763752502,,,1
FP.CPI.TOTL,SWZ,Eswatini,2016,146.042210573467,,,1
FP.CPI.TOTL,SWZ,Eswatini,2017,155.128044574078,,,1
FP.CPI.TOTL,SWZ,Eswatini,2018,162.597555594944,,,1
FP.CPI.TOTL,SWZ,Eswatini,2019,166.821866435163,,,1
FP.CPI.TOTL,SXM,Sint Maarten (Dutch part),2005,89.2838171963047,,,1
FP.CPI.TOTL,SXM,Sint Maarten (Dutch part),2006,89.5522054243497,,,1
FP.CPI.TOTL,SXM,Sint Maarten (Dutch part),2007,93.5215689081184,,,1
FP.CPI.TOTL,SXM,Sint Maarten (Dutch part),2008,93.1307151316165,,,1
FP.CPI.TOTL,SXM,Sint Maarten (Dutch part),2009,98.6791049699908,,,1
FP.CPI.TOTL,SXM,Sint Maarten (Dutch part),2010,100.0,,,1
FP.CPI.TOTL,SXM,Sint Maarten (Dutch part),2011,104.584754356504,,,1
FP.CPI.TOTL,SXM,Sint Maarten (Dutch part),2012,108.784024900347,,,1
FP.CPI.TOTL,SXM,Sint Maarten (Dutch part),2013,111.534789845625,,,1
FP.CPI.TOTL,SXM,Sint Maarten (Dutch part),2014,113.639177693628,,,1
FP.CPI.TOTL,SXM,Sint Maarten (Dutch part),2015,114.01421785026,,,1
FP.CPI.TOTL,SXM,Sint Maarten (Dutch part),2016,114.141551956674,,,1
FP.CPI.TOTL,SXM,Sint Maarten (Dutch part),2017,116.643546314853,,,1
FP.CPI.TOTL,SYC,Seychelles,1990,37.6650542065786,,,1
FP.CPI.TOTL,SYC,Seychelles,1991,38.4133665418086,,,1
FP.CPI.TOTL,SYC,Seychelles,1992,39.660553767192,,,1
FP.CPI.TOTL,SYC,Seychelles,1993,40.2093161463607,,,1
FP.CPI.TOTL,SYC,Seychelles,1994,40.9077409925754,,,1
FP.CPI.TOTL,SYC,Seychelles,1995,40.8079660145447,,,1
FP.CPI.TOTL,SYC,Seychelles,1996,40.3589786134067,,,1
FP.CPI.TOTL,SYC,Seychelles,1997,40.6084160584834,,,1
FP.CPI.TOTL,SYC,Seychelles,1998,41.6560533278054,,,1
FP.CPI.TOTL,SYC,Seychelles,1999,44.3000902456182,,,1
FP.CPI.TOTL,SYC,Seychelles,2000,47.0771604674719,,,1
FP.CPI.TOTL,SYC,Seychelles,2001,49.8874890153359,,,1
FP.CPI.TOTL,SYC,Seychelles,2002,49.9747921211127,,,1
FP.CPI.TOTL,SYC,Seychelles,2003,51.6252365493699,,,1
FP.CPI.TOTL,SYC,Seychelles,2004,53.6165788192322,,,1
FP.CPI.TOTL,SYC,Seychelles,2005,54.1029818371317,,,1
FP.CPI.TOTL,SYC,Seychelles,2006,53.9117464625729,,,1
FP.CPI.TOTL,SYC,Seychelles,2007,56.7801749919595,,,1
FP.CPI.TOTL,SYC,Seychelles,2008,77.7688294329733,,,1
FP.CPI.TOTL,SYC,Seychelles,2009,102.463886316225,,,1
FP.CPI.TOTL,SYC,Seychelles,2010,100.0,,,1
FP.CPI.TOTL,SYC,Seychelles,2011,102.559267722309,,,1
FP.CPI.TOTL,SYC,Seychelles,2012,109.851611765871,,,1
FP.CPI.TOTL,SYC,Seychelles,2013,114.618005623296,,,1
FP.CPI.TOTL,SYC,Seychelles,2014,116.206421540945,,,1
FP.CPI.TOTL,SYC,Seychelles,2015,120.903420148673,,,1
FP.CPI.TOTL,SYC,Seychelles,2016,119.675667780057,,,1
FP.CPI.TOTL,SYC,Seychelles,2017,123.094557177785,,,1
FP.CPI.TOTL,SYC,Seychelles,2018,127.652648173983,,,1
FP.CPI.TOTL,SYC,Seychelles,2019,129.959451530316,,,1
FP.CPI.TOTL,SYC,Seychelles,2020,131.522427900042,,,1
FP.CPI.TOTL,SYC,Seychelles,2021,144.370984575085,,,1
FP.CPI.TOTL,SYC,Seychelles,2022,148.162219077859,,,1
FP.CPI.TOTL,SYC,Seychelles,2023,146.628294313518,,,1
FP.CPI.TOTL,SYC,Seychelles,2024,147.085372904913,,,1
FP.CPI.TOTL,SYC,Seychelles,2025,147.523083759384,,,1
FP.CPI.TOTL,SYR,Syrian Arab Republic,1990,33.3876067915421,,,1
FP.CPI.TOTL,SYR,Syrian Arab Republic,1991,36.3924914027809,,,1
FP.CPI.TOTL,SYR,Syrian Arab Republic,1992,40.3990042177659,,,1
FP.CPI.TOTL,SYR,Syrian Arab Republic,1993,45.7410213044127,,,1
FP.CPI.TOTL,SYR,Syrian Arab Republic,1994,52.7524187306365,,,1
FP.CPI.TOTL,SYR,Syrian Arab Republic,1995,56.9620394869366,,,1
FP.CPI.TOTL,SYR,Syrian Arab Republic,1996,61.6613451428462,,,1
FP.CPI.TOTL,SYR,Syrian Arab Republic,1997,62.8243467794185,,,1
FP.CPI.TOTL,SYR,Syrian Arab Republic,1998,62.3235326775453,,,1
FP.CPI.TOTL,SYR,Syrian Arab Republic,1999,60.0152536894881,,,1
FP.CPI.TOTL,SYR,Syrian Arab Republic,2000,57.7069747014309,,,1
FP.CPI.TOTL,SYR,Syrian Arab Republic,2001,59.4381839424738,,,1
FP.CPI.TOTL,SYR,Syrian Arab Republic,2002,59.3606139726559,,,1
FP.CPI.TOTL,SYR,Syrian Arab Republic,2003,62.8016475245647,,,1
FP.CPI.TOTL,SYR,Syrian Arab Republic,2004,65.5857333402583,,,1
FP.CPI.TOTL,SYR,Syrian Arab Republic,2005,70.3343695863726,,,1
FP.CPI.TOTL,SYR,Syrian Arab Republic,2006,77.3847645397452,,,1
FP.CPI.TOTL,SYR,Syrian Arab Republic,2007,80.4087363386503,,,1
FP.CPI.TOTL,SYR,Syrian Arab Republic,2008,93.0693533820479,,,1
FP.CPI.TOTL,SYR,Syrian Arab Republic,2009,95.7878134427753,,,1
FP.CPI.TOTL,SYR,Syrian Arab Republic,2010,100.0,,,1
FP.CPI.TOTL,SYR,Syrian Arab Republic,2011,104.753163888856,,,1
FP.CPI.TOTL,SYR,Syrian Arab Republic,2012,143.199979473582,,,1
FP.CPI.TOTL,SYR,Syrian Arab Republic,2013,200.525563027711,,,1
FP.CPI.TOTL,SYR,Syrian Arab Republic,2014,222.437220260699,,,1
FP.CPI.TOTL,SYR,Syrian Arab Republic,2015,307.989117541357,,,1
FP.CPI.TOTL,SYR,Syrian Arab Republic,2016,454.915823558951,,,1
FP.CPI.TOTL,SYR,Syrian Arab Republic,2017,537.143085248474,,,1
FP.CPI.TOTL,SYR,Syrian Arab Republic,2018,542.197514899324,,,1
FP.CPI.TOTL,SYR,Syrian Arab Republic,2019,614.947220639849,,,1
FP.CPI.TOTL,TCD,Chad,1990,43.5149809432081,,,1
FP.CPI.TOTL,TCD,Chad,1991,44.9047949234459,,,1
FP.CPI.TOTL,TCD,Chad,1992,43.5068948842132,,,1
FP.CPI.TOTL,TCD,Chad,1993,39.8401627213224,,,1
FP.CPI.TOTL,TCD,Chad,1994,56.4634296756252,,,1
FP.CPI.TOTL,TCD,Chad,1995,61.6751883041599,,,1
FP.CPI.TOTL,TCD,Chad,1996,68.6635292057841,,,1
FP.CPI.TOTL,TCD,Chad,1997,72.4896375947909,,,1
FP.CPI.TOTL,TCD,Chad,1998,75.5768633245147,,,1
FP.CPI.TOTL,TCD,Chad,1999,69.5117749782986,,,1
FP.CPI.TOTL,TCD,Chad,2000,72.1689327009226,,,1
FP.CPI.TOTL,TCD,Chad,2001,81.1404595091695,,,1
FP.CPI.TOTL,TCD,Chad,2002,85.3531252636695,,,1
FP.CPI.TOTL,TCD,Chad,2003,83.8572524976971,,,1
FP.CPI.TOTL,TCD,Chad,2004,79.3663609552153,,,1
FP.CPI.TOTL,TCD,Chad,2005,85.6286570572285,,,1
FP.CPI.TOTL,TCD,Chad,2006,92.5100233876238,,,1
FP.CPI.TOTL,TCD,Chad,2007,84.2074896660977,,,1
FP.CPI.TOTL,TCD,Chad,2008,92.8783145174345,,,1
FP.CPI.TOTL,TCD,Chad,2009,102.121957167557,,,1
FP.CPI.TOTL,TCD,Chad,2010,100.0,,,1
FP.CPI.TOTL,TCD,Chad,2011,102.029240536783,,,1
FP.CPI.TOTL,TCD,Chad,2012,109.698394557456,,,1
FP.CPI.TOTL,TCD,Chad,2013,109.942661688985,,,1
FP.CPI.TOTL,TCD,Chad,2014,111.791867727178,,,1
FP.CPI.TOTL,TCD,Chad,2015,116.685139362731,,,1
FP.CPI.TOTL,TCD,Chad,2016,115.760479031492,,,1
FP.CPI.TOTL,TCD,Chad,2017,113.981125136835,,,1
FP.CPI.TOTL,TCD,Chad,2018,118.853387371944,,,1
FP.CPI.TOTL,TCD,Chad,2019,117.698204738763,,,1
FP.CPI.TOTL,TCD,Chad,2020,122.952422521941,,,1
FP.CPI.TOTL,TCD,Chad,2021,122.00219164626,,,1
FP.CPI.TOTL,TCD,Chad,2022,129.063711291026,,,1
FP.CPI.TOTL,TCD,Chad,2023,143.049515597449,,,1
FP.CPI.TOTL,TCD,Chad,2024,155.780217713041,,,1
FP.CPI.TOTL,TCD,Chad,2025,149.686124814142,,,1
FP.CPI.TOTL,TGO,Togo,1990,39.1655494764284,,,1
FP.CPI.TOTL,TGO,Togo,1991,39.3171521894877,,,1
FP.CPI.TOTL,TGO,Togo,1992,39.8651494026592,,,1
FP.CPI.TOTL,TGO,Togo,1993,39.4637545132106,,,1
FP.CPI.TOTL,TGO,Togo,1994,54.918852892507,,,1
FP.CPI.TOTL,TGO,Togo,1995,63.9439444786246,,,1
FP.CPI.TOTL,TGO,Togo,1996,66.9413168760601,,,1
FP.CPI.TOTL,TGO,Togo,1997,72.4645278394312,,,1
FP.CPI.TOTL,TGO,Togo,1998,73.1713021921239,,,1
FP.CPI.TOTL,TGO,Togo,1999,73.1323650898538,,,1
FP.CPI.TOTL,TGO,Togo,2000,74.4945328767797,,,1
FP.CPI.TOTL,TGO,Togo,2001,77.4144141336075,,,1
FP.CPI.TOTL,TGO,Togo,2002,79.7831547572729,,,1
FP.CPI.TOTL,TGO,Togo,2003,79.0411707126895,,,1
FP.CPI.TOTL,TGO,Togo,2004,79.351864703999,,,1
FP.CPI.TOTL,TGO,Togo,2005,84.7342452917256,,,1
FP.CPI.TOTL,TGO,Togo,2006,86.6229528033106,,,1
FP.CPI.TOTL,TGO,Togo,2007,87.4421229151333,,,1
FP.CPI.TOTL,TGO,Togo,2008,95.0450652277537,,,1
FP.CPI.TOTL,TGO,Togo,2009,98.5746643970598,,,1
FP.CPI.TOTL,TGO,Togo,2010,100.0,,,1
FP.CPI.TOTL,TGO,Togo,2011,103.56351472904,,,1
FP.CPI.TOTL,TGO,Togo,2012,106.232534720517,,,1
FP.CPI.TOTL,TGO,Togo,2013,108.171697841756,,,1
FP.CPI.TOTL,TGO,Togo,2014,108.378170652492,,,1
FP.CPI.TOTL,TGO,Togo,2015,111.179750599295,,,1
FP.CPI.TOTL,TGO,Togo,2016,112.608909002895,,,1
FP.CPI.TOTL,TGO,Togo,2017,111.503213533868,,,1
FP.CPI.TOTL,TGO,Togo,2018,112.537690648103,,,1
FP.CPI.TOTL,TGO,Togo,2019,113.296929295441,,,1
FP.CPI.TOTL,TGO,Togo,2020,115.222166604613,,,1
FP.CPI.TOTL,TGO,Togo,2021,120.045614301505,,,1
FP.CPI.TOTL,TGO,Togo,2022,129.610336993973,,,1
FP.CPI.TOTL,TGO,Togo,2023,136.725018664212,,,1
FP.CPI.TOTL,TGO,Togo,2024,140.63893740649,,,1
FP.CPI.TOTL,TGO,Togo,2025,141.24816200939,,,1
FP.CPI.TOTL,THA,Thailand,1990,49.7590797079438,,,1
FP.CPI.TOTL,THA,Thailand,1991,52.6002498138435,,,1
FP.CPI.TOTL,THA,Thailand,1992,54.7774508189079,,,1
FP.CPI.TOTL,THA,Thailand,1993,56.5917849897949,,,1
FP.CPI.TOTL,THA,Thailand,1994,59.4483962375744,,,1
FP.CPI.TOTL,THA,Thailand,1995,62.9072120186697,,,1
FP.CPI.TOTL,THA,Thailand,1996,66.5590420732635,,,1
FP.CPI.TOTL,THA,Thailand,1997,70.3035189791367,,,1
FP.CPI.TOTL,THA,Thailand,1998,75.9240946234165,,,1
FP.CPI.TOTL,THA,Thailand,1999,76.1402706097349,,,1
FP.CPI.TOTL,THA,Thailand,2000,77.3524002473063,,,1
FP.CPI.TOTL,THA,Thailand,2001,78.6108533105172,,,1
FP.CPI.TOTL,THA,Thailand,2002,79.1590138472533,,,1
FP.CPI.TOTL,THA,Thailand,2003,80.5873194711431,,,1
FP.CPI.TOTL,THA,Thailand,2004,82.8108439018472,,,1
FP.CPI.TOTL,THA,Thailand,2005,86.5707619496003,,,1
FP.CPI.TOTL,THA,Thailand,2006,90.5854588383715,,,1
FP.CPI.TOTL,THA,Thailand,2007,92.615968995577,,,1
FP.CPI.TOTL,THA,Thailand,2008,97.6806635321804,,,1
FP.CPI.TOTL,THA,Thailand,2009,96.854562441607,,,1
FP.CPI.TOTL,THA,Thailand,2010,100.0,,,1
FP.CPI.TOTL,THA,Thailand,2011,103.811916945583,,,1
FP.CPI.TOTL,THA,Thailand,2012,106.936122160392,,,1
FP.CPI.TOTL,THA,Thailand,2013,109.273935115009,,,1
FP.CPI.TOTL,THA,Thailand,2014,111.344191582653,,,1
FP.CPI.TOTL,THA,Thailand,2015,110.344161062901,,,1
FP.CPI.TOTL,THA,Thailand,2016,110.549660722097,,,1
FP.CPI.TOTL,THA,Thailand,2017,111.284169404967,,,1
FP.CPI.TOTL,THA,Thailand,2018,112.471387733095,,,1
FP.CPI.TOTL,THA,Thailand,2019,113.264901268604,,,1
FP.CPI.TOTL,THA,Thailand,2020,112.30658107572,,,1
FP.CPI.TOTL,THA,Thailand,2021,113.689125812588,,,1
FP.CPI.TOTL,THA,Thailand,2022,120.596762871705,,,1
FP.CPI.TOTL,THA,Thailand,2023,122.079005463036,,,1
FP.CPI.TOTL,THA,Thailand,2024,122.565286834797,,,1
FP.CPI.TOTL,THA,Thailand,2025,122.401497502467,,,1
FP.CPI.TOTL,TJK,Tajikistan,2000,28.3487683525653,,,1
FP.CPI.TOTL,TJK,Tajikistan,2001,39.2890936953006,,,1
FP.CPI.TOTL,TJK,Tajikistan,2002,44.1020016949777,,,1
FP.CPI.TOTL,TJK,Tajikistan,2003,51.2921676625248,,,1
FP.CPI.TOTL,TJK,Tajikistan,2004,54.9554363693081,,,1
FP.CPI.TOTL,TJK,Tajikistan,2005,58.852838789187,,,1
FP.CPI.TOTL,TJK,Tajikistan,2006,64.7445171400638,,,1
FP.CPI.TOTL,TJK,Tajikistan,2007,73.2578544393014,,,1
FP.CPI.TOTL,TJK,Tajikistan,2008,88.2541195838244,,,1
FP.CPI.TOTL,TJK,Tajikistan,2009,93.9449524446762,,,1
FP.CPI.TOTL,TJK,Tajikistan,2010,100.0,,,1
FP.CPI.TOTL,TJK,Tajikistan,2011,112.431549043041,,,1
FP.CPI.TOTL,TJK,Tajikistan,2012,118.987619315709,,,1
FP.CPI.TOTL,TJK,Tajikistan,2013,124.948478366802,,,1
FP.CPI.TOTL,TJK,Tajikistan,2014,132.575867830099,,,1
FP.CPI.TOTL,TJK,Tajikistan,2015,140.151994675248,,,1
FP.CPI.TOTL,TJK,Tajikistan,2016,148.56753447088,,,1
FP.CPI.TOTL,TLS,Timor-Leste,2002,66.5193311321761,,,1
FP.CPI.TOTL,TLS,Timor-Leste,2003,71.2855469166047,,,1
FP.CPI.TOTL,TLS,Timor-Leste,2004,73.5934264352587,,,1
FP.CPI.TOTL,TLS,Timor-Leste,2005,74.4115454254981,,,1
FP.CPI.TOTL,TLS,Timor-Leste,2006,77.3405048460967,,,1
FP.CPI.TOTL,TLS,Timor-Leste,2007,85.3072744701248,,,1
FP.CPI.TOTL,TLS,Timor-Leste,2008,93.0397273405051,,,1
FP.CPI.TOTL,TLS,Timor-Leste,2009,93.662796889978,,,1
FP.CPI.TOTL,TLS,Timor-Leste,2010,100.0,,,1
FP.CPI.TOTL,TLS,Timor-Leste,2011,113.499840238577,,,1
FP.CPI.TOTL,TLS,Timor-Leste,2012,126.89317286186,,,1
FP.CPI.TOTL,TLS,Timor-Leste,2013,140.959164980296,,,1
FP.CPI.TOTL,TLS,Timor-Leste,2014,141.982916178507,,,1
FP.CPI.TOTL,TLS,Timor-Leste,2015,142.767792097135,,,1
FP.CPI.TOTL,TLS,Timor-Leste,2016,140.856789860475,,,1
FP.CPI.TOTL,TLS,Timor-Leste,2017,141.641665779103,,,1
FP.CPI.TOTL,TLS,Timor-Leste,2018,145.376008652092,,,1
FP.CPI.TOTL,TLS,Timor-Leste,2019,146.76989234352,,,1
FP.CPI.TOTL,TLS,Timor-Leste,2020,147.497136008613,,,1
FP.CPI.TOTL,TLS,Timor-Leste,2021,152.951463496811,,,1
FP.CPI.TOTL,TLS,Timor-Leste,2022,163.666186829181,,,1
FP.CPI.TOTL,TLS,Timor-Leste,2023,177.447454282694,,,1
FP.CPI.TOTL,TLS,Timor-Leste,2024,181.107914063662,,,1
FP.CPI.TOTL,TLS,Timor-Leste,2025,181.883640639761,,,1
FP.CPI.TOTL,TON,Tonga,1990,32.005120180595,,,1
FP.CPI.TOTL,TON,Tonga,1991,35.3962064945725,,,1
FP.CPI.TOTL,TON,Tonga,1992,38.2055963679636,,,1
FP.CPI.TOTL,TON,Tonga,1993,38.5727156476084,,,1
FP.CPI.TOTL,TON,Tonga,1994,38.963438768039,,,1
FP.CPI.TOTL,TON,Tonga,1995,39.5323074301165,,,1
FP.CPI.TOTL,TON,Tonga,1996,40.7164108229519,,,1
FP.CPI.TOTL,TON,Tonga,1997,41.5815251577484,,,1
FP.CPI.TOTL,TON,Tonga,1998,42.9430895548233,,,1
FP.CPI.TOTL,TON,Tonga,1999,44.8602213817088,,,1
FP.CPI.TOTL,TON,Tonga,2000,47.6988126815669,,,1
FP.CPI.TOTL,TON,Tonga,2001,51.6531793304225,,,1
FP.CPI.TOTL,TON,Tonga,2002,57.0039635781846,,,1
FP.CPI.TOTL,TON,Tonga,2003,63.6384394001674,,,1
FP.CPI.TOTL,TON,Tonga,2004,70.6217433253884,,,1
FP.CPI.TOTL,TON,Tonga,2005,76.7416062362333,,,1
FP.CPI.TOTL,TON,Tonga,2006,81.4605366735112,,,1
FP.CPI.TOTL,TON,Tonga,2007,86.2196638582594,,,1
FP.CPI.TOTL,TON,Tonga,2008,95.2270213751291,,,1
FP.CPI.TOTL,TON,Tonga,2009,96.5857773863583,,,1
FP.CPI.TOTL,TON,Tonga,2010,100.0,,,1
FP.CPI.TOTL,TON,Tonga,2011,106.270753029957,,,1
FP.CPI.TOTL,TON,Tonga,2012,107.4902508746,,,1
FP.CPI.TOTL,TON,Tonga,2013,108.32397677907,,,1
FP.CPI.TOTL,TON,Tonga,2014,111.043857874478,,,1
FP.CPI.TOTL,TON,Tonga,2015,109.873457478337,,,1
FP.CPI.TOTL,TON,Tonga,2016,112.706165683491,,,1
FP.CPI.TOTL,TON,Tonga,2017,121.178358977414,,,1
FP.CPI.TOTL,TON,Tonga,2018,127.27617144704,,,1
FP.CPI.TOTL,TON,Tonga,2019,128.77744906121,,,1
FP.CPI.TOTL,TON,Tonga,2020,128.327065776959,,,1
FP.CPI.TOTL,TON,Tonga,2021,135.565368559565,,,1
FP.CPI.TOTL,TON,Tonga,2022,150.438740351379,,,1
FP.CPI.TOTL,TON,Tonga,2023,159.993300024419,,,1
FP.CPI.TOTL,TON,Tonga,2024,165.084109626417,,,1
FP.CPI.TOTL,TON,Tonga,2025,174.316878276027,,,1
FP.CPI.TOTL,TTO,Trinidad and Tobago,1990,30.0536151039502,,,1
FP.CPI.TOTL,TTO,Trinidad and Tobago,1991,31.1905740612245,,,1
FP.CPI.TOTL,TTO,Trinidad and Tobago,1992,33.199201552409,,,1
FP.CPI.TOTL,TTO,Trinidad and Tobago,1993,36.7964133644517,,,1
FP.CPI.TOTL,TTO,Trinidad and Tobago,1994,40.0399046120093,,,1
FP.CPI.TOTL,TTO,Trinidad and Tobago,1995,42.1148547090348,,,1
FP.CPI.TOTL,TTO,Trinidad and Tobago,1996,43.5486862829306,,,1
FP.CPI.TOTL,TTO,Trinidad and Tobago,1997,45.1277959458116,,,1
FP.CPI.TOTL,TTO,Trinidad and Tobago,1998,47.6606878450725,,,1
FP.CPI.TOTL,TTO,Trinidad and Tobago,1999,49.299803675143,,,1
FP.CPI.TOTL,TTO,Trinidad and Tobago,2000,51.0526154009408,,,1
FP.CPI.TOTL,TTO,Trinidad and Tobago,2001,53.8792216974977,,,1
FP.CPI.TOTL,TTO,Trinidad and Tobago,2002,56.1152409801372,,,1
FP.CPI.TOTL,TTO,Trinidad and Tobago,2003,58.2538524329493,,,1
FP.CPI.TOTL,TTO,Trinidad and Tobago,2004,60.4217983227957,,,1
FP.CPI.TOTL,TTO,Trinidad and Tobago,2005,64.575515751922,,,1
FP.CPI.TOTL,TTO,Trinidad and Tobago,2006,69.9544001815997,,,1
FP.CPI.TOTL,TTO,Trinidad and Tobago,2007,75.4768721981505,,,1
FP.CPI.TOTL,TTO,Trinidad and Tobago,2008,84.5569999774286,,,1
FP.CPI.TOTL,TTO,Trinidad and Tobago,2009,90.457461213963,,,1
FP.CPI.TOTL,TTO,Trinidad and Tobago,2010,100.0,,,1
FP.CPI.TOTL,TTO,Trinidad and Tobago,2011,105.107132892646,,,1
FP.CPI.TOTL,TTO,Trinidad and Tobago,2012,114.840349139162,,,1
FP.CPI.TOTL,TTO,Trinidad and Tobago,2013,120.811837601268,,,1
FP.CPI.TOTL,TTO,Trinidad and Tobago,2014,127.679287620338,,,1
FP.CPI.TOTL,TTO,Trinidad and Tobago,2015,133.630694979302,,,1
FP.CPI.TOTL,TTO,Trinidad and Tobago,2016,137.734049199352,,,1
FP.CPI.TOTL,TTO,Trinidad and Tobago,2017,140.323978776513,,,1
FP.CPI.TOTL,TTO,Trinidad and Tobago,2018,141.753275747519,,,1
FP.CPI.TOTL,TTO,Trinidad and Tobago,2019,143.17157812644,,,1
FP.CPI.TOTL,TTO,Trinidad and Tobago,2020,144.029156309043,,,1
FP.CPI.TOTL,TTO,Trinidad and Tobago,2021,146.995044259351,,,1
FP.CPI.TOTL,TTO,Trinidad and Tobago,2022,155.562483405851,,,1
FP.CPI.TOTL,TTO,Trinidad and Tobago,2023,162.763941221304,,,1
FP.CPI.TOTL,TTO,Trinidad and Tobago,2024,163.621519403907,,,1
FP.CPI.TOTL,TTO,Trinidad and Tobago,2025,165.248719032437,,,1
FP.CPI.TOTL,TUN,Tunisia,1990,47.6458550177437,,,1
FP.CPI.TOTL,TUN,Tunisia,1991,51.5498206326845,,,1
FP.CPI.TOTL,TUN,Tunisia,1992,54.5522601086713,,,1
FP.CPI.TOTL,TUN,Tunisia,1993,56.7206886191063,,,1
FP.CPI.TOTL,TUN,Tunisia,1994,59.4054096320255,,,1
FP.CPI.TOTL,TUN,Tunisia,1995,63.1147726883372,,,1
FP.CPI.TOTL,TUN,Tunisia,1996,65.4658893150362,,,1
FP.CPI.TOTL,TUN,Tunisia,1997,67.856720749618,,,1
FP.CPI.TOTL,TUN,Tunisia,1998,69.9774914905929,,,1
FP.CPI.TOTL,TUN,Tunisia,1999,71.8599733842672,,,1
FP.CPI.TOTL,TUN,Tunisia,2000,73.9886870868188,,,1
FP.CPI.TOTL,TUN,Tunisia,2001,75.4561293807074,,,1
FP.CPI.TOTL,TUN,Tunisia,2002,77.5093154473666,,,1
FP.CPI.TOTL,TUN,Tunisia,2003,79.611827305417,,,1
FP.CPI.TOTL,TUN,Tunisia,2004,82.5035518257268,,,1
FP.CPI.TOTL,TUN,Tunisia,2005,84.1682972851802,,,1
FP.CPI.TOTL,TUN,Tunisia,2006,86.8829381335364,,,1
FP.CPI.TOTL,TUN,Tunisia,2007,89.4607065356858,,,1
FP.CPI.TOTL,TUN,Tunisia,2008,93.3477993518555,,,1
FP.CPI.TOTL,TUN,Tunisia,2009,96.7689059367806,,,1
FP.CPI.TOTL,TUN,Tunisia,2010,100.0,,,1
FP.CPI.TOTL,TUN,Tunisia,2011,103.240028420095,,,1
FP.CPI.TOTL,TUN,Tunisia,2012,108.001297808887,,,1
FP.CPI.TOTL,TUN,Tunisia,2013,113.74290094179,,,1
FP.CPI.TOTL,TUN,Tunisia,2014,119.004136828432,,,1
FP.CPI.TOTL,TUN,Tunisia,2015,124.284792209994,,,1
FP.CPI.TOTL,TUN,Tunisia,2016,128.795583680247,,,1
FP.CPI.TOTL,TUN,Tunisia,2017,135.633145958134,,,1
FP.CPI.TOTL,TUN,Tunisia,2018,145.544662556429,,,1
FP.CPI.TOTL,TUN,Tunisia,2019,155.325373517033,,,1
FP.CPI.TOTL,TUN,Tunisia,2020,164.076639849227,,,1
FP.CPI.TOTL,TUN,Tunisia,2021,173.439427529047,,,1
FP.CPI.TOTL,TUN,Tunisia,2022,187.846106359388,,,1
FP.CPI.TOTL,TUN,Tunisia,2023,205.370262060998,,,1
FP.CPI.TOTL,TUN,Tunisia,2024,220.170509400004,,,1
FP.CPI.TOTL,TUN,Tunisia,2025,231.511496689166,,,1
FP.CPI.TOTL,TUR,Turkiye,1990,0.0716495702541106,,,1
FP.CPI.TOTL,TUR,Turkiye,1991,0.11892293068012,,,1
FP.CPI.TOTL,TUR,Turkiye,1992,0.202259487107624,,,1
FP.CPI.TOTL,TUR,Turkiye,1993,0.335940554932736,,,1
FP.CPI.TOTL,TUR,Turkiye,1994,0.689400364349776,,,1
FP.CPI.TOTL,TUR,Turkiye,1995,1.30374789798206,,,1
FP.CPI.TOTL,TUR,Turkiye,1996,2.35211962817638,,,1
FP.CPI.TOTL,TUR,Turkiye,1997,4.36716549887892,,,1
FP.CPI.TOTL,TUR,Turkiye,1998,8.06359304932735,,,1
FP.CPI.TOTL,TUR,Turkiye,1999,13.2942432735426,,,1
FP.CPI.TOTL,TUR,Turkiye,2000,20.5948262331839,,,1
FP.CPI.TOTL,TUR,Turkiye,2001,31.7984505792227,,,1
FP.CPI.TOTL,TUR,Turkiye,2002,46.0963443572496,,,1
FP.CPI.TOTL,TUR,Turkiye,2003,56.05427877429,,,1
FP.CPI.TOTL,TUR,Turkiye,2004,60.8739723467862,,,1
FP.CPI.TOTL,TUR,Turkiye,2005,65.8529521674141,,,1
FP.CPI.TOTL,TUR,Turkiye,2006,72.1730194319881,,,1
FP.CPI.TOTL,TUR,Turkiye,2007,78.4926195814649,,,1
FP.CPI.TOTL,TUR,Turkiye,2008,86.6904895366218,,,1
FP.CPI.TOTL,TUR,Turkiye,2009,92.1094917787743,,,1
FP.CPI.TOTL,TUR,Turkiye,2010,100.0,,,1
FP.CPI.TOTL,TUR,Turkiye,2011,106.471879671151,,,1
FP.CPI.TOTL,TUR,Turkiye,2012,115.938901345291,,,1
FP.CPI.TOTL,TUR,Turkiye,2013,124.626307922272,,,1
FP.CPI.TOTL,TUR,Turkiye,2014,135.661434977578,,,1
FP.CPI.TOTL,TUR,Turkiye,2015,146.067825112108,,,1
FP.CPI.TOTL,TUR,Turkiye,2016,157.424794469357,,,1
FP.CPI.TOTL,TUR,Turkiye,2017,174.96870328849,,,1
FP.CPI.TOTL,TUR,Turkiye,2018,203.545403587444,,,1
FP.CPI.TOTL,TUR,Turkiye,2019,234.437126307922,,,1
FP.CPI.TOTL,TUR,Turkiye,2020,263.223561285501,,,1
FP.CPI.TOTL,TUR,Turkiye,2021,314.806147234679,,,1
FP.CPI.TOTL,TUR,Turkiye,2022,542.438807922272,,,1
FP.CPI.TOTL,TUR,Turkiye,2023,834.593142750374,,,1
FP.CPI.TOTL,TUR,Turkiye,2024,1322.88396860986,,,1
FP.CPI.TOTL,TUR,Turkiye,2025,1784.32128176383,,,1
FP.CPI.TOTL,TUV,Tuvalu,2010,100.0,,,1
FP.CPI.TOTL,TUV,Tuvalu,2011,100.500580743153,,,1
FP.CPI.TOTL,TZA,Tanzania,1990,8.5090222821475,,,1
FP.CPI.TOTL,TZA,Tanzania,1991,10.9507417196333,,,1
FP.CPI.TOTL,TZA,Tanzania,1992,13.3431334917154,,,1
FP.CPI.TOTL,TZA,Tanzania,1993,16.715912613697,,,1
FP.CPI.TOTL,TZA,Tanzania,1994,22.4132579678306,,,1
FP.CPI.TOTL,TZA,Tanzania,1995,28.5607182687734,,,1
FP.CPI.TOTL,TZA,Tanzania,1996,34.5519742959377,,,1
FP.CPI.TOTL,TZA,Tanzania,1997,40.1116132508189,,,1
FP.CPI.TOTL,TZA,Tanzania,1998,45.245801091593,,,1
FP.CPI.TOTL,TZA,Tanzania,1999,48.8158908751897,,,1
FP.CPI.TOTL,TZA,Tanzania,2000,51.7077252594847,,,1
FP.CPI.TOTL,TZA,Tanzania,2001,54.3693638718957,,,1
FP.CPI.TOTL,TZA,Tanzania,2002,57.2606362052459,,,1
FP.CPI.TOTL,TZA,Tanzania,2003,60.2974919615774,,,1
FP.CPI.TOTL,TZA,Tanzania,2004,63.1530614538705,,,1
FP.CPI.TOTL,TZA,Tanzania,2005,66.3325465984336,,,1
FP.CPI.TOTL,TZA,Tanzania,2006,71.1423013909823,,,1
FP.CPI.TOTL,TZA,Tanzania,2007,76.140413998175,,,1
FP.CPI.TOTL,TZA,Tanzania,2008,83.9664255610108,,,1
FP.CPI.TOTL,TZA,Tanzania,2009,94.1618202905322,,,1
FP.CPI.TOTL,TZA,Tanzania,2010,100.0,,,1
FP.CPI.TOTL,TZA,Tanzania,2011,112.690969469916,,,1
FP.CPI.TOTL,TZA,Tanzania,2012,130.722757255987,,,1
FP.CPI.TOTL,TZA,Tanzania,2013,141.011584221696,,,1
FP.CPI.TOTL,TZA,Tanzania,2014,149.657870726625,,,1
FP.CPI.TOTL,TZA,Tanzania,2015,158.021006257208,,,1
FP.CPI.TOTL,TZA,Tanzania,2016,166.198224024889,,,1
FP.CPI.TOTL,TZA,Tanzania,2017,175.03783564472,,,1
FP.CPI.TOTL,TZA,Tanzania,2018,181.154460150602,,,1
FP.CPI.TOTL,TZA,Tanzania,2019,187.430158933385,,,1
FP.CPI.TOTL,TZA,Tanzania,2020,193.597155886785,,,1
FP.CPI.TOTL,TZA,Tanzania,2021,200.742671235263,,,1
FP.CPI.TOTL,TZA,Tanzania,2022,209.475523539762,,,1
FP.CPI.TOTL,TZA,Tanzania,2023,217.433986576543,,,1
FP.CPI.TOTL,TZA,Tanzania,2024,224.080827791125,,,1
FP.CPI.TOTL,TZA,Tanzania,2025,231.535937803889,,,1
FP.CPI.TOTL,UGA,Uganda,1993,36.0940476153757,,,1
FP.CPI.TOTL,UGA,Uganda,1994,39.7167205052214,,,1
FP.CPI.TOTL,UGA,Uganda,1995,42.3182213770662,,,1
FP.CPI.TOTL,UGA,Uganda,1996,45.3615983077443,,,1
FP.CPI.TOTL,UGA,Uganda,1997,49.0671969995158,,,1
FP.CPI.TOTL,UGA,Uganda,1998,49.1009572781341,,,1
FP.CPI.TOTL,UGA,Uganda,1999,51.9377007561817,,,1
FP.CPI.TOTL,UGA,Uganda,2000,53.6994387766516,,,1
FP.CPI.TOTL,UGA,Uganda,2001,54.7010005634685,,,1
FP.CPI.TOTL,UGA,Uganda,2002,54.5437305308278,,,1
FP.CPI.TOTL,UGA,Uganda,2003,59.278386250326,,,1
FP.CPI.TOTL,UGA,Uganda,2004,61.484305392365,,,1
FP.CPI.TOTL,UGA,Uganda,2005,66.6789461480449,,,1
FP.CPI.TOTL,UGA,Uganda,2006,71.553627951572,,,1
FP.CPI.TOTL,UGA,Uganda,2007,75.9459551546768,,,1
FP.CPI.TOTL,UGA,Uganda,2008,85.0980925051349,,,1
FP.CPI.TOTL,UGA,Uganda,2009,96.1755292184112,,,1
FP.CPI.TOTL,UGA,Uganda,2010,100.0,,,1
FP.CPI.TOTL,UGA,Uganda,2011,116.564349617451,,,1
FP.CPI.TOTL,UGA,Uganda,2012,131.343587476395,,,1
FP.CPI.TOTL,UGA,Uganda,2013,137.786264630974,,,1
FP.CPI.TOTL,UGA,Uganda,2014,142.02416598956,,,1
FP.CPI.TOTL,UGA,Uganda,2015,149.962871001285,,,1
FP.CPI.TOTL,UGA,Uganda,2016,158.52031485061,,,1
FP.CPI.TOTL,UGA,Uganda,2017,166.778774735588,,,1
FP.CPI.TOTL,UGA,Uganda,2018,171.141727345227,,,1
FP.CPI.TOTL,UGA,Uganda,2019,176.049367040563,,,1
FP.CPI.TOTL,UGA,Uganda,2020,181.882451026004,,,1
FP.CPI.TOTL,UGA,Uganda,2021,185.892180700766,,,1
FP.CPI.TOTL,UGA,Uganda,2022,199.268589530793,,,1
FP.CPI.TOTL,UGA,Uganda,2023,209.931348222214,,,1
FP.CPI.TOTL,UGA,Uganda,2024,216.908165370058,,,1
FP.CPI.TOTL,UGA,Uganda,2025,224.675273352364,,,1
FP.CPI.TOTL,UKR,Ukraine,1992,0.00419434852142193,,,1
FP.CPI.TOTL,UKR,Ukraine,1993,0.202793158444112,,,1
FP.CPI.TOTL,UKR,Ukraine,1994,2.01006094055141,,,1
FP.CPI.TOTL,UKR,Ukraine,1995,9.58288864458873,,,1
FP.CPI.TOTL,UKR,Ukraine,1996,17.2803920022456,,,1
FP.CPI.TOTL,UKR,Ukraine,1997,20.0349900686554,,,1
FP.CPI.TOTL,UKR,Ukraine,1998,22.1541232542532,,,1
FP.CPI.TOTL,UKR,Ukraine,1999,27.1794918647746,,,1
FP.CPI.TOTL,UKR,Ukraine,2000,34.8449503844237,,,1
FP.CPI.TOTL,UKR,Ukraine,2001,39.0119912864225,,,1
FP.CPI.TOTL,UKR,Ukraine,2002,39.3074762410188,,,1
FP.CPI.TOTL,UKR,Ukraine,2003,41.3434768691162,,,1
FP.CPI.TOTL,UKR,Ukraine,2004,45.0842627121277,,,1
FP.CPI.TOTL,UKR,Ukraine,2005,51.2020062262193,,,1
FP.CPI.TOTL,UKR,Ukraine,2006,55.8370805949498,,,1
FP.CPI.TOTL,UKR,Ukraine,2007,63.0058803182289,,,1
FP.CPI.TOTL,UKR,Ukraine,2008,78.9000345901072,,,1
FP.CPI.TOTL,UKR,Ukraine,2009,91.4303009339329,,,1
FP.CPI.TOTL,UKR,Ukraine,2010,100.0,,,1
FP.CPI.TOTL,UKR,Ukraine,2011,107.955724662747,,,1
FP.CPI.TOTL,UKR,Ukraine,2012,108.569699066067,,,1
FP.CPI.TOTL,UKR,Ukraine,2013,108.310273261847,,,1
FP.CPI.TOTL,UKR,Ukraine,2014,121.385333794535,,,1
FP.CPI.TOTL,UKR,Ukraine,2015,180.499827049464,,,1
FP.CPI.TOTL,UKR,Ukraine,2016,205.612244897959,,,1
FP.CPI.TOTL,UKR,Ukraine,2017,235.299204427534,,,1
FP.CPI.TOTL,UKR,Ukraine,2018,261.068834313386,,,1
FP.CPI.TOTL,UKR,Ukraine,2019,281.658595641646,,,1
FP.CPI.TOTL,UKR,Ukraine,2020,289.354894500173,,,1
FP.CPI.TOTL,UKR,Ukraine,2021,316.447595987548,,,1
FP.CPI.TOTL,UKR,Ukraine,2022,380.31822898651,,,1
FP.CPI.TOTL,UKR,Ukraine,2023,429.185402974749,,,1
FP.CPI.TOTL,UKR,Ukraine,2024,457.090971982013,,,1
FP.CPI.TOTL,UKR,Ukraine,2025,515.280179868558,,,1
FP.CPI.TOTL,URY,Uruguay,1990,2.13496969230511,,,1
FP.CPI.TOTL,URY,Uruguay,1991,4.31203422341202,,,1
FP.CPI.TOTL,URY,Uruguay,1992,7.26401809084485,,,1
FP.CPI.TOTL,URY,Uruguay,1993,11.1939094411599,,,1
FP.CPI.TOTL,URY,Uruguay,1994,16.2016214872355,,,1
FP.CPI.TOTL,URY,Uruguay,1995,23.0465343456851,,,1
FP.CPI.TOTL,URY,Uruguay,1996,29.5783943106542,,,1
FP.CPI.TOTL,URY,Uruguay,1997,35.4404798785206,,,1
FP.CPI.TOTL,URY,Uruguay,1998,39.2719750748159,,,1
FP.CPI.TOTL,URY,Uruguay,1999,41.4942536311632,,,1
FP.CPI.TOTL,URY,Uruguay,2000,43.4709671460666,,,1
FP.CPI.TOTL,URY,Uruguay,2001,45.3660146887577,,,1
FP.CPI.TOTL,URY,Uruguay,2002,51.7047686569329,,,1
FP.CPI.TOTL,URY,Uruguay,2003,61.725013309944,,,1
FP.CPI.TOTL,URY,Uruguay,2004,67.3775462616129,,,1
FP.CPI.TOTL,URY,Uruguay,2005,70.5438040592618,,,1
FP.CPI.TOTL,URY,Uruguay,2006,75.0569495589621,,,1
FP.CPI.TOTL,URY,Uruguay,2007,81.1475550226942,,,1
FP.CPI.TOTL,URY,Uruguay,2008,87.5396077759699,,,1
FP.CPI.TOTL,URY,Uruguay,2009,93.7218463646485,,,1
FP.CPI.TOTL,URY,Uruguay,2010,100.0,,,1
FP.CPI.TOTL,URY,Uruguay,2011,108.09283206303,,,1
FP.CPI.TOTL,URY,Uruguay,2012,116.845936456282,,,1
FP.CPI.TOTL,URY,Uruguay,2013,126.865633296223,,,1
FP.CPI.TOTL,URY,Uruguay,2014,138.127943821187,,,1
FP.CPI.TOTL,URY,Uruguay,2015,150.098484199709,,,1
FP.CPI.TOTL,URY,Uruguay,2016,164.567097713454,,,1
FP.CPI.TOTL,URY,Uruguay,2017,174.800034255374,,,1
FP.CPI.TOTL,URY,Uruguay,2018,188.096257600411,,,1
FP.CPI.TOTL,URY,Uruguay,2019,202.921983386144,,,1
FP.CPI.TOTL,URY,Uruguay,2020,222.719876680654,,,1
FP.CPI.TOTL,URY,Uruguay,2021,239.976021238332,,,1
FP.CPI.TOTL,URY,Uruguay,2022,261.824349714601,,,1
FP.CPI.TOTL,URY,Uruguay,2023,277.191092046658,,,1
FP.CPI.TOTL,URY,Uruguay,2024,290.632486329719,,,1
FP.CPI.TOTL,URY,Uruguay,2025,304.14784790614,,,1
FP.CPI.TOTL,USA,United States,1990,59.919760489111,,,1
FP.CPI.TOTL,USA,United States,1991,62.4573407534626,,,1
FP.CPI.TOTL,USA,United States,1992,64.3490609806525,,,1
FP.CPI.TOTL,USA,United States,1993,66.2484245218916,,,1
FP.CPI.TOTL,USA,United States,1994,67.9758134970225,,,1
FP.CPI.TOTL,USA,United States,1995,69.8828203523109,,,1
FP.CPI.TOTL,USA,United States,1996,71.9312285175105,,,1
FP.CPI.TOTL,USA,United States,1997,73.6127576083459,,,1
FP.CPI.TOTL,USA,United States,1998,74.755433058709,,,1
FP.CPI.TOTL,USA,United States,1999,76.391102265249,,,1
FP.CPI.TOTL,USA,United States,2000,78.9707207568715,,,1
FP.CPI.TOTL,USA,United States,2001,81.2025684592531,,,1
FP.CPI.TOTL,USA,United States,2002,82.490466876552,,,1
FP.CPI.TOTL,USA,United States,2003,84.3630788186188,,,1
FP.CPI.TOTL,USA,United States,2004,86.6216781201727,,,1
FP.CPI.TOTL,USA,United States,2005,89.5605323721102,,,1
FP.CPI.TOTL,USA,United States,2006,92.4497050827274,,,1
FP.CPI.TOTL,USA,United States,2007,95.0869923788515,,,1
FP.CPI.TOTL,USA,United States,2008,98.7374773853445,,,1
FP.CPI.TOTL,USA,United States,2009,98.3864199710624,,,1
FP.CPI.TOTL,USA,United States,2010,100.0,,,1
FP.CPI.TOTL,USA,United States,2011,103.156841568622,,,1
FP.CPI.TOTL,USA,United States,2012,105.291504532867,,,1
FP.CPI.TOTL,USA,United States,2013,106.833848874866,,,1
FP.CPI.TOTL,USA,United States,2014,108.566932118964,,,1
FP.CPI.TOTL,USA,United States,2015,108.695721960694,,,1
FP.CPI.TOTL,USA,United States,2016,110.06700893427,,,1
FP.CPI.TOTL,USA,United States,2017,112.411557302308,,,1
FP.CPI.TOTL,USA,United States,2018,115.157303224791,,,1
FP.CPI.TOTL,USA,United States,2019,117.244195476228,,,1
FP.CPI.TOTL,USA,United States,2020,118.690501577198,,,1
FP.CPI.TOTL,USA,United States,2021,124.266413825838,,,1
FP.CPI.TOTL,USA,United States,2022,134.21120616846,,,1
FP.CPI.TOTL,USA,United States,2023,139.73579356326,,,1
FP.CPI.TOTL,USA,United States,2024,143.857336014608,,,1
FP.CPI.TOTL,UZB,Uzbekistan,2010,100.0,,,1
FP.CPI.TOTL,UZB,Uzbekistan,2011,113.77974464766,,,1
FP.CPI.TOTL,UZB,Uzbekistan,2012,128.808686595277,,,1
FP.CPI.TOTL,UZB,Uzbekistan,2013,144.061481383188,,,1
FP.CPI.TOTL,UZB,Uzbekistan,2014,157.434843486255,,,1
FP.CPI.TOTL,UZB,Uzbekistan,2015,171.213355163693,,,1
FP.CPI.TOTL,UZB,Uzbekistan,2016,185.134519079165,,,1
FP.CPI.TOTL,UZB,Uzbekistan,2017,210.823308306966,,,1
FP.CPI.TOTL,UZB,Uzbekistan,2018,247.768363601715,,,1
FP.CPI.TOTL,UZB,Uzbekistan,2019,283.758541881172,,,1
FP.CPI.TOTL,UZB,Uzbekistan,2020,320.271824153995,,,1
FP.CPI.TOTL,UZB,Uzbekistan,2021,355.018882210762,,,1
FP.CPI.TOTL,UZB,Uzbekistan,2022,395.656628724737,,,1
FP.CPI.TOTL,UZB,Uzbekistan,2023,435.050539874052,,,1
FP.CPI.TOTL,UZB,Uzbekistan,2024,476.938313750946,,,1
FP.CPI.TOTL,UZB,Uzbekistan,2025,518.891660593249,,,1
FP.CPI.TOTL,VCT,St. Vincent and the Grenadines,1990,58.4485067502914,,,1
FP.CPI.TOTL,VCT,St. Vincent and the Grenadines,1991,61.6585010029824,,,1
FP.CPI.TOTL,VCT,St. Vincent and the Grenadines,1992,63.7940619462234,,,1
FP.CPI.TOTL,VCT,St. Vincent and the Grenadines,1993,66.531704713026,,,1
FP.CPI.TOTL,VCT,St. Vincent and the Grenadines,1994,67.2029760500137,,,1
FP.CPI.TOTL,VCT,St. Vincent and the Grenadines,1995,68.371214372858,,,1
FP.CPI.TOTL,VCT,St. Vincent and the Grenadines,1996,71.3849499095812,,,1
FP.CPI.TOTL,VCT,St. Vincent and the Grenadines,1997,71.7016249902615,,,1
FP.CPI.TOTL,VCT,St. Vincent and the Grenadines,1998,73.2377652450724,,,1
FP.CPI.TOTL,VCT,St. Vincent and the Grenadines,1999,73.9800669401742,,,1
FP.CPI.TOTL,VCT,St. Vincent and the Grenadines,2000,74.1041164482331,,,1
FP.CPI.TOTL,VCT,St. Vincent and the Grenadines,2001,74.7716896696334,,,1
FP.CPI.TOTL,VCT,St. Vincent and the Grenadines,2002,76.1590813551927,,,1
FP.CPI.TOTL,VCT,St. Vincent and the Grenadines,2003,76.3159551323929,,,1
FP.CPI.TOTL,VCT,St. Vincent and the Grenadines,2004,78.574937524077,,,1
FP.CPI.TOTL,VCT,St. Vincent and the Grenadines,2005,81.5084771577223,,,1
FP.CPI.TOTL,VCT,St. Vincent and the Grenadines,2006,83.7423597450543,,,1
FP.CPI.TOTL,VCT,St. Vincent and the Grenadines,2007,89.8020800107468,,,1
FP.CPI.TOTL,VCT,St. Vincent and the Grenadines,2008,98.8417745481357,,,1
FP.CPI.TOTL,VCT,St. Vincent and the Grenadines,2009,99.2584313003797,,,1
FP.CPI.TOTL,VCT,St. Vincent and the Grenadines,2010,100.0,,,1
FP.CPI.TOTL,VCT,St. Vincent and the Grenadines,2011,103.186031115525,,,1
FP.CPI.TOTL,VCT,St. Vincent and the Grenadines,2012,105.867262495862,,,1
FP.CPI.TOTL,VCT,St. Vincent and the Grenadines,2013,106.719629261834,,,1
FP.CPI.TOTL,VCT,St. Vincent and the Grenadines,2014,106.926514399206,,,1
FP.CPI.TOTL,VCT,St. Vincent and the Grenadines,2015,105.072823568355,,,1
FP.CPI.TOTL,VCT,St. Vincent and the Grenadines,2016,104.915590863952,,,1
FP.CPI.TOTL,VCT,St. Vincent and the Grenadines,2017,107.174776564052,,,1
FP.CPI.TOTL,VCT,St. Vincent and the Grenadines,2018,109.665673618007,,,1
FP.CPI.TOTL,VCT,St. Vincent and the Grenadines,2019,110.666997682887,,,1
FP.CPI.TOTL,VCT,St. Vincent and the Grenadines,2020,109.971863621317,,,1
FP.CPI.TOTL,VCT,St. Vincent and the Grenadines,2021,111.701423369745,,,1
FP.CPI.TOTL,VCT,St. Vincent and the Grenadines,2022,118.023833167825,,,1
FP.CPI.TOTL,VCT,St. Vincent and the Grenadines,2023,123.411122144985,,,1
FP.CPI.TOTL,VCT,St. Vincent and the Grenadines,2024,127.888116517709,,,1
FP.CPI.TOTL,VCT,St. Vincent and the Grenadines,2025,128.930817610063,,,1
FP.CPI.TOTL,VEN,"Venezuela, RB",2008,61.3866619681085,,,1
FP.CPI.TOTL,VEN,"Venezuela, RB",2009,78.0107479517223,,,1
FP.CPI.TOTL,VEN,"Venezuela, RB",2010,100.0,,,1
FP.CPI.TOTL,VEN,"Venezuela, RB",2011,126.090212316096,,,1
FP.CPI.TOTL,VEN,"Venezuela, RB",2012,152.656153642851,,,1
FP.CPI.TOTL,VEN,"Venezuela, RB",2013,214.694740551494,,,1
FP.CPI.TOTL,VEN,"Venezuela, RB",2014,348.167562329311,,,1
FP.CPI.TOTL,VEN,"Venezuela, RB",2015,772.020086336005,,,1
FP.CPI.TOTL,VEN,"Venezuela, RB",2016,2740.27398467096,,,1
FP.CPI.TOTL,VNM,Viet Nam,1995,40.1657203822899,,,1
FP.CPI.TOTL,VNM,Viet Nam,1996,42.4451250139848,,,1
FP.CPI.TOTL,VNM,Viet Nam,1997,43.8074123636177,,,1
FP.CPI.TOTL,VNM,Viet Nam,1998,46.9905457039141,,,1
FP.CPI.TOTL,VNM,Viet Nam,1999,48.9251945689942,,,1
FP.CPI.TOTL,VNM,Viet Nam,2000,48.0884087276966,,,1
FP.CPI.TOTL,VNM,Viet Nam,2001,47.8808858390548,,,1
FP.CPI.TOTL,VNM,Viet Nam,2002,49.7151204031793,,,1
FP.CPI.TOTL,VNM,Viet Nam,2003,51.3232296369753,,,1
FP.CPI.TOTL,VNM,Viet Nam,2004,55.3033191440045,,,1
FP.CPI.TOTL,VNM,Viet Nam,2005,59.8849626753952,,,1
FP.CPI.TOTL,VNM,Viet Nam,2006,64.3272394775767,,,1
FP.CPI.TOTL,VNM,Viet Nam,2007,69.6949931031089,,,1
FP.CPI.TOTL,VNM,Viet Nam,2008,85.8053032346153,,,1
FP.CPI.TOTL,VNM,Viet Nam,2009,91.5688306084694,,,1
FP.CPI.TOTL,VNM,Viet Nam,2010,100.0,,,1
FP.CPI.TOTL,VNM,Viet Nam,2011,118.677732277071,,,1
FP.CPI.TOTL,VNM,Viet Nam,2012,129.471120024261,,,1
FP.CPI.TOTL,VNM,Viet Nam,2013,138.006729874285,,,1
FP.CPI.TOTL,VNM,Viet Nam,2014,143.643689923265,,,1
FP.CPI.TOTL,VNM,Viet Nam,2015,144.550370194288,,,1
FP.CPI.TOTL,VNM,Viet Nam,2016,148.407332801278,,,1
FP.CPI.TOTL,VNM,Viet Nam,2017,153.631652156685,,,1
FP.CPI.TOTL,VNM,Viet Nam,2018,159.069641224583,,,1
FP.CPI.TOTL,VNM,Viet Nam,2019,163.516947912918,,,1
FP.CPI.TOTL,VNM,Viet Nam,2020,168.783721483338,,,1
FP.CPI.TOTL,VNM,Viet Nam,2021,171.880422664063,,,1
FP.CPI.TOTL,VNM,Viet Nam,2022,177.305841095851,,,1
FP.CPI.TOTL,VNM,Viet Nam,2023,183.073410082137,,,1
FP.CPI.TOTL,VNM,Viet Nam,2024,189.702668041402,,,1
FP.CPI.TOTL,VNM,Viet Nam,2025,195.981813344138,,,1
FP.CPI.TOTL,VUT,Vanuatu,1990,55.8702936919444,,,1
FP.CPI.TOTL,VUT,Vanuatu,1991,59.4846188641146,,,1
FP.CPI.TOTL,VUT,Vanuatu,1992,61.8987673569764,,,1
FP.CPI.TOTL,VUT,Vanuatu,1993,64.1059888361644,,,1
FP.CPI.TOTL,VUT,Vanuatu,1994,65.5820682003713,,,1
FP.CPI.TOTL,VUT,Vanuatu,1995,67.0443524303332,,,1
FP.CPI.TOTL,VUT,Vanuatu,1996,67.6520051713937,,,1
FP.CPI.TOTL,VUT,Vanuatu,1997,69.5670319917053,,,1
FP.CPI.TOTL,VUT,Vanuatu,1998,71.8503332005384,,,1
FP.CPI.TOTL,VUT,Vanuatu,1999,73.2866033157721,,,1
FP.CPI.TOTL,VUT,Vanuatu,2000,75.1463889778055,,,1
FP.CPI.TOTL,VUT,Vanuatu,2001,77.8347920140123,,,1
FP.CPI.TOTL,VUT,Vanuatu,2002,79.3631307263763,,,1
FP.CPI.TOTL,VUT,Vanuatu,2003,81.7569142517659,,,1
FP.CPI.TOTL,VUT,Vanuatu,2004,82.9169785756085,,,1
FP.CPI.TOTL,VUT,Vanuatu,2005,83.9113194246165,,,1
FP.CPI.TOTL,VUT,Vanuatu,2006,85.6237953312413,,,1
FP.CPI.TOTL,VUT,Vanuatu,2007,88.9935059862127,,,1
FP.CPI.TOTL,VUT,Vanuatu,2008,93.3023163319139,,,1
FP.CPI.TOTL,VUT,Vanuatu,2009,97.3115781918923,,,1
FP.CPI.TOTL,VUT,Vanuatu,2010,100.0,,,1
FP.CPI.TOTL,VUT,Vanuatu,2011,100.873793104781,,,1
FP.CPI.TOTL,VUT,Vanuatu,2012,102.23297025356,,,1
FP.CPI.TOTL,VUT,Vanuatu,2013,103.724481527071,,,1
FP.CPI.TOTL,VUT,Vanuatu,2014,104.553098901245,,,1
FP.CPI.TOTL,VUT,Vanuatu,2015,107.149433340321,,,1
FP.CPI.TOTL,VUT,Vanuatu,2016,108.051705592199,,,1
FP.CPI.TOTL,VUT,Vanuatu,2017,111.384588808318,,,1
FP.CPI.TOTL,VUT,Vanuatu,2018,113.980923247394,,,1
FP.CPI.TOTL,VUT,Vanuatu,2019,117.129669269253,,,1
FP.CPI.TOTL,VUT,Vanuatu,2020,123.371920154692,,,1
FP.CPI.TOTL,VUT,Vanuatu,2021,126.262874104585,,,1
FP.CPI.TOTL,VUT,Vanuatu,2022,134.696357601727,,,1
FP.CPI.TOTL,VUT,Vanuatu,2023,149.758780092255,,,1
FP.CPI.TOTL,VUT,Vanuatu,2024,151.47125599888,,,1
FP.CPI.TOTL,VUT,Vanuatu,2025,152.465596847888,,,1
FP.CPI.TOTL,WSM,Samoa,1990,41.5819326210445,,,1
FP.CPI.TOTL,WSM,Samoa,1991,40.8254749394376,,,1
FP.CPI.TOTL,WSM,Samoa,1992,44.5124798914168,,,1
FP.CPI.TOTL,WSM,Samoa,1993,45.2759095332228,,,1
FP.CPI.TOTL,WSM,Samoa,1994,50.745412309449,,,1
FP.CPI.TOTL,WSM,Samoa,1995,49.2720047206972,,,1
FP.CPI.TOTL,WSM,Samoa,1996,51.9201876030043,,,1
FP.CPI.TOTL,WSM,Samoa,1997,55.4828592647656,,,1
FP.CPI.TOTL,WSM,Samoa,1998,56.7139321922187,,,1
FP.CPI.TOTL,WSM,Samoa,1999,56.8642922444269,,,1
FP.CPI.TOTL,WSM,Samoa,2000,57.4140461853125,,,1
FP.CPI.TOTL,WSM,Samoa,2001,59.6177607004864,,,1
FP.CPI.TOTL,WSM,Samoa,2002,64.4171779141104,,,1
FP.CPI.TOTL,WSM,Samoa,2003,64.4917924059028,,,1
FP.CPI.TOTL,WSM,Samoa,2004,75.012435748632,,,1
FP.CPI.TOTL,WSM,Samoa,2005,76.4052395954236,,,1
FP.CPI.TOTL,WSM,Samoa,2006,79.232299784447,,,1
FP.CPI.TOTL,WSM,Samoa,2007,83.651135798375,,,1
FP.CPI.TOTL,WSM,Samoa,2008,93.3261482341237,,,1
FP.CPI.TOTL,WSM,Samoa,2009,99.2289835848117,,,1
FP.CPI.TOTL,WSM,Samoa,2010,100.0,,,1
FP.CPI.TOTL,WSM,Samoa,2011,105.235415914784,,,1
FP.CPI.TOTL,WSM,Samoa,2012,107.391709408192,,,1
FP.CPI.TOTL,WSM,Samoa,2013,108.046890892727,,,1
FP.CPI.TOTL,WSM,Samoa,2014,107.607338757532,,,1
FP.CPI.TOTL,WSM,Samoa,2015,108.386921789764,,,1
FP.CPI.TOTL,WSM,Samoa,2016,109.801066219157,,,1
FP.CPI.TOTL,WSM,Samoa,2017,111.722471535674,,,1
FP.CPI.TOTL,WSM,Samoa,2018,116.411976345519,,,1
FP.CPI.TOTL,WSM,Samoa,2019,117.555522119693,,,1
FP.CPI.TOTL,WSM,Samoa,2020,115.711178865273,,,1
FP.CPI.TOTL,WSM,Samoa,2021,119.336646996638,,,1
FP.CPI.TOTL,WSM,Samoa,2022,132.41818969607,,,1
FP.CPI.TOTL,WSM,Samoa,2023,142.907891046662,,,1
FP.CPI.TOTL,WSM,Samoa,2024,146.012501107175,,,1
FP.CPI.TOTL,WSM,Samoa,2025,149.242242258567,,,1
FP.CPI.TOTL,XKX,Kosovo,2002,89.3596260369367,,,1
FP.CPI.TOTL,XKX,Kosovo,2003,88.3902415335774,,,1
FP.CPI.TOTL,XKX,Kosovo,2004,87.4491267966081,,,1
FP.CPI.TOTL,XKX,Kosovo,2005,86.2377909965485,,,1
FP.CPI.TOTL,XKX,Kosovo,2006,86.7738855841963,,,1
FP.CPI.TOTL,XKX,Kosovo,2007,90.5559227436293,,,1
FP.CPI.TOTL,XKX,Kosovo,2008,99.0232797238746,,,1
FP.CPI.TOTL,XKX,Kosovo,2009,96.6365572446207,,,1
FP.CPI.TOTL,XKX,Kosovo,2010,100.0,,,1
FP.CPI.TOTL,XKX,Kosovo,2011,107.336417713153,,,1
FP.CPI.TOTL,XKX,Kosovo,2012,109.994859366968,,,1
FP.CPI.TOTL,XKX,Kosovo,2013,111.938825227216,,,1
FP.CPI.TOTL,XKX,Kosovo,2014,112.418995558574,,,1
FP.CPI.TOTL,XKX,Kosovo,2015,111.815384928396,,,1
FP.CPI.TOTL,XKX,Kosovo,2016,112.120830379226,,,1
FP.CPI.TOTL,XKX,Kosovo,2017,113.789451041016,,,1
FP.CPI.TOTL,XKX,Kosovo,2018,114.988561700519,,,1
FP.CPI.TOTL,XKX,Kosovo,2019,118.065646442895,,,1
FP.CPI.TOTL,XKX,Kosovo,2020,118.29968552161,,,1
FP.CPI.TOTL,XKX,Kosovo,2021,122.267091891806,,,1
FP.CPI.TOTL,XKX,Kosovo,2022,136.426245250384,,,1
FP.CPI.TOTL,XKX,Kosovo,2023,143.171601365813,,,1
FP.CPI.TOTL,XKX,Kosovo,2024,145.490193786238,,,1
FP.CPI.TOTL,XKX,Kosovo,2025,151.105444118225,,,1
FP.CPI.TOTL,YEM,"Yemen, Rep.",1990,3.84468633427295,,,1
FP.CPI.TOTL,YEM,"Yemen, Rep.",1991,5.22877341461121,,,1
FP.CPI.TOTL,YEM,"Yemen, Rep.",1992,6.76664794832039,,,1
FP.CPI.TOTL,YEM,"Yemen, Rep.",1993,9.18588008852783,,,1
FP.CPI.TOTL,YEM,"Yemen, Rep.",1994,13.7231679725975,,,1
FP.CPI.TOTL,YEM,"Yemen, Rep.",1995,21.282040789565,,,1
FP.CPI.TOTL,YEM,"Yemen, Rep.",1996,27.8228064406265,,,1
FP.CPI.TOTL,YEM,"Yemen, Rep.",1997,28.4284328897989,,,1
FP.CPI.TOTL,YEM,"Yemen, Rep.",1998,30.1274606039635,,,1
FP.CPI.TOTL,YEM,"Yemen, Rep.",1999,32.7365648201277,,,1
FP.CPI.TOTL,YEM,"Yemen, Rep.",2000,34.2391731453715,,,1
FP.CPI.TOTL,YEM,"Yemen, Rep.",2001,38.3176035125458,,,1
FP.CPI.TOTL,YEM,"Yemen, Rep.",2002,43.0071164230291,,,1
FP.CPI.TOTL,YEM,"Yemen, Rep.",2003,47.6658024016401,,,1
FP.CPI.TOTL,YEM,"Yemen, Rep.",2004,53.6312229259879,,,1
FP.CPI.TOTL,YEM,"Yemen, Rep.",2005,59.9657482186826,,,1
FP.CPI.TOTL,YEM,"Yemen, Rep.",2006,66.4689128968059,,,1
FP.CPI.TOTL,YEM,"Yemen, Rep.",2007,71.723358754956,,,1
FP.CPI.TOTL,YEM,"Yemen, Rep.",2008,85.3337679510354,,,1
FP.CPI.TOTL,YEM,"Yemen, Rep.",2009,89.9484141577168,,,1
FP.CPI.TOTL,YEM,"Yemen, Rep.",2010,100.0,,,1
FP.CPI.TOTL,YEM,"Yemen, Rep.",2011,119.543561713114,,,1
FP.CPI.TOTL,YEM,"Yemen, Rep.",2012,131.360905595197,,,1
FP.CPI.TOTL,YEM,"Yemen, Rep.",2013,145.769150533148,,,1
FP.CPI.TOTL,YEM,"Yemen, Rep.",2014,157.583340537675,,,1
FP.CPI.TOTL,ZAF,South Africa,1990,25.4694487113842,,,1
FP.CPI.TOTL,ZAF,South Africa,1991,29.3751322751323,,,1
FP.CPI.TOTL,ZAF,South Africa,1992,33.4508448540707,,,1
FP.CPI.TOTL,ZAF,South Africa,1993,36.7014063833419,,,1
FP.CPI.TOTL,ZAF,South Africa,1994,39.9819849803721,,,1
FP.CPI.TOTL,ZAF,South Africa,1995,43.4525908858167,,,1
FP.CPI.TOTL,ZAF,South Africa,1996,46.6481464413722,,,1
FP.CPI.TOTL,ZAF,South Africa,1997,50.6588496330432,,,1
FP.CPI.TOTL,ZAF,South Africa,1998,54.1444546850999,,,1
FP.CPI.TOTL,ZAF,South Africa,1999,56.9499436763953,,,1
FP.CPI.TOTL,ZAF,South Africa,2000,59.9904778972521,,,1
FP.CPI.TOTL,ZAF,South Africa,2001,63.4110718552654,,,1
FP.CPI.TOTL,ZAF,South Africa,2002,69.4317716333845,,,1
FP.CPI.TOTL,ZAF,South Africa,2003,73.3750964328383,,,1
FP.CPI.TOTL,ZAF,South Africa,2004,72.867311827957,,,1
FP.CPI.TOTL,ZAF,South Africa,2005,74.3704574159413,,,1
FP.CPI.TOTL,ZAF,South Africa,2006,76.7829663765148,,,1
FP.CPI.TOTL,ZAF,South Africa,2007,81.52647380099,,,1
FP.CPI.TOTL,ZAF,South Africa,2008,89.6057347670251,,,1
FP.CPI.TOTL,ZAF,South Africa,2009,96.0914831882574,,,1
FP.CPI.TOTL,ZAF,South Africa,2010,100.0,,,1
FP.CPI.TOTL,ZAF,South Africa,2011,105.00085338795,,,1
FP.CPI.TOTL,ZAF,South Africa,2012,111.025772316095,,,1
FP.CPI.TOTL,ZAF,South Africa,2013,117.443249701314,,,1
FP.CPI.TOTL,ZAF,South Africa,2014,124.645844000683,,,1
FP.CPI.TOTL,ZAF,South Africa,2015,130.278204471753,,,1
FP.CPI.TOTL,ZAF,South Africa,2016,138.880355009387,,,1
FP.CPI.TOTL,ZAF,South Africa,2017,146.082949308756,,,1
FP.CPI.TOTL,ZAF,South Africa,2018,152.671104284007,,,1
FP.CPI.TOTL,ZAF,South Africa,2019,158.934971838198,,,1
FP.CPI.TOTL,ZAF,South Africa,2020,164.072367298174,,,1
FP.CPI.TOTL,ZAF,South Africa,2021,171.650452295614,,,1
FP.CPI.TOTL,ZAF,South Africa,2022,183.73442566991,,,1
FP.CPI.TOTL,ZAF,South Africa,2023,194.89674005803,,,1
FP.CPI.TOTL,ZAF,South Africa,2024,203.396484041645,,,1
FP.CPI.TOTL,ZAF,South Africa,2025,209.916367980884,,,1
FP.CPI.TOTL,ZMB,Zambia,1990,0.216872578526413,,,1
FP.CPI.TOTL,ZMB,Zambia,1991,0.428632002527477,,,1
FP.CPI.TOTL,ZMB,Zambia,1992,1.13890320756913,,,1
FP.CPI.TOTL,ZMB,Zambia,1993,3.22664992766756,,,1
FP.CPI.TOTL,ZMB,Zambia,1994,4.98844343936545,,,1
FP.CPI.TOTL,ZMB,Zambia,1995,6.73088615124958,,,1
FP.CPI.TOTL,ZMB,Zambia,1996,9.63008733933052,,,1
FP.CPI.TOTL,ZMB,Zambia,1997,11.9816315535675,,,1
FP.CPI.TOTL,ZMB,Zambia,1998,14.9121536773142,,,1
FP.CPI.TOTL,ZMB,Zambia,1999,18.9067761726999,,,1
FP.CPI.TOTL,ZMB,Zambia,2000,23.8282878664427,,,1
FP.CPI.TOTL,ZMB,Zambia,2001,28.9260598696352,,,1
FP.CPI.TOTL,ZMB,Zambia,2002,35.3572904521191,,,1
FP.CPI.TOTL,ZMB,Zambia,2003,42.9243086848799,,,1
FP.CPI.TOTL,ZMB,Zambia,2004,50.6368579457588,,,1
FP.CPI.TOTL,ZMB,Zambia,2005,59.9157784465985,,,1
FP.CPI.TOTL,ZMB,Zambia,2006,65.3199255059111,,,1
FP.CPI.TOTL,ZMB,Zambia,2007,72.2812983255456,,,1
FP.CPI.TOTL,ZMB,Zambia,2008,81.2771246612011,,,1
FP.CPI.TOTL,ZMB,Zambia,2009,92.1644024676162,,,1
FP.CPI.TOTL,ZMB,Zambia,2010,100.0,,,1
FP.CPI.TOTL,ZMB,Zambia,2011,106.429396810723,,,1
FP.CPI.TOTL,ZMB,Zambia,2012,113.428087204376,,,1
FP.CPI.TOTL,ZMB,Zambia,2013,121.34273168477,,,1
FP.CPI.TOTL,ZMB,Zambia,2014,130.815807718974,,,1
FP.CPI.TOTL,ZMB,Zambia,2015,144.042061474463,,,1
FP.CPI.TOTL,ZMB,Zambia,2016,169.781989060935,,,1
FP.CPI.TOTL,ZMB,Zambia,2017,180.949079423773,,,1
FP.CPI.TOTL,ZMB,Zambia,2018,194.510438332948,,,1
FP.CPI.TOTL,ZMB,Zambia,2019,212.308758955396,,,1
FP.CPI.TOTL,ZMB,Zambia,2020,245.711424389492,,,1
FP.CPI.TOTL,ZMB,Zambia,2021,299.818966181342,,,1
FP.CPI.TOTL,ZMB,Zambia,2022,332.778676527232,,,1
FP.CPI.TOTL,ZMB,Zambia,2023,369.000077035667,,,1
FP.CPI.TOTL,ZMB,Zambia,2024,424.297049533934,,,1
FP.CPI.TOTL,ZMB,Zambia,2025,483.31638548648,,,1
FP.CPI.TOTL,ZWE,Zimbabwe,2009,97.0660146699266,,,1
FP.CPI.TOTL,ZWE,Zimbabwe,2010,100.0,,,1
FP.CPI.TOTL,ZWE,Zimbabwe,2011,103.466129728175,,,1
FP.CPI.TOTL,ZWE,Zimbabwe,2012,107.320581044154,,,1
FP.CPI.TOTL,ZWE,Zimbabwe,2013,109.075219329786,,,1
FP.CPI.TOTL,ZWE,Zimbabwe,2014,108.859485114339,,,1
FP.CPI.TOTL,ZWE,Zimbabwe,2015,106.213145404861,,,1
FP.CPI.TOTL,ZWE,Zimbabwe,2016,104.573565367467,,,1
FP.CPI.TOTL,ZWE,Zimbabwe,2017,105.508413634402,,,1
FP.CPI.TOTL,ZWE,Zimbabwe,2018,116.712210556594,,,1
FP.CPI.TOTL,ZWE,Zimbabwe,2019,414.684308931397,,,1
FP.CPI.TOTL,ZWE,Zimbabwe,2020,2725.3128146124,,,1
FP.CPI.TOTL,ZWE,Zimbabwe,2021,5411.00244498777,,,1
FP.CPI.TOTL,ZWE,Zimbabwe,2022,11076.6017877336,,,1
