indicator,country_code,country,year,value,unit,obs_status,decimal
PA.NUS.PRVT.PP,ABW,Aruba,1990,1.33250929068028,,,2
PA.NUS.PRVT.PP,ABW,Aruba,1991,1.34939134730787,,,2
PA.NUS.PRVT.PP,ABW,Aruba,1992,1.36045268088827,,,2
PA.NUS.PRVT.PP,ABW,Aruba,1993,1.39036898324002,,,2
PA.NUS.PRVT.PP,ABW,Aruba,1994,1.44055465679405,,,2
PA.NUS.PRVT.PP,ABW,Aruba,1995,1.4483451718239,,,2
PA.NUS.PRVT.PP,ABW,Aruba,1996,1.45248322514695,,,2
PA.NUS.PRVT.PP,ABW,Aruba,1997,1.4618826836397,,,2
PA.NUS.PRVT.PP,ABW,Aruba,1998,1.46644903102013,,,2
PA.NUS.PRVT.PP,ABW,Aruba,1999,1.46777422463721,,,2
PA.NUS.PRVT.PP,ABW,Aruba,2000,1.47724681074554,,,2
PA.NUS.PRVT.PP,ABW,Aruba,2001,1.47807192158481,,,2
PA.NUS.PRVT.PP,ABW,Aruba,2002,1.50323191979016,,,2
PA.NUS.PRVT.PP,ABW,Aruba,2003,1.5236082133036,,,2
PA.NUS.PRVT.PP,ABW,Aruba,2004,1.52141047805239,,,2
PA.NUS.PRVT.PP,ABW,Aruba,2005,1.52148463999115,,,2
PA.NUS.PRVT.PP,ABW,Aruba,2006,1.52711625996027,,,2
PA.NUS.PRVT.PP,ABW,Aruba,2007,1.56482763307525,,,2
PA.NUS.PRVT.PP,ABW,Aruba,2008,1.64193775601414,,,2
PA.NUS.PRVT.PP,ABW,Aruba,2009,1.61260891639224,,,2
PA.NUS.PRVT.PP,ABW,Aruba,2010,1.61955971599788,,,2
PA.NUS.PRVT.PP,ABW,Aruba,2011,1.63776314258575,,,2
PA.NUS.PRVT.PP,ABW,Aruba,2012,1.55025098131036,,,2
PA.NUS.PRVT.PP,ABW,Aruba,2013,1.52672989778388,,,2
PA.NUS.PRVT.PP,ABW,Aruba,2014,1.52969408421963,,,2
PA.NUS.PRVT.PP,ABW,Aruba,2015,1.55508330771884,,,2
PA.NUS.PRVT.PP,ABW,Aruba,2016,1.53047502128129,,,2
PA.NUS.PRVT.PP,ABW,Aruba,2017,1.52054727077484,,,2
PA.NUS.PRVT.PP,ABW,Aruba,2018,1.55188751220703,,,2
PA.NUS.PRVT.PP,ABW,Aruba,2019,1.60569787025452,,,2
PA.NUS.PRVT.PP,ABW,Aruba,2020,1.55517828464508,,,2
PA.NUS.PRVT.PP,ABW,Aruba,2021,1.51344382762909,,,2
PA.NUS.PRVT.PP,AFG,Afghanistan,2004,11.3593671618154,,,2
PA.NUS.PRVT.PP,AFG,Afghanistan,2005,12.3804110013373,,,2
PA.NUS.PRVT.PP,AFG,Afghanistan,2006,12.8072182378051,,,2
PA.NUS.PRVT.PP,AFG,Afghanistan,2007,13.5329083306492,,,2
PA.NUS.PRVT.PP,AFG,Afghanistan,2008,16.4756068610165,,,2
PA.NUS.PRVT.PP,AFG,Afghanistan,2009,15.4082100528706,,,2
PA.NUS.PRVT.PP,AFG,Afghanistan,2010,15.4898435276216,,,2
PA.NUS.PRVT.PP,AFG,Afghanistan,2011,16.7883129958098,,,2
PA.NUS.PRVT.PP,AFG,Afghanistan,2012,16.8752289188581,,,2
PA.NUS.PRVT.PP,AFG,Afghanistan,2013,17.2150769490479,,,2
PA.NUS.PRVT.PP,AFG,Afghanistan,2014,17.0917754157421,,,2
PA.NUS.PRVT.PP,AFG,Afghanistan,2015,16.3462098993311,,,2
PA.NUS.PRVT.PP,AFG,Afghanistan,2016,16.241791821791,,,2
PA.NUS.PRVT.PP,AFG,Afghanistan,2017,16.0915565490723,,,2
PA.NUS.PRVT.PP,AFG,Afghanistan,2018,15.5537950639985,,,2
PA.NUS.PRVT.PP,AFG,Afghanistan,2019,15.3789969399374,,,2
PA.NUS.PRVT.PP,AFG,Afghanistan,2020,15.7871930848428,,,2
PA.NUS.PRVT.PP,AFG,Afghanistan,2021,15.9897813796997,,,2
PA.NUS.PRVT.PP,AFG,Afghanistan,2022,16.835041870914,,,2
PA.NUS.PRVT.PP,AFG,Afghanistan,2023,15.4184285236545,,,2
PA.NUS.PRVT.PP,AFG,Afghanistan,2024,13.9880484201057,,,2
PA.NUS.PRVT.PP,AGO,Angola,1996,0.0303891751807534,,,2
PA.NUS.PRVT.PP,AGO,Angola,1997,0.0947795215944973,,,2
PA.NUS.PRVT.PP,AGO,Angola,1998,0.193460515043191,,,2
PA.NUS.PRVT.PP,AGO,Angola,1999,0.659198151334086,,,2
PA.NUS.PRVT.PP,AGO,Angola,2000,2.71005677166778,,,2
PA.NUS.PRVT.PP,AGO,Angola,2001,6.65642512752049,,,2
PA.NUS.PRVT.PP,AGO,Angola,2002,13.6880053329839,,,2
PA.NUS.PRVT.PP,AGO,Angola,2003,26.5306601721104,,,2
PA.NUS.PRVT.PP,AGO,Angola,2004,37.0896897625752,,,2
PA.NUS.PRVT.PP,AGO,Angola,2005,44.1066498676292,,,2
PA.NUS.PRVT.PP,AGO,Angola,2006,48.4133448915119,,,2
PA.NUS.PRVT.PP,AGO,Angola,2007,52.8374258959271,,,2
PA.NUS.PRVT.PP,AGO,Angola,2008,57.2321338484332,,,2
PA.NUS.PRVT.PP,AGO,Angola,2009,65.3225201056458,,,2
PA.NUS.PRVT.PP,AGO,Angola,2010,73.5679185537288,,,2
PA.NUS.PRVT.PP,AGO,Angola,2011,80.9318008422852,,,2
PA.NUS.PRVT.PP,AGO,Angola,2012,79.6492243362518,,,2
PA.NUS.PRVT.PP,AGO,Angola,2013,81.6210790267229,,,2
PA.NUS.PRVT.PP,AGO,Angola,2014,80.5284676827596,,,2
PA.NUS.PRVT.PP,AGO,Angola,2015,81.9079068249815,,,2
PA.NUS.PRVT.PP,AGO,Angola,2016,97.7372324767148,,,2
PA.NUS.PRVT.PP,AGO,Angola,2017,115.911148071289,,,2
PA.NUS.PRVT.PP,AGO,Angola,2018,130.894119262695,,,2
PA.NUS.PRVT.PP,AGO,Angola,2019,145.398910522461,,,2
PA.NUS.PRVT.PP,AGO,Angola,2020,171.145370483398,,,2
PA.NUS.PRVT.PP,AGO,Angola,2021,203.688735961914,,,2
PA.NUS.PRVT.PP,AGO,Angola,2022,228.870970848651,,,2
PA.NUS.PRVT.PP,AGO,Angola,2023,249.815123242303,,,2
PA.NUS.PRVT.PP,AGO,Angola,2024,311.185651145513,,,2
PA.NUS.PRVT.PP,AGO,Angola,2025,364.10268930543,,,2
PA.NUS.PRVT.PP,ALB,Albania,1991,4.89348494857234,,,2
PA.NUS.PRVT.PP,ALB,Albania,1992,15.4840424945239,,,2
PA.NUS.PRVT.PP,ALB,Albania,1993,27.8249181633319,,,2
PA.NUS.PRVT.PP,ALB,Albania,1994,33.2369904946371,,,2
PA.NUS.PRVT.PP,ALB,Albania,1995,34.8495457806079,,,2
PA.NUS.PRVT.PP,ALB,Albania,1996,38.1656051735772,,,2
PA.NUS.PRVT.PP,ALB,Albania,1997,49.6679744465001,,,2
PA.NUS.PRVT.PP,ALB,Albania,1998,58.101236123827,,,2
PA.NUS.PRVT.PP,ALB,Albania,1999,58.4070868783807,,,2
PA.NUS.PRVT.PP,ALB,Albania,2000,57.3467720903668,,,2
PA.NUS.PRVT.PP,ALB,Albania,2001,57.420340860237,,,2
PA.NUS.PRVT.PP,ALB,Albania,2002,57.8585501395643,,,2
PA.NUS.PRVT.PP,ALB,Albania,2003,57.6458106663063,,,2
PA.NUS.PRVT.PP,ALB,Albania,2004,56.7490757002133,,,2
PA.NUS.PRVT.PP,ALB,Albania,2005,56.6841043570505,,,2
PA.NUS.PRVT.PP,ALB,Albania,2006,57.2118431129377,,,2
PA.NUS.PRVT.PP,ALB,Albania,2007,57.6900794129634,,,2
PA.NUS.PRVT.PP,ALB,Albania,2008,57.6515240197543,,,2
PA.NUS.PRVT.PP,ALB,Albania,2009,57.9209942968054,,,2
PA.NUS.PRVT.PP,ALB,Albania,2010,56.7941370917961,,,2
PA.NUS.PRVT.PP,ALB,Albania,2011,55.5877498282049,,,2
PA.NUS.PRVT.PP,ALB,Albania,2012,53.8627741765547,,,2
PA.NUS.PRVT.PP,ALB,Albania,2013,54.1700063235427,,,2
PA.NUS.PRVT.PP,ALB,Albania,2014,54.2519031336099,,,2
PA.NUS.PRVT.PP,ALB,Albania,2015,52.5249490199789,,,2
PA.NUS.PRVT.PP,ALB,Albania,2016,52.8859649109963,,,2
PA.NUS.PRVT.PP,ALB,Albania,2017,52.765458730889,,,2
PA.NUS.PRVT.PP,ALB,Albania,2018,52.6383943913616,,,2
PA.NUS.PRVT.PP,ALB,Albania,2019,51.0130710225099,,,2
PA.NUS.PRVT.PP,ALB,Albania,2020,51.6263701384732,,,2
PA.NUS.PRVT.PP,ALB,Albania,2021,52.2404674742227,,,2
PA.NUS.PRVT.PP,ALB,Albania,2022,48.86931371007,,,2
PA.NUS.PRVT.PP,ALB,Albania,2023,45.7303370221987,,,2
PA.NUS.PRVT.PP,ALB,Albania,2024,45.8628338312109,,,2
PA.NUS.PRVT.PP,ALB,Albania,2025,47.1177467318046,,,2
PA.NUS.PRVT.PP,AND,Andorra,2017,0.708549678325653,,,2
PA.NUS.PRVT.PP,AND,Andorra,2018,0.692338632460356,,,2
PA.NUS.PRVT.PP,AND,Andorra,2019,0.677545433056514,,,2
PA.NUS.PRVT.PP,AND,Andorra,2020,0.663957057856095,,,2
PA.NUS.PRVT.PP,AND,Andorra,2021,0.639068841934204,,,2
PA.NUS.PRVT.PP,ARE,United Arab Emirates,2007,2.24116408196907,,,2
PA.NUS.PRVT.PP,ARE,United Arab Emirates,2008,2.4227059876281,,,2
PA.NUS.PRVT.PP,ARE,United Arab Emirates,2009,2.46932371720141,,,2
PA.NUS.PRVT.PP,ARE,United Arab Emirates,2010,2.45080962424424,,,2
PA.NUS.PRVT.PP,ARE,United Arab Emirates,2011,2.396653175354,,,2
PA.NUS.PRVT.PP,ARE,United Arab Emirates,2012,2.38386570329162,,,2
PA.NUS.PRVT.PP,ARE,United Arab Emirates,2013,2.45069629875758,,,2
PA.NUS.PRVT.PP,ARE,United Arab Emirates,2014,2.70283712057273,,,2
PA.NUS.PRVT.PP,ARE,United Arab Emirates,2015,2.80114253057665,,,2
PA.NUS.PRVT.PP,ARE,United Arab Emirates,2016,2.81884687939118,,,2
PA.NUS.PRVT.PP,ARE,United Arab Emirates,2017,2.79005455970764,,,2
PA.NUS.PRVT.PP,ARE,United Arab Emirates,2018,2.60171103477478,,,2
PA.NUS.PRVT.PP,ARE,United Arab Emirates,2019,2.44597697257996,,,2
PA.NUS.PRVT.PP,ARE,United Arab Emirates,2020,2.55114936828613,,,2
PA.NUS.PRVT.PP,ARE,United Arab Emirates,2021,2.7276017665863,,,2
PA.NUS.PRVT.PP,ARE,United Arab Emirates,2022,2.65912119537897,,,2
PA.NUS.PRVT.PP,ARE,United Arab Emirates,2023,2.59553628608136,,,2
PA.NUS.PRVT.PP,ARE,United Arab Emirates,2024,2.5631099566799,,,2
PA.NUS.PRVT.PP,ARE,United Arab Emirates,2025,2.52698744753988,,,2
PA.NUS.PRVT.PP,ARG,Argentina,2011,3.1611635684967,,,2
PA.NUS.PRVT.PP,ARG,Argentina,2012,3.67949267389715,,,2
PA.NUS.PRVT.PP,ARG,Argentina,2013,4.60033908621503,,,2
PA.NUS.PRVT.PP,ARG,Argentina,2014,6.44004902362577,,,2
PA.NUS.PRVT.PP,ARG,Argentina,2015,8.08415934218224,,,2
PA.NUS.PRVT.PP,ARG,Argentina,2016,11.0386320070118,,,2
PA.NUS.PRVT.PP,ARG,Argentina,2017,11.0821228027344,,,2
PA.NUS.PRVT.PP,ARG,Argentina,2018,14.6225633621216,,,2
PA.NUS.PRVT.PP,ARG,Argentina,2019,22.1622180938721,,,2
PA.NUS.PRVT.PP,ARG,Argentina,2020,29.9992446899414,,,2
PA.NUS.PRVT.PP,ARG,Argentina,2021,42.9862403869629,,,2
PA.NUS.PRVT.PP,ARM,Armenia,1993,1.1069177783439,,,2
PA.NUS.PRVT.PP,ARM,Armenia,1994,37.4745342626538,,,2
PA.NUS.PRVT.PP,ARM,Armenia,1995,100.589515950622,,,2
PA.NUS.PRVT.PP,ARM,Armenia,1996,115.981184799787,,,2
PA.NUS.PRVT.PP,ARM,Armenia,1997,129.153828385528,,,2
PA.NUS.PRVT.PP,ARM,Armenia,1998,138.209282681406,,,2
PA.NUS.PRVT.PP,ARM,Armenia,1999,136.126728651715,,,2
PA.NUS.PRVT.PP,ARM,Armenia,2000,130.638643903581,,,2
PA.NUS.PRVT.PP,ARM,Armenia,2001,131.044859111766,,,2
PA.NUS.PRVT.PP,ARM,Armenia,2002,130.36634770984,,,2
PA.NUS.PRVT.PP,ARM,Armenia,2003,133.49128542796,,,2
PA.NUS.PRVT.PP,ARM,Armenia,2004,139.060971347091,,,2
PA.NUS.PRVT.PP,ARM,Armenia,2005,135.357145547728,,,2
PA.NUS.PRVT.PP,ARM,Armenia,2006,134.919722098123,,,2
PA.NUS.PRVT.PP,ARM,Armenia,2007,136.95912587668,,,2
PA.NUS.PRVT.PP,ARM,Armenia,2008,143.700112317771,,,2
PA.NUS.PRVT.PP,ARM,Armenia,2009,149.125851471336,,,2
PA.NUS.PRVT.PP,ARM,Armenia,2010,158.715910129592,,,2
PA.NUS.PRVT.PP,ARM,Armenia,2011,165.629043579102,,,2
PA.NUS.PRVT.PP,ARM,Armenia,2012,158.07637990224,,,2
PA.NUS.PRVT.PP,ARM,Armenia,2013,178.738644694131,,,2
PA.NUS.PRVT.PP,ARM,Armenia,2014,183.601570718517,,,2
PA.NUS.PRVT.PP,ARM,Armenia,2015,185.209493906761,,,2
PA.NUS.PRVT.PP,ARM,Armenia,2016,173.029463726364,,,2
PA.NUS.PRVT.PP,ARM,Armenia,2017,166.479019165039,,,2
PA.NUS.PRVT.PP,ARM,Armenia,2018,166.170257568359,,,2
PA.NUS.PRVT.PP,ARM,Armenia,2019,162.582122802734,,,2
PA.NUS.PRVT.PP,ARM,Armenia,2020,158.377838134766,,,2
PA.NUS.PRVT.PP,ARM,Armenia,2021,164.226486206055,,,2
PA.NUS.PRVT.PP,ARM,Armenia,2022,165.19678301064,,,2
PA.NUS.PRVT.PP,ARM,Armenia,2023,161.807813964853,,,2
PA.NUS.PRVT.PP,ARM,Armenia,2024,157.595583935341,,,2
PA.NUS.PRVT.PP,ARM,Armenia,2025,158.529692605185,,,2
PA.NUS.PRVT.PP,ASM,American Samoa,2011,0.92116932502225,,,2
PA.NUS.PRVT.PP,ASM,American Samoa,2012,0.94310590275174,,,2
PA.NUS.PRVT.PP,ASM,American Samoa,2013,0.948080231967367,,,2
PA.NUS.PRVT.PP,ASM,American Samoa,2014,0.93947639169769,,,2
PA.NUS.PRVT.PP,ASM,American Samoa,2015,0.929917969122653,,,2
PA.NUS.PRVT.PP,ASM,American Samoa,2016,0.917414108829765,,,2
PA.NUS.PRVT.PP,ASM,American Samoa,2017,0.93151611294884,,,2
PA.NUS.PRVT.PP,ASM,American Samoa,2018,0.925673067256939,,,2
PA.NUS.PRVT.PP,ASM,American Samoa,2019,0.913742498965049,,,2
PA.NUS.PRVT.PP,ASM,American Samoa,2020,0.901705458627806,,,2
PA.NUS.PRVT.PP,ASM,American Samoa,2021,0.903446389799177,,,2
PA.NUS.PRVT.PP,ATG,Antigua and Barbuda,1998,2.33690090973662,,,2
PA.NUS.PRVT.PP,ATG,Antigua and Barbuda,1999,2.31250603577779,,,2
PA.NUS.PRVT.PP,ATG,Antigua and Barbuda,2000,2.25423131605152,,,2
PA.NUS.PRVT.PP,ATG,Antigua and Barbuda,2001,2.22302704870021,,,2
PA.NUS.PRVT.PP,ATG,Antigua and Barbuda,2002,2.24100686001593,,,2
PA.NUS.PRVT.PP,ATG,Antigua and Barbuda,2003,2.23494660587484,,,2
PA.NUS.PRVT.PP,ATG,Antigua and Barbuda,2004,2.2208600749832,,,2
PA.NUS.PRVT.PP,ATG,Antigua and Barbuda,2005,2.19306526683315,,,2
PA.NUS.PRVT.PP,ATG,Antigua and Barbuda,2006,2.162511165548,,,2
PA.NUS.PRVT.PP,ATG,Antigua and Barbuda,2007,2.13230576133045,,,2
PA.NUS.PRVT.PP,ATG,Antigua and Barbuda,2008,2.16299911694243,,,2
PA.NUS.PRVT.PP,ATG,Antigua and Barbuda,2009,2.15877460359873,,,2
PA.NUS.PRVT.PP,ATG,Antigua and Barbuda,2010,2.19551840056141,,,2
PA.NUS.PRVT.PP,ATG,Antigua and Barbuda,2011,2.20190143585205,,,2
PA.NUS.PRVT.PP,ATG,Antigua and Barbuda,2012,2.17441252434035,,,2
PA.NUS.PRVT.PP,ATG,Antigua and Barbuda,2013,2.27436273722666,,,2
PA.NUS.PRVT.PP,ATG,Antigua and Barbuda,2014,2.33875197158062,,,2
PA.NUS.PRVT.PP,ATG,Antigua and Barbuda,2015,2.44079481804837,,,2
PA.NUS.PRVT.PP,ATG,Antigua and Barbuda,2016,2.44915505597228,,,2
PA.NUS.PRVT.PP,ATG,Antigua and Barbuda,2017,2.57955384254456,,,2
PA.NUS.PRVT.PP,ATG,Antigua and Barbuda,2018,2.36895847320557,,,2
PA.NUS.PRVT.PP,ATG,Antigua and Barbuda,2019,2.32913827896118,,,2
PA.NUS.PRVT.PP,ATG,Antigua and Barbuda,2020,2.23331499099731,,,2
PA.NUS.PRVT.PP,ATG,Antigua and Barbuda,2021,2.14217019081116,,,2
PA.NUS.PRVT.PP,ATG,Antigua and Barbuda,2022,2.13281388077078,,,2
PA.NUS.PRVT.PP,ATG,Antigua and Barbuda,2023,2.1522909392705,,,2
PA.NUS.PRVT.PP,ATG,Antigua and Barbuda,2024,2.22022256756556,,,2
PA.NUS.PRVT.PP,ATG,Antigua and Barbuda,2025,2.19148067125986,,,2
PA.NUS.PRVT.PP,AUS,Australia,1990,1.386128,,,2
PA.NUS.PRVT.PP,AUS,Australia,1991,1.390489,,,2
PA.NUS.PRVT.PP,AUS,Australia,1992,1.379495,,,2
PA.NUS.PRVT.PP,AUS,Australia,1993,1.374035,,,2
PA.NUS.PRVT.PP,AUS,Australia,1994,1.367211,,,2
PA.NUS.PRVT.PP,AUS,Australia,1995,1.376246,,,2
PA.NUS.PRVT.PP,AUS,Australia,1996,1.374058,,,2
PA.NUS.PRVT.PP,AUS,Australia,1997,1.369043,,,2
PA.NUS.PRVT.PP,AUS,Australia,1998,1.377208,,,2
PA.NUS.PRVT.PP,AUS,Australia,1999,1.37299,,,2
PA.NUS.PRVT.PP,AUS,Australia,2000,1.385139,,,2
PA.NUS.PRVT.PP,AUS,Australia,2001,1.404676,,,2
PA.NUS.PRVT.PP,AUS,Australia,2002,1.42345,,,2
PA.NUS.PRVT.PP,AUS,Australia,2003,1.455454,,,2
PA.NUS.PRVT.PP,AUS,Australia,2004,1.440795,,,2
PA.NUS.PRVT.PP,AUS,Australia,2005,1.46414,,,2
PA.NUS.PRVT.PP,AUS,Australia,2006,1.495671,,,2
PA.NUS.PRVT.PP,AUS,Australia,2007,1.503938,,,2
PA.NUS.PRVT.PP,AUS,Australia,2008,1.530675,,,2
PA.NUS.PRVT.PP,AUS,Australia,2009,1.549731,,,2
PA.NUS.PRVT.PP,AUS,Australia,2010,1.554906,,,2
PA.NUS.PRVT.PP,AUS,Australia,2011,1.526641,,,2
PA.NUS.PRVT.PP,AUS,Australia,2012,1.546202,,,2
PA.NUS.PRVT.PP,AUS,Australia,2013,1.518153,,,2
PA.NUS.PRVT.PP,AUS,Australia,2014,1.530216,,,2
PA.NUS.PRVT.PP,AUS,Australia,2015,1.54546,,,2
PA.NUS.PRVT.PP,AUS,Australia,2016,1.533296,,,2
PA.NUS.PRVT.PP,AUS,Australia,2017,1.56288,,,2
PA.NUS.PRVT.PP,AUS,Australia,2018,1.559359,,,2
PA.NUS.PRVT.PP,AUS,Australia,2019,1.56525,,,2
PA.NUS.PRVT.PP,AUS,Australia,2020,1.544585,,,2
PA.NUS.PRVT.PP,AUS,Australia,2021,1.504287,,,2
PA.NUS.PRVT.PP,AUS,Australia,2022,1.412372,,,2
PA.NUS.PRVT.PP,AUS,Australia,2023,1.395812,,,2
PA.NUS.PRVT.PP,AUS,Australia,2024,1.427398,,,2
PA.NUS.PRVT.PP,AUS,Australia,2025,1.464593,,,2
PA.NUS.PRVT.PP,AUT,Austria,1990,0.939905,,,2
PA.NUS.PRVT.PP,AUT,Austria,1991,0.938271,,,2
PA.NUS.PRVT.PP,AUT,Austria,1992,0.944739,,,2
PA.NUS.PRVT.PP,AUT,Austria,1993,0.949866,,,2
PA.NUS.PRVT.PP,AUT,Austria,1994,0.951603,,,2
PA.NUS.PRVT.PP,AUT,Austria,1995,0.952255,,,2
PA.NUS.PRVT.PP,AUT,Austria,1996,0.946439,,,2
PA.NUS.PRVT.PP,AUT,Austria,1997,0.945441,,,2
PA.NUS.PRVT.PP,AUT,Austria,1998,0.932265,,,2
PA.NUS.PRVT.PP,AUT,Austria,1999,0.927895,,,2
PA.NUS.PRVT.PP,AUT,Austria,2000,0.908411,,,2
PA.NUS.PRVT.PP,AUT,Austria,2001,0.925334,,,2
PA.NUS.PRVT.PP,AUT,Austria,2002,0.911887,,,2
PA.NUS.PRVT.PP,AUT,Austria,2003,0.899881,,,2
PA.NUS.PRVT.PP,AUT,Austria,2004,0.894047,,,2
PA.NUS.PRVT.PP,AUT,Austria,2005,0.887601,,,2
PA.NUS.PRVT.PP,AUT,Austria,2006,0.87817,,,2
PA.NUS.PRVT.PP,AUT,Austria,2007,0.878142,,,2
PA.NUS.PRVT.PP,AUT,Austria,2008,0.872035,,,2
PA.NUS.PRVT.PP,AUT,Austria,2009,0.862886,,,2
PA.NUS.PRVT.PP,AUT,Austria,2010,0.85719,,,2
PA.NUS.PRVT.PP,AUT,Austria,2011,0.850842,,,2
PA.NUS.PRVT.PP,AUT,Austria,2012,0.855789,,,2
PA.NUS.PRVT.PP,AUT,Austria,2013,0.845407,,,2
PA.NUS.PRVT.PP,AUT,Austria,2014,0.845595,,,2
PA.NUS.PRVT.PP,AUT,Austria,2015,0.850461,,,2
PA.NUS.PRVT.PP,AUT,Austria,2016,0.832053,,,2
PA.NUS.PRVT.PP,AUT,Austria,2017,0.837481,,,2
PA.NUS.PRVT.PP,AUT,Austria,2018,0.827618,,,2
PA.NUS.PRVT.PP,AUT,Austria,2019,0.80591,,,2
PA.NUS.PRVT.PP,AUT,Austria,2020,0.784144,,,2
PA.NUS.PRVT.PP,AUT,Austria,2021,0.751716,,,2
PA.NUS.PRVT.PP,AUT,Austria,2022,0.715989,,,2
PA.NUS.PRVT.PP,AUT,Austria,2023,0.718238,,,2
PA.NUS.PRVT.PP,AUT,Austria,2024,0.720487,,,2
PA.NUS.PRVT.PP,AUT,Austria,2025,0.750352,,,2
PA.NUS.PRVT.PP,AZE,Azerbaijan,1992,0.000184831298072235,,,2
PA.NUS.PRVT.PP,AZE,Azerbaijan,1993,0.0022046545457458,,,2
PA.NUS.PRVT.PP,AZE,Azerbaijan,1994,0.0378635052363912,,,2
PA.NUS.PRVT.PP,AZE,Azerbaijan,1995,0.18848241595543,,,2
PA.NUS.PRVT.PP,AZE,Azerbaijan,1996,0.219362184940117,,,2
PA.NUS.PRVT.PP,AZE,Azerbaijan,1997,0.222227329292841,,,2
PA.NUS.PRVT.PP,AZE,Azerbaijan,1998,0.217139571237782,,,2
PA.NUS.PRVT.PP,AZE,Azerbaijan,1999,0.194375074154218,,,2
PA.NUS.PRVT.PP,AZE,Azerbaijan,2000,0.19141958400443,,,2
PA.NUS.PRVT.PP,AZE,Azerbaijan,2001,0.189038663841891,,,2
PA.NUS.PRVT.PP,AZE,Azerbaijan,2002,0.191244045555091,,,2
PA.NUS.PRVT.PP,AZE,Azerbaijan,2003,0.191176295739,,,2
PA.NUS.PRVT.PP,AZE,Azerbaijan,2004,0.198682967116353,,,2
PA.NUS.PRVT.PP,AZE,Azerbaijan,2005,0.210763816717206,,,2
PA.NUS.PRVT.PP,AZE,Azerbaijan,2006,0.221182938617445,,,2
PA.NUS.PRVT.PP,AZE,Azerbaijan,2007,0.250960856102543,,,2
PA.NUS.PRVT.PP,AZE,Azerbaijan,2008,0.292071004954547,,,2
PA.NUS.PRVT.PP,AZE,Azerbaijan,2009,0.297383958301722,,,2
PA.NUS.PRVT.PP,AZE,Azerbaijan,2010,0.30934142393794,,,2
PA.NUS.PRVT.PP,AZE,Azerbaijan,2011,0.32344001531601,,,2
PA.NUS.PRVT.PP,AZE,Azerbaijan,2012,0.300994099990827,,,2
PA.NUS.PRVT.PP,AZE,Azerbaijan,2013,0.324175231666612,,,2
PA.NUS.PRVT.PP,AZE,Azerbaijan,2014,0.32148768173963,,,2
PA.NUS.PRVT.PP,AZE,Azerbaijan,2015,0.356664580922139,,,2
PA.NUS.PRVT.PP,AZE,Azerbaijan,2016,0.412910833460368,,,2
PA.NUS.PRVT.PP,AZE,Azerbaijan,2017,0.48171278834343,,,2
PA.NUS.PRVT.PP,AZE,Azerbaijan,2018,0.48270857334137,,,2
PA.NUS.PRVT.PP,AZE,Azerbaijan,2019,0.474490910768509,,,2
PA.NUS.PRVT.PP,AZE,Azerbaijan,2020,0.46951749920845,,,2
PA.NUS.PRVT.PP,AZE,Azerbaijan,2021,0.482756495475769,,,2
PA.NUS.PRVT.PP,AZE,Azerbaijan,2022,0.508902710440298,,,2
PA.NUS.PRVT.PP,AZE,Azerbaijan,2023,0.531724427659472,,,2
PA.NUS.PRVT.PP,AZE,Azerbaijan,2024,0.527916068475995,,,2
PA.NUS.PRVT.PP,AZE,Azerbaijan,2025,0.542946118780084,,,2
PA.NUS.PRVT.PP,BDI,Burundi,1990,81.7141153900543,,,2
PA.NUS.PRVT.PP,BDI,Burundi,1991,85.447225097904,,,2
PA.NUS.PRVT.PP,BDI,Burundi,1992,84.4474517977753,,,2
PA.NUS.PRVT.PP,BDI,Burundi,1993,89.9659277616829,,,2
PA.NUS.PRVT.PP,BDI,Burundi,1994,100.70263809026,,,2
PA.NUS.PRVT.PP,BDI,Burundi,1995,116.823843577375,,,2
PA.NUS.PRVT.PP,BDI,Burundi,1996,143.501972137121,,,2
PA.NUS.PRVT.PP,BDI,Burundi,1997,183.849877034032,,,2
PA.NUS.PRVT.PP,BDI,Burundi,1998,203.670334817147,,,2
PA.NUS.PRVT.PP,BDI,Burundi,1999,206.056859639626,,,2
PA.NUS.PRVT.PP,BDI,Burundi,2000,248.02526236622,,,2
PA.NUS.PRVT.PP,BDI,Burundi,2001,263.631479595936,,,2
PA.NUS.PRVT.PP,BDI,Burundi,2002,255.971330803592,,,2
PA.NUS.PRVT.PP,BDI,Burundi,2003,276.939009026405,,,2
PA.NUS.PRVT.PP,BDI,Burundi,2004,291.771322602153,,,2
PA.NUS.PRVT.PP,BDI,Burundi,2005,319.594045383329,,,2
PA.NUS.PRVT.PP,BDI,Burundi,2006,318.106312411725,,,2
PA.NUS.PRVT.PP,BDI,Burundi,2007,335.300587768605,,,2
PA.NUS.PRVT.PP,BDI,Burundi,2008,401.714996427142,,,2
PA.NUS.PRVT.PP,BDI,Burundi,2009,445.7024422815,,,2
PA.NUS.PRVT.PP,BDI,Burundi,2010,466.984340985999,,,2
PA.NUS.PRVT.PP,BDI,Burundi,2011,496.116638183594,,,2
PA.NUS.PRVT.PP,BDI,Burundi,2012,527.272452997945,,,2
PA.NUS.PRVT.PP,BDI,Burundi,2013,556.591280592892,,,2
PA.NUS.PRVT.PP,BDI,Burundi,2014,558.633148747094,,,2
PA.NUS.PRVT.PP,BDI,Burundi,2015,568.350534841622,,,2
PA.NUS.PRVT.PP,BDI,Burundi,2016,575.653923593076,,,2
PA.NUS.PRVT.PP,BDI,Burundi,2017,641.358825683594,,,2
PA.NUS.PRVT.PP,BDI,Burundi,2018,622.674682617188,,,2
PA.NUS.PRVT.PP,BDI,Burundi,2019,607.750366210938,,,2
PA.NUS.PRVT.PP,BDI,Burundi,2020,633.884338378906,,,2
PA.NUS.PRVT.PP,BDI,Burundi,2021,657.409301757813,,,2
PA.NUS.PRVT.PP,BDI,Burundi,2022,723.13683369452,,,2
PA.NUS.PRVT.PP,BDI,Burundi,2023,881.668179296465,,,2
PA.NUS.PRVT.PP,BDI,Burundi,2024,1029.50964739976,,,2
PA.NUS.PRVT.PP,BDI,Burundi,2025,1344.64114331703,,,2
PA.NUS.PRVT.PP,BEL,Belgium,1990,0.974792,,,2
PA.NUS.PRVT.PP,BEL,Belgium,1991,0.969794,,,2
PA.NUS.PRVT.PP,BEL,Belgium,1992,0.961942,,,2
PA.NUS.PRVT.PP,BEL,Belgium,1993,0.962473,,,2
PA.NUS.PRVT.PP,BEL,Belgium,1994,0.964105,,,2
PA.NUS.PRVT.PP,BEL,Belgium,1995,0.958357,,,2
PA.NUS.PRVT.PP,BEL,Belgium,1996,0.954724,,,2
PA.NUS.PRVT.PP,BEL,Belgium,1997,0.956449,,,2
PA.NUS.PRVT.PP,BEL,Belgium,1998,0.972542,,,2
PA.NUS.PRVT.PP,BEL,Belgium,1999,0.963518,,,2
PA.NUS.PRVT.PP,BEL,Belgium,2000,0.924634,,,2
PA.NUS.PRVT.PP,BEL,Belgium,2001,0.924843,,,2
PA.NUS.PRVT.PP,BEL,Belgium,2002,0.910932,,,2
PA.NUS.PRVT.PP,BEL,Belgium,2003,0.927102,,,2
PA.NUS.PRVT.PP,BEL,Belgium,2004,0.921963,,,2
PA.NUS.PRVT.PP,BEL,Belgium,2005,0.92366,,,2
PA.NUS.PRVT.PP,BEL,Belgium,2006,0.922434,,,2
PA.NUS.PRVT.PP,BEL,Belgium,2007,0.925666,,,2
PA.NUS.PRVT.PP,BEL,Belgium,2008,0.916938,,,2
PA.NUS.PRVT.PP,BEL,Belgium,2009,0.902476,,,2
PA.NUS.PRVT.PP,BEL,Belgium,2010,0.894698,,,2
PA.NUS.PRVT.PP,BEL,Belgium,2011,0.880715,,,2
PA.NUS.PRVT.PP,BEL,Belgium,2012,0.88312,,,2
PA.NUS.PRVT.PP,BEL,Belgium,2013,0.87123,,,2
PA.NUS.PRVT.PP,BEL,Belgium,2014,0.859895,,,2
PA.NUS.PRVT.PP,BEL,Belgium,2015,0.865343,,,2
PA.NUS.PRVT.PP,BEL,Belgium,2016,0.854022,,,2
PA.NUS.PRVT.PP,BEL,Belgium,2017,0.857157,,,2
PA.NUS.PRVT.PP,BEL,Belgium,2018,0.846182,,,2
PA.NUS.PRVT.PP,BEL,Belgium,2019,0.817888,,,2
PA.NUS.PRVT.PP,BEL,Belgium,2020,0.797428,,,2
PA.NUS.PRVT.PP,BEL,Belgium,2021,0.799937,,,2
PA.NUS.PRVT.PP,BEL,Belgium,2022,0.779026,,,2
PA.NUS.PRVT.PP,BEL,Belgium,2023,0.753203,,,2
PA.NUS.PRVT.PP,BEL,Belgium,2024,0.752163,,,2
PA.NUS.PRVT.PP,BEL,Belgium,2025,0.771758,,,2
PA.NUS.PRVT.PP,BEN,Benin,1992,136.878173315042,,,2
PA.NUS.PRVT.PP,BEN,Benin,1993,133.539625804147,,,2
PA.NUS.PRVT.PP,BEN,Benin,1994,180.29257667078,,,2
PA.NUS.PRVT.PP,BEN,Benin,1995,200.735990505798,,,2
PA.NUS.PRVT.PP,BEN,Benin,1996,204.603297836959,,,2
PA.NUS.PRVT.PP,BEN,Benin,1997,206.859714834669,,,2
PA.NUS.PRVT.PP,BEN,Benin,1998,215.417129894559,,,2
PA.NUS.PRVT.PP,BEN,Benin,1999,211.4934135656,,,2
PA.NUS.PRVT.PP,BEN,Benin,2000,213.106661764564,,,2
PA.NUS.PRVT.PP,BEN,Benin,2001,215.506867989613,,,2
PA.NUS.PRVT.PP,BEN,Benin,2002,217.422789613368,,,2
PA.NUS.PRVT.PP,BEN,Benin,2003,215.758471446469,,,2
PA.NUS.PRVT.PP,BEN,Benin,2004,211.969051714756,,,2
PA.NUS.PRVT.PP,BEN,Benin,2005,216.011453918457,,,2
PA.NUS.PRVT.PP,BEN,Benin,2006,217.175431355212,,,2
PA.NUS.PRVT.PP,BEN,Benin,2007,213.892853841643,,,2
PA.NUS.PRVT.PP,BEN,Benin,2008,222.355121822667,,,2
PA.NUS.PRVT.PP,BEN,Benin,2009,225.148090229368,,,2
PA.NUS.PRVT.PP,BEN,Benin,2010,226.405835245702,,,2
PA.NUS.PRVT.PP,BEN,Benin,2011,225.412475585938,,,2
PA.NUS.PRVT.PP,BEN,Benin,2012,225.767848017351,,,2
PA.NUS.PRVT.PP,BEN,Benin,2013,227.775908065198,,,2
PA.NUS.PRVT.PP,BEN,Benin,2014,222.331553215918,,,2
PA.NUS.PRVT.PP,BEN,Benin,2015,219.213420190882,,,2
PA.NUS.PRVT.PP,BEN,Benin,2016,212.571282808991,,,2
PA.NUS.PRVT.PP,BEN,Benin,2017,215.361755371094,,,2
PA.NUS.PRVT.PP,BEN,Benin,2018,216.618606567383,,,2
PA.NUS.PRVT.PP,BEN,Benin,2019,213.326644897461,,,2
PA.NUS.PRVT.PP,BEN,Benin,2020,218.822448730469,,,2
PA.NUS.PRVT.PP,BEN,Benin,2021,219.011093139648,,,2
PA.NUS.PRVT.PP,BEN,Benin,2022,205.521938843026,,,2
PA.NUS.PRVT.PP,BEN,Benin,2023,202.802531352277,,,2
PA.NUS.PRVT.PP,BEN,Benin,2024,199.279140131252,,,2
PA.NUS.PRVT.PP,BEN,Benin,2025,196.180920904836,,,2
PA.NUS.PRVT.PP,BFA,Burkina Faso,1990,183.740529101844,,,2
PA.NUS.PRVT.PP,BFA,Burkina Faso,1991,180.087463566085,,,2
PA.NUS.PRVT.PP,BFA,Burkina Faso,1992,171.31291821629,,,2
PA.NUS.PRVT.PP,BFA,Burkina Faso,1993,167.322279643901,,,2
PA.NUS.PRVT.PP,BFA,Burkina Faso,1994,204.12795881025,,,2
PA.NUS.PRVT.PP,BFA,Burkina Faso,1995,213.367687695651,,,2
PA.NUS.PRVT.PP,BFA,Burkina Faso,1996,219.931782286037,,,2
PA.NUS.PRVT.PP,BFA,Burkina Faso,1997,219.890951255635,,,2
PA.NUS.PRVT.PP,BFA,Burkina Faso,1998,227.538901613793,,,2
PA.NUS.PRVT.PP,BFA,Burkina Faso,1999,220.278534111548,,,2
PA.NUS.PRVT.PP,BFA,Burkina Faso,2000,212.434800014724,,,2
PA.NUS.PRVT.PP,BFA,Burkina Faso,2001,216.941200544496,,,2
PA.NUS.PRVT.PP,BFA,Burkina Faso,2002,218.20045081905,,,2
PA.NUS.PRVT.PP,BFA,Burkina Faso,2003,217.697932611783,,,2
PA.NUS.PRVT.PP,BFA,Burkina Faso,2004,211.173040865587,,,2
PA.NUS.PRVT.PP,BFA,Burkina Faso,2005,217.345880780263,,,2
PA.NUS.PRVT.PP,BFA,Burkina Faso,2006,215.465983939717,,,2
PA.NUS.PRVT.PP,BFA,Burkina Faso,2007,209.006781601796,,,2
PA.NUS.PRVT.PP,BFA,Burkina Faso,2008,222.735444988022,,,2
PA.NUS.PRVT.PP,BFA,Burkina Faso,2009,229.360260729349,,,2
PA.NUS.PRVT.PP,BFA,Burkina Faso,2010,223.934791264359,,,2
PA.NUS.PRVT.PP,BFA,Burkina Faso,2011,223.072814941406,,,2
PA.NUS.PRVT.PP,BFA,Burkina Faso,2012,223.905619356344,,,2
PA.NUS.PRVT.PP,BFA,Burkina Faso,2013,220.225207874752,,,2
PA.NUS.PRVT.PP,BFA,Burkina Faso,2014,219.021511859841,,,2
PA.NUS.PRVT.PP,BFA,Burkina Faso,2015,212.345677479166,,,2
PA.NUS.PRVT.PP,BFA,Burkina Faso,2016,199.353825005574,,,2
PA.NUS.PRVT.PP,BFA,Burkina Faso,2017,193.323776245117,,,2
PA.NUS.PRVT.PP,BFA,Burkina Faso,2018,195.943450927734,,,2
PA.NUS.PRVT.PP,BFA,Burkina Faso,2019,190.084991455078,,,2
PA.NUS.PRVT.PP,BFA,Burkina Faso,2020,191.772705078125,,,2
PA.NUS.PRVT.PP,BFA,Burkina Faso,2021,192.504241943359,,,2
PA.NUS.PRVT.PP,BFA,Burkina Faso,2022,203.710970174909,,,2
PA.NUS.PRVT.PP,BFA,Burkina Faso,2023,197.110620102946,,,2
PA.NUS.PRVT.PP,BFA,Burkina Faso,2024,199.487239490512,,,2
PA.NUS.PRVT.PP,BFA,Burkina Faso,2025,193.107323578259,,,2
PA.NUS.PRVT.PP,BGD,Bangladesh,1990,12.3265676497413,,,2
PA.NUS.PRVT.PP,BGD,Bangladesh,1991,12.5775574149348,,,2
PA.NUS.PRVT.PP,BGD,Bangladesh,1992,12.6514460386094,,,2
PA.NUS.PRVT.PP,BGD,Bangladesh,1993,12.6592077980763,,,2
PA.NUS.PRVT.PP,BGD,Bangladesh,1994,12.9930977614319,,,2
PA.NUS.PRVT.PP,BGD,Bangladesh,1995,13.940026273543,,,2
PA.NUS.PRVT.PP,BGD,Bangladesh,1996,13.864987586364,,,2
PA.NUS.PRVT.PP,BGD,Bangladesh,1997,14.2670882283938,,,2
PA.NUS.PRVT.PP,BGD,Bangladesh,1998,15.2294395241654,,,2
PA.NUS.PRVT.PP,BGD,Bangladesh,1999,15.8134524427129,,,2
PA.NUS.PRVT.PP,BGD,Bangladesh,2000,15.6346927298705,,,2
PA.NUS.PRVT.PP,BGD,Bangladesh,2001,15.5101643905169,,,2
PA.NUS.PRVT.PP,BGD,Bangladesh,2002,15.7768252518494,,,2
PA.NUS.PRVT.PP,BGD,Bangladesh,2003,16.3011165380149,,,2
PA.NUS.PRVT.PP,BGD,Bangladesh,2004,17.0806794683496,,,2
PA.NUS.PRVT.PP,BGD,Bangladesh,2005,17.6843059961644,,,2
PA.NUS.PRVT.PP,BGD,Bangladesh,2006,18.2906493590257,,,2
PA.NUS.PRVT.PP,BGD,Bangladesh,2007,19.4028755553083,,,2
PA.NUS.PRVT.PP,BGD,Bangladesh,2008,20.3488943806856,,,2
PA.NUS.PRVT.PP,BGD,Bangladesh,2009,21.5290568009685,,,2
PA.NUS.PRVT.PP,BGD,Bangladesh,2010,22.9030338722383,,,2
PA.NUS.PRVT.PP,BGD,Bangladesh,2011,24.7321186065674,,,2
PA.NUS.PRVT.PP,BGD,Bangladesh,2012,24.3459245530281,,,2
PA.NUS.PRVT.PP,BGD,Bangladesh,2013,25.7272192940636,,,2
PA.NUS.PRVT.PP,BGD,Bangladesh,2014,26.5951132150196,,,2
PA.NUS.PRVT.PP,BGD,Bangladesh,2015,27.5444982916793,,,2
PA.NUS.PRVT.PP,BGD,Bangladesh,2016,28.0668085012234,,,2
PA.NUS.PRVT.PP,BGD,Bangladesh,2017,29.010705947876,,,2
PA.NUS.PRVT.PP,BGD,Bangladesh,2018,29.1719818115234,,,2
PA.NUS.PRVT.PP,BGD,Bangladesh,2019,29.4836902618408,,,2
PA.NUS.PRVT.PP,BGD,Bangladesh,2020,29.3982715606689,,,2
PA.NUS.PRVT.PP,BGD,Bangladesh,2021,29.214879989624,,,2
PA.NUS.PRVT.PP,BGD,Bangladesh,2022,29.1321484484462,,,2
PA.NUS.PRVT.PP,BGD,Bangladesh,2023,30.7458231073561,,,2
PA.NUS.PRVT.PP,BGD,Bangladesh,2024,32.9905392877522,,,2
PA.NUS.PRVT.PP,BGD,Bangladesh,2025,34.9406280714451,,,2
PA.NUS.PRVT.PP,BGR,Bulgaria,1990,0.00030460772194687,,,2
PA.NUS.PRVT.PP,BGR,Bulgaria,1991,0.00128128777480056,,,2
PA.NUS.PRVT.PP,BGR,Bulgaria,1992,0.00237902077606367,,,2
PA.NUS.PRVT.PP,BGR,Bulgaria,1993,0.00399490643053821,,,2
PA.NUS.PRVT.PP,BGR,Bulgaria,1994,0.00763327405157252,,,2
PA.NUS.PRVT.PP,BGR,Bulgaria,1995,0.0120325266959479,,,2
PA.NUS.PRVT.PP,BGR,Bulgaria,1996,0.023906342387432,,,2
PA.NUS.PRVT.PP,BGR,Bulgaria,1997,0.268782130355855,,,2
PA.NUS.PRVT.PP,BGR,Bulgaria,1998,0.31892282899201,,,2
PA.NUS.PRVT.PP,BGR,Bulgaria,1999,0.320288650891652,,,2
PA.NUS.PRVT.PP,BGR,Bulgaria,2000,0.324842661818034,,,2
PA.NUS.PRVT.PP,BGR,Bulgaria,2001,0.340959939801027,,,2
PA.NUS.PRVT.PP,BGR,Bulgaria,2002,0.340540198981859,,,2
PA.NUS.PRVT.PP,BGR,Bulgaria,2003,0.338790317466324,,,2
PA.NUS.PRVT.PP,BGR,Bulgaria,2004,0.351879038499906,,,2
PA.NUS.PRVT.PP,BGR,Bulgaria,2005,0.362229734142522,,,2
PA.NUS.PRVT.PP,BGR,Bulgaria,2006,0.385604504978817,,,2
PA.NUS.PRVT.PP,BGR,Bulgaria,2007,0.403426108178846,,,2
PA.NUS.PRVT.PP,BGR,Bulgaria,2008,0.424917459239709,,,2
PA.NUS.PRVT.PP,BGR,Bulgaria,2009,0.43419772329855,,,2
PA.NUS.PRVT.PP,BGR,Bulgaria,2010,0.426110547695475,,,2
PA.NUS.PRVT.PP,BGR,Bulgaria,2011,0.412143804457702,,,2
PA.NUS.PRVT.PP,BGR,Bulgaria,2012,0.410414686401001,,,2
PA.NUS.PRVT.PP,BGR,Bulgaria,2013,0.39591033249724,,,2
PA.NUS.PRVT.PP,BGR,Bulgaria,2014,0.381534203759324,,,2
PA.NUS.PRVT.PP,BGR,Bulgaria,2015,0.386975180803978,,,2
PA.NUS.PRVT.PP,BGR,Bulgaria,2016,0.374278740219374,,,2
PA.NUS.PRVT.PP,BGR,Bulgaria,2017,0.384015157962911,,,2
PA.NUS.PRVT.PP,BGR,Bulgaria,2018,0.382729679178299,,,2
PA.NUS.PRVT.PP,BGR,Bulgaria,2019,0.381421287653526,,,2
PA.NUS.PRVT.PP,BGR,Bulgaria,2020,0.387280942273299,,,2
PA.NUS.PRVT.PP,BGR,Bulgaria,2021,0.384830725044383,,,2
PA.NUS.PRVT.PP,BGR,Bulgaria,2022,0.386240687003967,,,2
PA.NUS.PRVT.PP,BGR,Bulgaria,2023,0.381083350145514,,,2
PA.NUS.PRVT.PP,BGR,Bulgaria,2024,0.389985350890352,,,2
PA.NUS.PRVT.PP,BGR,Bulgaria,2025,0.414616944167498,,,2
PA.NUS.PRVT.PP,BHR,Bahrain,1990,0.242239846536649,,,2
PA.NUS.PRVT.PP,BHR,Bahrain,1991,0.234174375322754,,,2
PA.NUS.PRVT.PP,BHR,Bahrain,1992,0.22689828645039,,,2
PA.NUS.PRVT.PP,BHR,Bahrain,1993,0.225988510895805,,,2
PA.NUS.PRVT.PP,BHR,Bahrain,1994,0.222044943459947,,,2
PA.NUS.PRVT.PP,BHR,Bahrain,1995,0.221825966553189,,,2
PA.NUS.PRVT.PP,BHR,Bahrain,1996,0.214534368374769,,,2
PA.NUS.PRVT.PP,BHR,Bahrain,1997,0.214731133580816,,,2
PA.NUS.PRVT.PP,BHR,Bahrain,1998,0.210673825498786,,,2
PA.NUS.PRVT.PP,BHR,Bahrain,1999,0.203508395617592,,,2
PA.NUS.PRVT.PP,BHR,Bahrain,2000,0.195473112662523,,,2
PA.NUS.PRVT.PP,BHR,Bahrain,2001,0.18780494534913,,,2
PA.NUS.PRVT.PP,BHR,Bahrain,2002,0.183956685255146,,,2
PA.NUS.PRVT.PP,BHR,Bahrain,2003,0.182739896687631,,,2
PA.NUS.PRVT.PP,BHR,Bahrain,2004,0.182162731474462,,,2
PA.NUS.PRVT.PP,BHR,Bahrain,2005,0.180741727345783,,,2
PA.NUS.PRVT.PP,BHR,Bahrain,2006,0.178608260046965,,,2
PA.NUS.PRVT.PP,BHR,Bahrain,2007,0.179309813995352,,,2
PA.NUS.PRVT.PP,BHR,Bahrain,2008,0.178769156492323,,,2
PA.NUS.PRVT.PP,BHR,Bahrain,2009,0.184422378087499,,,2
PA.NUS.PRVT.PP,BHR,Bahrain,2010,0.185006347997522,,,2
PA.NUS.PRVT.PP,BHR,Bahrain,2011,0.178627267479897,,,2
PA.NUS.PRVT.PP,BHR,Bahrain,2012,0.173920487166258,,,2
PA.NUS.PRVT.PP,BHR,Bahrain,2013,0.186710632706837,,,2
PA.NUS.PRVT.PP,BHR,Bahrain,2014,0.195920148174592,,,2
PA.NUS.PRVT.PP,BHR,Bahrain,2015,0.20299545515665,,,2
PA.NUS.PRVT.PP,BHR,Bahrain,2016,0.209245553040946,,,2
PA.NUS.PRVT.PP,BHR,Bahrain,2017,0.206025898456573,,,2
PA.NUS.PRVT.PP,BHR,Bahrain,2018,0.200895845890045,,,2
PA.NUS.PRVT.PP,BHR,Bahrain,2019,0.19827938079834,,,2
PA.NUS.PRVT.PP,BHR,Bahrain,2020,0.198293626308441,,,2
PA.NUS.PRVT.PP,BHR,Bahrain,2021,0.208697304129601,,,2
PA.NUS.PRVT.PP,BHR,Bahrain,2022,0.200239371850122,,,2
PA.NUS.PRVT.PP,BHR,Bahrain,2023,0.192466230505417,,,2
PA.NUS.PRVT.PP,BHR,Bahrain,2024,0.188671310356043,,,2
PA.NUS.PRVT.PP,BHR,Bahrain,2025,0.18346131214322,,,2
PA.NUS.PRVT.PP,BHS,"Bahamas, The",1990,1.17370725001571,,,2
PA.NUS.PRVT.PP,BHS,"Bahamas, The",1991,1.20613346163503,,,2
PA.NUS.PRVT.PP,BHS,"Bahamas, The",1992,1.23785150813685,,,2
PA.NUS.PRVT.PP,BHS,"Bahamas, The",1993,1.23510099349008,,,2
PA.NUS.PRVT.PP,BHS,"Bahamas, The",1994,1.22055882607144,,,2
PA.NUS.PRVT.PP,BHS,"Bahamas, The",1995,1.21179186777551,,,2
PA.NUS.PRVT.PP,BHS,"Bahamas, The",1996,1.19351964482625,,,2
PA.NUS.PRVT.PP,BHS,"Bahamas, The",1997,1.17260237873691,,,2
PA.NUS.PRVT.PP,BHS,"Bahamas, The",1998,1.17011213279349,,,2
PA.NUS.PRVT.PP,BHS,"Bahamas, The",1999,1.15941982281165,,,2
PA.NUS.PRVT.PP,BHS,"Bahamas, The",2000,1.13956252452404,,,2
PA.NUS.PRVT.PP,BHS,"Bahamas, The",2001,1.13090514698514,,,2
PA.NUS.PRVT.PP,BHS,"Bahamas, The",2002,1.13744599834543,,,2
PA.NUS.PRVT.PP,BHS,"Bahamas, The",2003,1.14584254071277,,,2
PA.NUS.PRVT.PP,BHS,"Bahamas, The",2004,1.1269233247071,,,2
PA.NUS.PRVT.PP,BHS,"Bahamas, The",2005,1.10729189515277,,,2
PA.NUS.PRVT.PP,BHS,"Bahamas, The",2006,1.09832296296685,,,2
PA.NUS.PRVT.PP,BHS,"Bahamas, The",2007,1.09447765604472,,,2
PA.NUS.PRVT.PP,BHS,"Bahamas, The",2008,1.10133358563984,,,2
PA.NUS.PRVT.PP,BHS,"Bahamas, The",2009,1.12806195822786,,,2
PA.NUS.PRVT.PP,BHS,"Bahamas, The",2010,1.12477659506522,,,2
PA.NUS.PRVT.PP,BHS,"Bahamas, The",2011,1.1252338886261,,,2
PA.NUS.PRVT.PP,BHS,"Bahamas, The",2012,1.08140241639934,,,2
PA.NUS.PRVT.PP,BHS,"Bahamas, The",2013,1.0962190822502,,,2
PA.NUS.PRVT.PP,BHS,"Bahamas, The",2014,1.10314081801948,,,2
PA.NUS.PRVT.PP,BHS,"Bahamas, The",2015,1.13470387465716,,,2
PA.NUS.PRVT.PP,BHS,"Bahamas, The",2016,1.11712175843729,,,2
PA.NUS.PRVT.PP,BHS,"Bahamas, The",2017,1.12390911579132,,,2
PA.NUS.PRVT.PP,BHS,"Bahamas, The",2018,1.14095890522003,,,2
PA.NUS.PRVT.PP,BHS,"Bahamas, The",2019,1.17500722408295,,,2
PA.NUS.PRVT.PP,BHS,"Bahamas, The",2020,1.17334520816803,,,2
PA.NUS.PRVT.PP,BHS,"Bahamas, The",2021,1.17249500751495,,,2
PA.NUS.PRVT.PP,BHS,"Bahamas, The",2022,1.14646853508535,,,2
PA.NUS.PRVT.PP,BHS,"Bahamas, The",2023,1.13475874426385,,,2
PA.NUS.PRVT.PP,BHS,"Bahamas, The",2024,1.10675765538476,,,2
PA.NUS.PRVT.PP,BIH,Bosnia and Herzegovina,2005,0.86863866401996,,,2
PA.NUS.PRVT.PP,BIH,Bosnia and Herzegovina,2006,0.889436600282435,,,2
PA.NUS.PRVT.PP,BIH,Bosnia and Herzegovina,2007,0.897325374573217,,,2
PA.NUS.PRVT.PP,BIH,Bosnia and Herzegovina,2008,0.920628834852782,,,2
PA.NUS.PRVT.PP,BIH,Bosnia and Herzegovina,2009,0.897814772071655,,,2
PA.NUS.PRVT.PP,BIH,Bosnia and Herzegovina,2010,0.881359978131853,,,2
PA.NUS.PRVT.PP,BIH,Bosnia and Herzegovina,2011,0.86513560376783,,,2
PA.NUS.PRVT.PP,BIH,Bosnia and Herzegovina,2012,0.85251214621158,,,2
PA.NUS.PRVT.PP,BIH,Bosnia and Herzegovina,2013,0.82844477449011,,,2
PA.NUS.PRVT.PP,BIH,Bosnia and Herzegovina,2014,0.824068283721893,,,2
PA.NUS.PRVT.PP,BIH,Bosnia and Herzegovina,2015,0.818969433546394,,,2
PA.NUS.PRVT.PP,BIH,Bosnia and Herzegovina,2016,0.785395725498394,,,2
PA.NUS.PRVT.PP,BIH,Bosnia and Herzegovina,2017,0.799129538115798,,,2
PA.NUS.PRVT.PP,BIH,Bosnia and Herzegovina,2018,0.791567177719252,,,2
PA.NUS.PRVT.PP,BIH,Bosnia and Herzegovina,2019,0.762784200781188,,,2
PA.NUS.PRVT.PP,BIH,Bosnia and Herzegovina,2020,0.770666757096312,,,2
PA.NUS.PRVT.PP,BIH,Bosnia and Herzegovina,2021,0.762111212374831,,,2
PA.NUS.PRVT.PP,BIH,Bosnia and Herzegovina,2022,0.757445928007846,,,2
PA.NUS.PRVT.PP,BIH,Bosnia and Herzegovina,2023,0.736469260000179,,,2
PA.NUS.PRVT.PP,BIH,Bosnia and Herzegovina,2024,0.736373851877833,,,2
PA.NUS.PRVT.PP,BIH,Bosnia and Herzegovina,2025,0.769029781854437,,,2
PA.NUS.PRVT.PP,BLR,Belarus,1992,2.80460413741781e-07,,,2
PA.NUS.PRVT.PP,BLR,Belarus,1993,3.51483633493165e-06,,,2
PA.NUS.PRVT.PP,BLR,Belarus,1994,7.95068393417422e-05,,,2
PA.NUS.PRVT.PP,BLR,Belarus,1995,0.000625925609199238,,,2
PA.NUS.PRVT.PP,BLR,Belarus,1996,0.000928643557770458,,,2
PA.NUS.PRVT.PP,BLR,Belarus,1997,0.00148761789736324,,,2
PA.NUS.PRVT.PP,BLR,Belarus,1998,0.00253233198982079,,,2
PA.NUS.PRVT.PP,BLR,Belarus,1999,0.00975579353018751,,,2
PA.NUS.PRVT.PP,BLR,Belarus,2000,0.0253500021973919,,,2
PA.NUS.PRVT.PP,BLR,Belarus,2001,0.0397250122734606,,,2
PA.NUS.PRVT.PP,BLR,Belarus,2002,0.0557390200052824,,,2
PA.NUS.PRVT.PP,BLR,Belarus,2003,0.0699791055188643,,,2
PA.NUS.PRVT.PP,BLR,Belarus,2004,0.0804960225879828,,,2
PA.NUS.PRVT.PP,BLR,Belarus,2005,0.0859039072196605,,,2
PA.NUS.PRVT.PP,BLR,Belarus,2006,0.0890422608918581,,,2
PA.NUS.PRVT.PP,BLR,Belarus,2007,0.0938678886193065,,,2
PA.NUS.PRVT.PP,BLR,Belarus,2008,0.103810500747522,,,2
PA.NUS.PRVT.PP,BLR,Belarus,2009,0.117667814942875,,,2
PA.NUS.PRVT.PP,BLR,Belarus,2010,0.124724760381041,,,2
PA.NUS.PRVT.PP,BLR,Belarus,2011,0.185265585780144,,,2
PA.NUS.PRVT.PP,BLR,Belarus,2012,0.283286650694042,,,2
PA.NUS.PRVT.PP,BLR,Belarus,2013,0.370822601461234,,,2
PA.NUS.PRVT.PP,BLR,Belarus,2014,0.454335401782493,,,2
PA.NUS.PRVT.PP,BLR,Belarus,2015,0.523872009082341,,,2
PA.NUS.PRVT.PP,BLR,Belarus,2016,0.580203804549256,,,2
PA.NUS.PRVT.PP,BLR,Belarus,2017,0.61639279127121,,,2
PA.NUS.PRVT.PP,BLR,Belarus,2018,0.641762793064117,,,2
PA.NUS.PRVT.PP,BLR,Belarus,2019,0.668565034866333,,,2
PA.NUS.PRVT.PP,BLR,Belarus,2020,0.691437780857086,,,2
PA.NUS.PRVT.PP,BLR,Belarus,2021,0.739586234092712,,,2
PA.NUS.PRVT.PP,BLR,Belarus,2022,0.788937786877742,,,2
PA.NUS.PRVT.PP,BLR,Belarus,2023,0.795638239936595,,,2
PA.NUS.PRVT.PP,BLR,Belarus,2024,0.817554475708195,,,2
PA.NUS.PRVT.PP,BLR,Belarus,2025,0.848605879235493,,,2
PA.NUS.PRVT.PP,BLZ,Belize,1990,1.32385172775208,,,2
PA.NUS.PRVT.PP,BLZ,Belize,1991,1.27974221424776,,,2
PA.NUS.PRVT.PP,BLZ,Belize,1992,1.27189053445004,,,2
PA.NUS.PRVT.PP,BLZ,Belize,1993,1.25361785682587,,,2
PA.NUS.PRVT.PP,BLZ,Belize,1994,1.25315238359623,,,2
PA.NUS.PRVT.PP,BLZ,Belize,1995,1.2541786973147,,,2
PA.NUS.PRVT.PP,BLZ,Belize,1996,1.29114463394087,,,2
PA.NUS.PRVT.PP,BLZ,Belize,1997,1.27614798774237,,,2
PA.NUS.PRVT.PP,BLZ,Belize,1998,1.28422798340005,,,2
PA.NUS.PRVT.PP,BLZ,Belize,1999,1.28967425133099,,,2
PA.NUS.PRVT.PP,BLZ,Belize,2000,1.28581412320377,,,2
PA.NUS.PRVT.PP,BLZ,Belize,2001,1.29613361590264,,,2
PA.NUS.PRVT.PP,BLZ,Belize,2002,1.32999893308743,,,2
PA.NUS.PRVT.PP,BLZ,Belize,2003,1.33062300298065,,,2
PA.NUS.PRVT.PP,BLZ,Belize,2004,1.3787951627231,,,2
PA.NUS.PRVT.PP,BLZ,Belize,2005,1.31882460360182,,,2
PA.NUS.PRVT.PP,BLZ,Belize,2006,1.1867234496487,,,2
PA.NUS.PRVT.PP,BLZ,Belize,2007,1.18055530487175,,,2
PA.NUS.PRVT.PP,BLZ,Belize,2008,1.20960707065047,,,2
PA.NUS.PRVT.PP,BLZ,Belize,2009,1.20051764905925,,,2
PA.NUS.PRVT.PP,BLZ,Belize,2010,1.19198899220554,,,2
PA.NUS.PRVT.PP,BLZ,Belize,2011,1.17402327060699,,,2
PA.NUS.PRVT.PP,BLZ,Belize,2012,1.15467084058595,,,2
PA.NUS.PRVT.PP,BLZ,Belize,2013,1.22924472854494,,,2
PA.NUS.PRVT.PP,BLZ,Belize,2014,1.28976447614509,,,2
PA.NUS.PRVT.PP,BLZ,Belize,2015,1.33286721095947,,,2
PA.NUS.PRVT.PP,BLZ,Belize,2016,1.38131057865665,,,2
PA.NUS.PRVT.PP,BLZ,Belize,2017,1.44735932350159,,,2
PA.NUS.PRVT.PP,BLZ,Belize,2018,1.36718213558197,,,2
PA.NUS.PRVT.PP,BLZ,Belize,2019,1.27679920196533,,,2
PA.NUS.PRVT.PP,BLZ,Belize,2020,1.18448960781097,,,2
PA.NUS.PRVT.PP,BLZ,Belize,2021,1.11653864383698,,,2
PA.NUS.PRVT.PP,BLZ,Belize,2022,1.09869613006107,,,2
PA.NUS.PRVT.PP,BLZ,Belize,2023,1.10158227995979,,,2
PA.NUS.PRVT.PP,BLZ,Belize,2024,1.10522072461913,,,2
PA.NUS.PRVT.PP,BLZ,Belize,2025,1.08762083040378,,,2
PA.NUS.PRVT.PP,BMU,Bermuda,2011,1.8262528181076,,,2
PA.NUS.PRVT.PP,BMU,Bermuda,2012,1.75501331892738,,,2
PA.NUS.PRVT.PP,BMU,Bermuda,2013,1.75806978741148,,,2
PA.NUS.PRVT.PP,BMU,Bermuda,2014,1.7270855314721,,,2
PA.NUS.PRVT.PP,BMU,Bermuda,2015,1.68425917384337,,,2
PA.NUS.PRVT.PP,BMU,Bermuda,2016,1.6333699497553,,,2
PA.NUS.PRVT.PP,BMU,Bermuda,2017,1.61421823501587,,,2
PA.NUS.PRVT.PP,BMU,Bermuda,2018,1.61499929428101,,,2
PA.NUS.PRVT.PP,BMU,Bermuda,2019,1.56304717063904,,,2
PA.NUS.PRVT.PP,BMU,Bermuda,2020,1.5074679851532,,,2
PA.NUS.PRVT.PP,BMU,Bermuda,2021,1.44135057926178,,,2
PA.NUS.PRVT.PP,BOL,Bolivia,1990,1.19282735169145,,,2
PA.NUS.PRVT.PP,BOL,Bolivia,1991,1.38979648623392,,,2
PA.NUS.PRVT.PP,BOL,Bolivia,1992,1.51162601371708,,,2
PA.NUS.PRVT.PP,BOL,Bolivia,1993,1.59350093874712,,,2
PA.NUS.PRVT.PP,BOL,Bolivia,1994,1.67529165580204,,,2
PA.NUS.PRVT.PP,BOL,Bolivia,1995,1.79568120411878,,,2
PA.NUS.PRVT.PP,BOL,Bolivia,1996,1.96131323589419,,,2
PA.NUS.PRVT.PP,BOL,Bolivia,1997,2.00674900869386,,,2
PA.NUS.PRVT.PP,BOL,Bolivia,1998,2.1277035571179,,,2
PA.NUS.PRVT.PP,BOL,Bolivia,1999,2.12710991805958,,,2
PA.NUS.PRVT.PP,BOL,Bolivia,2000,2.15244697307144,,,2
PA.NUS.PRVT.PP,BOL,Bolivia,2001,2.1265631151314,,,2
PA.NUS.PRVT.PP,BOL,Bolivia,2002,2.1127935515523,,,2
PA.NUS.PRVT.PP,BOL,Bolivia,2003,2.13484037836199,,,2
PA.NUS.PRVT.PP,BOL,Bolivia,2004,2.17143687077215,,,2
PA.NUS.PRVT.PP,BOL,Bolivia,2005,2.21345069992986,,,2
PA.NUS.PRVT.PP,BOL,Bolivia,2006,2.23610396140025,,,2
PA.NUS.PRVT.PP,BOL,Bolivia,2007,2.36335174938983,,,2
PA.NUS.PRVT.PP,BOL,Bolivia,2008,2.59476627692738,,,2
PA.NUS.PRVT.PP,BOL,Bolivia,2009,2.69116728682684,,,2
PA.NUS.PRVT.PP,BOL,Bolivia,2010,2.7140234692778,,,2
PA.NUS.PRVT.PP,BOL,Bolivia,2011,2.89102506637573,,,2
PA.NUS.PRVT.PP,BOL,Bolivia,2012,2.72489541018976,,,2
PA.NUS.PRVT.PP,BOL,Bolivia,2013,2.75100732343584,,,2
PA.NUS.PRVT.PP,BOL,Bolivia,2014,2.72351491931599,,,2
PA.NUS.PRVT.PP,BOL,Bolivia,2015,2.67238408156343,,,2
PA.NUS.PRVT.PP,BOL,Bolivia,2016,2.59135351484309,,,2
PA.NUS.PRVT.PP,BOL,Bolivia,2017,2.52565455436707,,,2
PA.NUS.PRVT.PP,BOL,Bolivia,2018,2.60130596160889,,,2
PA.NUS.PRVT.PP,BOL,Bolivia,2019,2.5837574005127,,,2
PA.NUS.PRVT.PP,BOL,Bolivia,2020,2.55138540267944,,,2
PA.NUS.PRVT.PP,BOL,Bolivia,2021,2.44783234596252,,,2
PA.NUS.PRVT.PP,BOL,Bolivia,2022,2.30603238953797,,,2
PA.NUS.PRVT.PP,BOL,Bolivia,2023,2.27193570028794,,,2
PA.NUS.PRVT.PP,BOL,Bolivia,2024,2.31938815912331,,,2
PA.NUS.PRVT.PP,BOL,Bolivia,2025,2.69923478338388,,,2
PA.NUS.PRVT.PP,BRA,Brazil,1994,0.518651900394073,,,2
PA.NUS.PRVT.PP,BRA,Brazil,1995,0.837503155889495,,,2
PA.NUS.PRVT.PP,BRA,Brazil,1996,0.941866084363568,,,2
PA.NUS.PRVT.PP,BRA,Brazil,1997,0.984101205462859,,,2
PA.NUS.PRVT.PP,BRA,Brazil,1998,1.00002087475389,,,2
PA.NUS.PRVT.PP,BRA,Brazil,1999,1.02615383885615,,,2
PA.NUS.PRVT.PP,BRA,Brazil,2000,1.06255654480532,,,2
PA.NUS.PRVT.PP,BRA,Brazil,2001,1.10403724553754,,,2
PA.NUS.PRVT.PP,BRA,Brazil,2002,1.17863665742139,,,2
PA.NUS.PRVT.PP,BRA,Brazil,2003,1.32206007605332,,,2
PA.NUS.PRVT.PP,BRA,Brazil,2004,1.37253287270899,,,2
PA.NUS.PRVT.PP,BRA,Brazil,2005,1.41868706834656,,,2
PA.NUS.PRVT.PP,BRA,Brazil,2006,1.43184818629102,,,2
PA.NUS.PRVT.PP,BRA,Brazil,2007,1.44282657102356,,,2
PA.NUS.PRVT.PP,BRA,Brazil,2008,1.46838602063992,,,2
PA.NUS.PRVT.PP,BRA,Brazil,2009,1.54565676522762,,,2
PA.NUS.PRVT.PP,BRA,Brazil,2010,1.59734110048442,,,2
PA.NUS.PRVT.PP,BRA,Brazil,2011,1.65122139453888,,,2
PA.NUS.PRVT.PP,BRA,Brazil,2012,1.66879805055166,,,2
PA.NUS.PRVT.PP,BRA,Brazil,2013,1.80493957191694,,,2
PA.NUS.PRVT.PP,BRA,Brazil,2014,1.92190168808325,,,2
PA.NUS.PRVT.PP,BRA,Brazil,2015,2.11391066336054,,,2
PA.NUS.PRVT.PP,BRA,Brazil,2016,2.29087568701956,,,2
PA.NUS.PRVT.PP,BRA,Brazil,2017,2.37944602966309,,,2
PA.NUS.PRVT.PP,BRA,Brazil,2018,2.34495878219604,,,2
PA.NUS.PRVT.PP,BRA,Brazil,2019,2.33949303627014,,,2
PA.NUS.PRVT.PP,BRA,Brazil,2020,2.34392309188843,,,2
PA.NUS.PRVT.PP,BRA,Brazil,2021,2.44986319541931,,,2
PA.NUS.PRVT.PP,BRA,Brazil,2022,2.47883675557718,,,2
PA.NUS.PRVT.PP,BRA,Brazil,2023,2.49019867531651,,,2
PA.NUS.PRVT.PP,BRA,Brazil,2024,2.52449654597584,,,2
PA.NUS.PRVT.PP,BRA,Brazil,2025,2.58149013637329,,,2
PA.NUS.PRVT.PP,BRB,Barbados,1990,1.92446612377314,,,2
PA.NUS.PRVT.PP,BRB,Barbados,1991,1.96180823231371,,,2
PA.NUS.PRVT.PP,BRB,Barbados,1992,2.02017137917868,,,2
PA.NUS.PRVT.PP,BRB,Barbados,1993,1.98410090926163,,,2
PA.NUS.PRVT.PP,BRB,Barbados,1994,1.93517418563809,,,2
PA.NUS.PRVT.PP,BRB,Barbados,1995,1.91773299440428,,,2
PA.NUS.PRVT.PP,BRB,Barbados,1996,1.90757801606164,,,2
PA.NUS.PRVT.PP,BRB,Barbados,1997,2.00772810114489,,,2
PA.NUS.PRVT.PP,BRB,Barbados,1998,1.95195255661058,,,2
PA.NUS.PRVT.PP,BRB,Barbados,1999,1.93995743820323,,,2
PA.NUS.PRVT.PP,BRB,Barbados,2000,1.92229791735234,,,2
PA.NUS.PRVT.PP,BRB,Barbados,2001,1.91765536202988,,,2
PA.NUS.PRVT.PP,BRB,Barbados,2002,1.89007994921737,,,2
PA.NUS.PRVT.PP,BRB,Barbados,2003,1.87805490147557,,,2
PA.NUS.PRVT.PP,BRB,Barbados,2004,1.85459112395272,,,2
PA.NUS.PRVT.PP,BRB,Barbados,2005,1.90283253874126,,,2
PA.NUS.PRVT.PP,BRB,Barbados,2006,1.97807357330807,,,2
PA.NUS.PRVT.PP,BRB,Barbados,2007,2.00079741030473,,,2
PA.NUS.PRVT.PP,BRB,Barbados,2008,2.08305370633707,,,2
PA.NUS.PRVT.PP,BRB,Barbados,2009,2.16666078807973,,,2
PA.NUS.PRVT.PP,BRB,Barbados,2010,2.25585484774855,,,2
PA.NUS.PRVT.PP,BRB,Barbados,2011,2.39308571815491,,,2
PA.NUS.PRVT.PP,BRB,Barbados,2012,2.38778060301702,,,2
PA.NUS.PRVT.PP,BRB,Barbados,2013,2.469503024296,,,2
PA.NUS.PRVT.PP,BRB,Barbados,2014,2.50964177869378,,,2
PA.NUS.PRVT.PP,BRB,Barbados,2015,2.43405690646434,,,2
PA.NUS.PRVT.PP,BRB,Barbados,2016,2.39981209812943,,,2
PA.NUS.PRVT.PP,BRB,Barbados,2017,2.49321484565735,,,2
PA.NUS.PRVT.PP,BRB,Barbados,2018,2.53001570701599,,,2
PA.NUS.PRVT.PP,BRB,Barbados,2019,2.6199061870575,,,2
PA.NUS.PRVT.PP,BRB,Barbados,2020,2.67849802970886,,,2
PA.NUS.PRVT.PP,BRB,Barbados,2021,2.63730001449585,,,2
PA.NUS.PRVT.PP,BRN,Brunei Darussalam,1990,1.11632934915124,,,2
PA.NUS.PRVT.PP,BRN,Brunei Darussalam,1991,1.08810957053098,,,2
PA.NUS.PRVT.PP,BRN,Brunei Darussalam,1992,1.06963491943444,,,2
PA.NUS.PRVT.PP,BRN,Brunei Darussalam,1993,1.0831419594777,,,2
PA.NUS.PRVT.PP,BRN,Brunei Darussalam,1994,1.08161212563419,,,2
PA.NUS.PRVT.PP,BRN,Brunei Darussalam,1995,1.11487122559102,,,2
PA.NUS.PRVT.PP,BRN,Brunei Darussalam,1996,1.10474329529416,,,2
PA.NUS.PRVT.PP,BRN,Brunei Darussalam,1997,1.09798417457283,,,2
PA.NUS.PRVT.PP,BRN,Brunei Darussalam,1998,1.0764287215381,,,2
PA.NUS.PRVT.PP,BRN,Brunei Darussalam,1999,1.04900233041573,,,2
PA.NUS.PRVT.PP,BRN,Brunei Darussalam,2000,1.030547275592,,,2
PA.NUS.PRVT.PP,BRN,Brunei Darussalam,2001,1.00819489504221,,,2
PA.NUS.PRVT.PP,BRN,Brunei Darussalam,2002,0.969479214284864,,,2
PA.NUS.PRVT.PP,BRN,Brunei Darussalam,2003,0.950803509257522,,,2
PA.NUS.PRVT.PP,BRN,Brunei Darussalam,2004,0.933551788540364,,,2
PA.NUS.PRVT.PP,BRN,Brunei Darussalam,2005,0.914154311939271,,,2
PA.NUS.PRVT.PP,BRN,Brunei Darussalam,2006,0.88700175491589,,,2
PA.NUS.PRVT.PP,BRN,Brunei Darussalam,2007,0.870746385808084,,,2
PA.NUS.PRVT.PP,BRN,Brunei Darussalam,2008,0.85603715106205,,,2
PA.NUS.PRVT.PP,BRN,Brunei Darussalam,2009,0.867989383564985,,,2
PA.NUS.PRVT.PP,BRN,Brunei Darussalam,2010,0.857031284365649,,,2
PA.NUS.PRVT.PP,BRN,Brunei Darussalam,2011,0.831949889659882,,,2
PA.NUS.PRVT.PP,BRN,Brunei Darussalam,2012,0.773536654446693,,,2
PA.NUS.PRVT.PP,BRN,Brunei Darussalam,2013,0.774431794771494,,,2
PA.NUS.PRVT.PP,BRN,Brunei Darussalam,2014,0.757444072788719,,,2
PA.NUS.PRVT.PP,BRN,Brunei Darussalam,2015,0.74369156392448,,,2
PA.NUS.PRVT.PP,BRN,Brunei Darussalam,2016,0.707256043515575,,,2
PA.NUS.PRVT.PP,BRN,Brunei Darussalam,2017,0.674312889575958,,,2
PA.NUS.PRVT.PP,BRN,Brunei Darussalam,2018,0.662518441677094,,,2
PA.NUS.PRVT.PP,BRN,Brunei Darussalam,2019,0.644086301326752,,,2
PA.NUS.PRVT.PP,BRN,Brunei Darussalam,2020,0.631587862968445,,,2
PA.NUS.PRVT.PP,BRN,Brunei Darussalam,2021,0.606373310089111,,,2
PA.NUS.PRVT.PP,BRN,Brunei Darussalam,2022,0.582115921254264,,,2
PA.NUS.PRVT.PP,BRN,Brunei Darussalam,2023,0.561097766719045,,,2
PA.NUS.PRVT.PP,BRN,Brunei Darussalam,2024,0.542903839087225,,,2
PA.NUS.PRVT.PP,BRN,Brunei Darussalam,2025,0.527038244468472,,,2
PA.NUS.PRVT.PP,BTN,Bhutan,1990,7.01409784604169,,,2
PA.NUS.PRVT.PP,BTN,Bhutan,1991,7.55513331378527,,,2
PA.NUS.PRVT.PP,BTN,Bhutan,1992,8.50449642147533,,,2
PA.NUS.PRVT.PP,BTN,Bhutan,1993,9.18570095916035,,,2
PA.NUS.PRVT.PP,BTN,Bhutan,1994,9.57982596303241,,,2
PA.NUS.PRVT.PP,BTN,Bhutan,1995,10.2024938146376,,,2
PA.NUS.PRVT.PP,BTN,Bhutan,1996,10.7832163405991,,,2
PA.NUS.PRVT.PP,BTN,Bhutan,1997,11.2223728174382,,,2
PA.NUS.PRVT.PP,BTN,Bhutan,1998,12.2206289224585,,,2
PA.NUS.PRVT.PP,BTN,Bhutan,1999,12.7694217819329,,,2
PA.NUS.PRVT.PP,BTN,Bhutan,2000,12.8478914538584,,,2
PA.NUS.PRVT.PP,BTN,Bhutan,2001,12.9214379497246,,,2
PA.NUS.PRVT.PP,BTN,Bhutan,2002,13.0320135430202,,,2
PA.NUS.PRVT.PP,BTN,Bhutan,2003,13.0705238455377,,,2
PA.NUS.PRVT.PP,BTN,Bhutan,2004,13.2523933796746,,,2
PA.NUS.PRVT.PP,BTN,Bhutan,2005,13.49847505803,,,2
PA.NUS.PRVT.PP,BTN,Bhutan,2006,13.7305212064766,,,2
PA.NUS.PRVT.PP,BTN,Bhutan,2007,14.038023345067,,,2
PA.NUS.PRVT.PP,BTN,Bhutan,2008,14.6447648676922,,,2
PA.NUS.PRVT.PP,BTN,Bhutan,2009,15.3379745540388,,,2
PA.NUS.PRVT.PP,BTN,Bhutan,2010,16.1523083390472,,,2
PA.NUS.PRVT.PP,BTN,Bhutan,2011,17.0435848236084,,,2
PA.NUS.PRVT.PP,BTN,Bhutan,2012,17.3611344017445,,,2
PA.NUS.PRVT.PP,BTN,Bhutan,2013,18.6258356225183,,,2
PA.NUS.PRVT.PP,BTN,Bhutan,2014,19.4323713192258,,,2
PA.NUS.PRVT.PP,BTN,Bhutan,2015,19.5965158471928,,,2
PA.NUS.PRVT.PP,BTN,Bhutan,2016,19.4676987345609,,,2
PA.NUS.PRVT.PP,BTN,Bhutan,2017,20.1486339569092,,,2
PA.NUS.PRVT.PP,BTN,Bhutan,2018,20.2692966461182,,,2
PA.NUS.PRVT.PP,BTN,Bhutan,2019,20.4291210174561,,,2
PA.NUS.PRVT.PP,BTN,Bhutan,2020,20.7239952087402,,,2
PA.NUS.PRVT.PP,BTN,Bhutan,2021,21.3611602783203,,,2
PA.NUS.PRVT.PP,BTN,Bhutan,2022,20.893672901028,,,2
PA.NUS.PRVT.PP,BTN,Bhutan,2023,20.9163504805762,,,2
PA.NUS.PRVT.PP,BTN,Bhutan,2024,20.8781117802223,,,2
PA.NUS.PRVT.PP,BTN,Bhutan,2025,21.0523202631162,,,2
PA.NUS.PRVT.PP,BWA,Botswana,1990,1.09970059291944,,,2
PA.NUS.PRVT.PP,BWA,Botswana,1991,1.17914421208021,,,2
PA.NUS.PRVT.PP,BWA,Botswana,1992,1.32951506400072,,,2
PA.NUS.PRVT.PP,BWA,Botswana,1993,1.47646506908509,,,2
PA.NUS.PRVT.PP,BWA,Botswana,1994,1.59065228554037,,,2
PA.NUS.PRVT.PP,BWA,Botswana,1995,1.70990045600826,,,2
PA.NUS.PRVT.PP,BWA,Botswana,1996,1.82870423665476,,,2
PA.NUS.PRVT.PP,BWA,Botswana,1997,1.94275050616016,,,2
PA.NUS.PRVT.PP,BWA,Botswana,1998,2.0404907508426,,,2
PA.NUS.PRVT.PP,BWA,Botswana,1999,2.15153818231403,,,2
PA.NUS.PRVT.PP,BWA,Botswana,2000,2.26027612098302,,,2
PA.NUS.PRVT.PP,BWA,Botswana,2001,2.34233022293879,,,2
PA.NUS.PRVT.PP,BWA,Botswana,2002,2.49097716046578,,,2
PA.NUS.PRVT.PP,BWA,Botswana,2003,2.65952186454154,,,2
PA.NUS.PRVT.PP,BWA,Botswana,2004,2.77008270090416,,,2
PA.NUS.PRVT.PP,BWA,Botswana,2005,2.90986858734062,,,2
PA.NUS.PRVT.PP,BWA,Botswana,2006,3.14466512990605,,,2
PA.NUS.PRVT.PP,BWA,Botswana,2007,3.2739439223626,,,2
PA.NUS.PRVT.PP,BWA,Botswana,2008,3.55338830622436,,,2
PA.NUS.PRVT.PP,BWA,Botswana,2009,3.85232614199678,,,2
PA.NUS.PRVT.PP,BWA,Botswana,2010,4.05353971900329,,,2
PA.NUS.PRVT.PP,BWA,Botswana,2011,4.26192188262939,,,2
PA.NUS.PRVT.PP,BWA,Botswana,2012,4.37057914554705,,,2
PA.NUS.PRVT.PP,BWA,Botswana,2013,4.63663225144409,,,2
PA.NUS.PRVT.PP,BWA,Botswana,2014,4.78568018735,,,2
PA.NUS.PRVT.PP,BWA,Botswana,2015,4.90257450802565,,,2
PA.NUS.PRVT.PP,BWA,Botswana,2016,4.98772237750221,,,2
PA.NUS.PRVT.PP,BWA,Botswana,2017,5.14609289169312,,,2
PA.NUS.PRVT.PP,BWA,Botswana,2018,5.14817333221436,,,2
PA.NUS.PRVT.PP,BWA,Botswana,2019,5.1511607170105,,,2
PA.NUS.PRVT.PP,BWA,Botswana,2020,5.05182123184204,,,2
PA.NUS.PRVT.PP,BWA,Botswana,2021,5.09842395782471,,,2
PA.NUS.PRVT.PP,BWA,Botswana,2022,5.27133005296259,,,2
PA.NUS.PRVT.PP,BWA,Botswana,2023,5.31949248063595,,,2
PA.NUS.PRVT.PP,BWA,Botswana,2024,5.31271461051018,,,2
PA.NUS.PRVT.PP,BWA,Botswana,2025,5.31072478393597,,,2
PA.NUS.PRVT.PP,CAF,Central African Republic,1990,224.630609623734,,,2
PA.NUS.PRVT.PP,CAF,Central African Republic,1991,209.551084303348,,,2
PA.NUS.PRVT.PP,CAF,Central African Republic,1992,201.288482130777,,,2
PA.NUS.PRVT.PP,CAF,Central African Republic,1993,189.817441535094,,,2
PA.NUS.PRVT.PP,CAF,Central African Republic,1994,230.448696003805,,,2
PA.NUS.PRVT.PP,CAF,Central African Republic,1995,267.175045891368,,,2
PA.NUS.PRVT.PP,CAF,Central African Republic,1996,269.235321929325,,,2
PA.NUS.PRVT.PP,CAF,Central African Republic,1997,267.324332927242,,,2
PA.NUS.PRVT.PP,CAF,Central African Republic,1998,258.275574275721,,,2
PA.NUS.PRVT.PP,CAF,Central African Republic,1999,249.171103899792,,,2
PA.NUS.PRVT.PP,CAF,Central African Republic,2000,248.753018916258,,,2
PA.NUS.PRVT.PP,CAF,Central African Republic,2001,251.193200743943,,,2
PA.NUS.PRVT.PP,CAF,Central African Republic,2002,253.037314751243,,,2
PA.NUS.PRVT.PP,CAF,Central African Republic,2003,257.650754677206,,,2
PA.NUS.PRVT.PP,CAF,Central African Republic,2004,245.747404313629,,,2
PA.NUS.PRVT.PP,CAF,Central African Republic,2005,244.537058336494,,,2
PA.NUS.PRVT.PP,CAF,Central African Republic,2006,252.755703860478,,,2
PA.NUS.PRVT.PP,CAF,Central African Republic,2007,248.104345992481,,,2
PA.NUS.PRVT.PP,CAF,Central African Republic,2008,261.054077922395,,,2
PA.NUS.PRVT.PP,CAF,Central African Republic,2009,271.210756396975,,,2
PA.NUS.PRVT.PP,CAF,Central African Republic,2010,270.813120233577,,,2
PA.NUS.PRVT.PP,CAF,Central African Republic,2011,265.661407470703,,,2
PA.NUS.PRVT.PP,CAF,Central African Republic,2012,261.903164734599,,,2
PA.NUS.PRVT.PP,CAF,Central African Republic,2013,263.025985404613,,,2
PA.NUS.PRVT.PP,CAF,Central African Republic,2014,300.436309604032,,,2
PA.NUS.PRVT.PP,CAF,Central African Republic,2015,298.386483380278,,,2
PA.NUS.PRVT.PP,CAF,Central African Republic,2016,296.061834259585,,,2
PA.NUS.PRVT.PP,CAF,Central African Republic,2017,307.398559570313,,,2
PA.NUS.PRVT.PP,CAF,Central African Republic,2018,299.247222900391,,,2
PA.NUS.PRVT.PP,CAF,Central African Republic,2019,293.921356201172,,,2
PA.NUS.PRVT.PP,CAF,Central African Republic,2020,284.804473876953,,,2
PA.NUS.PRVT.PP,CAF,Central African Republic,2021,276.326538085938,,,2
PA.NUS.PRVT.PP,CAF,Central African Republic,2022,270.1358776158,,,2
PA.NUS.PRVT.PP,CAF,Central African Republic,2023,267.185346639451,,,2
PA.NUS.PRVT.PP,CAF,Central African Republic,2024,263.364567667288,,,2
PA.NUS.PRVT.PP,CAF,Central African Republic,2025,259.014655355872,,,2
PA.NUS.PRVT.PP,CAN,Canada,1990,1.296125,,,2
PA.NUS.PRVT.PP,CAN,Canada,1991,1.312738,,,2
PA.NUS.PRVT.PP,CAN,Canada,1992,1.298617,,,2
PA.NUS.PRVT.PP,CAN,Canada,1993,1.292294,,,2
PA.NUS.PRVT.PP,CAN,Canada,1994,1.280257,,,2
PA.NUS.PRVT.PP,CAN,Canada,1995,1.27043,,,2
PA.NUS.PRVT.PP,CAN,Canada,1996,1.26232,,,2
PA.NUS.PRVT.PP,CAN,Canada,1997,1.257639,,,2
PA.NUS.PRVT.PP,CAN,Canada,1998,1.264101,,,2
PA.NUS.PRVT.PP,CAN,Canada,1999,1.26584,,,2
PA.NUS.PRVT.PP,CAN,Canada,2000,1.27007,,,2
PA.NUS.PRVT.PP,CAN,Canada,2001,1.271077,,,2
PA.NUS.PRVT.PP,CAN,Canada,2002,1.287024,,,2
PA.NUS.PRVT.PP,CAN,Canada,2003,1.284741,,,2
PA.NUS.PRVT.PP,CAN,Canada,2004,1.272633,,,2
PA.NUS.PRVT.PP,CAN,Canada,2005,1.259993,,,2
PA.NUS.PRVT.PP,CAN,Canada,2006,1.286623,,,2
PA.NUS.PRVT.PP,CAN,Canada,2007,1.273704,,,2
PA.NUS.PRVT.PP,CAN,Canada,2008,1.301879,,,2
PA.NUS.PRVT.PP,CAN,Canada,2009,1.30162,,,2
PA.NUS.PRVT.PP,CAN,Canada,2010,1.295799,,,2
PA.NUS.PRVT.PP,CAN,Canada,2011,1.284584,,,2
PA.NUS.PRVT.PP,CAN,Canada,2012,1.284164,,,2
PA.NUS.PRVT.PP,CAN,Canada,2013,1.303071,,,2
PA.NUS.PRVT.PP,CAN,Canada,2014,1.311276,,,2
PA.NUS.PRVT.PP,CAN,Canada,2015,1.340276,,,2
PA.NUS.PRVT.PP,CAN,Canada,2016,1.300739,,,2
PA.NUS.PRVT.PP,CAN,Canada,2017,1.298456,,,2
PA.NUS.PRVT.PP,CAN,Canada,2018,1.287093,,,2
PA.NUS.PRVT.PP,CAN,Canada,2019,1.310215,,,2
PA.NUS.PRVT.PP,CAN,Canada,2020,1.286418,,,2
PA.NUS.PRVT.PP,CAN,Canada,2021,1.243862,,,2
PA.NUS.PRVT.PP,CAN,Canada,2022,1.229317,,,2
PA.NUS.PRVT.PP,CAN,Canada,2023,1.227161,,,2
PA.NUS.PRVT.PP,CAN,Canada,2024,1.240903,,,2
PA.NUS.PRVT.PP,CAN,Canada,2025,1.260483,,,2
PA.NUS.PRVT.PP,CHE,Switzerland,1990,1.956257,,,2
PA.NUS.PRVT.PP,CHE,Switzerland,1991,1.992814,,,2
PA.NUS.PRVT.PP,CHE,Switzerland,1992,2.015141,,,2
PA.NUS.PRVT.PP,CHE,Switzerland,1993,2.016637,,,2
PA.NUS.PRVT.PP,CHE,Switzerland,1994,1.972598,,,2
PA.NUS.PRVT.PP,CHE,Switzerland,1995,1.955441,,,2
PA.NUS.PRVT.PP,CHE,Switzerland,1996,1.921216,,,2
PA.NUS.PRVT.PP,CHE,Switzerland,1997,1.884198,,,2
PA.NUS.PRVT.PP,CHE,Switzerland,1998,1.881695,,,2
PA.NUS.PRVT.PP,CHE,Switzerland,1999,1.884763,,,2
PA.NUS.PRVT.PP,CHE,Switzerland,2000,1.888147,,,2
PA.NUS.PRVT.PP,CHE,Switzerland,2001,1.860089,,,2
PA.NUS.PRVT.PP,CHE,Switzerland,2002,1.810614,,,2
PA.NUS.PRVT.PP,CHE,Switzerland,2003,1.812371,,,2
PA.NUS.PRVT.PP,CHE,Switzerland,2004,1.784235,,,2
PA.NUS.PRVT.PP,CHE,Switzerland,2005,1.777742,,,2
PA.NUS.PRVT.PP,CHE,Switzerland,2006,1.728695,,,2
PA.NUS.PRVT.PP,CHE,Switzerland,2007,1.661044,,,2
PA.NUS.PRVT.PP,CHE,Switzerland,2008,1.614472,,,2
PA.NUS.PRVT.PP,CHE,Switzerland,2009,1.584245,,,2
PA.NUS.PRVT.PP,CHE,Switzerland,2010,1.582282,,,2
PA.NUS.PRVT.PP,CHE,Switzerland,2011,1.537326,,,2
PA.NUS.PRVT.PP,CHE,Switzerland,2012,1.506301,,,2
PA.NUS.PRVT.PP,CHE,Switzerland,2013,1.453364,,,2
PA.NUS.PRVT.PP,CHE,Switzerland,2014,1.432765,,,2
PA.NUS.PRVT.PP,CHE,Switzerland,2015,1.413161,,,2
PA.NUS.PRVT.PP,CHE,Switzerland,2016,1.381825,,,2
PA.NUS.PRVT.PP,CHE,Switzerland,2017,1.373864,,,2
PA.NUS.PRVT.PP,CHE,Switzerland,2018,1.354687,,,2
PA.NUS.PRVT.PP,CHE,Switzerland,2019,1.306266,,,2
PA.NUS.PRVT.PP,CHE,Switzerland,2020,1.288534,,,2
PA.NUS.PRVT.PP,CHE,Switzerland,2021,1.244648,,,2
PA.NUS.PRVT.PP,CHE,Switzerland,2022,1.171395,,,2
PA.NUS.PRVT.PP,CHE,Switzerland,2023,1.160727,,,2
PA.NUS.PRVT.PP,CHE,Switzerland,2024,1.107209,,,2
PA.NUS.PRVT.PP,CHE,Switzerland,2025,1.065544,,,2
PA.NUS.PRVT.PP,CHL,Chile,1990,207.460303303548,,,2
PA.NUS.PRVT.PP,CHL,Chile,1991,242.389215470024,,,2
PA.NUS.PRVT.PP,CHL,Chile,1992,271.554801485543,,,2
PA.NUS.PRVT.PP,CHL,Chile,1993,297.341172330674,,,2
PA.NUS.PRVT.PP,CHL,Chile,1994,322.945659,,,2
PA.NUS.PRVT.PP,CHL,Chile,1995,337.123567,,,2
PA.NUS.PRVT.PP,CHL,Chile,1996,343.057318,,,2
PA.NUS.PRVT.PP,CHL,Chile,1997,349.278881,,,2
PA.NUS.PRVT.PP,CHL,Chile,1998,356.527297,,,2
PA.NUS.PRVT.PP,CHL,Chile,1999,360.395001,,,2
PA.NUS.PRVT.PP,CHL,Chile,2000,366.262259,,,2
PA.NUS.PRVT.PP,CHL,Chile,2001,376.088678,,,2
PA.NUS.PRVT.PP,CHL,Chile,2002,381.825944,,,2
PA.NUS.PRVT.PP,CHL,Chile,2003,385.739992,,,2
PA.NUS.PRVT.PP,CHL,Chile,2004,381.18367,,,2
PA.NUS.PRVT.PP,CHL,Chile,2005,387.36,,,2
PA.NUS.PRVT.PP,CHL,Chile,2006,340.92199,,,2
PA.NUS.PRVT.PP,CHL,Chile,2007,347.074913,,,2
PA.NUS.PRVT.PP,CHL,Chile,2008,367.686311,,,2
PA.NUS.PRVT.PP,CHL,Chile,2009,369.607193,,,2
PA.NUS.PRVT.PP,CHL,Chile,2010,375.101689,,,2
PA.NUS.PRVT.PP,CHL,Chile,2011,370.198737,,,2
PA.NUS.PRVT.PP,CHL,Chile,2012,391.572364,,,2
PA.NUS.PRVT.PP,CHL,Chile,2013,390.161303,,,2
PA.NUS.PRVT.PP,CHL,Chile,2014,410.670742,,,2
PA.NUS.PRVT.PP,CHL,Chile,2015,447.266632,,,2
PA.NUS.PRVT.PP,CHL,Chile,2016,452.922569,,,2
PA.NUS.PRVT.PP,CHL,Chile,2017,463.231413,,,2
PA.NUS.PRVT.PP,CHL,Chile,2018,458.31249,,,2
PA.NUS.PRVT.PP,CHL,Chile,2019,451.279469,,,2
PA.NUS.PRVT.PP,CHL,Chile,2020,465.366085,,,2
PA.NUS.PRVT.PP,CHL,Chile,2021,481.130714,,,2
PA.NUS.PRVT.PP,CHL,Chile,2022,490.743744,,,2
PA.NUS.PRVT.PP,CHL,Chile,2023,472.397681,,,2
PA.NUS.PRVT.PP,CHL,Chile,2024,464.876032,,,2
PA.NUS.PRVT.PP,CHL,Chile,2025,486.878432,,,2
PA.NUS.PRVT.PP,CHN,China,1990,2.43880955356133,,,2
PA.NUS.PRVT.PP,CHN,China,1991,2.42293971905306,,,2
PA.NUS.PRVT.PP,CHN,China,1992,2.50113789980035,,,2
PA.NUS.PRVT.PP,CHN,China,1993,2.78437103220537,,,2
PA.NUS.PRVT.PP,CHN,China,1994,3.3718564401272,,,2
PA.NUS.PRVT.PP,CHN,China,1995,3.83056896800906,,,2
PA.NUS.PRVT.PP,CHN,China,1996,4.03085757979534,,,2
PA.NUS.PRVT.PP,CHN,China,1997,4.04853384928284,,,2
PA.NUS.PRVT.PP,CHN,China,1998,3.9558256964191,,,2
PA.NUS.PRVT.PP,CHN,China,1999,3.81687168927116,,,2
PA.NUS.PRVT.PP,CHN,China,2000,3.70503350422264,,,2
PA.NUS.PRVT.PP,CHN,China,2001,3.62911242184116,,,2
PA.NUS.PRVT.PP,CHN,China,2002,3.54630288950053,,,2
PA.NUS.PRVT.PP,CHN,China,2003,3.50668602144818,,,2
PA.NUS.PRVT.PP,CHN,China,2004,3.54587264409693,,,2
PA.NUS.PRVT.PP,CHN,China,2005,3.49044022428434,,,2
PA.NUS.PRVT.PP,CHN,China,2006,3.43713264925812,,,2
PA.NUS.PRVT.PP,CHN,China,2007,3.50276882135539,,,2
PA.NUS.PRVT.PP,CHN,China,2008,3.57314024134004,,,2
PA.NUS.PRVT.PP,CHN,China,2009,3.55977853540668,,,2
PA.NUS.PRVT.PP,CHN,China,2010,3.61354928627537,,,2
PA.NUS.PRVT.PP,CHN,China,2011,3.69751739501953,,,2
PA.NUS.PRVT.PP,CHN,China,2012,3.63801272581927,,,2
PA.NUS.PRVT.PP,CHN,China,2013,3.78034775362758,,,2
PA.NUS.PRVT.PP,CHN,China,2014,3.85675674416967,,,2
PA.NUS.PRVT.PP,CHN,China,2015,3.90779177599669,,,2
PA.NUS.PRVT.PP,CHN,China,2016,3.95164647678857,,,2
PA.NUS.PRVT.PP,CHN,China,2017,3.96364045143127,,,2
PA.NUS.PRVT.PP,CHN,China,2018,4.02000761032104,,,2
PA.NUS.PRVT.PP,CHN,China,2019,4.04500198364258,,,2
PA.NUS.PRVT.PP,CHN,China,2020,4.04152488708496,,,2
PA.NUS.PRVT.PP,CHN,China,2021,4.01282787322998,,,2
PA.NUS.PRVT.PP,CHN,China,2022,3.78881294753128,,,2
PA.NUS.PRVT.PP,CHN,China,2023,3.64756438294306,,,2
PA.NUS.PRVT.PP,CHN,China,2024,3.55078934957358,,,2
PA.NUS.PRVT.PP,CHN,China,2025,3.4595580434271,,,2
PA.NUS.PRVT.PP,CIV,Cote d'Ivoire,1990,167.27870132522,,,2
PA.NUS.PRVT.PP,CIV,Cote d'Ivoire,1991,163.183809312182,,,2
PA.NUS.PRVT.PP,CIV,Cote d'Ivoire,1992,165.088509372243,,,2
PA.NUS.PRVT.PP,CIV,Cote d'Ivoire,1993,163.826604940588,,,2
PA.NUS.PRVT.PP,CIV,Cote d'Ivoire,1994,201.306216829462,,,2
PA.NUS.PRVT.PP,CIV,Cote d'Ivoire,1995,223.804426162642,,,2
PA.NUS.PRVT.PP,CIV,Cote d'Ivoire,1996,222.825122008769,,,2
PA.NUS.PRVT.PP,CIV,Cote d'Ivoire,1997,226.489916795591,,,2
PA.NUS.PRVT.PP,CIV,Cote d'Ivoire,1998,233.312716090345,,,2
PA.NUS.PRVT.PP,CIV,Cote d'Ivoire,1999,229.92072026941,,,2
PA.NUS.PRVT.PP,CIV,Cote d'Ivoire,2000,228.038946999062,,,2
PA.NUS.PRVT.PP,CIV,Cote d'Ivoire,2001,231.443930600177,,,2
PA.NUS.PRVT.PP,CIV,Cote d'Ivoire,2002,234.841414225882,,,2
PA.NUS.PRVT.PP,CIV,Cote d'Ivoire,2003,237.199040027601,,,2
PA.NUS.PRVT.PP,CIV,Cote d'Ivoire,2004,234.382402723891,,,2
PA.NUS.PRVT.PP,CIV,Cote d'Ivoire,2005,235.500180435659,,,2
PA.NUS.PRVT.PP,CIV,Cote d'Ivoire,2006,233.769158460197,,,2
PA.NUS.PRVT.PP,CIV,Cote d'Ivoire,2007,231.585704001378,,,2
PA.NUS.PRVT.PP,CIV,Cote d'Ivoire,2008,237.093109979363,,,2
PA.NUS.PRVT.PP,CIV,Cote d'Ivoire,2009,240.3648934924,,,2
PA.NUS.PRVT.PP,CIV,Cote d'Ivoire,2010,239.386815669886,,,2
PA.NUS.PRVT.PP,CIV,Cote d'Ivoire,2011,243.460861206055,,,2
PA.NUS.PRVT.PP,CIV,Cote d'Ivoire,2012,234.728786675583,,,2
PA.NUS.PRVT.PP,CIV,Cote d'Ivoire,2013,242.50312448151,,,2
PA.NUS.PRVT.PP,CIV,Cote d'Ivoire,2014,240.994617156511,,,2
PA.NUS.PRVT.PP,CIV,Cote d'Ivoire,2015,243.253099013189,,,2
PA.NUS.PRVT.PP,CIV,Cote d'Ivoire,2016,242.30076539446,,,2
PA.NUS.PRVT.PP,CIV,Cote d'Ivoire,2017,242.664993286133,,,2
PA.NUS.PRVT.PP,CIV,Cote d'Ivoire,2018,238.760635375977,,,2
PA.NUS.PRVT.PP,CIV,Cote d'Ivoire,2019,232.10954284668,,,2
PA.NUS.PRVT.PP,CIV,Cote d'Ivoire,2020,235.663711547852,,,2
PA.NUS.PRVT.PP,CIV,Cote d'Ivoire,2021,238.539962768555,,,2
PA.NUS.PRVT.PP,CIV,Cote d'Ivoire,2022,232.423622597393,,,2
PA.NUS.PRVT.PP,CIV,Cote d'Ivoire,2023,232.98926355669,,,2
PA.NUS.PRVT.PP,CIV,Cote d'Ivoire,2024,234.123108550825,,,2
PA.NUS.PRVT.PP,CIV,Cote d'Ivoire,2025,228.256988332931,,,2
PA.NUS.PRVT.PP,CMR,Cameroon,1990,190.550918798171,,,2
PA.NUS.PRVT.PP,CMR,Cameroon,1991,182.918801818798,,,2
PA.NUS.PRVT.PP,CMR,Cameroon,1992,177.512888813619,,,2
PA.NUS.PRVT.PP,CMR,Cameroon,1993,166.894682639854,,,2
PA.NUS.PRVT.PP,CMR,Cameroon,1994,219.735985873222,,,2
PA.NUS.PRVT.PP,CMR,Cameroon,1995,233.125219387111,,,2
PA.NUS.PRVT.PP,CMR,Cameroon,1996,235.373911578978,,,2
PA.NUS.PRVT.PP,CMR,Cameroon,1997,241.005507604217,,,2
PA.NUS.PRVT.PP,CMR,Cameroon,1998,244.846493265536,,,2
PA.NUS.PRVT.PP,CMR,Cameroon,1999,244.088668818875,,,2
PA.NUS.PRVT.PP,CMR,Cameroon,2000,239.012973882121,,,2
PA.NUS.PRVT.PP,CMR,Cameroon,2001,242.717200065993,,,2
PA.NUS.PRVT.PP,CMR,Cameroon,2002,245.699952292195,,,2
PA.NUS.PRVT.PP,CMR,Cameroon,2003,241.743263189267,,,2
PA.NUS.PRVT.PP,CMR,Cameroon,2004,235.990077055221,,,2
PA.NUS.PRVT.PP,CMR,Cameroon,2005,232.842087885249,,,2
PA.NUS.PRVT.PP,CMR,Cameroon,2006,237.108961177267,,,2
PA.NUS.PRVT.PP,CMR,Cameroon,2007,232.656753292658,,,2
PA.NUS.PRVT.PP,CMR,Cameroon,2008,236.014679799758,,,2
PA.NUS.PRVT.PP,CMR,Cameroon,2009,244.065833165373,,,2
PA.NUS.PRVT.PP,CMR,Cameroon,2010,243.190176573584,,,2
PA.NUS.PRVT.PP,CMR,Cameroon,2011,242.678268432617,,,2
PA.NUS.PRVT.PP,CMR,Cameroon,2012,235.51394391674,,,2
PA.NUS.PRVT.PP,CMR,Cameroon,2013,240.5569959519,,,2
PA.NUS.PRVT.PP,CMR,Cameroon,2014,239.269762692172,,,2
PA.NUS.PRVT.PP,CMR,Cameroon,2015,241.877613642328,,,2
PA.NUS.PRVT.PP,CMR,Cameroon,2016,237.684495967015,,,2
PA.NUS.PRVT.PP,CMR,Cameroon,2017,235.203903198242,,,2
PA.NUS.PRVT.PP,CMR,Cameroon,2018,225.472351074219,,,2
PA.NUS.PRVT.PP,CMR,Cameroon,2019,219.297393798828,,,2
PA.NUS.PRVT.PP,CMR,Cameroon,2020,212.481018066406,,,2
PA.NUS.PRVT.PP,CMR,Cameroon,2021,201.492889404297,,,2
PA.NUS.PRVT.PP,CMR,Cameroon,2022,198.218485943766,,,2
PA.NUS.PRVT.PP,CMR,Cameroon,2023,204.437258423854,,,2
PA.NUS.PRVT.PP,CMR,Cameroon,2024,207.582346618773,,,2
PA.NUS.PRVT.PP,CMR,Cameroon,2025,209.008402147983,,,2
PA.NUS.PRVT.PP,COD,"Congo, Dem. Rep.",1994,0.0141199095987665,,,2
PA.NUS.PRVT.PP,COD,"Congo, Dem. Rep.",1995,0.0881635951629781,,,2
PA.NUS.PRVT.PP,COD,"Congo, Dem. Rep.",1996,0.507443819857633,,,2
PA.NUS.PRVT.PP,COD,"Congo, Dem. Rep.",1997,1.48020204868344,,,2
PA.NUS.PRVT.PP,COD,"Congo, Dem. Rep.",1998,1.88244252408705,,,2
PA.NUS.PRVT.PP,COD,"Congo, Dem. Rep.",1999,7.09028924270686,,,2
PA.NUS.PRVT.PP,COD,"Congo, Dem. Rep.",2000,42.1059142745609,,,2
PA.NUS.PRVT.PP,COD,"Congo, Dem. Rep.",2001,188.33776888932,,,2
PA.NUS.PRVT.PP,COD,"Congo, Dem. Rep.",2002,243.839328786836,,,2
PA.NUS.PRVT.PP,COD,"Congo, Dem. Rep.",2003,269.121799931203,,,2
PA.NUS.PRVT.PP,COD,"Congo, Dem. Rep.",2004,272.574104138271,,,2
PA.NUS.PRVT.PP,COD,"Congo, Dem. Rep.",2005,319.827295860272,,,2
PA.NUS.PRVT.PP,COD,"Congo, Dem. Rep.",2006,350.273742114093,,,2
PA.NUS.PRVT.PP,COD,"Congo, Dem. Rep.",2007,398.26673473576,,,2
PA.NUS.PRVT.PP,COD,"Congo, Dem. Rep.",2008,449.900271470192,,,2
PA.NUS.PRVT.PP,COD,"Congo, Dem. Rep.",2009,464.147739027584,,,2
PA.NUS.PRVT.PP,COD,"Congo, Dem. Rep.",2010,489.081086216088,,,2
PA.NUS.PRVT.PP,COD,"Congo, Dem. Rep.",2011,546.731811523438,,,2
PA.NUS.PRVT.PP,COD,"Congo, Dem. Rep.",2012,559.381048827566,,,2
PA.NUS.PRVT.PP,COD,"Congo, Dem. Rep.",2013,554.403119223763,,,2
PA.NUS.PRVT.PP,COD,"Congo, Dem. Rep.",2014,530.774167780747,,,2
PA.NUS.PRVT.PP,COD,"Congo, Dem. Rep.",2015,505.899121818757,,,2
PA.NUS.PRVT.PP,COD,"Congo, Dem. Rep.",2016,490.926206181013,,,2
PA.NUS.PRVT.PP,COD,"Congo, Dem. Rep.",2017,634.303588867188,,,2
PA.NUS.PRVT.PP,COD,"Congo, Dem. Rep.",2018,795.974853515625,,,2
PA.NUS.PRVT.PP,COD,"Congo, Dem. Rep.",2019,812.98779296875,,,2
PA.NUS.PRVT.PP,COD,"Congo, Dem. Rep.",2020,885.973876953125,,,2
PA.NUS.PRVT.PP,COD,"Congo, Dem. Rep.",2021,928.602478027344,,,2
PA.NUS.PRVT.PP,COG,"Congo, Rep.",1990,194.531534536412,,,2
PA.NUS.PRVT.PP,COG,"Congo, Rep.",1991,183.495640863352,,,2
PA.NUS.PRVT.PP,COG,"Congo, Rep.",1992,171.092155575153,,,2
PA.NUS.PRVT.PP,COG,"Congo, Rep.",1993,174.369372912192,,,2
PA.NUS.PRVT.PP,COG,"Congo, Rep.",1994,242.059605307223,,,2
PA.NUS.PRVT.PP,COG,"Congo, Rep.",1995,257.629216176981,,,2
PA.NUS.PRVT.PP,COG,"Congo, Rep.",1996,275.399782860147,,,2
PA.NUS.PRVT.PP,COG,"Congo, Rep.",1998,302.588653363799,,,2
PA.NUS.PRVT.PP,COG,"Congo, Rep.",1999,308.376544227382,,,2
PA.NUS.PRVT.PP,COG,"Congo, Rep.",2000,295.672259086047,,,2
PA.NUS.PRVT.PP,COG,"Congo, Rep.",2001,287.706721483176,,,2
PA.NUS.PRVT.PP,COG,"Congo, Rep.",2002,295.616142003674,,,2
PA.NUS.PRVT.PP,COG,"Congo, Rep.",2003,287.227958774363,,,2
PA.NUS.PRVT.PP,COG,"Congo, Rep.",2004,286.535687717467,,,2
PA.NUS.PRVT.PP,COG,"Congo, Rep.",2005,285.709119122262,,,2
PA.NUS.PRVT.PP,COG,"Congo, Rep.",2006,294.875806796209,,,2
PA.NUS.PRVT.PP,COG,"Congo, Rep.",2007,294.308071566606,,,2
PA.NUS.PRVT.PP,COG,"Congo, Rep.",2008,297.481464006572,,,2
PA.NUS.PRVT.PP,COG,"Congo, Rep.",2009,311.723603425078,,,2
PA.NUS.PRVT.PP,COG,"Congo, Rep.",2010,307.894476133086,,,2
PA.NUS.PRVT.PP,COG,"Congo, Rep.",2011,303.724060058594,,,2
PA.NUS.PRVT.PP,COG,"Congo, Rep.",2012,292.802935614809,,,2
PA.NUS.PRVT.PP,COG,"Congo, Rep.",2013,300.561641096404,,,2
PA.NUS.PRVT.PP,COG,"Congo, Rep.",2014,295.544572006638,,,2
PA.NUS.PRVT.PP,COG,"Congo, Rep.",2015,293.086170334319,,,2
PA.NUS.PRVT.PP,COG,"Congo, Rep.",2016,292.982686186448,,,2
PA.NUS.PRVT.PP,COG,"Congo, Rep.",2017,283.794525146484,,,2
PA.NUS.PRVT.PP,COG,"Congo, Rep.",2018,272.722991943359,,,2
PA.NUS.PRVT.PP,COG,"Congo, Rep.",2019,265.347839355469,,,2
PA.NUS.PRVT.PP,COG,"Congo, Rep.",2020,256.711059570313,,,2
PA.NUS.PRVT.PP,COG,"Congo, Rep.",2021,242.333999633789,,,2
PA.NUS.PRVT.PP,COG,"Congo, Rep.",2022,231.206318760339,,,2
PA.NUS.PRVT.PP,COG,"Congo, Rep.",2023,231.618044037179,,,2
PA.NUS.PRVT.PP,COG,"Congo, Rep.",2024,231.937318675395,,,2
PA.NUS.PRVT.PP,COG,"Congo, Rep.",2025,231.265389642548,,,2
PA.NUS.PRVT.PP,COL,Colombia,1990,189.488543962589,,,2
PA.NUS.PRVT.PP,COL,Colombia,1991,237.031772396905,,,2
PA.NUS.PRVT.PP,COL,Colombia,1992,292.205171676913,,,2
PA.NUS.PRVT.PP,COL,Colombia,1993,347.525506407206,,,2
PA.NUS.PRVT.PP,COL,Colombia,1994,416.073159156699,,,2
PA.NUS.PRVT.PP,COL,Colombia,1995,489.27216473728,,,2
PA.NUS.PRVT.PP,COL,Colombia,1996,574.197996861393,,,2
PA.NUS.PRVT.PP,COL,Colombia,1997,664.713549785778,,,2
PA.NUS.PRVT.PP,COL,Colombia,1998,776.803802983789,,,2
PA.NUS.PRVT.PP,COL,Colombia,1999,842.829675271329,,,2
PA.NUS.PRVT.PP,COL,Colombia,2000,890.51231748231,,,2
PA.NUS.PRVT.PP,COL,Colombia,2001,935.021316090044,,,2
PA.NUS.PRVT.PP,COL,Colombia,2002,978.883855587503,,,2
PA.NUS.PRVT.PP,COL,Colombia,2003,1025.39868149291,,,2
PA.NUS.PRVT.PP,COL,Colombia,2004,1057.62334502891,,,2
PA.NUS.PRVT.PP,COL,Colombia,2005,1074.58612104121,,,2
PA.NUS.PRVT.PP,COL,Colombia,2006,1085.69862481561,,,2
PA.NUS.PRVT.PP,COL,Colombia,2007,1114.11196941056,,,2
PA.NUS.PRVT.PP,COL,Colombia,2008,1147.99251802129,,,2
PA.NUS.PRVT.PP,COL,Colombia,2009,1200.50544658961,,,2
PA.NUS.PRVT.PP,COL,Colombia,2010,1207.96972936223,,,2
PA.NUS.PRVT.PP,COL,Colombia,2011,1210.9931640625,,,2
PA.NUS.PRVT.PP,COL,Colombia,2012,1192.60738937155,,,2
PA.NUS.PRVT.PP,COL,Colombia,2013,1227.2909229831,,,2
PA.NUS.PRVT.PP,COL,Colombia,2014,1258.82175462469,,,2
PA.NUS.PRVT.PP,COL,Colombia,2015,1319.45911686692,,,2
PA.NUS.PRVT.PP,COL,Colombia,2016,1403.306455,,,2
PA.NUS.PRVT.PP,COL,Colombia,2017,1467.281232,,,2
PA.NUS.PRVT.PP,COL,Colombia,2018,1464.411798,,,2
PA.NUS.PRVT.PP,COL,Colombia,2019,1495.142924,,,2
PA.NUS.PRVT.PP,COL,Colombia,2020,1477.028994,,,2
PA.NUS.PRVT.PP,COL,Colombia,2021,1546.663959,,,2
PA.NUS.PRVT.PP,COL,Colombia,2022,1549.416717,,,2
PA.NUS.PRVT.PP,COL,Colombia,2023,1520.222239,,,2
PA.NUS.PRVT.PP,COL,Colombia,2024,1542.193816,,,2
PA.NUS.PRVT.PP,COL,Colombia,2025,1665.592955,,,2
PA.NUS.PRVT.PP,COM,Comoros,2000,208.950101817678,,,2
PA.NUS.PRVT.PP,COM,Comoros,2001,214.494451293921,,,2
PA.NUS.PRVT.PP,COM,Comoros,2002,218.605478624446,,,2
PA.NUS.PRVT.PP,COM,Comoros,2003,221.873734143494,,,2
PA.NUS.PRVT.PP,COM,Comoros,2004,225.758479131843,,,2
PA.NUS.PRVT.PP,COM,Comoros,2005,224.930007712743,,,2
PA.NUS.PRVT.PP,COM,Comoros,2006,225.253414775617,,,2
PA.NUS.PRVT.PP,COM,Comoros,2007,228.787063090155,,,2
PA.NUS.PRVT.PP,COM,Comoros,2008,224.075739360432,,,2
PA.NUS.PRVT.PP,COM,Comoros,2009,234.68511772566,,,2
PA.NUS.PRVT.PP,COM,Comoros,2010,238.644363555904,,,2
PA.NUS.PRVT.PP,COM,Comoros,2011,235.604125976563,,,2
PA.NUS.PRVT.PP,COM,Comoros,2012,222.409914735936,,,2
PA.NUS.PRVT.PP,COM,Comoros,2013,225.0680528054,,,2
PA.NUS.PRVT.PP,COM,Comoros,2014,222.403228381115,,,2
PA.NUS.PRVT.PP,COM,Comoros,2015,221.218273682913,,,2
PA.NUS.PRVT.PP,COM,Comoros,2016,216.646957620171,,,2
PA.NUS.PRVT.PP,COM,Comoros,2017,211.099563598633,,,2
PA.NUS.PRVT.PP,COM,Comoros,2018,218.959854125977,,,2
PA.NUS.PRVT.PP,COM,Comoros,2019,230.275390625,,,2
PA.NUS.PRVT.PP,COM,Comoros,2020,233.769683837891,,,2
PA.NUS.PRVT.PP,COM,Comoros,2021,228.047790527344,,,2
PA.NUS.PRVT.PP,COM,Comoros,2022,237.611258041378,,,2
PA.NUS.PRVT.PP,COM,Comoros,2023,247.327374301046,,,2
PA.NUS.PRVT.PP,COM,Comoros,2024,252.378211505705,,,2
PA.NUS.PRVT.PP,COM,Comoros,2025,253.731980130598,,,2
PA.NUS.PRVT.PP,CPV,Cabo Verde,1990,38.053366303257,,,2
PA.NUS.PRVT.PP,CPV,Cabo Verde,1991,39.9940734863521,,,2
PA.NUS.PRVT.PP,CPV,Cabo Verde,1992,40.0281733173084,,,2
PA.NUS.PRVT.PP,CPV,Cabo Verde,1993,41.1311130971446,,,2
PA.NUS.PRVT.PP,CPV,Cabo Verde,1994,41.4696852906757,,,2
PA.NUS.PRVT.PP,CPV,Cabo Verde,1995,43.7068751364203,,,2
PA.NUS.PRVT.PP,CPV,Cabo Verde,1996,44.9945060648597,,,2
PA.NUS.PRVT.PP,CPV,Cabo Verde,1997,47.7285193675195,,,2
PA.NUS.PRVT.PP,CPV,Cabo Verde,1998,49.0642092530003,,,2
PA.NUS.PRVT.PP,CPV,Cabo Verde,1999,50.10534054344,,,2
PA.NUS.PRVT.PP,CPV,Cabo Verde,2000,47.2678351075941,,,2
PA.NUS.PRVT.PP,CPV,Cabo Verde,2001,47.5086161213208,,,2
PA.NUS.PRVT.PP,CPV,Cabo Verde,2002,47.6482164111825,,,2
PA.NUS.PRVT.PP,CPV,Cabo Verde,2003,47.1441416190079,,,2
PA.NUS.PRVT.PP,CPV,Cabo Verde,2004,45.0467225626424,,,2
PA.NUS.PRVT.PP,CPV,Cabo Verde,2005,43.7510569023964,,,2
PA.NUS.PRVT.PP,CPV,Cabo Verde,2006,44.6593975776443,,,2
PA.NUS.PRVT.PP,CPV,Cabo Verde,2007,45.3360337254501,,,2
PA.NUS.PRVT.PP,CPV,Cabo Verde,2008,46.6175977389014,,,2
PA.NUS.PRVT.PP,CPV,Cabo Verde,2009,47.247613498358,,,2
PA.NUS.PRVT.PP,CPV,Cabo Verde,2010,47.4515076268738,,,2
PA.NUS.PRVT.PP,CPV,Cabo Verde,2011,48.0573387145996,,,2
PA.NUS.PRVT.PP,CPV,Cabo Verde,2012,48.2085343880831,,,2
PA.NUS.PRVT.PP,CPV,Cabo Verde,2013,50.6233097738697,,,2
PA.NUS.PRVT.PP,CPV,Cabo Verde,2014,50.7902703147513,,,2
PA.NUS.PRVT.PP,CPV,Cabo Verde,2015,50.3722107739369,,,2
PA.NUS.PRVT.PP,CPV,Cabo Verde,2016,49.5866584664927,,,2
PA.NUS.PRVT.PP,CPV,Cabo Verde,2017,48.3470573425293,,,2
PA.NUS.PRVT.PP,CPV,Cabo Verde,2018,52.5350074768066,,,2
PA.NUS.PRVT.PP,CPV,Cabo Verde,2019,54.386344909668,,,2
PA.NUS.PRVT.PP,CPV,Cabo Verde,2020,55.754825592041,,,2
PA.NUS.PRVT.PP,CPV,Cabo Verde,2021,54.404468536377,,,2
PA.NUS.PRVT.PP,CPV,Cabo Verde,2022,54.3682650308649,,,2
PA.NUS.PRVT.PP,CPV,Cabo Verde,2023,54.1635866887866,,,2
PA.NUS.PRVT.PP,CPV,Cabo Verde,2024,53.1632497113425,,,2
PA.NUS.PRVT.PP,CPV,Cabo Verde,2025,52.9795427569351,,,2
PA.NUS.PRVT.PP,CRI,Costa Rica,1990,49.0647280804055,,,2
PA.NUS.PRVT.PP,CRI,Costa Rica,1991,60.5851064012613,,,2
PA.NUS.PRVT.PP,CRI,Costa Rica,1992,71.6181253258082,,,2
PA.NUS.PRVT.PP,CRI,Costa Rica,1993,76.3672758713475,,,2
PA.NUS.PRVT.PP,CRI,Costa Rica,1994,84.4998955209385,,,2
PA.NUS.PRVT.PP,CRI,Costa Rica,1995,101.251920875799,,,2
PA.NUS.PRVT.PP,CRI,Costa Rica,1996,115.59429796956,,,2
PA.NUS.PRVT.PP,CRI,Costa Rica,1997,127.917956324509,,,2
PA.NUS.PRVT.PP,CRI,Costa Rica,1998,140.649028840171,,,2
PA.NUS.PRVT.PP,CRI,Costa Rica,1999,151.463556232744,,,2
PA.NUS.PRVT.PP,CRI,Costa Rica,2000,162.576338264607,,,2
PA.NUS.PRVT.PP,CRI,Costa Rica,2001,175.903959240645,,,2
PA.NUS.PRVT.PP,CRI,Costa Rica,2002,189.031885253812,,,2
PA.NUS.PRVT.PP,CRI,Costa Rica,2003,202.29845843442,,,2
PA.NUS.PRVT.PP,CRI,Costa Rica,2004,221.286768803293,,,2
PA.NUS.PRVT.PP,CRI,Costa Rica,2005,243.557287570546,,,2
PA.NUS.PRVT.PP,CRI,Costa Rica,2006,263.010200009623,,,2
PA.NUS.PRVT.PP,CRI,Costa Rica,2007,279.643397409017,,,2
PA.NUS.PRVT.PP,CRI,Costa Rica,2008,305.457214536786,,,2
PA.NUS.PRVT.PP,CRI,Costa Rica,2009,330.588708433443,,,2
PA.NUS.PRVT.PP,CRI,Costa Rica,2010,343.672761353958,,,2
PA.NUS.PRVT.PP,CRI,Costa Rica,2011,349.406890869141,,,2
PA.NUS.PRVT.PP,CRI,Costa Rica,2012,343.7877608933,,,2
PA.NUS.PRVT.PP,CRI,Costa Rica,2013,362.492779745055,,,2
PA.NUS.PRVT.PP,CRI,Costa Rica,2014,371.927322776159,,,2
PA.NUS.PRVT.PP,CRI,Costa Rica,2015,368.236465177366,,,2
PA.NUS.PRVT.PP,CRI,Costa Rica,2016,362.228595,,,2
PA.NUS.PRVT.PP,CRI,Costa Rica,2017,361.106424,,,2
PA.NUS.PRVT.PP,CRI,Costa Rica,2018,363.40089,,,2
PA.NUS.PRVT.PP,CRI,Costa Rica,2019,356.835636,,,2
PA.NUS.PRVT.PP,CRI,Costa Rica,2020,370.161782,,,2
PA.NUS.PRVT.PP,CRI,Costa Rica,2021,363.330237,,,2
PA.NUS.PRVT.PP,CRI,Costa Rica,2022,371.848231,,,2
PA.NUS.PRVT.PP,CRI,Costa Rica,2023,339.925768,,,2
PA.NUS.PRVT.PP,CRI,Costa Rica,2024,328.046587,,,2
PA.NUS.PRVT.PP,CRI,Costa Rica,2025,314.538731,,,2
PA.NUS.PRVT.PP,CUW,Curacao,2000,1.43421304661845,,,2
PA.NUS.PRVT.PP,CUW,Curacao,2001,1.41980005055178,,,2
PA.NUS.PRVT.PP,CUW,Curacao,2002,1.40310333526224,,,2
PA.NUS.PRVT.PP,CUW,Curacao,2003,1.39437245076921,,,2
PA.NUS.PRVT.PP,CUW,Curacao,2004,1.3767438479019,,,2
PA.NUS.PRVT.PP,CUW,Curacao,2005,1.38638932445113,,,2
PA.NUS.PRVT.PP,CUW,Curacao,2006,1.38489921151467,,,2
PA.NUS.PRVT.PP,CUW,Curacao,2007,1.38682533500731,,,2
PA.NUS.PRVT.PP,CUW,Curacao,2008,1.42738904058813,,,2
PA.NUS.PRVT.PP,CUW,Curacao,2009,1.45759811747809,,,2
PA.NUS.PRVT.PP,CUW,Curacao,2010,1.47393799721517,,,2
PA.NUS.PRVT.PP,CUW,Curacao,2011,1.46215999126434,,,2
PA.NUS.PRVT.PP,CUW,Curacao,2012,1.42541695016265,,,2
PA.NUS.PRVT.PP,CUW,Curacao,2013,1.47735705279787,,,2
PA.NUS.PRVT.PP,CUW,Curacao,2014,1.50309611694722,,,2
PA.NUS.PRVT.PP,CUW,Curacao,2015,1.50180005279738,,,2
PA.NUS.PRVT.PP,CUW,Curacao,2016,1.49351952775021,,,2
PA.NUS.PRVT.PP,CUW,Curacao,2017,1.51605558395386,,,2
PA.NUS.PRVT.PP,CUW,Curacao,2018,1.49345767498016,,,2
PA.NUS.PRVT.PP,CUW,Curacao,2019,1.47747874259949,,,2
PA.NUS.PRVT.PP,CUW,Curacao,2020,1.44328367710114,,,2
PA.NUS.PRVT.PP,CUW,Curacao,2021,1.409050822258,,,2
PA.NUS.PRVT.PP,CYM,Cayman Islands,2009,1.16595968407016,,,2
PA.NUS.PRVT.PP,CYM,Cayman Islands,2010,1.1503137302889,,,2
PA.NUS.PRVT.PP,CYM,Cayman Islands,2011,1.12989151477814,,,2
PA.NUS.PRVT.PP,CYM,Cayman Islands,2012,1.08856188987346,,,2
PA.NUS.PRVT.PP,CYM,Cayman Islands,2013,1.15307411612517,,,2
PA.NUS.PRVT.PP,CYM,Cayman Islands,2014,1.17700985649525,,,2
PA.NUS.PRVT.PP,CYM,Cayman Islands,2015,1.16510363844196,,,2
PA.NUS.PRVT.PP,CYM,Cayman Islands,2016,1.15487559788819,,,2
PA.NUS.PRVT.PP,CYM,Cayman Islands,2017,1.17615711688995,,,2
PA.NUS.PRVT.PP,CYM,Cayman Islands,2018,1.17851746082306,,,2
PA.NUS.PRVT.PP,CYM,Cayman Islands,2019,1.21519958972931,,,2
PA.NUS.PRVT.PP,CYM,Cayman Islands,2020,1.20728170871735,,,2
PA.NUS.PRVT.PP,CYM,Cayman Islands,2021,1.16750240325928,,,2
PA.NUS.PRVT.PP,CYP,Cyprus,1990,0.691227908873212,,,2
PA.NUS.PRVT.PP,CYP,Cyprus,1991,0.696535119426663,,,2
PA.NUS.PRVT.PP,CYP,Cyprus,1992,0.720071419945432,,,2
PA.NUS.PRVT.PP,CYP,Cyprus,1993,0.733378081554471,,,2
PA.NUS.PRVT.PP,CYP,Cyprus,1994,0.748324384455771,,,2
PA.NUS.PRVT.PP,CYP,Cyprus,1995,0.746944266000718,,,2
PA.NUS.PRVT.PP,CYP,Cyprus,1996,0.751531244577968,,,2
PA.NUS.PRVT.PP,CYP,Cyprus,1997,0.750678278222199,,,2
PA.NUS.PRVT.PP,CYP,Cyprus,1998,0.755330944303103,,,2
PA.NUS.PRVT.PP,CYP,Cyprus,1999,0.760049288001306,,,2
PA.NUS.PRVT.PP,CYP,Cyprus,2000,0.759856176828096,,,2
PA.NUS.PRVT.PP,CYP,Cyprus,2001,0.764932598232796,,,2
PA.NUS.PRVT.PP,CYP,Cyprus,2002,0.765071820885364,,,2
PA.NUS.PRVT.PP,CYP,Cyprus,2003,0.77512058487183,,,2
PA.NUS.PRVT.PP,CYP,Cyprus,2004,0.777355040984894,,,2
PA.NUS.PRVT.PP,CYP,Cyprus,2005,0.773945611280071,,,2
PA.NUS.PRVT.PP,CYP,Cyprus,2006,0.774630759858058,,,2
PA.NUS.PRVT.PP,CYP,Cyprus,2007,0.758934975932584,,,2
PA.NUS.PRVT.PP,CYP,Cyprus,2008,0.75118564965421,,,2
PA.NUS.PRVT.PP,CYP,Cyprus,2009,0.751286325627693,,,2
PA.NUS.PRVT.PP,CYP,Cyprus,2010,0.763884965680526,,,2
PA.NUS.PRVT.PP,CYP,Cyprus,2011,0.762530217093388,,,2
PA.NUS.PRVT.PP,CYP,Cyprus,2012,0.767772608380986,,,2
PA.NUS.PRVT.PP,CYP,Cyprus,2013,0.747848981833976,,,2
PA.NUS.PRVT.PP,CYP,Cyprus,2014,0.732643483844264,,,2
PA.NUS.PRVT.PP,CYP,Cyprus,2015,0.717842319152279,,,2
PA.NUS.PRVT.PP,CYP,Cyprus,2016,0.674554674699985,,,2
PA.NUS.PRVT.PP,CYP,Cyprus,2017,0.673782224479757,,,2
PA.NUS.PRVT.PP,CYP,Cyprus,2018,0.67077330753753,,,2
PA.NUS.PRVT.PP,CYP,Cyprus,2019,0.650161943276581,,,2
PA.NUS.PRVT.PP,CYP,Cyprus,2020,0.63649540749119,,,2
PA.NUS.PRVT.PP,CYP,Cyprus,2021,0.641559591602606,,,2
PA.NUS.PRVT.PP,CYP,Cyprus,2022,0.619326597027593,,,2
PA.NUS.PRVT.PP,CYP,Cyprus,2023,0.593287591147368,,,2
PA.NUS.PRVT.PP,CYP,Cyprus,2024,0.590787092521045,,,2
PA.NUS.PRVT.PP,CYP,Cyprus,2025,0.592250926360917,,,2
PA.NUS.PRVT.PP,CZE,Czechia,1990,6.273148,,,2
PA.NUS.PRVT.PP,CZE,Czechia,1991,8.93949,,,2
PA.NUS.PRVT.PP,CZE,Czechia,1992,9.689379,,,2
PA.NUS.PRVT.PP,CZE,Czechia,1993,11.003335,,,2
PA.NUS.PRVT.PP,CZE,Czechia,1994,11.794901,,,2
PA.NUS.PRVT.PP,CZE,Czechia,1995,12.656559,,,2
PA.NUS.PRVT.PP,CZE,Czechia,1996,13.379067,,,2
PA.NUS.PRVT.PP,CZE,Czechia,1997,14.297924,,,2
PA.NUS.PRVT.PP,CZE,Czechia,1998,15.288152,,,2
PA.NUS.PRVT.PP,CZE,Czechia,1999,15.353718,,,2
PA.NUS.PRVT.PP,CZE,Czechia,2000,15.422645,,,2
PA.NUS.PRVT.PP,CZE,Czechia,2001,15.158938,,,2
PA.NUS.PRVT.PP,CZE,Czechia,2002,15.623549,,,2
PA.NUS.PRVT.PP,CZE,Czechia,2003,15.371201,,,2
PA.NUS.PRVT.PP,CZE,Czechia,2004,15.470117,,,2
PA.NUS.PRVT.PP,CZE,Czechia,2005,15.429167,,,2
PA.NUS.PRVT.PP,CZE,Czechia,2006,15.582589,,,2
PA.NUS.PRVT.PP,CZE,Czechia,2007,15.403944,,,2
PA.NUS.PRVT.PP,CZE,Czechia,2008,15.286191,,,2
PA.NUS.PRVT.PP,CZE,Czechia,2009,14.896668,,,2
PA.NUS.PRVT.PP,CZE,Czechia,2010,14.832361,,,2
PA.NUS.PRVT.PP,CZE,Czechia,2011,14.594311,,,2
PA.NUS.PRVT.PP,CZE,Czechia,2012,14.651922,,,2
PA.NUS.PRVT.PP,CZE,Czechia,2013,14.199973,,,2
PA.NUS.PRVT.PP,CZE,Czechia,2014,13.928455,,,2
PA.NUS.PRVT.PP,CZE,Czechia,2015,14.18868,,,2
PA.NUS.PRVT.PP,CZE,Czechia,2016,13.909124,,,2
PA.NUS.PRVT.PP,CZE,Czechia,2017,13.925405,,,2
PA.NUS.PRVT.PP,CZE,Czechia,2018,14.005219,,,2
PA.NUS.PRVT.PP,CZE,Czechia,2019,13.718325,,,2
PA.NUS.PRVT.PP,CZE,Czechia,2020,14.171389,,,2
PA.NUS.PRVT.PP,CZE,Czechia,2021,14.802107,,,2
PA.NUS.PRVT.PP,CZE,Czechia,2022,14.605389,,,2
PA.NUS.PRVT.PP,CZE,Czechia,2023,14.187176,,,2
PA.NUS.PRVT.PP,CZE,Czechia,2024,14.326373,,,2
PA.NUS.PRVT.PP,CZE,Czechia,2025,14.65771,,,2
PA.NUS.PRVT.PP,DEU,Germany,1990,0.95501,,,2
PA.NUS.PRVT.PP,DEU,Germany,1991,0.954187,,,2
PA.NUS.PRVT.PP,DEU,Germany,1992,0.968854,,,2
PA.NUS.PRVT.PP,DEU,Germany,1993,0.982794,,,2
PA.NUS.PRVT.PP,DEU,Germany,1994,0.98379,,,2
PA.NUS.PRVT.PP,DEU,Germany,1995,0.975975,,,2
PA.NUS.PRVT.PP,DEU,Germany,1996,0.965528,,,2
PA.NUS.PRVT.PP,DEU,Germany,1997,0.964382,,,2
PA.NUS.PRVT.PP,DEU,Germany,1998,0.962601,,,2
PA.NUS.PRVT.PP,DEU,Germany,1999,0.946684,,,2
PA.NUS.PRVT.PP,DEU,Germany,2000,0.942128,,,2
PA.NUS.PRVT.PP,DEU,Germany,2001,0.935383,,,2
PA.NUS.PRVT.PP,DEU,Germany,2002,0.931155,,,2
PA.NUS.PRVT.PP,DEU,Germany,2003,0.928626,,,2
PA.NUS.PRVT.PP,DEU,Germany,2004,0.90922,,,2
PA.NUS.PRVT.PP,DEU,Germany,2005,0.907968,,,2
PA.NUS.PRVT.PP,DEU,Germany,2006,0.898066,,,2
PA.NUS.PRVT.PP,DEU,Germany,2007,0.890471,,,2
PA.NUS.PRVT.PP,DEU,Germany,2008,0.876432,,,2
PA.NUS.PRVT.PP,DEU,Germany,2009,0.864067,,,2
PA.NUS.PRVT.PP,DEU,Germany,2010,0.852878,,,2
PA.NUS.PRVT.PP,DEU,Germany,2011,0.830596,,,2
PA.NUS.PRVT.PP,DEU,Germany,2012,0.830935,,,2
PA.NUS.PRVT.PP,DEU,Germany,2013,0.826881,,,2
PA.NUS.PRVT.PP,DEU,Germany,2014,0.819598,,,2
PA.NUS.PRVT.PP,DEU,Germany,2015,0.832913,,,2
PA.NUS.PRVT.PP,DEU,Germany,2016,0.806987,,,2
PA.NUS.PRVT.PP,DEU,Germany,2017,0.799178,,,2
PA.NUS.PRVT.PP,DEU,Germany,2018,0.780637,,,2
PA.NUS.PRVT.PP,DEU,Germany,2019,0.761896,,,2
PA.NUS.PRVT.PP,DEU,Germany,2020,0.750322,,,2
PA.NUS.PRVT.PP,DEU,Germany,2021,0.742662,,,2
PA.NUS.PRVT.PP,DEU,Germany,2022,0.719272,,,2
PA.NUS.PRVT.PP,DEU,Germany,2023,0.702414,,,2
PA.NUS.PRVT.PP,DEU,Germany,2024,0.701547,,,2
PA.NUS.PRVT.PP,DEU,Germany,2025,0.718883,,,2
PA.NUS.PRVT.PP,DJI,Djibouti,2000,87.6610583592554,,,2
PA.NUS.PRVT.PP,DJI,Djibouti,2001,86.7407501775386,,,2
PA.NUS.PRVT.PP,DJI,Djibouti,2002,85.9309343656757,,,2
PA.NUS.PRVT.PP,DJI,Djibouti,2003,85.6888393894415,,,2
PA.NUS.PRVT.PP,DJI,Djibouti,2004,86.0602333546756,,,2
PA.NUS.PRVT.PP,DJI,Djibouti,2005,85.8206957379447,,,2
PA.NUS.PRVT.PP,DJI,Djibouti,2006,86.0347470121696,,,2
PA.NUS.PRVT.PP,DJI,Djibouti,2007,87.8024947636095,,,2
PA.NUS.PRVT.PP,DJI,Djibouti,2008,94.668060285201,,,2
PA.NUS.PRVT.PP,DJI,Djibouti,2009,96.5976691341348,,,2
PA.NUS.PRVT.PP,DJI,Djibouti,2010,98.7931033317955,,,2
PA.NUS.PRVT.PP,DJI,Djibouti,2011,100.624099731445,,,2
PA.NUS.PRVT.PP,DJI,Djibouti,2012,99.5752654419484,,,2
PA.NUS.PRVT.PP,DJI,Djibouti,2013,100.751328733361,,,2
PA.NUS.PRVT.PP,DJI,Djibouti,2014,101.016804972672,,,2
PA.NUS.PRVT.PP,DJI,Djibouti,2015,99.3780831818369,,,2
PA.NUS.PRVT.PP,DJI,Djibouti,2016,99.8598848093445,,,2
PA.NUS.PRVT.PP,DJI,Djibouti,2017,98.482063293457,,,2
PA.NUS.PRVT.PP,DJI,Djibouti,2018,97.4366226196289,,,2
PA.NUS.PRVT.PP,DJI,Djibouti,2019,99.6923065185547,,,2
PA.NUS.PRVT.PP,DJI,Djibouti,2020,100.044158935547,,,2
PA.NUS.PRVT.PP,DJI,Djibouti,2021,96.9307632446289,,,2
PA.NUS.PRVT.PP,DJI,Djibouti,2022,94.3903645053625,,,2
PA.NUS.PRVT.PP,DJI,Djibouti,2023,91.9722402748739,,,2
PA.NUS.PRVT.PP,DJI,Djibouti,2024,91.22402899711,,,2
PA.NUS.PRVT.PP,DJI,Djibouti,2025,88.5485984189418,,,2
PA.NUS.PRVT.PP,DMA,Dominica,1990,2.26464329393455,,,2
PA.NUS.PRVT.PP,DMA,Dominica,1991,2.29336762290622,,,2
PA.NUS.PRVT.PP,DMA,Dominica,1992,2.34774765643666,,,2
PA.NUS.PRVT.PP,DMA,Dominica,1993,2.31621762955299,,,2
PA.NUS.PRVT.PP,DMA,Dominica,1994,2.25770001993576,,,2
PA.NUS.PRVT.PP,DMA,Dominica,1995,2.22502478012557,,,2
PA.NUS.PRVT.PP,DMA,Dominica,1996,2.19791667992902,,,2
PA.NUS.PRVT.PP,DMA,Dominica,1997,2.20003447688353,,,2
PA.NUS.PRVT.PP,DMA,Dominica,1998,2.18805140086705,,,2
PA.NUS.PRVT.PP,DMA,Dominica,1999,2.16645632931479,,,2
PA.NUS.PRVT.PP,DMA,Dominica,2000,2.11364686960816,,,2
PA.NUS.PRVT.PP,DMA,Dominica,2001,2.08235565105286,,,2
PA.NUS.PRVT.PP,DMA,Dominica,2002,2.05333033925394,,,2
PA.NUS.PRVT.PP,DMA,Dominica,2003,2.03693248350981,,,2
PA.NUS.PRVT.PP,DMA,Dominica,2004,2.03131575343113,,,2
PA.NUS.PRVT.PP,DMA,Dominica,2005,1.9977034485797,,,2
PA.NUS.PRVT.PP,DMA,Dominica,2006,1.97789491183043,,,2
PA.NUS.PRVT.PP,DMA,Dominica,2007,1.99288592364314,,,2
PA.NUS.PRVT.PP,DMA,Dominica,2008,2.04126567406641,,,2
PA.NUS.PRVT.PP,DMA,Dominica,2009,2.04867752664717,,,2
PA.NUS.PRVT.PP,DMA,Dominica,2010,2.07607631660016,,,2
PA.NUS.PRVT.PP,DMA,Dominica,2011,2.03531002998352,,,2
PA.NUS.PRVT.PP,DMA,Dominica,2012,1.91976180153762,,,2
PA.NUS.PRVT.PP,DMA,Dominica,2013,1.9317589123814,,,2
PA.NUS.PRVT.PP,DMA,Dominica,2014,1.92403730012742,,,2
PA.NUS.PRVT.PP,DMA,Dominica,2015,1.91146716222983,,,2
PA.NUS.PRVT.PP,DMA,Dominica,2016,1.89178892523127,,,2
PA.NUS.PRVT.PP,DMA,Dominica,2017,1.88458633422852,,,2
PA.NUS.PRVT.PP,DMA,Dominica,2018,1.8139283657074,,,2
PA.NUS.PRVT.PP,DMA,Dominica,2019,1.76849937438965,,,2
PA.NUS.PRVT.PP,DMA,Dominica,2020,1.69185125827789,,,2
PA.NUS.PRVT.PP,DMA,Dominica,2021,1.62632060050964,,,2
PA.NUS.PRVT.PP,DMA,Dominica,2022,1.54925461486559,,,2
PA.NUS.PRVT.PP,DMA,Dominica,2023,1.56369474182917,,,2
PA.NUS.PRVT.PP,DMA,Dominica,2024,1.56045467109101,,,2
PA.NUS.PRVT.PP,DMA,Dominica,2025,1.55795723176331,,,2
PA.NUS.PRVT.PP,DNK,Denmark,1990,9.297722,,,2
PA.NUS.PRVT.PP,DNK,Denmark,1991,9.249274,,,2
PA.NUS.PRVT.PP,DNK,Denmark,1992,9.116519,,,2
PA.NUS.PRVT.PP,DNK,Denmark,1993,8.989621,,,2
PA.NUS.PRVT.PP,DNK,Denmark,1994,9.035572,,,2
PA.NUS.PRVT.PP,DNK,Denmark,1995,9.008534,,,2
PA.NUS.PRVT.PP,DNK,Denmark,1996,8.981889,,,2
PA.NUS.PRVT.PP,DNK,Denmark,1997,8.931731,,,2
PA.NUS.PRVT.PP,DNK,Denmark,1998,8.847593,,,2
PA.NUS.PRVT.PP,DNK,Denmark,1999,8.963805,,,2
PA.NUS.PRVT.PP,DNK,Denmark,2000,8.906794,,,2
PA.NUS.PRVT.PP,DNK,Denmark,2001,9.146134,,,2
PA.NUS.PRVT.PP,DNK,Denmark,2002,9.081754,,,2
PA.NUS.PRVT.PP,DNK,Denmark,2003,9.190637,,,2
PA.NUS.PRVT.PP,DNK,Denmark,2004,8.982832,,,2
PA.NUS.PRVT.PP,DNK,Denmark,2005,9.066041,,,2
PA.NUS.PRVT.PP,DNK,Denmark,2006,8.860744,,,2
PA.NUS.PRVT.PP,DNK,Denmark,2007,8.65787,,,2
PA.NUS.PRVT.PP,DNK,Denmark,2008,8.54557,,,2
PA.NUS.PRVT.PP,DNK,Denmark,2009,8.446308,,,2
PA.NUS.PRVT.PP,DNK,Denmark,2010,8.388409,,,2
PA.NUS.PRVT.PP,DNK,Denmark,2011,8.360319,,,2
PA.NUS.PRVT.PP,DNK,Denmark,2012,8.408242,,,2
PA.NUS.PRVT.PP,DNK,Denmark,2013,8.261584,,,2
PA.NUS.PRVT.PP,DNK,Denmark,2014,8.282344,,,2
PA.NUS.PRVT.PP,DNK,Denmark,2015,8.290604,,,2
PA.NUS.PRVT.PP,DNK,Denmark,2016,8.198279,,,2
PA.NUS.PRVT.PP,DNK,Denmark,2017,7.985071,,,2
PA.NUS.PRVT.PP,DNK,Denmark,2018,7.777277,,,2
PA.NUS.PRVT.PP,DNK,Denmark,2019,7.622272,,,2
PA.NUS.PRVT.PP,DNK,Denmark,2020,7.461061,,,2
PA.NUS.PRVT.PP,DNK,Denmark,2021,7.255758,,,2
PA.NUS.PRVT.PP,DNK,Denmark,2022,7.222464,,,2
PA.NUS.PRVT.PP,DNK,Denmark,2023,6.796948,,,2
PA.NUS.PRVT.PP,DNK,Denmark,2024,6.764411,,,2
PA.NUS.PRVT.PP,DNK,Denmark,2025,6.921663,,,2
PA.NUS.PRVT.PP,DOM,Dominican Republic,1990,3.98758095463924,,,2
PA.NUS.PRVT.PP,DOM,Dominican Republic,1991,5.62661533719308,,,2
PA.NUS.PRVT.PP,DOM,Dominican Republic,1992,5.69379945100162,,,2
PA.NUS.PRVT.PP,DOM,Dominican Republic,1993,5.82092934659793,,,2
PA.NUS.PRVT.PP,DOM,Dominican Republic,1994,6.14164305897394,,,2
PA.NUS.PRVT.PP,DOM,Dominican Republic,1995,6.72294998037293,,,2
PA.NUS.PRVT.PP,DOM,Dominican Republic,1996,6.88415321700129,,,2
PA.NUS.PRVT.PP,DOM,Dominican Republic,1997,7.28500090564805,,,2
PA.NUS.PRVT.PP,DOM,Dominican Republic,1998,7.52025247992156,,,2
PA.NUS.PRVT.PP,DOM,Dominican Republic,1999,7.83541260642579,,,2
PA.NUS.PRVT.PP,DOM,Dominican Republic,2000,8.16491304590687,,,2
PA.NUS.PRVT.PP,DOM,Dominican Republic,2001,8.64586103618995,,,2
PA.NUS.PRVT.PP,DOM,Dominican Republic,2002,8.95543019357345,,,2
PA.NUS.PRVT.PP,DOM,Dominican Republic,2003,11.1603201886762,,,2
PA.NUS.PRVT.PP,DOM,Dominican Republic,2004,16.4627696092957,,,2
PA.NUS.PRVT.PP,DOM,Dominican Republic,2005,16.5897449614193,,,2
PA.NUS.PRVT.PP,DOM,Dominican Republic,2006,17.2883417946814,,,2
PA.NUS.PRVT.PP,DOM,Dominican Republic,2007,17.8415029341687,,,2
PA.NUS.PRVT.PP,DOM,Dominican Republic,2008,19.0108189139108,,,2
PA.NUS.PRVT.PP,DOM,Dominican Republic,2009,19.3537953863892,,,2
PA.NUS.PRVT.PP,DOM,Dominican Republic,2010,20.2468208550319,,,2
PA.NUS.PRVT.PP,DOM,Dominican Republic,2011,20.764965057373,,,2
PA.NUS.PRVT.PP,DOM,Dominican Republic,2012,20.6160169773619,,,2
PA.NUS.PRVT.PP,DOM,Dominican Republic,2013,21.8872168713217,,,2
PA.NUS.PRVT.PP,DOM,Dominican Republic,2014,22.494916490131,,,2
PA.NUS.PRVT.PP,DOM,Dominican Republic,2015,22.7757257497629,,,2
PA.NUS.PRVT.PP,DOM,Dominican Republic,2016,23.0372914636765,,,2
PA.NUS.PRVT.PP,DOM,Dominican Republic,2017,23.9810810089111,,,2
PA.NUS.PRVT.PP,DOM,Dominican Republic,2018,24.2119808197021,,,2
PA.NUS.PRVT.PP,DOM,Dominican Republic,2019,23.3819694519043,,,2
PA.NUS.PRVT.PP,DOM,Dominican Republic,2020,22.9235095977783,,,2
PA.NUS.PRVT.PP,DOM,Dominican Republic,2021,23.1358222961426,,,2
PA.NUS.PRVT.PP,DOM,Dominican Republic,2022,23.3089706442018,,,2
PA.NUS.PRVT.PP,DOM,Dominican Republic,2023,23.4588039768141,,,2
PA.NUS.PRVT.PP,DOM,Dominican Republic,2024,23.5391745482033,,,2
PA.NUS.PRVT.PP,DOM,Dominican Republic,2025,23.8084706913573,,,2
PA.NUS.PRVT.PP,DZA,Algeria,1990,8.05644092320823,,,2
PA.NUS.PRVT.PP,DZA,Algeria,1991,9.72990444666724,,,2
PA.NUS.PRVT.PP,DZA,Algeria,1992,12.4347074238847,,,2
PA.NUS.PRVT.PP,DZA,Algeria,1993,14.5591021290293,,,2
PA.NUS.PRVT.PP,DZA,Algeria,1994,18.3107382444217,,,2
PA.NUS.PRVT.PP,DZA,Algeria,1995,23.1151312572103,,,2
PA.NUS.PRVT.PP,DZA,Algeria,1996,26.651611018402,,,2
PA.NUS.PRVT.PP,DZA,Algeria,1997,27.5359813355164,,,2
PA.NUS.PRVT.PP,DZA,Algeria,1998,28.4573198914769,,,2
PA.NUS.PRVT.PP,DZA,Algeria,1999,28.5847200096339,,,2
PA.NUS.PRVT.PP,DZA,Algeria,2000,27.7447676536335,,,2
PA.NUS.PRVT.PP,DZA,Algeria,2001,28.1224691995803,,,2
PA.NUS.PRVT.PP,DZA,Algeria,2002,28.0760359121242,,,2
PA.NUS.PRVT.PP,DZA,Algeria,2003,28.624779282918,,,2
PA.NUS.PRVT.PP,DZA,Algeria,2004,28.9828951709229,,,2
PA.NUS.PRVT.PP,DZA,Algeria,2005,28.4193709003882,,,2
PA.NUS.PRVT.PP,DZA,Algeria,2006,28.1676129780008,,,2
PA.NUS.PRVT.PP,DZA,Algeria,2007,28.3939129212834,,,2
PA.NUS.PRVT.PP,DZA,Algeria,2008,28.672683823708,,,2
PA.NUS.PRVT.PP,DZA,Algeria,2009,30.4258309077067,,,2
PA.NUS.PRVT.PP,DZA,Algeria,2010,31.1056577055225,,,2
PA.NUS.PRVT.PP,DZA,Algeria,2011,31.5179710388184,,,2
PA.NUS.PRVT.PP,DZA,Algeria,2012,32.6284305502579,,,2
PA.NUS.PRVT.PP,DZA,Algeria,2013,33.8437168118745,,,2
PA.NUS.PRVT.PP,DZA,Algeria,2014,34.3937573811058,,,2
PA.NUS.PRVT.PP,DZA,Algeria,2015,35.470252114952,,,2
PA.NUS.PRVT.PP,DZA,Algeria,2016,36.68089076703,,,2
PA.NUS.PRVT.PP,DZA,Algeria,2017,37.9275283813477,,,2
PA.NUS.PRVT.PP,DZA,Algeria,2018,38.5643043518066,,,2
PA.NUS.PRVT.PP,DZA,Algeria,2019,38.2321929931641,,,2
PA.NUS.PRVT.PP,DZA,Algeria,2020,38.1438331604004,,,2
PA.NUS.PRVT.PP,DZA,Algeria,2021,39.3659477233887,,,2
PA.NUS.PRVT.PP,DZA,Algeria,2022,39.8261950514325,,,2
PA.NUS.PRVT.PP,DZA,Algeria,2023,41.817511863859,,,2
PA.NUS.PRVT.PP,DZA,Algeria,2024,42.2629402229537,,,2
PA.NUS.PRVT.PP,DZA,Algeria,2025,41.7362435844435,,,2
PA.NUS.PRVT.PP,ECU,Ecuador,2000,0.312990518248494,,,2
PA.NUS.PRVT.PP,ECU,Ecuador,2001,0.419071481908234,,,2
PA.NUS.PRVT.PP,ECU,Ecuador,2002,0.46402706506916,,,2
PA.NUS.PRVT.PP,ECU,Ecuador,2003,0.489704702343256,,,2
PA.NUS.PRVT.PP,ECU,Ecuador,2004,0.490019457666933,,,2
PA.NUS.PRVT.PP,ECU,Ecuador,2005,0.484216206838174,,,2
PA.NUS.PRVT.PP,ECU,Ecuador,2006,0.484557720323539,,,2
PA.NUS.PRVT.PP,ECU,Ecuador,2007,0.48184178149877,,,2
PA.NUS.PRVT.PP,ECU,Ecuador,2008,0.503006046788633,,,2
PA.NUS.PRVT.PP,ECU,Ecuador,2009,0.530848411013887,,,2
PA.NUS.PRVT.PP,ECU,Ecuador,2010,0.540846646712071,,,2
PA.NUS.PRVT.PP,ECU,Ecuador,2011,0.547755241394043,,,2
PA.NUS.PRVT.PP,ECU,Ecuador,2012,0.541413735731607,,,2
PA.NUS.PRVT.PP,ECU,Ecuador,2013,0.55470091760106,,,2
PA.NUS.PRVT.PP,ECU,Ecuador,2014,0.564736929104649,,,2
PA.NUS.PRVT.PP,ECU,Ecuador,2015,0.580766955766764,,,2
PA.NUS.PRVT.PP,ECU,Ecuador,2016,0.578571065172153,,,2
PA.NUS.PRVT.PP,ECU,Ecuador,2017,0.575247406959534,,,2
PA.NUS.PRVT.PP,ECU,Ecuador,2018,0.555664718151093,,,2
PA.NUS.PRVT.PP,ECU,Ecuador,2019,0.536320209503174,,,2
PA.NUS.PRVT.PP,ECU,Ecuador,2020,0.513286888599396,,,2
PA.NUS.PRVT.PP,ECU,Ecuador,2021,0.485309660434723,,,2
PA.NUS.PRVT.PP,ECU,Ecuador,2022,0.464924351755443,,,2
PA.NUS.PRVT.PP,ECU,Ecuador,2023,0.456437126526776,,,2
PA.NUS.PRVT.PP,ECU,Ecuador,2024,0.450220330871137,,,2
PA.NUS.PRVT.PP,ECU,Ecuador,2025,0.441506220037222,,,2
PA.NUS.PRVT.PP,EGY,"Egypt, Arab Rep.",1990,0.513535018720893,,,2
PA.NUS.PRVT.PP,EGY,"Egypt, Arab Rep.",1991,0.589965870057118,,,2
PA.NUS.PRVT.PP,EGY,"Egypt, Arab Rep.",1992,0.650713092045039,,,2
PA.NUS.PRVT.PP,EGY,"Egypt, Arab Rep.",1993,0.708471310466701,,,2
PA.NUS.PRVT.PP,EGY,"Egypt, Arab Rep.",1994,0.746770105390469,,,2
PA.NUS.PRVT.PP,EGY,"Egypt, Arab Rep.",1995,0.840742034146508,,,2
PA.NUS.PRVT.PP,EGY,"Egypt, Arab Rep.",1996,0.87550421951358,,,2
PA.NUS.PRVT.PP,EGY,"Egypt, Arab Rep.",1997,0.895077457707954,,,2
PA.NUS.PRVT.PP,EGY,"Egypt, Arab Rep.",1998,0.9155284509345,,,2
PA.NUS.PRVT.PP,EGY,"Egypt, Arab Rep.",1999,0.923515374030793,,,2
PA.NUS.PRVT.PP,EGY,"Egypt, Arab Rep.",2000,0.917324006657277,,,2
PA.NUS.PRVT.PP,EGY,"Egypt, Arab Rep.",2001,0.912360174633939,,,2
PA.NUS.PRVT.PP,EGY,"Egypt, Arab Rep.",2002,0.922699345609959,,,2
PA.NUS.PRVT.PP,EGY,"Egypt, Arab Rep.",2003,0.942888112958021,,,2
PA.NUS.PRVT.PP,EGY,"Egypt, Arab Rep.",2004,1.02180140086228,,,2
PA.NUS.PRVT.PP,EGY,"Egypt, Arab Rep.",2005,1.0363947181938,,,2
PA.NUS.PRVT.PP,EGY,"Egypt, Arab Rep.",2006,1.08075755201142,,,2
PA.NUS.PRVT.PP,EGY,"Egypt, Arab Rep.",2007,1.1487042440125,,,2
PA.NUS.PRVT.PP,EGY,"Egypt, Arab Rep.",2008,1.30886194414525,,,2
PA.NUS.PRVT.PP,EGY,"Egypt, Arab Rep.",2009,1.468049454265,,,2
PA.NUS.PRVT.PP,EGY,"Egypt, Arab Rep.",2010,1.60707132129648,,,2
PA.NUS.PRVT.PP,EGY,"Egypt, Arab Rep.",2011,1.71469175815582,,,2
PA.NUS.PRVT.PP,EGY,"Egypt, Arab Rep.",2012,1.72744262225506,,,2
PA.NUS.PRVT.PP,EGY,"Egypt, Arab Rep.",2013,1.91818279110646,,,2
PA.NUS.PRVT.PP,EGY,"Egypt, Arab Rep.",2014,2.15816109438848,,,2
PA.NUS.PRVT.PP,EGY,"Egypt, Arab Rep.",2015,2.34674495976495,,,2
PA.NUS.PRVT.PP,EGY,"Egypt, Arab Rep.",2016,2.65257897981471,,,2
PA.NUS.PRVT.PP,EGY,"Egypt, Arab Rep.",2017,3.42185997962952,,,2
PA.NUS.PRVT.PP,EGY,"Egypt, Arab Rep.",2018,3.66758465766907,,,2
PA.NUS.PRVT.PP,EGY,"Egypt, Arab Rep.",2019,3.9766263961792,,,2
PA.NUS.PRVT.PP,EGY,"Egypt, Arab Rep.",2020,4.073317527771,,,2
PA.NUS.PRVT.PP,EGY,"Egypt, Arab Rep.",2021,4.11445045471191,,,2
PA.NUS.PRVT.PP,EGY,"Egypt, Arab Rep.",2022,4.33894357255006,,,2
PA.NUS.PRVT.PP,EGY,"Egypt, Arab Rep.",2023,5.57951325082345,,,2
PA.NUS.PRVT.PP,EGY,"Egypt, Arab Rep.",2024,6.95182862469351,,,2
PA.NUS.PRVT.PP,EGY,"Egypt, Arab Rep.",2025,7.72184322430447,,,2
PA.NUS.PRVT.PP,ERI,Eritrea,2011,6.43952300948783,,,2
PA.NUS.PRVT.PP,ERI,Eritrea,2012,6.23696368100506,,,2
PA.NUS.PRVT.PP,ERI,Eritrea,2013,6.14550791649937,,,2
PA.NUS.PRVT.PP,ERI,Eritrea,2014,6.27972154560645,,,2
PA.NUS.PRVT.PP,ERI,Eritrea,2015,7.6053553503366,,,2
PA.NUS.PRVT.PP,ERI,Eritrea,2016,6.69269345252373,,,2
PA.NUS.PRVT.PP,ERI,Eritrea,2017,5.36147785186768,,,2
PA.NUS.PRVT.PP,ERI,Eritrea,2018,4.58471967187768,,,2
PA.NUS.PRVT.PP,ERI,Eritrea,2019,4.66831969844419,,,2
PA.NUS.PRVT.PP,ERI,Eritrea,2020,4.98535932428603,,,2
PA.NUS.PRVT.PP,ERI,Eritrea,2021,5.19667768478394,,,2
PA.NUS.PRVT.PP,ESP,Spain,1990,0.655163,,,2
PA.NUS.PRVT.PP,ESP,Spain,1991,0.674776,,,2
PA.NUS.PRVT.PP,ESP,Spain,1992,0.700394,,,2
PA.NUS.PRVT.PP,ESP,Spain,1993,0.719609,,,2
PA.NUS.PRVT.PP,ESP,Spain,1994,0.73915,,,2
PA.NUS.PRVT.PP,ESP,Spain,1995,0.758498,,,2
PA.NUS.PRVT.PP,ESP,Spain,1996,0.770219,,,2
PA.NUS.PRVT.PP,ESP,Spain,1997,0.767671,,,2
PA.NUS.PRVT.PP,ESP,Spain,1998,0.76766,,,2
PA.NUS.PRVT.PP,ESP,Spain,1999,0.773923,,,2
PA.NUS.PRVT.PP,ESP,Spain,2000,0.768571,,,2
PA.NUS.PRVT.PP,ESP,Spain,2001,0.764023,,,2
PA.NUS.PRVT.PP,ESP,Spain,2002,0.754664,,,2
PA.NUS.PRVT.PP,ESP,Spain,2003,0.771934,,,2
PA.NUS.PRVT.PP,ESP,Spain,2004,0.788854,,,2
PA.NUS.PRVT.PP,ESP,Spain,2005,0.794163,,,2
PA.NUS.PRVT.PP,ESP,Spain,2006,0.790865,,,2
PA.NUS.PRVT.PP,ESP,Spain,2007,0.808165,,,2
PA.NUS.PRVT.PP,ESP,Spain,2008,0.802165,,,2
PA.NUS.PRVT.PP,ESP,Spain,2009,0.800459,,,2
PA.NUS.PRVT.PP,ESP,Spain,2010,0.801233,,,2
PA.NUS.PRVT.PP,ESP,Spain,2011,0.791645,,,2
PA.NUS.PRVT.PP,ESP,Spain,2012,0.78582,,,2
PA.NUS.PRVT.PP,ESP,Spain,2013,0.758457,,,2
PA.NUS.PRVT.PP,ESP,Spain,2014,0.744228,,,2
PA.NUS.PRVT.PP,ESP,Spain,2015,0.738177,,,2
PA.NUS.PRVT.PP,ESP,Spain,2016,0.71839,,,2
PA.NUS.PRVT.PP,ESP,Spain,2017,0.710629,,,2
PA.NUS.PRVT.PP,ESP,Spain,2018,0.711181,,,2
PA.NUS.PRVT.PP,ESP,Spain,2019,0.682967,,,2
PA.NUS.PRVT.PP,ESP,Spain,2020,0.686508,,,2
PA.NUS.PRVT.PP,ESP,Spain,2021,0.654523,,,2
PA.NUS.PRVT.PP,ESP,Spain,2022,0.622535,,,2
PA.NUS.PRVT.PP,ESP,Spain,2023,0.581533,,,2
PA.NUS.PRVT.PP,ESP,Spain,2024,0.588481,,,2
PA.NUS.PRVT.PP,ESP,Spain,2025,0.607856,,,2
PA.NUS.PRVT.PP,EST,Estonia,1992,0.111377111136486,,,2
PA.NUS.PRVT.PP,EST,Estonia,1993,0.205345957168973,,,2
PA.NUS.PRVT.PP,EST,Estonia,1994,0.295498,,,2
PA.NUS.PRVT.PP,EST,Estonia,1995,0.360695,,,2
PA.NUS.PRVT.PP,EST,Estonia,1996,0.439235,,,2
PA.NUS.PRVT.PP,EST,Estonia,1997,0.474153,,,2
PA.NUS.PRVT.PP,EST,Estonia,1998,0.500917,,,2
PA.NUS.PRVT.PP,EST,Estonia,1999,0.511425,,,2
PA.NUS.PRVT.PP,EST,Estonia,2000,0.50919,,,2
PA.NUS.PRVT.PP,EST,Estonia,2001,0.533459,,,2
PA.NUS.PRVT.PP,EST,Estonia,2002,0.526968,,,2
PA.NUS.PRVT.PP,EST,Estonia,2003,0.530069,,,2
PA.NUS.PRVT.PP,EST,Estonia,2004,0.538776,,,2
PA.NUS.PRVT.PP,EST,Estonia,2005,0.554105,,,2
PA.NUS.PRVT.PP,EST,Estonia,2006,0.584885,,,2
PA.NUS.PRVT.PP,EST,Estonia,2007,0.614527,,,2
PA.NUS.PRVT.PP,EST,Estonia,2008,0.625117,,,2
PA.NUS.PRVT.PP,EST,Estonia,2009,0.598601,,,2
PA.NUS.PRVT.PP,EST,Estonia,2010,0.587017,,,2
PA.NUS.PRVT.PP,EST,Estonia,2011,0.58783,,,2
PA.NUS.PRVT.PP,EST,Estonia,2012,0.59806,,,2
PA.NUS.PRVT.PP,EST,Estonia,2013,0.59817,,,2
PA.NUS.PRVT.PP,EST,Estonia,2014,0.598979,,,2
PA.NUS.PRVT.PP,EST,Estonia,2015,0.603207,,,2
PA.NUS.PRVT.PP,EST,Estonia,2016,0.593663,,,2
PA.NUS.PRVT.PP,EST,Estonia,2017,0.606524,,,2
PA.NUS.PRVT.PP,EST,Estonia,2018,0.612425,,,2
PA.NUS.PRVT.PP,EST,Estonia,2019,0.604226,,,2
PA.NUS.PRVT.PP,EST,Estonia,2020,0.603252,,,2
PA.NUS.PRVT.PP,EST,Estonia,2021,0.630827,,,2
PA.NUS.PRVT.PP,EST,Estonia,2022,0.660899,,,2
PA.NUS.PRVT.PP,EST,Estonia,2023,0.642819,,,2
PA.NUS.PRVT.PP,EST,Estonia,2024,0.646078,,,2
PA.NUS.PRVT.PP,EST,Estonia,2025,0.671741,,,2
PA.NUS.PRVT.PP,ETH,Ethiopia,1990,1.43304120894728,,,2
PA.NUS.PRVT.PP,ETH,Ethiopia,1991,1.86593892155966,,,2
PA.NUS.PRVT.PP,ETH,Ethiopia,1992,2.00174534005808,,,2
PA.NUS.PRVT.PP,ETH,Ethiopia,1993,2.013244428419,,,2
PA.NUS.PRVT.PP,ETH,Ethiopia,1994,2.11108247152026,,,2
PA.NUS.PRVT.PP,ETH,Ethiopia,1995,2.25927662522725,,,2
PA.NUS.PRVT.PP,ETH,Ethiopia,1996,2.00871445528159,,,2
PA.NUS.PRVT.PP,ETH,Ethiopia,1997,2.00984346786233,,,2
PA.NUS.PRVT.PP,ETH,Ethiopia,1998,1.99683118808889,,,2
PA.NUS.PRVT.PP,ETH,Ethiopia,1999,2.1092573860842,,,2
PA.NUS.PRVT.PP,ETH,Ethiopia,2000,2.05387394115431,,,2
PA.NUS.PRVT.PP,ETH,Ethiopia,2001,1.83287871020798,,,2
PA.NUS.PRVT.PP,ETH,Ethiopia,2002,1.81644291551904,,,2
PA.NUS.PRVT.PP,ETH,Ethiopia,2003,2.01899112483322,,,2
PA.NUS.PRVT.PP,ETH,Ethiopia,2004,2.03177501331595,,,2
PA.NUS.PRVT.PP,ETH,Ethiopia,2005,2.1610243134801,,,2
PA.NUS.PRVT.PP,ETH,Ethiopia,2006,2.35097775868674,,,2
PA.NUS.PRVT.PP,ETH,Ethiopia,2007,2.67984844856644,,,2
PA.NUS.PRVT.PP,ETH,Ethiopia,2008,3.72551418089792,,,2
PA.NUS.PRVT.PP,ETH,Ethiopia,2009,4.05599447979681,,,2
PA.NUS.PRVT.PP,ETH,Ethiopia,2010,4.31574803632372,,,2
PA.NUS.PRVT.PP,ETH,Ethiopia,2011,5.57474660873413,,,2
PA.NUS.PRVT.PP,ETH,Ethiopia,2012,6.69249710544951,,,2
PA.NUS.PRVT.PP,ETH,Ethiopia,2013,7.16554266016562,,,2
PA.NUS.PRVT.PP,ETH,Ethiopia,2014,7.24404777134109,,,2
PA.NUS.PRVT.PP,ETH,Ethiopia,2015,7.70176132212823,,,2
PA.NUS.PRVT.PP,ETH,Ethiopia,2016,7.79736260907248,,,2
PA.NUS.PRVT.PP,ETH,Ethiopia,2017,8.21071624755859,,,2
PA.NUS.PRVT.PP,ETH,Ethiopia,2018,8.96280193328857,,,2
PA.NUS.PRVT.PP,ETH,Ethiopia,2019,9.86061096191406,,,2
PA.NUS.PRVT.PP,ETH,Ethiopia,2020,11.2918491363525,,,2
PA.NUS.PRVT.PP,ETH,Ethiopia,2021,13.4367609024048,,,2
PA.NUS.PRVT.PP,ETH,Ethiopia,2022,16.6574042886468,,,2
PA.NUS.PRVT.PP,ETH,Ethiopia,2023,20.8334992812451,,,2
PA.NUS.PRVT.PP,ETH,Ethiopia,2024,24.4939429344669,,,2
PA.NUS.PRVT.PP,ETH,Ethiopia,2025,27.0057314452972,,,2
PA.NUS.PRVT.PP,FIN,Finland,1990,1.096026,,,2
PA.NUS.PRVT.PP,FIN,Finland,1991,1.109998,,,2
PA.NUS.PRVT.PP,FIN,Finland,1992,1.118218,,,2
PA.NUS.PRVT.PP,FIN,Finland,1993,1.130161,,,2
PA.NUS.PRVT.PP,FIN,Finland,1994,1.114565,,,2
PA.NUS.PRVT.PP,FIN,Finland,1995,1.094885,,,2
PA.NUS.PRVT.PP,FIN,Finland,1996,1.086972,,,2
PA.NUS.PRVT.PP,FIN,Finland,1997,1.083093,,,2
PA.NUS.PRVT.PP,FIN,Finland,1998,1.084475,,,2
PA.NUS.PRVT.PP,FIN,Finland,1999,1.080232,,,2
PA.NUS.PRVT.PP,FIN,Finland,2000,1.071455,,,2
PA.NUS.PRVT.PP,FIN,Finland,2001,1.094672,,,2
PA.NUS.PRVT.PP,FIN,Finland,2002,1.090637,,,2
PA.NUS.PRVT.PP,FIN,Finland,2003,1.095963,,,2
PA.NUS.PRVT.PP,FIN,Finland,2004,1.063885,,,2
PA.NUS.PRVT.PP,FIN,Finland,2005,1.06801,,,2
PA.NUS.PRVT.PP,FIN,Finland,2006,1.044607,,,2
PA.NUS.PRVT.PP,FIN,Finland,2007,1.011008,,,2
PA.NUS.PRVT.PP,FIN,Finland,2008,0.992253,,,2
PA.NUS.PRVT.PP,FIN,Finland,2009,0.984171,,,2
PA.NUS.PRVT.PP,FIN,Finland,2010,0.979387,,,2
PA.NUS.PRVT.PP,FIN,Finland,2011,0.9739,,,2
PA.NUS.PRVT.PP,FIN,Finland,2012,0.99038,,,2
PA.NUS.PRVT.PP,FIN,Finland,2013,0.982728,,,2
PA.NUS.PRVT.PP,FIN,Finland,2014,0.978455,,,2
PA.NUS.PRVT.PP,FIN,Finland,2015,0.97934,,,2
PA.NUS.PRVT.PP,FIN,Finland,2016,0.950046,,,2
PA.NUS.PRVT.PP,FIN,Finland,2017,0.938435,,,2
PA.NUS.PRVT.PP,FIN,Finland,2018,0.9277,,,2
PA.NUS.PRVT.PP,FIN,Finland,2019,0.898888,,,2
PA.NUS.PRVT.PP,FIN,Finland,2020,0.886933,,,2
PA.NUS.PRVT.PP,FIN,Finland,2021,0.871878,,,2
PA.NUS.PRVT.PP,FIN,Finland,2022,0.829946,,,2
PA.NUS.PRVT.PP,FIN,Finland,2023,0.797354,,,2
PA.NUS.PRVT.PP,FIN,Finland,2024,0.788236,,,2
PA.NUS.PRVT.PP,FIN,Finland,2025,0.80201,,,2
PA.NUS.PRVT.PP,FJI,Fiji,1990,0.814205661194055,,,2
PA.NUS.PRVT.PP,FJI,Fiji,1991,0.831877695918477,,,2
PA.NUS.PRVT.PP,FJI,Fiji,1992,0.846848945278116,,,2
PA.NUS.PRVT.PP,FJI,Fiji,1993,0.865397330840612,,,2
PA.NUS.PRVT.PP,FJI,Fiji,1994,0.850293827463019,,,2
PA.NUS.PRVT.PP,FJI,Fiji,1995,0.845002330308743,,,2
PA.NUS.PRVT.PP,FJI,Fiji,1996,0.845978899663357,,,2
PA.NUS.PRVT.PP,FJI,Fiji,1997,0.854497159799896,,,2
PA.NUS.PRVT.PP,FJI,Fiji,1998,0.889495858586974,,,2
PA.NUS.PRVT.PP,FJI,Fiji,1999,0.887586495346992,,,2
PA.NUS.PRVT.PP,FJI,Fiji,2000,0.867970283218237,,,2
PA.NUS.PRVT.PP,FJI,Fiji,2001,0.880180387340871,,,2
PA.NUS.PRVT.PP,FJI,Fiji,2002,0.873040938899927,,,2
PA.NUS.PRVT.PP,FJI,Fiji,2003,0.889283162895832,,,2
PA.NUS.PRVT.PP,FJI,Fiji,2004,0.89058445874614,,,2
PA.NUS.PRVT.PP,FJI,Fiji,2005,0.881738437046393,,,2
PA.NUS.PRVT.PP,FJI,Fiji,2006,0.875459272138567,,,2
PA.NUS.PRVT.PP,FJI,Fiji,2007,0.89206604281782,,,2
PA.NUS.PRVT.PP,FJI,Fiji,2008,0.925511750018306,,,2
PA.NUS.PRVT.PP,FJI,Fiji,2009,0.957895614394517,,,2
PA.NUS.PRVT.PP,FJI,Fiji,2010,0.97720590011566,,,2
PA.NUS.PRVT.PP,FJI,Fiji,2011,1.0162467956543,,,2
PA.NUS.PRVT.PP,FJI,Fiji,2012,0.969806316986777,,,2
PA.NUS.PRVT.PP,FJI,Fiji,2013,0.992650419720501,,,2
PA.NUS.PRVT.PP,FJI,Fiji,2014,0.983352000981706,,,2
PA.NUS.PRVT.PP,FJI,Fiji,2015,0.980414958475155,,,2
PA.NUS.PRVT.PP,FJI,Fiji,2016,0.985256800458384,,,2
PA.NUS.PRVT.PP,FJI,Fiji,2017,0.998297512531281,,,2
PA.NUS.PRVT.PP,FJI,Fiji,2018,1.01111459732056,,,2
PA.NUS.PRVT.PP,FJI,Fiji,2019,1.01473534107208,,,2
PA.NUS.PRVT.PP,FJI,Fiji,2020,0.970473408699036,,,2
PA.NUS.PRVT.PP,FJI,Fiji,2021,0.94487065076828,,,2
PA.NUS.PRVT.PP,FJI,Fiji,2022,0.928038605759223,,,2
PA.NUS.PRVT.PP,FJI,Fiji,2023,0.917869241241045,,,2
PA.NUS.PRVT.PP,FJI,Fiji,2024,0.926261762513359,,,2
PA.NUS.PRVT.PP,FJI,Fiji,2025,0.889449806452232,,,2
PA.NUS.PRVT.PP,FRA,France,1990,1.051733,,,2
PA.NUS.PRVT.PP,FRA,France,1991,1.044892,,,2
PA.NUS.PRVT.PP,FRA,France,1992,1.043687,,,2
PA.NUS.PRVT.PP,FRA,France,1993,1.033732,,,2
PA.NUS.PRVT.PP,FRA,France,1994,1.022043,,,2
PA.NUS.PRVT.PP,FRA,France,1995,1.010186,,,2
PA.NUS.PRVT.PP,FRA,France,1996,1.002655,,,2
PA.NUS.PRVT.PP,FRA,France,1997,0.9883,,,2
PA.NUS.PRVT.PP,FRA,France,1998,0.981157,,,2
PA.NUS.PRVT.PP,FRA,France,1999,0.966089,,,2
PA.NUS.PRVT.PP,FRA,France,2000,0.935283,,,2
PA.NUS.PRVT.PP,FRA,France,2001,0.911217,,,2
PA.NUS.PRVT.PP,FRA,France,2002,0.905547,,,2
PA.NUS.PRVT.PP,FRA,France,2003,0.93976,,,2
PA.NUS.PRVT.PP,FRA,France,2004,0.943507,,,2
PA.NUS.PRVT.PP,FRA,France,2005,0.92913,,,2
PA.NUS.PRVT.PP,FRA,France,2006,0.92782,,,2
PA.NUS.PRVT.PP,FRA,France,2007,0.926145,,,2
PA.NUS.PRVT.PP,FRA,France,2008,0.925198,,,2
PA.NUS.PRVT.PP,FRA,France,2009,0.907764,,,2
PA.NUS.PRVT.PP,FRA,France,2010,0.897901,,,2
PA.NUS.PRVT.PP,FRA,France,2011,0.882667,,,2
PA.NUS.PRVT.PP,FRA,France,2012,0.886484,,,2
PA.NUS.PRVT.PP,FRA,France,2013,0.861092,,,2
PA.NUS.PRVT.PP,FRA,France,2014,0.859472,,,2
PA.NUS.PRVT.PP,FRA,France,2015,0.871939,,,2
PA.NUS.PRVT.PP,FRA,France,2016,0.847147,,,2
PA.NUS.PRVT.PP,FRA,France,2017,0.847836,,,2
PA.NUS.PRVT.PP,FRA,France,2018,0.840714,,,2
PA.NUS.PRVT.PP,FRA,France,2019,0.807398,,,2
PA.NUS.PRVT.PP,FRA,France,2020,0.792683,,,2
PA.NUS.PRVT.PP,FRA,France,2021,0.792193,,,2
PA.NUS.PRVT.PP,FRA,France,2022,0.744307,,,2
PA.NUS.PRVT.PP,FRA,France,2023,0.719442,,,2
PA.NUS.PRVT.PP,FRA,France,2024,0.716934,,,2
PA.NUS.PRVT.PP,FRA,France,2025,0.732501,,,2
PA.NUS.PRVT.PP,FRO,Faroe Islands,2017,6.96246385574341,,,2
PA.NUS.PRVT.PP,FRO,Faroe Islands,2021,6.53218603134155,,,2
PA.NUS.PRVT.PP,FSM,"Micronesia, Fed. Sts.",1999,0.909395056797409,,,2
PA.NUS.PRVT.PP,FSM,"Micronesia, Fed. Sts.",2000,0.898677458645617,,,2
PA.NUS.PRVT.PP,FSM,"Micronesia, Fed. Sts.",2001,0.878369075931078,,,2
PA.NUS.PRVT.PP,FSM,"Micronesia, Fed. Sts.",2002,0.863691775406348,,,2
PA.NUS.PRVT.PP,FSM,"Micronesia, Fed. Sts.",2003,0.84558989000077,,,2
PA.NUS.PRVT.PP,FSM,"Micronesia, Fed. Sts.",2004,0.842291278343978,,,2
PA.NUS.PRVT.PP,FSM,"Micronesia, Fed. Sts.",2005,0.849337636400183,,,2
PA.NUS.PRVT.PP,FSM,"Micronesia, Fed. Sts.",2006,0.860950775137995,,,2
PA.NUS.PRVT.PP,FSM,"Micronesia, Fed. Sts.",2007,0.864748321528857,,,2
PA.NUS.PRVT.PP,FSM,"Micronesia, Fed. Sts.",2008,0.902928034937367,,,2
PA.NUS.PRVT.PP,FSM,"Micronesia, Fed. Sts.",2009,0.964085434818192,,,2
PA.NUS.PRVT.PP,FSM,"Micronesia, Fed. Sts.",2010,0.979960646406923,,,2
PA.NUS.PRVT.PP,FSM,"Micronesia, Fed. Sts.",2011,0.998254746991048,,,2
PA.NUS.PRVT.PP,FSM,"Micronesia, Fed. Sts.",2012,1.0270980735255,,,2
PA.NUS.PRVT.PP,FSM,"Micronesia, Fed. Sts.",2013,1.0300082963402,,,2
PA.NUS.PRVT.PP,FSM,"Micronesia, Fed. Sts.",2014,1.02015706240329,,,2
PA.NUS.PRVT.PP,FSM,"Micronesia, Fed. Sts.",2015,1.01591066691018,,,2
PA.NUS.PRVT.PP,FSM,"Micronesia, Fed. Sts.",2016,0.992845348012524,,,2
PA.NUS.PRVT.PP,FSM,"Micronesia, Fed. Sts.",2017,0.977798052994216,,,2
PA.NUS.PRVT.PP,FSM,"Micronesia, Fed. Sts.",2018,0.968785976873178,,,2
PA.NUS.PRVT.PP,FSM,"Micronesia, Fed. Sts.",2019,0.969848293937479,,,2
PA.NUS.PRVT.PP,FSM,"Micronesia, Fed. Sts.",2020,0.963343367044369,,,2
PA.NUS.PRVT.PP,FSM,"Micronesia, Fed. Sts.",2021,0.949481108025537,,,2
PA.NUS.PRVT.PP,FSM,"Micronesia, Fed. Sts.",2022,0.926676076751688,,,2
PA.NUS.PRVT.PP,GAB,Gabon,1990,397.260193489424,,,2
PA.NUS.PRVT.PP,GAB,Gabon,1991,336.581801588953,,,2
PA.NUS.PRVT.PP,GAB,Gabon,1992,295.511579206204,,,2
PA.NUS.PRVT.PP,GAB,Gabon,1993,288.571229291823,,,2
PA.NUS.PRVT.PP,GAB,Gabon,1994,382.810756585242,,,2
PA.NUS.PRVT.PP,GAB,Gabon,1995,408.284617988431,,,2
PA.NUS.PRVT.PP,GAB,Gabon,1996,399.393491171668,,,2
PA.NUS.PRVT.PP,GAB,Gabon,1997,405.777375278234,,,2
PA.NUS.PRVT.PP,GAB,Gabon,1998,405.363653249154,,,2
PA.NUS.PRVT.PP,GAB,Gabon,1999,389.001897312974,,,2
PA.NUS.PRVT.PP,GAB,Gabon,2000,378.194942381144,,,2
PA.NUS.PRVT.PP,GAB,Gabon,2001,375.662451395885,,,2
PA.NUS.PRVT.PP,GAB,Gabon,2002,369.933000847119,,,2
PA.NUS.PRVT.PP,GAB,Gabon,2003,369.807332123211,,,2
PA.NUS.PRVT.PP,GAB,Gabon,2004,361.63507826971,,,2
PA.NUS.PRVT.PP,GAB,Gabon,2005,362.738899840488,,,2
PA.NUS.PRVT.PP,GAB,Gabon,2006,346.450164197285,,,2
PA.NUS.PRVT.PP,GAB,Gabon,2007,353.785374057703,,,2
PA.NUS.PRVT.PP,GAB,Gabon,2008,358.64111070931,,,2
PA.NUS.PRVT.PP,GAB,Gabon,2009,366.707849262503,,,2
PA.NUS.PRVT.PP,GAB,Gabon,2010,366.063839928974,,,2
PA.NUS.PRVT.PP,GAB,Gabon,2011,359.344451904297,,,2
PA.NUS.PRVT.PP,GAB,Gabon,2012,348.114221444621,,,2
PA.NUS.PRVT.PP,GAB,Gabon,2013,342.69792309899,,,2
PA.NUS.PRVT.PP,GAB,Gabon,2014,344.994537109852,,,2
PA.NUS.PRVT.PP,GAB,Gabon,2015,333.80087921697,,,2
PA.NUS.PRVT.PP,GAB,Gabon,2016,323.979390909042,,,2
PA.NUS.PRVT.PP,GAB,Gabon,2017,320.789001464844,,,2
PA.NUS.PRVT.PP,GAB,Gabon,2018,324.501098632813,,,2
PA.NUS.PRVT.PP,GAB,Gabon,2019,322.700256347656,,,2
PA.NUS.PRVT.PP,GAB,Gabon,2020,313.810333251953,,,2
PA.NUS.PRVT.PP,GAB,Gabon,2021,300.234985351563,,,2
PA.NUS.PRVT.PP,GAB,Gabon,2022,289.750518165074,,,2
PA.NUS.PRVT.PP,GAB,Gabon,2023,288.394322719732,,,2
PA.NUS.PRVT.PP,GAB,Gabon,2024,283.418047408329,,,2
PA.NUS.PRVT.PP,GAB,Gabon,2025,280.849994724835,,,2
PA.NUS.PRVT.PP,GBR,United Kingdom,1990,0.747622,,,2
PA.NUS.PRVT.PP,GBR,United Kingdom,1991,0.784904,,,2
PA.NUS.PRVT.PP,GBR,United Kingdom,1992,0.793167,,,2
PA.NUS.PRVT.PP,GBR,United Kingdom,1993,0.791929,,,2
PA.NUS.PRVT.PP,GBR,United Kingdom,1994,0.788715,,,2
PA.NUS.PRVT.PP,GBR,United Kingdom,1995,0.796604,,,2
PA.NUS.PRVT.PP,GBR,United Kingdom,1996,0.788942,,,2
PA.NUS.PRVT.PP,GBR,United Kingdom,1997,0.7902,,,2
PA.NUS.PRVT.PP,GBR,United Kingdom,1998,0.808906,,,2
PA.NUS.PRVT.PP,GBR,United Kingdom,1999,0.808232,,,2
PA.NUS.PRVT.PP,GBR,United Kingdom,2000,0.777455,,,2
PA.NUS.PRVT.PP,GBR,United Kingdom,2001,0.755941,,,2
PA.NUS.PRVT.PP,GBR,United Kingdom,2002,0.763978,,,2
PA.NUS.PRVT.PP,GBR,United Kingdom,2003,0.760246,,,2
PA.NUS.PRVT.PP,GBR,United Kingdom,2004,0.742888,,,2
PA.NUS.PRVT.PP,GBR,United Kingdom,2005,0.762904,,,2
PA.NUS.PRVT.PP,GBR,United Kingdom,2006,0.749729,,,2
PA.NUS.PRVT.PP,GBR,United Kingdom,2007,0.758813,,,2
PA.NUS.PRVT.PP,GBR,United Kingdom,2008,0.763449,,,2
PA.NUS.PRVT.PP,GBR,United Kingdom,2009,0.782215,,,2
PA.NUS.PRVT.PP,GBR,United Kingdom,2010,0.778333,,,2
PA.NUS.PRVT.PP,GBR,United Kingdom,2011,0.777677,,,2
PA.NUS.PRVT.PP,GBR,United Kingdom,2012,0.787207,,,2
PA.NUS.PRVT.PP,GBR,United Kingdom,2013,0.792885,,,2
PA.NUS.PRVT.PP,GBR,United Kingdom,2014,0.798517,,,2
PA.NUS.PRVT.PP,GBR,United Kingdom,2015,0.805799,,,2
PA.NUS.PRVT.PP,GBR,United Kingdom,2016,0.788601,,,2
PA.NUS.PRVT.PP,GBR,United Kingdom,2017,0.786784,,,2
PA.NUS.PRVT.PP,GBR,United Kingdom,2018,0.7811,,,2
PA.NUS.PRVT.PP,GBR,United Kingdom,2019,0.755514,,,2
PA.NUS.PRVT.PP,GBR,United Kingdom,2020,0.751277,,,2
PA.NUS.PRVT.PP,GBR,United Kingdom,2021,0.735537,,,2
PA.NUS.PRVT.PP,GBR,United Kingdom,2022,0.695483,,,2
PA.NUS.PRVT.PP,GBR,United Kingdom,2023,0.673649,,,2
PA.NUS.PRVT.PP,GBR,United Kingdom,2024,0.682739,,,2
PA.NUS.PRVT.PP,GBR,United Kingdom,2025,0.701529,,,2
PA.NUS.PRVT.PP,GEO,Georgia,1994,0.127298058445838,,,2
PA.NUS.PRVT.PP,GEO,Georgia,1995,0.325307590693994,,,2
PA.NUS.PRVT.PP,GEO,Georgia,1996,0.44043060529694,,,2
PA.NUS.PRVT.PP,GEO,Georgia,1997,0.460872863959072,,,2
PA.NUS.PRVT.PP,GEO,Georgia,1998,0.470015363036484,,,2
PA.NUS.PRVT.PP,GEO,Georgia,1999,0.548228499310675,,,2
PA.NUS.PRVT.PP,GEO,Georgia,2000,0.551872355505353,,,2
PA.NUS.PRVT.PP,GEO,Georgia,2001,0.561639691532942,,,2
PA.NUS.PRVT.PP,GEO,Georgia,2002,0.583764513893401,,,2
PA.NUS.PRVT.PP,GEO,Georgia,2003,0.575588505087898,,,2
PA.NUS.PRVT.PP,GEO,Georgia,2004,0.592288699057123,,,2
PA.NUS.PRVT.PP,GEO,Georgia,2005,0.620096963513189,,,2
PA.NUS.PRVT.PP,GEO,Georgia,2006,0.655749710718914,,,2
PA.NUS.PRVT.PP,GEO,Georgia,2007,0.696504117743017,,,2
PA.NUS.PRVT.PP,GEO,Georgia,2008,0.73782511457592,,,2
PA.NUS.PRVT.PP,GEO,Georgia,2009,0.753249301002286,,,2
PA.NUS.PRVT.PP,GEO,Georgia,2010,0.793788203059692,,,2
PA.NUS.PRVT.PP,GEO,Georgia,2011,0.835233986377716,,,2
PA.NUS.PRVT.PP,GEO,Georgia,2012,0.766399030571745,,,2
PA.NUS.PRVT.PP,GEO,Georgia,2013,0.78428132428877,,,2
PA.NUS.PRVT.PP,GEO,Georgia,2014,0.809828390266648,,,2
PA.NUS.PRVT.PP,GEO,Georgia,2015,0.852621979560345,,,2
PA.NUS.PRVT.PP,GEO,Georgia,2016,0.869774801711097,,,2
PA.NUS.PRVT.PP,GEO,Georgia,2017,0.937670886516571,,,2
PA.NUS.PRVT.PP,GEO,Georgia,2018,0.938329577445984,,,2
PA.NUS.PRVT.PP,GEO,Georgia,2019,0.957935810089111,,,2
PA.NUS.PRVT.PP,GEO,Georgia,2020,1.00462114810944,,,2
PA.NUS.PRVT.PP,GEO,Georgia,2021,1.0734771490097,,,2
PA.NUS.PRVT.PP,GEO,Georgia,2022,1.1121945337939,,,2
PA.NUS.PRVT.PP,GEO,Georgia,2023,1.09479769315286,,,2
PA.NUS.PRVT.PP,GEO,Georgia,2024,1.07523259910038,,,2
PA.NUS.PRVT.PP,GEO,Georgia,2025,1.08749274580272,,,2
PA.NUS.PRVT.PP,GHA,Ghana,1990,0.0231976479116535,,,2
PA.NUS.PRVT.PP,GHA,Ghana,1991,0.0262680741710406,,,2
PA.NUS.PRVT.PP,GHA,Ghana,1992,0.0280597433481462,,,2
PA.NUS.PRVT.PP,GHA,Ghana,1993,0.0340581318647166,,,2
PA.NUS.PRVT.PP,GHA,Ghana,1994,0.0414477503742567,,,2
PA.NUS.PRVT.PP,GHA,Ghana,1995,0.0642896327064968,,,2
PA.NUS.PRVT.PP,GHA,Ghana,1996,0.0915403078912038,,,2
PA.NUS.PRVT.PP,GHA,Ghana,1997,0.114392374704539,,,2
PA.NUS.PRVT.PP,GHA,Ghana,1998,0.129117049266609,,,2
PA.NUS.PRVT.PP,GHA,Ghana,1999,0.132499971983627,,,2
PA.NUS.PRVT.PP,GHA,Ghana,2000,0.179749319144753,,,2
PA.NUS.PRVT.PP,GHA,Ghana,2001,0.247371222068052,,,2
PA.NUS.PRVT.PP,GHA,Ghana,2002,0.266303812247188,,,2
PA.NUS.PRVT.PP,GHA,Ghana,2003,0.337919303136071,,,2
PA.NUS.PRVT.PP,GHA,Ghana,2004,0.388488445230157,,,2
PA.NUS.PRVT.PP,GHA,Ghana,2005,0.43375106954156,,,2
PA.NUS.PRVT.PP,GHA,Ghana,2006,0.469271227317818,,,2
PA.NUS.PRVT.PP,GHA,Ghana,2007,0.505231453050983,,,2
PA.NUS.PRVT.PP,GHA,Ghana,2008,0.56680726119921,,,2
PA.NUS.PRVT.PP,GHA,Ghana,2009,0.678312074536117,,,2
PA.NUS.PRVT.PP,GHA,Ghana,2010,0.738998064501051,,,2
PA.NUS.PRVT.PP,GHA,Ghana,2011,0.77891218662262,,,2
PA.NUS.PRVT.PP,GHA,Ghana,2012,0.820378914627863,,,2
PA.NUS.PRVT.PP,GHA,Ghana,2013,0.940032856229571,,,2
PA.NUS.PRVT.PP,GHA,Ghana,2014,1.11456466777065,,,2
PA.NUS.PRVT.PP,GHA,Ghana,2015,1.3177988694662,,,2
PA.NUS.PRVT.PP,GHA,Ghana,2016,1.50780563067706,,,2
PA.NUS.PRVT.PP,GHA,Ghana,2017,1.70922684669495,,,2
PA.NUS.PRVT.PP,GHA,Ghana,2018,1.86160671710968,,,2
PA.NUS.PRVT.PP,GHA,Ghana,2019,2.01676082611084,,,2
PA.NUS.PRVT.PP,GHA,Ghana,2020,2.24996495246887,,,2
PA.NUS.PRVT.PP,GHA,Ghana,2021,2.45419526100159,,,2
PA.NUS.PRVT.PP,GHA,Ghana,2022,2.98258560222774,,,2
PA.NUS.PRVT.PP,GHA,Ghana,2023,3.95630362773751,,,2
PA.NUS.PRVT.PP,GHA,Ghana,2024,4.7210056114281,,,2
PA.NUS.PRVT.PP,GHA,Ghana,2025,5.24995407961755,,,2
PA.NUS.PRVT.PP,GIN,Guinea,2004,823.401642724533,,,2
PA.NUS.PRVT.PP,GIN,Guinea,2005,1046.23386515256,,,2
PA.NUS.PRVT.PP,GIN,Guinea,2006,1365.18735483613,,,2
PA.NUS.PRVT.PP,GIN,Guinea,2007,1568.57166595811,,,2
PA.NUS.PRVT.PP,GIN,Guinea,2008,1859.00333263762,,,2
PA.NUS.PRVT.PP,GIN,Guinea,2009,1953.03020045147,,,2
PA.NUS.PRVT.PP,GIN,Guinea,2010,2210.7098938126,,,2
PA.NUS.PRVT.PP,GIN,Guinea,2011,2599.89086914063,,,2
PA.NUS.PRVT.PP,GIN,Guinea,2012,2682.03262727942,,,2
PA.NUS.PRVT.PP,GIN,Guinea,2013,2824.81470384895,,,2
PA.NUS.PRVT.PP,GIN,Guinea,2014,2852.78112530487,,,2
PA.NUS.PRVT.PP,GIN,Guinea,2015,2866.40237118163,,,2
PA.NUS.PRVT.PP,GIN,Guinea,2016,2823.09569002427,,,2
PA.NUS.PRVT.PP,GIN,Guinea,2017,2814.4931640625,,,2
PA.NUS.PRVT.PP,GIN,Guinea,2018,2903.00146484375,,,2
PA.NUS.PRVT.PP,GIN,Guinea,2019,3010.94311523438,,,2
PA.NUS.PRVT.PP,GIN,Guinea,2020,3085.93139648438,,,2
PA.NUS.PRVT.PP,GIN,Guinea,2021,3221.26123046875,,,2
PA.NUS.PRVT.PP,GIN,Guinea,2022,3295.53446573936,,,2
PA.NUS.PRVT.PP,GIN,Guinea,2023,3412.2887842131,,,2
PA.NUS.PRVT.PP,GIN,Guinea,2024,3583.76956376982,,,2
PA.NUS.PRVT.PP,GIN,Guinea,2025,3613.36449038786,,,2
PA.NUS.PRVT.PP,GMB,"Gambia, The",1990,6.02818872313024,,,2
PA.NUS.PRVT.PP,GMB,"Gambia, The",1991,6.28307933905539,,,2
PA.NUS.PRVT.PP,GMB,"Gambia, The",1992,6.67689521508737,,,2
PA.NUS.PRVT.PP,GMB,"Gambia, The",1993,6.90467434884459,,,2
PA.NUS.PRVT.PP,GMB,"Gambia, The",1994,6.84429746729203,,,2
PA.NUS.PRVT.PP,GMB,"Gambia, The",1995,7.12228610590739,,,2
PA.NUS.PRVT.PP,GMB,"Gambia, The",1996,6.99554123877358,,,2
PA.NUS.PRVT.PP,GMB,"Gambia, The",1997,7.02586035299732,,,2
PA.NUS.PRVT.PP,GMB,"Gambia, The",1998,6.99555119582131,,,2
PA.NUS.PRVT.PP,GMB,"Gambia, The",1999,7.10675001153694,,,2
PA.NUS.PRVT.PP,GMB,"Gambia, The",2000,6.93269274717735,,,2
PA.NUS.PRVT.PP,GMB,"Gambia, The",2001,7.04504558694658,,,2
PA.NUS.PRVT.PP,GMB,"Gambia, The",2002,7.53210084819613,,,2
PA.NUS.PRVT.PP,GMB,"Gambia, The",2003,8.61936574505443,,,2
PA.NUS.PRVT.PP,GMB,"Gambia, The",2004,9.58722422442603,,,2
PA.NUS.PRVT.PP,GMB,"Gambia, The",2005,9.72129482005967,,,2
PA.NUS.PRVT.PP,GMB,"Gambia, The",2006,9.6111628402056,,,2
PA.NUS.PRVT.PP,GMB,"Gambia, The",2007,9.84631597667833,,,2
PA.NUS.PRVT.PP,GMB,"Gambia, The",2008,9.90364154793013,,,2
PA.NUS.PRVT.PP,GMB,"Gambia, The",2009,10.3923464379246,,,2
PA.NUS.PRVT.PP,GMB,"Gambia, The",2010,10.7409701792904,,,2
PA.NUS.PRVT.PP,GMB,"Gambia, The",2011,10.9116315841675,,,2
PA.NUS.PRVT.PP,GMB,"Gambia, The",2012,11.0242196943624,,,2
PA.NUS.PRVT.PP,GMB,"Gambia, The",2013,11.9203212322729,,,2
PA.NUS.PRVT.PP,GMB,"Gambia, The",2014,12.7004660329373,,,2
PA.NUS.PRVT.PP,GMB,"Gambia, The",2015,13.4436960430271,,,2
PA.NUS.PRVT.PP,GMB,"Gambia, The",2016,14.0881470044671,,,2
PA.NUS.PRVT.PP,GMB,"Gambia, The",2017,14.9034624099731,,,2
PA.NUS.PRVT.PP,GMB,"Gambia, The",2018,14.9047145843506,,,2
PA.NUS.PRVT.PP,GMB,"Gambia, The",2019,15.2704362869263,,,2
PA.NUS.PRVT.PP,GMB,"Gambia, The",2020,15.2417364120483,,,2
PA.NUS.PRVT.PP,GMB,"Gambia, The",2021,15.4241504669189,,,2
PA.NUS.PRVT.PP,GMB,"Gambia, The",2022,15.925468064494,,,2
PA.NUS.PRVT.PP,GMB,"Gambia, The",2023,17.8921879297104,,,2
PA.NUS.PRVT.PP,GMB,"Gambia, The",2024,19.3888347432863,,,2
PA.NUS.PRVT.PP,GNB,Guinea-Bissau,1990,19.3930599872992,,,2
PA.NUS.PRVT.PP,GNB,Guinea-Bissau,1991,29.320821868591,,,2
PA.NUS.PRVT.PP,GNB,Guinea-Bissau,1992,48.2615603112517,,,2
PA.NUS.PRVT.PP,GNB,Guinea-Bissau,1993,69.4299771362361,,,2
PA.NUS.PRVT.PP,GNB,Guinea-Bissau,1994,77.9348071125169,,,2
PA.NUS.PRVT.PP,GNB,Guinea-Bissau,1995,110.198638382892,,,2
PA.NUS.PRVT.PP,GNB,Guinea-Bissau,1996,161.376598513244,,,2
PA.NUS.PRVT.PP,GNB,Guinea-Bissau,1997,235.117676554669,,,2
PA.NUS.PRVT.PP,GNB,Guinea-Bissau,1998,250.07753032744,,,2
PA.NUS.PRVT.PP,GNB,Guinea-Bissau,1999,239.61725917819,,,2
PA.NUS.PRVT.PP,GNB,Guinea-Bissau,2000,251.808172158962,,,2
PA.NUS.PRVT.PP,GNB,Guinea-Bissau,2001,253.086364869151,,,2
PA.NUS.PRVT.PP,GNB,Guinea-Bissau,2002,257.356763389356,,,2
PA.NUS.PRVT.PP,GNB,Guinea-Bissau,2003,242.830147706327,,,2
PA.NUS.PRVT.PP,GNB,Guinea-Bissau,2004,238.587520311072,,,2
PA.NUS.PRVT.PP,GNB,Guinea-Bissau,2005,238.44087880153,,,2
PA.NUS.PRVT.PP,GNB,Guinea-Bissau,2006,235.504526910184,,,2
PA.NUS.PRVT.PP,GNB,Guinea-Bissau,2007,239.545357285738,,,2
PA.NUS.PRVT.PP,GNB,Guinea-Bissau,2008,254.819211736741,,,2
PA.NUS.PRVT.PP,GNB,Guinea-Bissau,2009,251.505351950379,,,2
PA.NUS.PRVT.PP,GNB,Guinea-Bissau,2010,253.677462393056,,,2
PA.NUS.PRVT.PP,GNB,Guinea-Bissau,2011,258.323425292969,,,2
PA.NUS.PRVT.PP,GNB,Guinea-Bissau,2012,245.146663758383,,,2
PA.NUS.PRVT.PP,GNB,Guinea-Bissau,2013,244.455559026884,,,2
PA.NUS.PRVT.PP,GNB,Guinea-Bissau,2014,235.516358930154,,,2
PA.NUS.PRVT.PP,GNB,Guinea-Bissau,2015,233.289344610747,,,2
PA.NUS.PRVT.PP,GNB,Guinea-Bissau,2016,230.309089132343,,,2
PA.NUS.PRVT.PP,GNB,Guinea-Bissau,2017,227.334045410156,,,2
PA.NUS.PRVT.PP,GNB,Guinea-Bissau,2018,226.59375,,,2
PA.NUS.PRVT.PP,GNB,Guinea-Bissau,2019,221.51318359375,,,2
PA.NUS.PRVT.PP,GNB,Guinea-Bissau,2020,221.223159790039,,,2
PA.NUS.PRVT.PP,GNB,Guinea-Bissau,2021,217.984680175781,,,2
PA.NUS.PRVT.PP,GNB,Guinea-Bissau,2022,220.786032663134,,,2
PA.NUS.PRVT.PP,GNB,Guinea-Bissau,2023,227.117782325983,,,2
PA.NUS.PRVT.PP,GNB,Guinea-Bissau,2024,228.91803946072,,,2
PA.NUS.PRVT.PP,GNB,Guinea-Bissau,2025,224.853869936628,,,2
PA.NUS.PRVT.PP,GNQ,Equatorial Guinea,1990,160.223762353448,,,2
PA.NUS.PRVT.PP,GNQ,Equatorial Guinea,1991,148.448881444785,,,2
PA.NUS.PRVT.PP,GNQ,Equatorial Guinea,1992,137.919793251172,,,2
PA.NUS.PRVT.PP,GNQ,Equatorial Guinea,1993,141.269773963768,,,2
PA.NUS.PRVT.PP,GNQ,Equatorial Guinea,1994,181.518517169574,,,2
PA.NUS.PRVT.PP,GNQ,Equatorial Guinea,1995,211.652913895516,,,2
PA.NUS.PRVT.PP,GNQ,Equatorial Guinea,1996,214.962506401307,,,2
PA.NUS.PRVT.PP,GNQ,Equatorial Guinea,1997,216.38837281305,,,2
PA.NUS.PRVT.PP,GNQ,Equatorial Guinea,1998,229.990237675325,,,2
PA.NUS.PRVT.PP,GNQ,Equatorial Guinea,1999,225.903581718277,,,2
PA.NUS.PRVT.PP,GNQ,Equatorial Guinea,2000,229.01849652486,,,2
PA.NUS.PRVT.PP,GNQ,Equatorial Guinea,2001,242.380191351458,,,2
PA.NUS.PRVT.PP,GNQ,Equatorial Guinea,2002,256.71133234423,,,2
PA.NUS.PRVT.PP,GNQ,Equatorial Guinea,2003,269.396151217587,,,2
PA.NUS.PRVT.PP,GNQ,Equatorial Guinea,2004,273.443108694615,,,2
PA.NUS.PRVT.PP,GNQ,Equatorial Guinea,2005,279.364299002575,,,2
PA.NUS.PRVT.PP,GNQ,Equatorial Guinea,2006,282.584721487661,,,2
PA.NUS.PRVT.PP,GNQ,Equatorial Guinea,2007,282.450276298253,,,2
PA.NUS.PRVT.PP,GNQ,Equatorial Guinea,2008,289.828936482883,,,2
PA.NUS.PRVT.PP,GNQ,Equatorial Guinea,2009,304.507667889396,,,2
PA.NUS.PRVT.PP,GNQ,Equatorial Guinea,2010,322.930080432681,,,2
PA.NUS.PRVT.PP,GNQ,Equatorial Guinea,2011,328.0908203125,,,2
PA.NUS.PRVT.PP,GNQ,Equatorial Guinea,2012,315.073077578845,,,2
PA.NUS.PRVT.PP,GNQ,Equatorial Guinea,2013,318.837008975687,,,2
PA.NUS.PRVT.PP,GNQ,Equatorial Guinea,2014,319.677660247781,,,2
PA.NUS.PRVT.PP,GNQ,Equatorial Guinea,2015,314.324165460786,,,2
PA.NUS.PRVT.PP,GNQ,Equatorial Guinea,2016,311.537902676004,,,2
PA.NUS.PRVT.PP,GNQ,Equatorial Guinea,2017,302.184661865234,,,2
PA.NUS.PRVT.PP,GNQ,Equatorial Guinea,2018,298.191955566406,,,2
PA.NUS.PRVT.PP,GNQ,Equatorial Guinea,2019,297.80712890625,,,2
PA.NUS.PRVT.PP,GNQ,Equatorial Guinea,2020,302.167083740234,,,2
PA.NUS.PRVT.PP,GNQ,Equatorial Guinea,2021,287.690673828125,,,2
PA.NUS.PRVT.PP,GNQ,Equatorial Guinea,2022,279.123886469762,,,2
PA.NUS.PRVT.PP,GNQ,Equatorial Guinea,2023,275.754434580184,,,2
PA.NUS.PRVT.PP,GNQ,Equatorial Guinea,2024,275.679106178901,,,2
PA.NUS.PRVT.PP,GRC,Greece,1990,0.376236,,,2
PA.NUS.PRVT.PP,GRC,Greece,1991,0.435755,,,2
PA.NUS.PRVT.PP,GRC,Greece,1992,0.490947,,,2
PA.NUS.PRVT.PP,GRC,Greece,1993,0.546696,,,2
PA.NUS.PRVT.PP,GRC,Greece,1994,0.59434,,,2
PA.NUS.PRVT.PP,GRC,Greece,1995,0.634368,,,2
PA.NUS.PRVT.PP,GRC,Greece,1996,0.668229,,,2
PA.NUS.PRVT.PP,GRC,Greece,1997,0.695167,,,2
PA.NUS.PRVT.PP,GRC,Greece,1998,0.721645,,,2
PA.NUS.PRVT.PP,GRC,Greece,1999,0.739678,,,2
PA.NUS.PRVT.PP,GRC,Greece,2000,0.738648,,,2
PA.NUS.PRVT.PP,GRC,Greece,2001,0.723416,,,2
PA.NUS.PRVT.PP,GRC,Greece,2002,0.711752,,,2
PA.NUS.PRVT.PP,GRC,Greece,2003,0.73348,,,2
PA.NUS.PRVT.PP,GRC,Greece,2004,0.744413,,,2
PA.NUS.PRVT.PP,GRC,Greece,2005,0.758156,,,2
PA.NUS.PRVT.PP,GRC,Greece,2006,0.756836,,,2
PA.NUS.PRVT.PP,GRC,Greece,2007,0.77963,,,2
PA.NUS.PRVT.PP,GRC,Greece,2008,0.767948,,,2
PA.NUS.PRVT.PP,GRC,Greece,2009,0.770141,,,2
PA.NUS.PRVT.PP,GRC,Greece,2010,0.784294,,,2
PA.NUS.PRVT.PP,GRC,Greece,2011,0.772831,,,2
PA.NUS.PRVT.PP,GRC,Greece,2012,0.762095,,,2
PA.NUS.PRVT.PP,GRC,Greece,2013,0.719861,,,2
PA.NUS.PRVT.PP,GRC,Greece,2014,0.685952,,,2
PA.NUS.PRVT.PP,GRC,Greece,2015,0.686414,,,2
PA.NUS.PRVT.PP,GRC,Greece,2016,0.660583,,,2
PA.NUS.PRVT.PP,GRC,Greece,2017,0.651913,,,2
PA.NUS.PRVT.PP,GRC,Greece,2018,0.640762,,,2
PA.NUS.PRVT.PP,GRC,Greece,2019,0.618484,,,2
PA.NUS.PRVT.PP,GRC,Greece,2020,0.62025,,,2
PA.NUS.PRVT.PP,GRC,Greece,2021,0.604569,,,2
PA.NUS.PRVT.PP,GRC,Greece,2022,0.579805,,,2
PA.NUS.PRVT.PP,GRC,Greece,2023,0.552885,,,2
PA.NUS.PRVT.PP,GRC,Greece,2024,0.557795,,,2
PA.NUS.PRVT.PP,GRC,Greece,2025,0.580055,,,2
PA.NUS.PRVT.PP,GRD,Grenada,1990,2.07672562588097,,,2
PA.NUS.PRVT.PP,GRD,Grenada,1991,2.04504007782547,,,2
PA.NUS.PRVT.PP,GRD,Grenada,1992,2.05991741073006,,,2
PA.NUS.PRVT.PP,GRD,Grenada,1993,2.0570550260081,,,2
PA.NUS.PRVT.PP,GRD,Grenada,1994,2.08037496701821,,,2
PA.NUS.PRVT.PP,GRD,Grenada,1995,2.06142199095867,,,2
PA.NUS.PRVT.PP,GRD,Grenada,1996,2.04342050850704,,,2
PA.NUS.PRVT.PP,GRD,Grenada,1997,2.02159287226881,,,2
PA.NUS.PRVT.PP,GRD,Grenada,1998,2.01811740720197,,,2
PA.NUS.PRVT.PP,GRD,Grenada,1999,1.9863095810428,,,2
PA.NUS.PRVT.PP,GRD,Grenada,2000,1.96334779195184,,,2
PA.NUS.PRVT.PP,GRD,Grenada,2001,1.96935895565291,,,2
PA.NUS.PRVT.PP,GRD,Grenada,2002,1.95930112380103,,,2
PA.NUS.PRVT.PP,GRD,Grenada,2003,1.95709474483708,,,2
PA.NUS.PRVT.PP,GRD,Grenada,2004,1.9501505709784,,,2
PA.NUS.PRVT.PP,GRD,Grenada,2005,1.95171721555353,,,2
PA.NUS.PRVT.PP,GRD,Grenada,2006,1.97111621140152,,,2
PA.NUS.PRVT.PP,GRD,Grenada,2007,1.99039866483587,,,2
PA.NUS.PRVT.PP,GRD,Grenada,2008,2.07079300834752,,,2
PA.NUS.PRVT.PP,GRD,Grenada,2009,2.07176749874011,,,2
PA.NUS.PRVT.PP,GRD,Grenada,2010,2.10838553777218,,,2
PA.NUS.PRVT.PP,GRD,Grenada,2011,2.10586404800415,,,2
PA.NUS.PRVT.PP,GRD,Grenada,2012,1.98232842869713,,,2
PA.NUS.PRVT.PP,GRD,Grenada,2013,1.97418641628893,,,2
PA.NUS.PRVT.PP,GRD,Grenada,2014,1.91430144123685,,,2
PA.NUS.PRVT.PP,GRD,Grenada,2015,1.88138287624715,,,2
PA.NUS.PRVT.PP,GRD,Grenada,2016,1.85771420839304,,,2
PA.NUS.PRVT.PP,GRD,Grenada,2017,1.8392618894577,,,2
PA.NUS.PRVT.PP,GRD,Grenada,2018,1.8275945186615,,,2
PA.NUS.PRVT.PP,GRD,Grenada,2019,1.86021256446838,,,2
PA.NUS.PRVT.PP,GRD,Grenada,2020,1.85365915298462,,,2
PA.NUS.PRVT.PP,GRD,Grenada,2021,1.8508665561676,,,2
PA.NUS.PRVT.PP,GRD,Grenada,2022,1.75794414352018,,,2
PA.NUS.PRVT.PP,GRD,Grenada,2023,1.73396462324707,,,2
PA.NUS.PRVT.PP,GRD,Grenada,2024,1.70258011372832,,,2
PA.NUS.PRVT.PP,GRD,Grenada,2025,1.66796585492047,,,2
PA.NUS.PRVT.PP,GRL,Greenland,2017,5.79670476913452,,,2
PA.NUS.PRVT.PP,GRL,Greenland,2021,5.48598432540894,,,2
PA.NUS.PRVT.PP,GTM,Guatemala,1990,1.15204686272968,,,2
PA.NUS.PRVT.PP,GTM,Guatemala,1991,1.47180900491628,,,2
PA.NUS.PRVT.PP,GTM,Guatemala,1992,1.57205113647135,,,2
PA.NUS.PRVT.PP,GTM,Guatemala,1993,1.70746422348783,,,2
PA.NUS.PRVT.PP,GTM,Guatemala,1994,1.84471508020129,,,2
PA.NUS.PRVT.PP,GTM,Guatemala,1995,1.94530764291687,,,2
PA.NUS.PRVT.PP,GTM,Guatemala,1996,2.09887633403404,,,2
PA.NUS.PRVT.PP,GTM,Guatemala,1997,2.24029245762365,,,2
PA.NUS.PRVT.PP,GTM,Guatemala,1998,2.3519445749389,,,2
PA.NUS.PRVT.PP,GTM,Guatemala,1999,2.42158095635329,,,2
PA.NUS.PRVT.PP,GTM,Guatemala,2000,2.48250227254302,,,2
PA.NUS.PRVT.PP,GTM,Guatemala,2001,2.59017157100995,,,2
PA.NUS.PRVT.PP,GTM,Guatemala,2002,2.75709229946364,,,2
PA.NUS.PRVT.PP,GTM,Guatemala,2003,2.84695670451691,,,2
PA.NUS.PRVT.PP,GTM,Guatemala,2004,2.98285861965629,,,2
PA.NUS.PRVT.PP,GTM,Guatemala,2005,3.14776119829691,,,2
PA.NUS.PRVT.PP,GTM,Guatemala,2006,3.24945555801385,,,2
PA.NUS.PRVT.PP,GTM,Guatemala,2007,3.37484763831004,,,2
PA.NUS.PRVT.PP,GTM,Guatemala,2008,3.61914468033466,,,2
PA.NUS.PRVT.PP,GTM,Guatemala,2009,3.6995820170085,,,2
PA.NUS.PRVT.PP,GTM,Guatemala,2010,3.78036804336182,,,2
PA.NUS.PRVT.PP,GTM,Guatemala,2011,3.89240765571594,,,2
PA.NUS.PRVT.PP,GTM,Guatemala,2012,3.74762158156708,,,2
PA.NUS.PRVT.PP,GTM,Guatemala,2013,3.81422943914186,,,2
PA.NUS.PRVT.PP,GTM,Guatemala,2014,3.78362009194533,,,2
PA.NUS.PRVT.PP,GTM,Guatemala,2015,3.71640672877349,,,2
PA.NUS.PRVT.PP,GTM,Guatemala,2016,3.69724609815888,,,2
PA.NUS.PRVT.PP,GTM,Guatemala,2017,3.71546779665683,,,2
PA.NUS.PRVT.PP,GTM,Guatemala,2018,3.67736607832962,,,2
PA.NUS.PRVT.PP,GTM,Guatemala,2019,3.59072912609955,,,2
PA.NUS.PRVT.PP,GTM,Guatemala,2020,3.52653023123781,,,2
PA.NUS.PRVT.PP,GTM,Guatemala,2021,3.44300127029419,,,2
PA.NUS.PRVT.PP,GTM,Guatemala,2022,3.40737122458725,,,2
PA.NUS.PRVT.PP,GTM,Guatemala,2023,3.47577754153445,,,2
PA.NUS.PRVT.PP,GTM,Guatemala,2024,3.47309016815513,,,2
PA.NUS.PRVT.PP,GTM,Guatemala,2025,3.43217668006576,,,2
PA.NUS.PRVT.PP,GUM,Guam,2011,1.0848152473971,,,2
PA.NUS.PRVT.PP,GUM,Guam,2012,1.09683217831066,,,2
PA.NUS.PRVT.PP,GUM,Guam,2013,1.08099737574428,,,2
PA.NUS.PRVT.PP,GUM,Guam,2014,1.07225105181223,,,2
PA.NUS.PRVT.PP,GUM,Guam,2015,1.06134175302588,,,2
PA.NUS.PRVT.PP,GUM,Guam,2016,1.11100599318306,,,2
PA.NUS.PRVT.PP,GUM,Guam,2017,1.11502978208075,,,2
PA.NUS.PRVT.PP,GUM,Guam,2018,1.11674317417292,,,2
PA.NUS.PRVT.PP,GUM,Guam,2019,1.11660924604983,,,2
PA.NUS.PRVT.PP,GUM,Guam,2020,1.12175382310587,,,2
PA.NUS.PRVT.PP,GUM,Guam,2021,1.11213398346611,,,2
PA.NUS.PRVT.PP,GUY,Guyana,1994,66.3528261915725,,,2
PA.NUS.PRVT.PP,GUY,Guyana,1995,72.423084036363,,,2
PA.NUS.PRVT.PP,GUY,Guyana,1996,75.3525559653198,,,2
PA.NUS.PRVT.PP,GUY,Guyana,1997,76.2493710013868,,,2
PA.NUS.PRVT.PP,GUY,Guyana,1998,78.5275557687534,,,2
PA.NUS.PRVT.PP,GUY,Guyana,1999,82.6389720276285,,,2
PA.NUS.PRVT.PP,GUY,Guyana,2000,84.8546447877009,,,2
PA.NUS.PRVT.PP,GUY,Guyana,2001,84.6906248953104,,,2
PA.NUS.PRVT.PP,GUY,Guyana,2002,87.8210937342407,,,2
PA.NUS.PRVT.PP,GUY,Guyana,2003,91.0076930872331,,,2
PA.NUS.PRVT.PP,GUY,Guyana,2004,92.7726140358694,,,2
PA.NUS.PRVT.PP,GUY,Guyana,2005,95.9425340517098,,,2
PA.NUS.PRVT.PP,GUY,Guyana,2006,99.1502373160078,,,2
PA.NUS.PRVT.PP,GUY,Guyana,2007,108.161233652748,,,2
PA.NUS.PRVT.PP,GUY,Guyana,2008,112.601592598657,,,2
PA.NUS.PRVT.PP,GUY,Guyana,2009,116.339571504927,,,2
PA.NUS.PRVT.PP,GUY,Guyana,2010,119.384853446613,,,2
PA.NUS.PRVT.PP,GUY,Guyana,2011,120.83203125,,,2
PA.NUS.PRVT.PP,GUY,Guyana,2012,118.763510384195,,,2
PA.NUS.PRVT.PP,GUY,Guyana,2013,120.36379999865,,,2
PA.NUS.PRVT.PP,GUY,Guyana,2014,120.385373742899,,,2
PA.NUS.PRVT.PP,GUY,Guyana,2015,117.667282824804,,,2
PA.NUS.PRVT.PP,GUY,Guyana,2016,116.696629624659,,,2
PA.NUS.PRVT.PP,GUY,Guyana,2017,115.928276062012,,,2
PA.NUS.PRVT.PP,GUY,Guyana,2018,113.156318664551,,,2
PA.NUS.PRVT.PP,GUY,Guyana,2019,109.326095581055,,,2
PA.NUS.PRVT.PP,GUY,Guyana,2020,103.38362121582,,,2
PA.NUS.PRVT.PP,GUY,Guyana,2021,99.4597091674805,,,2
PA.NUS.PRVT.PP,GUY,Guyana,2022,98.4749554241936,,,2
PA.NUS.PRVT.PP,GUY,Guyana,2023,97.2503646994517,,,2
PA.NUS.PRVT.PP,GUY,Guyana,2024,97.207166076581,,,2
PA.NUS.PRVT.PP,GUY,Guyana,2025,97.8050035061521,,,2
PA.NUS.PRVT.PP,HKG,"Hong Kong SAR, China",1990,5.26220374166127,,,2
PA.NUS.PRVT.PP,HKG,"Hong Kong SAR, China",1991,5.61174698006085,,,2
PA.NUS.PRVT.PP,HKG,"Hong Kong SAR, China",1992,5.97252440453869,,,2
PA.NUS.PRVT.PP,HKG,"Hong Kong SAR, China",1993,6.31196717347046,,,2
PA.NUS.PRVT.PP,HKG,"Hong Kong SAR, China",1994,6.68908431904634,,,2
PA.NUS.PRVT.PP,HKG,"Hong Kong SAR, China",1995,7.09717250998755,,,2
PA.NUS.PRVT.PP,HKG,"Hong Kong SAR, China",1996,7.32776935202642,,,2
PA.NUS.PRVT.PP,HKG,"Hong Kong SAR, China",1997,7.57401107203198,,,2
PA.NUS.PRVT.PP,HKG,"Hong Kong SAR, China",1998,7.67546864082384,,,2
PA.NUS.PRVT.PP,HKG,"Hong Kong SAR, China",1999,7.20996969652223,,,2
PA.NUS.PRVT.PP,HKG,"Hong Kong SAR, China",2000,6.71740869370355,,,2
PA.NUS.PRVT.PP,HKG,"Hong Kong SAR, China",2001,6.42445694367862,,,2
PA.NUS.PRVT.PP,HKG,"Hong Kong SAR, China",2002,6.13549557684406,,,2
PA.NUS.PRVT.PP,HKG,"Hong Kong SAR, China",2003,5.8388963993107,,,2
PA.NUS.PRVT.PP,HKG,"Hong Kong SAR, China",2004,5.67102861614948,,,2
PA.NUS.PRVT.PP,HKG,"Hong Kong SAR, China",2005,5.53026860751281,,,2
PA.NUS.PRVT.PP,HKG,"Hong Kong SAR, China",2006,5.46460286043561,,,2
PA.NUS.PRVT.PP,HKG,"Hong Kong SAR, China",2007,5.4211610421664,,,2
PA.NUS.PRVT.PP,HKG,"Hong Kong SAR, China",2008,5.44538808583631,,,2
PA.NUS.PRVT.PP,HKG,"Hong Kong SAR, China",2009,5.49648346152747,,,2
PA.NUS.PRVT.PP,HKG,"Hong Kong SAR, China",2010,5.53178810185846,,,2
PA.NUS.PRVT.PP,HKG,"Hong Kong SAR, China",2011,5.64699649810791,,,2
PA.NUS.PRVT.PP,HKG,"Hong Kong SAR, China",2012,5.74455792853594,,,2
PA.NUS.PRVT.PP,HKG,"Hong Kong SAR, China",2013,6.09589928266164,,,2
PA.NUS.PRVT.PP,HKG,"Hong Kong SAR, China",2014,6.31362795256376,,,2
PA.NUS.PRVT.PP,HKG,"Hong Kong SAR, China",2015,6.32683671157611,,,2
PA.NUS.PRVT.PP,HKG,"Hong Kong SAR, China",2016,6.45557580328873,,,2
PA.NUS.PRVT.PP,HKG,"Hong Kong SAR, China",2017,6.43576574325562,,,2
PA.NUS.PRVT.PP,HKG,"Hong Kong SAR, China",2018,6.50768184661865,,,2
PA.NUS.PRVT.PP,HKG,"Hong Kong SAR, China",2019,6.49642324447632,,,2
PA.NUS.PRVT.PP,HKG,"Hong Kong SAR, China",2020,6.55228757858276,,,2
PA.NUS.PRVT.PP,HKG,"Hong Kong SAR, China",2021,6.38834095001221,,,2
PA.NUS.PRVT.PP,HKG,"Hong Kong SAR, China",2022,6.02625960059061,,,2
PA.NUS.PRVT.PP,HKG,"Hong Kong SAR, China",2023,5.90935732371966,,,2
PA.NUS.PRVT.PP,HKG,"Hong Kong SAR, China",2024,5.83933992666934,,,2
PA.NUS.PRVT.PP,HKG,"Hong Kong SAR, China",2025,5.76759042860516,,,2
PA.NUS.PRVT.PP,HND,Honduras,1990,1.49251980224854,,,2
PA.NUS.PRVT.PP,HND,Honduras,1991,1.91832225747686,,,2
PA.NUS.PRVT.PP,HND,Honduras,1992,2.02503058047918,,,2
PA.NUS.PRVT.PP,HND,Honduras,1993,2.17839520951629,,,2
PA.NUS.PRVT.PP,HND,Honduras,1994,2.58436056873221,,,2
PA.NUS.PRVT.PP,HND,Honduras,1995,3.25452709983965,,,2
PA.NUS.PRVT.PP,HND,Honduras,1996,3.91556276957907,,,2
PA.NUS.PRVT.PP,HND,Honduras,1997,4.59899108006551,,,2
PA.NUS.PRVT.PP,HND,Honduras,1998,5.14767977895775,,,2
PA.NUS.PRVT.PP,HND,Honduras,1999,5.62501495770208,,,2
PA.NUS.PRVT.PP,HND,Honduras,2000,6.04242452340622,,,2
PA.NUS.PRVT.PP,HND,Honduras,2001,6.44483597882752,,,2
PA.NUS.PRVT.PP,HND,Honduras,2002,6.83211717705142,,,2
PA.NUS.PRVT.PP,HND,Honduras,2003,7.19313423867068,,,2
PA.NUS.PRVT.PP,HND,Honduras,2004,7.57399630679613,,,2
PA.NUS.PRVT.PP,HND,Honduras,2005,7.97076631965614,,,2
PA.NUS.PRVT.PP,HND,Honduras,2006,8.15236516060089,,,2
PA.NUS.PRVT.PP,HND,Honduras,2007,8.47603713317842,,,2
PA.NUS.PRVT.PP,HND,Honduras,2008,9.0934877325365,,,2
PA.NUS.PRVT.PP,HND,Honduras,2009,9.62752729897792,,,2
PA.NUS.PRVT.PP,HND,Honduras,2010,9.9172667952924,,,2
PA.NUS.PRVT.PP,HND,Honduras,2011,10.2638854980469,,,2
PA.NUS.PRVT.PP,HND,Honduras,2012,10.0002334193429,,,2
PA.NUS.PRVT.PP,HND,Honduras,2013,10.3205812136852,,,2
PA.NUS.PRVT.PP,HND,Honduras,2014,10.5900641637383,,,2
PA.NUS.PRVT.PP,HND,Honduras,2015,10.6151094252525,,,2
PA.NUS.PRVT.PP,HND,Honduras,2016,10.4920375883391,,,2
PA.NUS.PRVT.PP,HND,Honduras,2017,10.6761455535889,,,2
PA.NUS.PRVT.PP,HND,Honduras,2018,11.1490173339844,,,2
PA.NUS.PRVT.PP,HND,Honduras,2019,11.4324159622192,,,2
PA.NUS.PRVT.PP,HND,Honduras,2020,11.5857067108154,,,2
PA.NUS.PRVT.PP,HND,Honduras,2021,11.7821350097656,,,2
PA.NUS.PRVT.PP,HND,Honduras,2022,11.9006994111116,,,2
PA.NUS.PRVT.PP,HND,Honduras,2023,12.1918165547305,,,2
PA.NUS.PRVT.PP,HND,Honduras,2024,12.3880098740755,,,2
PA.NUS.PRVT.PP,HND,Honduras,2025,12.6170007962755,,,2
PA.NUS.PRVT.PP,HRV,Croatia,1990,0.00105565333477887,,,2
PA.NUS.PRVT.PP,HRV,Croatia,1991,0.0022505848424399,,,2
PA.NUS.PRVT.PP,HRV,Croatia,1992,0.0158370639969097,,,2
PA.NUS.PRVT.PP,HRV,Croatia,1993,0.246128164827197,,,2
PA.NUS.PRVT.PP,HRV,Croatia,1994,0.497324146468705,,,2
PA.NUS.PRVT.PP,HRV,Croatia,1995,0.502861589193854,,,2
PA.NUS.PRVT.PP,HRV,Croatia,1996,0.510875226174339,,,2
PA.NUS.PRVT.PP,HRV,Croatia,1997,0.525363630212541,,,2
PA.NUS.PRVT.PP,HRV,Croatia,1998,0.549847314065155,,,2
PA.NUS.PRVT.PP,HRV,Croatia,1999,0.559759446119705,,,2
PA.NUS.PRVT.PP,HRV,Croatia,2000,0.56851175374413,,,2
PA.NUS.PRVT.PP,HRV,Croatia,2001,0.583737671443804,,,2
PA.NUS.PRVT.PP,HRV,Croatia,2002,0.58193407778315,,,2
PA.NUS.PRVT.PP,HRV,Croatia,2003,0.587265113808172,,,2
PA.NUS.PRVT.PP,HRV,Croatia,2004,0.59431183747022,,,2
PA.NUS.PRVT.PP,HRV,Croatia,2005,0.615205347243722,,,2
PA.NUS.PRVT.PP,HRV,Croatia,2006,0.607059083463084,,,2
PA.NUS.PRVT.PP,HRV,Croatia,2007,0.604682040735743,,,2
PA.NUS.PRVT.PP,HRV,Croatia,2008,0.594618073851467,,,2
PA.NUS.PRVT.PP,HRV,Croatia,2009,0.589655419957976,,,2
PA.NUS.PRVT.PP,HRV,Croatia,2010,0.581506134089424,,,2
PA.NUS.PRVT.PP,HRV,Croatia,2011,0.569490857090697,,,2
PA.NUS.PRVT.PP,HRV,Croatia,2012,0.561980321976412,,,2
PA.NUS.PRVT.PP,HRV,Croatia,2013,0.548580134864361,,,2
PA.NUS.PRVT.PP,HRV,Croatia,2014,0.536370941680988,,,2
PA.NUS.PRVT.PP,HRV,Croatia,2015,0.53323656913264,,,2
PA.NUS.PRVT.PP,HRV,Croatia,2016,0.516333048124294,,,2
PA.NUS.PRVT.PP,HRV,Croatia,2017,0.514440155881937,,,2
PA.NUS.PRVT.PP,HRV,Croatia,2018,0.513157330276534,,,2
PA.NUS.PRVT.PP,HRV,Croatia,2019,0.49939050935045,,,2
PA.NUS.PRVT.PP,HRV,Croatia,2020,0.496315034241142,,,2
PA.NUS.PRVT.PP,HRV,Croatia,2021,0.480586001714985,,,2
PA.NUS.PRVT.PP,HRV,Croatia,2022,0.485351337027593,,,2
PA.NUS.PRVT.PP,HRV,Croatia,2023,0.482556929236252,,,2
PA.NUS.PRVT.PP,HRV,Croatia,2024,0.494044331146126,,,2
PA.NUS.PRVT.PP,HRV,Croatia,2025,0.520776807666999,,,2
PA.NUS.PRVT.PP,HTI,Haiti,1990,1.98746067320573,,,2
PA.NUS.PRVT.PP,HTI,Haiti,1991,2.20072534274488,,,2
PA.NUS.PRVT.PP,HTI,Haiti,1992,2.54953191619368,,,2
PA.NUS.PRVT.PP,HTI,Haiti,1993,3.21208539834134,,,2
PA.NUS.PRVT.PP,HTI,Haiti,1994,4.36172127185317,,,2
PA.NUS.PRVT.PP,HTI,Haiti,1995,5.41402717305058,,,2
PA.NUS.PRVT.PP,HTI,Haiti,1996,6.34251655369188,,,2
PA.NUS.PRVT.PP,HTI,Haiti,1997,7.47180730986204,,,2
PA.NUS.PRVT.PP,HTI,Haiti,1998,7.74527126038431,,,2
PA.NUS.PRVT.PP,HTI,Haiti,1999,7.8071472372479,,,2
PA.NUS.PRVT.PP,HTI,Haiti,2000,8.25697921581123,,,2
PA.NUS.PRVT.PP,HTI,Haiti,2001,9.09937431472345,,,2
PA.NUS.PRVT.PP,HTI,Haiti,2002,9.58726479890284,,,2
PA.NUS.PRVT.PP,HTI,Haiti,2003,12.0648849704209,,,2
PA.NUS.PRVT.PP,HTI,Haiti,2004,14.2216055001731,,,2
PA.NUS.PRVT.PP,HTI,Haiti,2005,15.6769136282638,,,2
PA.NUS.PRVT.PP,HTI,Haiti,2006,16.9099865077613,,,2
PA.NUS.PRVT.PP,HTI,Haiti,2007,17.5190516656884,,,2
PA.NUS.PRVT.PP,HTI,Haiti,2008,19.4495845736266,,,2
PA.NUS.PRVT.PP,HTI,Haiti,2009,19.5958661425527,,,2
PA.NUS.PRVT.PP,HTI,Haiti,2010,20.210366804211,,,2
PA.NUS.PRVT.PP,HTI,Haiti,2011,20.8325958251953,,,2
PA.NUS.PRVT.PP,HTI,Haiti,2012,20.9357144666654,,,2
PA.NUS.PRVT.PP,HTI,Haiti,2013,22.0962459861629,,,2
PA.NUS.PRVT.PP,HTI,Haiti,2014,22.6967835000193,,,2
PA.NUS.PRVT.PP,HTI,Haiti,2015,24.4310105626561,,,2
PA.NUS.PRVT.PP,HTI,Haiti,2016,27.21139654911,,,2
PA.NUS.PRVT.PP,HTI,Haiti,2017,31.1023082733154,,,2
PA.NUS.PRVT.PP,HTI,Haiti,2018,34.3004989624023,,,2
PA.NUS.PRVT.PP,HTI,Haiti,2019,39.7508163452148,,,2
PA.NUS.PRVT.PP,HTI,Haiti,2020,47.3250160217285,,,2
PA.NUS.PRVT.PP,HTI,Haiti,2021,53.0312347412109,,,2
PA.NUS.PRVT.PP,HTI,Haiti,2022,65.7884180636347,,,2
PA.NUS.PRVT.PP,HTI,Haiti,2023,86.4489180601438,,,2
PA.NUS.PRVT.PP,HTI,Haiti,2024,106.601837682046,,,2
PA.NUS.PRVT.PP,HTI,Haiti,2025,133.532589656197,,,2
PA.NUS.PRVT.PP,HUN,Hungary,1990,24.6038344183005,,,2
PA.NUS.PRVT.PP,HUN,Hungary,1991,31.822609,,,2
PA.NUS.PRVT.PP,HUN,Hungary,1992,37.718265,,,2
PA.NUS.PRVT.PP,HUN,Hungary,1993,44.004032,,,2
PA.NUS.PRVT.PP,HUN,Hungary,1994,51.330664,,,2
PA.NUS.PRVT.PP,HUN,Hungary,1995,64.752607,,,2
PA.NUS.PRVT.PP,HUN,Hungary,1996,78.027671,,,2
PA.NUS.PRVT.PP,HUN,Hungary,1997,90.444345,,,2
PA.NUS.PRVT.PP,HUN,Hungary,1998,101.34289,,,2
PA.NUS.PRVT.PP,HUN,Hungary,1999,108.642534,,,2
PA.NUS.PRVT.PP,HUN,Hungary,2000,114.51336,,,2
PA.NUS.PRVT.PP,HUN,Hungary,2001,120.901748,,,2
PA.NUS.PRVT.PP,HUN,Hungary,2002,124.767868,,,2
PA.NUS.PRVT.PP,HUN,Hungary,2003,128.886953,,,2
PA.NUS.PRVT.PP,HUN,Hungary,2004,135.003267,,,2
PA.NUS.PRVT.PP,HUN,Hungary,2005,137.565596,,,2
PA.NUS.PRVT.PP,HUN,Hungary,2006,139.784845,,,2
PA.NUS.PRVT.PP,HUN,Hungary,2007,147.030042,,,2
PA.NUS.PRVT.PP,HUN,Hungary,2008,146.112756,,,2
PA.NUS.PRVT.PP,HUN,Hungary,2009,144.119317,,,2
PA.NUS.PRVT.PP,HUN,Hungary,2010,143.099033,,,2
PA.NUS.PRVT.PP,HUN,Hungary,2011,139.569898,,,2
PA.NUS.PRVT.PP,HUN,Hungary,2012,143.445415,,,2
PA.NUS.PRVT.PP,HUN,Hungary,2013,141.230177,,,2
PA.NUS.PRVT.PP,HUN,Hungary,2014,143.846513,,,2
PA.NUS.PRVT.PP,HUN,Hungary,2015,148.043824,,,2
PA.NUS.PRVT.PP,HUN,Hungary,2016,146.435392,,,2
PA.NUS.PRVT.PP,HUN,Hungary,2017,152.876785,,,2
PA.NUS.PRVT.PP,HUN,Hungary,2018,155.203931,,,2
PA.NUS.PRVT.PP,HUN,Hungary,2019,156.021098,,,2
PA.NUS.PRVT.PP,HUN,Hungary,2020,163.327222,,,2
PA.NUS.PRVT.PP,HUN,Hungary,2021,169.344552,,,2
PA.NUS.PRVT.PP,HUN,Hungary,2022,175.912585,,,2
PA.NUS.PRVT.PP,HUN,Hungary,2023,182.532916,,,2
PA.NUS.PRVT.PP,HUN,Hungary,2024,189.314181,,,2
PA.NUS.PRVT.PP,HUN,Hungary,2025,204.540733,,,2
PA.NUS.PRVT.PP,IDN,Indonesia,1990,804.725732244808,,,2
PA.NUS.PRVT.PP,IDN,Indonesia,1991,844.748596275591,,,2
PA.NUS.PRVT.PP,IDN,Indonesia,1992,881.601230370328,,,2
PA.NUS.PRVT.PP,IDN,Indonesia,1993,939.148474429949,,,2
PA.NUS.PRVT.PP,IDN,Indonesia,1994,993.374935005271,,,2
PA.NUS.PRVT.PP,IDN,Indonesia,1995,1057.29237540085,,,2
PA.NUS.PRVT.PP,IDN,Indonesia,1996,1109.08375743575,,,2
PA.NUS.PRVT.PP,IDN,Indonesia,1997,1151.22492377867,,,2
PA.NUS.PRVT.PP,IDN,Indonesia,1998,1796.24514212256,,,2
PA.NUS.PRVT.PP,IDN,Indonesia,1999,2117.74047503487,,,2
PA.NUS.PRVT.PP,IDN,Indonesia,2000,2124.12713981598,,,2
PA.NUS.PRVT.PP,IDN,Indonesia,2001,2303.30877857436,,,2
PA.NUS.PRVT.PP,IDN,Indonesia,2002,2537.16504789838,,,2
PA.NUS.PRVT.PP,IDN,Indonesia,2003,2648.48607125877,,,2
PA.NUS.PRVT.PP,IDN,Indonesia,2004,2735.84681110952,,,2
PA.NUS.PRVT.PP,IDN,Indonesia,2005,2922.67150964591,,,2
PA.NUS.PRVT.PP,IDN,Indonesia,2006,3202.48454071081,,,2
PA.NUS.PRVT.PP,IDN,Indonesia,2007,3313.14061196226,,,2
PA.NUS.PRVT.PP,IDN,Indonesia,2008,3516.94538653276,,,2
PA.NUS.PRVT.PP,IDN,Indonesia,2009,3684.31257612095,,,2
PA.NUS.PRVT.PP,IDN,Indonesia,2010,3810.9712045067,,,2
PA.NUS.PRVT.PP,IDN,Indonesia,2011,3892.21752929688,,,2
PA.NUS.PRVT.PP,IDN,Indonesia,2012,3847.29875927022,,,2
PA.NUS.PRVT.PP,IDN,Indonesia,2013,4194.26106700669,,,2
PA.NUS.PRVT.PP,IDN,Indonesia,2014,4461.35135274366,,,2
PA.NUS.PRVT.PP,IDN,Indonesia,2015,4790.19112767783,,,2
PA.NUS.PRVT.PP,IDN,Indonesia,2016,4967.47219086789,,,2
PA.NUS.PRVT.PP,IDN,Indonesia,2017,5202.2919921875,,,2
PA.NUS.PRVT.PP,IDN,Indonesia,2018,5315.3505859375,,,2
PA.NUS.PRVT.PP,IDN,Indonesia,2019,5391.80322265625,,,2
PA.NUS.PRVT.PP,IDN,Indonesia,2020,5386.4296875,,,2
PA.NUS.PRVT.PP,IDN,Indonesia,2021,5353.5595703125,,,2
PA.NUS.PRVT.PP,IDN,Indonesia,2022,5165.52883492324,,,2
PA.NUS.PRVT.PP,IDN,Indonesia,2023,5143.35419232521,,,2
PA.NUS.PRVT.PP,IDN,Indonesia,2024,5104.98431987765,,,2
PA.NUS.PRVT.PP,IDN,Indonesia,2025,5065.96899445832,,,2
PA.NUS.PRVT.PP,IND,India,1990,5.54399136981514,,,2
PA.NUS.PRVT.PP,IND,India,1991,6.05646740858304,,,2
PA.NUS.PRVT.PP,IND,India,1992,6.57135811810113,,,2
PA.NUS.PRVT.PP,IND,India,1993,6.78679776089063,,,2
PA.NUS.PRVT.PP,IND,India,1994,7.29216546637736,,,2
PA.NUS.PRVT.PP,IND,India,1995,7.81844100100817,,,2
PA.NUS.PRVT.PP,IND,India,1996,8.27767869459302,,,2
PA.NUS.PRVT.PP,IND,India,1997,8.66807964001014,,,2
PA.NUS.PRVT.PP,IND,India,1998,9.66491287705811,,,2
PA.NUS.PRVT.PP,IND,India,1999,9.899640129892,,,2
PA.NUS.PRVT.PP,IND,India,2000,9.96021752646579,,,2
PA.NUS.PRVT.PP,IND,India,2001,10.0525413228383,,,2
PA.NUS.PRVT.PP,IND,India,2002,10.3208227936704,,,2
PA.NUS.PRVT.PP,IND,India,2003,10.4758079662894,,,2
PA.NUS.PRVT.PP,IND,India,2004,10.5870184801755,,,2
PA.NUS.PRVT.PP,IND,India,2005,10.6744234975041,,,2
PA.NUS.PRVT.PP,IND,India,2006,10.9402428324917,,,2
PA.NUS.PRVT.PP,IND,India,2007,11.3146807442951,,,2
PA.NUS.PRVT.PP,IND,India,2008,11.8061246874863,,,2
PA.NUS.PRVT.PP,IND,India,2009,13.1376191590547,,,2
PA.NUS.PRVT.PP,IND,India,2010,14.4753377192655,,,2
PA.NUS.PRVT.PP,IND,India,2011,15.2828931808472,,,2
PA.NUS.PRVT.PP,IND,India,2012,15.5332248087519,,,2
PA.NUS.PRVT.PP,IND,India,2013,17.1338117397907,,,2
PA.NUS.PRVT.PP,IND,India,2014,18.0976968723682,,,2
PA.NUS.PRVT.PP,IND,India,2015,18.8498361710414,,,2
PA.NUS.PRVT.PP,IND,India,2016,19.4344336553737,,,2
PA.NUS.PRVT.PP,IND,India,2017,20.1501045227051,,,2
PA.NUS.PRVT.PP,IND,India,2018,19.8211498260498,,,2
PA.NUS.PRVT.PP,IND,India,2019,19.5281276702881,,,2
PA.NUS.PRVT.PP,IND,India,2020,19.7747478485107,,,2
PA.NUS.PRVT.PP,IND,India,2021,19.4689502716064,,,2
PA.NUS.PRVT.PP,IND,India,2022,19.233929057096,,,2
PA.NUS.PRVT.PP,IND,India,2023,19.5170917128505,,,2
PA.NUS.PRVT.PP,IND,India,2024,19.8969156536629,,,2
PA.NUS.PRVT.PP,IND,India,2025,19.8389160640448,,,2
PA.NUS.PRVT.PP,IRL,Ireland,1990,0.878596,,,2
PA.NUS.PRVT.PP,IRL,Ireland,1991,0.872951,,,2
PA.NUS.PRVT.PP,IRL,Ireland,1992,0.875448,,,2
PA.NUS.PRVT.PP,IRL,Ireland,1993,0.872636,,,2
PA.NUS.PRVT.PP,IRL,Ireland,1994,0.87785,,,2
PA.NUS.PRVT.PP,IRL,Ireland,1995,0.883059,,,2
PA.NUS.PRVT.PP,IRL,Ireland,1996,0.890955,,,2
PA.NUS.PRVT.PP,IRL,Ireland,1997,0.92573,,,2
PA.NUS.PRVT.PP,IRL,Ireland,1998,0.935931,,,2
PA.NUS.PRVT.PP,IRL,Ireland,1999,0.972795,,,2
PA.NUS.PRVT.PP,IRL,Ireland,2000,1.005388,,,2
PA.NUS.PRVT.PP,IRL,Ireland,2001,1.031625,,,2
PA.NUS.PRVT.PP,IRL,Ireland,2002,1.073151,,,2
PA.NUS.PRVT.PP,IRL,Ireland,2003,1.079212,,,2
PA.NUS.PRVT.PP,IRL,Ireland,2004,1.067317,,,2
PA.NUS.PRVT.PP,IRL,Ireland,2005,1.067913,,,2
PA.NUS.PRVT.PP,IRL,Ireland,2006,1.063372,,,2
PA.NUS.PRVT.PP,IRL,Ireland,2007,1.065939,,,2
PA.NUS.PRVT.PP,IRL,Ireland,2008,1.072354,,,2
PA.NUS.PRVT.PP,IRL,Ireland,2009,1.016794,,,2
PA.NUS.PRVT.PP,IRL,Ireland,2010,0.966348,,,2
PA.NUS.PRVT.PP,IRL,Ireland,2011,0.959425,,,2
PA.NUS.PRVT.PP,IRL,Ireland,2012,0.96529,,,2
PA.NUS.PRVT.PP,IRL,Ireland,2013,0.966301,,,2
PA.NUS.PRVT.PP,IRL,Ireland,2014,0.989511,,,2
PA.NUS.PRVT.PP,IRL,Ireland,2015,0.999033,,,2
PA.NUS.PRVT.PP,IRL,Ireland,2016,0.974604,,,2
PA.NUS.PRVT.PP,IRL,Ireland,2017,0.986703,,,2
PA.NUS.PRVT.PP,IRL,Ireland,2018,0.989876,,,2
PA.NUS.PRVT.PP,IRL,Ireland,2019,0.970508,,,2
PA.NUS.PRVT.PP,IRL,Ireland,2020,0.994448,,,2
PA.NUS.PRVT.PP,IRL,Ireland,2021,0.958456,,,2
PA.NUS.PRVT.PP,IRL,Ireland,2022,0.908482,,,2
PA.NUS.PRVT.PP,IRL,Ireland,2023,0.886291,,,2
PA.NUS.PRVT.PP,IRL,Ireland,2024,0.88195,,,2
PA.NUS.PRVT.PP,IRL,Ireland,2025,0.903963,,,2
PA.NUS.PRVT.PP,IRN,"Iran, Islamic Rep.",1990,215.830359133276,,,2
PA.NUS.PRVT.PP,IRN,"Iran, Islamic Rep.",1991,242.528033996261,,,2
PA.NUS.PRVT.PP,IRN,"Iran, Islamic Rep.",1992,296.149171881981,,,2
PA.NUS.PRVT.PP,IRN,"Iran, Islamic Rep.",1993,348.649645723178,,,2
PA.NUS.PRVT.PP,IRN,"Iran, Islamic Rep.",1994,446.643627208584,,,2
PA.NUS.PRVT.PP,IRN,"Iran, Islamic Rep.",1995,650.188409855886,,,2
PA.NUS.PRVT.PP,IRN,"Iran, Islamic Rep.",1996,814.462118936201,,,2
PA.NUS.PRVT.PP,IRN,"Iran, Islamic Rep.",1997,933.932543538661,,,2
PA.NUS.PRVT.PP,IRN,"Iran, Islamic Rep.",1998,1083.96403802635,,,2
PA.NUS.PRVT.PP,IRN,"Iran, Islamic Rep.",1999,1273.65536708732,,,2
PA.NUS.PRVT.PP,IRN,"Iran, Islamic Rep.",2000,1410.41169728207,,,2
PA.NUS.PRVT.PP,IRN,"Iran, Islamic Rep.",2001,1526.28944611321,,,2
PA.NUS.PRVT.PP,IRN,"Iran, Islamic Rep.",2002,1717.85161976966,,,2
PA.NUS.PRVT.PP,IRN,"Iran, Islamic Rep.",2003,1956.33691816339,,,2
PA.NUS.PRVT.PP,IRN,"Iran, Islamic Rep.",2004,2186.58179241113,,,2
PA.NUS.PRVT.PP,IRN,"Iran, Islamic Rep.",2005,2398.91866751998,,,2
PA.NUS.PRVT.PP,IRN,"Iran, Islamic Rep.",2006,2556.71376356018,,,2
PA.NUS.PRVT.PP,IRN,"Iran, Islamic Rep.",2007,2916.86590092949,,,2
PA.NUS.PRVT.PP,IRN,"Iran, Islamic Rep.",2008,3522.81208491087,,,2
PA.NUS.PRVT.PP,IRN,"Iran, Islamic Rep.",2009,4014.48123422989,,,2
PA.NUS.PRVT.PP,IRN,"Iran, Islamic Rep.",2010,4348.2043749468,,,2
PA.NUS.PRVT.PP,IRN,"Iran, Islamic Rep.",2011,5323.44189453125,,,2
PA.NUS.PRVT.PP,IRN,"Iran, Islamic Rep.",2012,6073.1962890625,,,2
PA.NUS.PRVT.PP,IRN,"Iran, Islamic Rep.",2013,8768.7890625,,,2
PA.NUS.PRVT.PP,IRN,"Iran, Islamic Rep.",2014,10288.6591796875,,,2
PA.NUS.PRVT.PP,IRN,"Iran, Islamic Rep.",2015,11614.9326171875,,,2
PA.NUS.PRVT.PP,IRN,"Iran, Islamic Rep.",2016,12682.986328125,,,2
PA.NUS.PRVT.PP,IRN,"Iran, Islamic Rep.",2017,13944.904296875,,,2
PA.NUS.PRVT.PP,IRN,"Iran, Islamic Rep.",2018,16408.373046875,,,2
PA.NUS.PRVT.PP,IRN,"Iran, Islamic Rep.",2019,23979.873046875,,,2
PA.NUS.PRVT.PP,IRN,"Iran, Islamic Rep.",2020,32272.21484375,,,2
PA.NUS.PRVT.PP,IRN,"Iran, Islamic Rep.",2021,48021.04296875,,,2
PA.NUS.PRVT.PP,IRN,"Iran, Islamic Rep.",2022,63798.9544260021,,,2
PA.NUS.PRVT.PP,IRN,"Iran, Islamic Rep.",2023,88593.2124224345,,,2
PA.NUS.PRVT.PP,IRN,"Iran, Islamic Rep.",2024,113984.898215385,,,2
PA.NUS.PRVT.PP,IRN,"Iran, Islamic Rep.",2025,157796.048482441,,,2
PA.NUS.PRVT.PP,IRQ,Iraq,1995,86.9503395358867,,,2
PA.NUS.PRVT.PP,IRQ,Iraq,1996,70.8592410223488,,,2
PA.NUS.PRVT.PP,IRQ,Iraq,1997,85.2097104436176,,,2
PA.NUS.PRVT.PP,IRQ,Iraq,1998,96.2993056344826,,,2
PA.NUS.PRVT.PP,IRQ,Iraq,1999,106.090318411428,,,2
PA.NUS.PRVT.PP,IRQ,Iraq,2000,107.734475713631,,,2
PA.NUS.PRVT.PP,IRQ,Iraq,2001,121.929082063849,,,2
PA.NUS.PRVT.PP,IRQ,Iraq,2002,143.210388424268,,,2
PA.NUS.PRVT.PP,IRQ,Iraq,2003,187.104836704023,,,2
PA.NUS.PRVT.PP,IRQ,Iraq,2004,231.357870625865,,,2
PA.NUS.PRVT.PP,IRQ,Iraq,2005,306.468827209602,,,2
PA.NUS.PRVT.PP,IRQ,Iraq,2006,454.92936785204,,,2
PA.NUS.PRVT.PP,IRQ,Iraq,2007,397.781970698906,,,2
PA.NUS.PRVT.PP,IRQ,Iraq,2008,431.583589361084,,,2
PA.NUS.PRVT.PP,IRQ,Iraq,2009,462.894790880433,,,2
PA.NUS.PRVT.PP,IRQ,Iraq,2010,466.491855435654,,,2
PA.NUS.PRVT.PP,IRQ,Iraq,2011,477.558532714844,,,2
PA.NUS.PRVT.PP,IRQ,Iraq,2012,487.541525397114,,,2
PA.NUS.PRVT.PP,IRQ,Iraq,2013,503.87306363302,,,2
PA.NUS.PRVT.PP,IRQ,Iraq,2014,550.077714602945,,,2
PA.NUS.PRVT.PP,IRQ,Iraq,2015,568.701705832884,,,2
PA.NUS.PRVT.PP,IRQ,Iraq,2016,572.848320664588,,,2
PA.NUS.PRVT.PP,IRQ,Iraq,2017,565.770202636719,,,2
PA.NUS.PRVT.PP,IRQ,Iraq,2018,541.622375488281,,,2
PA.NUS.PRVT.PP,IRQ,Iraq,2019,538.670715332031,,,2
PA.NUS.PRVT.PP,IRQ,Iraq,2020,535.707092285156,,,2
PA.NUS.PRVT.PP,IRQ,Iraq,2021,575.5927734375,,,2
PA.NUS.PRVT.PP,IRQ,Iraq,2022,559.561683937456,,,2
PA.NUS.PRVT.PP,IRQ,Iraq,2023,560.862367328643,,,2
PA.NUS.PRVT.PP,IRQ,Iraq,2024,559.021896256912,,,2
PA.NUS.PRVT.PP,IRQ,Iraq,2025,545.98638658854,,,2
PA.NUS.PRVT.PP,ISL,Iceland,1990,76.400582,,,2
PA.NUS.PRVT.PP,ISL,Iceland,1991,78.668835,,,2
PA.NUS.PRVT.PP,ISL,Iceland,1992,79.350204,,,2
PA.NUS.PRVT.PP,ISL,Iceland,1993,80.266367,,,2
PA.NUS.PRVT.PP,ISL,Iceland,1994,79.903569,,,2
PA.NUS.PRVT.PP,ISL,Iceland,1995,79.870664,,,2
PA.NUS.PRVT.PP,ISL,Iceland,1996,81.897623,,,2
PA.NUS.PRVT.PP,ISL,Iceland,1997,80.79788,,,2
PA.NUS.PRVT.PP,ISL,Iceland,1998,83.898424,,,2
PA.NUS.PRVT.PP,ISL,Iceland,1999,83.913971,,,2
PA.NUS.PRVT.PP,ISL,Iceland,2000,91.126307,,,2
PA.NUS.PRVT.PP,ISL,Iceland,2001,96.300968,,,2
PA.NUS.PRVT.PP,ISL,Iceland,2002,99.875649,,,2
PA.NUS.PRVT.PP,ISL,Iceland,2003,100.696678,,,2
PA.NUS.PRVT.PP,ISL,Iceland,2004,101.341052,,,2
PA.NUS.PRVT.PP,ISL,Iceland,2005,101.343026,,,2
PA.NUS.PRVT.PP,ISL,Iceland,2006,104.502063,,,2
PA.NUS.PRVT.PP,ISL,Iceland,2007,107.478075,,,2
PA.NUS.PRVT.PP,ISL,Iceland,2008,119.166253,,,2
PA.NUS.PRVT.PP,ISL,Iceland,2009,135.490657,,,2
PA.NUS.PRVT.PP,ISL,Iceland,2010,141.414235,,,2
PA.NUS.PRVT.PP,ISL,Iceland,2011,141.370891,,,2
PA.NUS.PRVT.PP,ISL,Iceland,2012,145.153549,,,2
PA.NUS.PRVT.PP,ISL,Iceland,2013,148.167571,,,2
PA.NUS.PRVT.PP,ISL,Iceland,2014,150.098692,,,2
PA.NUS.PRVT.PP,ISL,Iceland,2015,154.996427,,,2
PA.NUS.PRVT.PP,ISL,Iceland,2016,159.858118,,,2
PA.NUS.PRVT.PP,ISL,Iceland,2017,157.505898,,,2
PA.NUS.PRVT.PP,ISL,Iceland,2018,158.977202,,,2
PA.NUS.PRVT.PP,ISL,Iceland,2019,158.117814,,,2
PA.NUS.PRVT.PP,ISL,Iceland,2020,154.862468,,,2
PA.NUS.PRVT.PP,ISL,Iceland,2021,155.842621,,,2
PA.NUS.PRVT.PP,ISL,Iceland,2022,150.868759,,,2
PA.NUS.PRVT.PP,ISL,Iceland,2023,151.201619,,,2
PA.NUS.PRVT.PP,ISL,Iceland,2024,156.026237,,,2
PA.NUS.PRVT.PP,ISL,Iceland,2025,166.598924,,,2
PA.NUS.PRVT.PP,ISR,Israel,1990,2.436865,,,2
PA.NUS.PRVT.PP,ISR,Israel,1991,2.766701,,,2
PA.NUS.PRVT.PP,ISR,Israel,1992,2.999927,,,2
PA.NUS.PRVT.PP,ISR,Israel,1993,3.238626,,,2
PA.NUS.PRVT.PP,ISR,Israel,1994,3.53407,,,2
PA.NUS.PRVT.PP,ISR,Israel,1995,3.616916,,,2
PA.NUS.PRVT.PP,ISR,Israel,1996,3.805042,,,2
PA.NUS.PRVT.PP,ISR,Israel,1997,3.991361,,,2
PA.NUS.PRVT.PP,ISR,Israel,1998,4.179247,,,2
PA.NUS.PRVT.PP,ISR,Israel,1999,4.34346,,,2
PA.NUS.PRVT.PP,ISR,Israel,2000,4.017103,,,2
PA.NUS.PRVT.PP,ISR,Israel,2001,3.969597,,,2
PA.NUS.PRVT.PP,ISR,Israel,2002,4.073917,,,2
PA.NUS.PRVT.PP,ISR,Israel,2003,4.10029,,,2
PA.NUS.PRVT.PP,ISR,Israel,2004,4.018015,,,2
PA.NUS.PRVT.PP,ISR,Israel,2005,4.070749,,,2
PA.NUS.PRVT.PP,ISR,Israel,2006,4.188221,,,2
PA.NUS.PRVT.PP,ISR,Israel,2007,4.131298,,,2
PA.NUS.PRVT.PP,ISR,Israel,2008,4.324834,,,2
PA.NUS.PRVT.PP,ISR,Israel,2009,4.332192,,,2
PA.NUS.PRVT.PP,ISR,Israel,2010,4.36172,,,2
PA.NUS.PRVT.PP,ISR,Israel,2011,4.270233,,,2
PA.NUS.PRVT.PP,ISR,Israel,2012,4.283958,,,2
PA.NUS.PRVT.PP,ISR,Israel,2013,4.426943,,,2
PA.NUS.PRVT.PP,ISR,Israel,2014,4.575621,,,2
PA.NUS.PRVT.PP,ISR,Israel,2015,4.553442,,,2
PA.NUS.PRVT.PP,ISR,Israel,2016,4.294673,,,2
PA.NUS.PRVT.PP,ISR,Israel,2017,4.252362,,,2
PA.NUS.PRVT.PP,ISR,Israel,2018,4.182192,,,2
PA.NUS.PRVT.PP,ISR,Israel,2019,4.242423,,,2
PA.NUS.PRVT.PP,ISR,Israel,2020,4.211299,,,2
PA.NUS.PRVT.PP,ISR,Israel,2021,4.048036,,,2
PA.NUS.PRVT.PP,ISR,Israel,2022,3.716084,,,2
PA.NUS.PRVT.PP,ISR,Israel,2023,3.561296,,,2
PA.NUS.PRVT.PP,ISR,Israel,2024,3.607983,,,2
PA.NUS.PRVT.PP,ISR,Israel,2025,3.655759,,,2
PA.NUS.PRVT.PP,ITA,Italy,1990,0.711642,,,2
PA.NUS.PRVT.PP,ITA,Italy,1991,0.736107,,,2
PA.NUS.PRVT.PP,ITA,Italy,1992,0.754014,,,2
PA.NUS.PRVT.PP,ITA,Italy,1993,0.775132,,,2
PA.NUS.PRVT.PP,ITA,Italy,1994,0.797953,,,2
PA.NUS.PRVT.PP,ITA,Italy,1995,0.828588,,,2
PA.NUS.PRVT.PP,ITA,Italy,1996,0.847772,,,2
PA.NUS.PRVT.PP,ITA,Italy,1997,0.844176,,,2
PA.NUS.PRVT.PP,ITA,Italy,1998,0.84659,,,2
PA.NUS.PRVT.PP,ITA,Italy,1999,0.845006,,,2
PA.NUS.PRVT.PP,ITA,Italy,2000,0.849263,,,2
PA.NUS.PRVT.PP,ITA,Italy,2001,0.863064,,,2
PA.NUS.PRVT.PP,ITA,Italy,2002,0.877782,,,2
PA.NUS.PRVT.PP,ITA,Italy,2003,0.880011,,,2
PA.NUS.PRVT.PP,ITA,Italy,2004,0.890592,,,2
PA.NUS.PRVT.PP,ITA,Italy,2005,0.891314,,,2
PA.NUS.PRVT.PP,ITA,Italy,2006,0.880664,,,2
PA.NUS.PRVT.PP,ITA,Italy,2007,0.876043,,,2
PA.NUS.PRVT.PP,ITA,Italy,2008,0.847036,,,2
PA.NUS.PRVT.PP,ITA,Italy,2009,0.834938,,,2
PA.NUS.PRVT.PP,ITA,Italy,2010,0.819127,,,2
PA.NUS.PRVT.PP,ITA,Italy,2011,0.819504,,,2
PA.NUS.PRVT.PP,ITA,Italy,2012,0.829154,,,2
PA.NUS.PRVT.PP,ITA,Italy,2013,0.819559,,,2
PA.NUS.PRVT.PP,ITA,Italy,2014,0.82535,,,2
PA.NUS.PRVT.PP,ITA,Italy,2015,0.828574,,,2
PA.NUS.PRVT.PP,ITA,Italy,2016,0.786256,,,2
PA.NUS.PRVT.PP,ITA,Italy,2017,0.777649,,,2
PA.NUS.PRVT.PP,ITA,Italy,2018,0.762285,,,2
PA.NUS.PRVT.PP,ITA,Italy,2019,0.723354,,,2
PA.NUS.PRVT.PP,ITA,Italy,2020,0.713812,,,2
PA.NUS.PRVT.PP,ITA,Italy,2021,0.69992,,,2
PA.NUS.PRVT.PP,ITA,Italy,2022,0.660397,,,2
PA.NUS.PRVT.PP,ITA,Italy,2023,0.631546,,,2
PA.NUS.PRVT.PP,ITA,Italy,2024,0.625157,,,2
PA.NUS.PRVT.PP,ITA,Italy,2025,0.644824,,,2
PA.NUS.PRVT.PP,JAM,Jamaica,1990,3.74906057121339,,,2
PA.NUS.PRVT.PP,JAM,Jamaica,1991,5.43363449661449,,,2
PA.NUS.PRVT.PP,JAM,Jamaica,1992,9.35044084390359,,,2
PA.NUS.PRVT.PP,JAM,Jamaica,1993,11.0868331262404,,,2
PA.NUS.PRVT.PP,JAM,Jamaica,1994,14.5937301453092,,,2
PA.NUS.PRVT.PP,JAM,Jamaica,1995,17.0216310373708,,,2
PA.NUS.PRVT.PP,JAM,Jamaica,1996,20.9037432930396,,,2
PA.NUS.PRVT.PP,JAM,Jamaica,1997,22.3989160920363,,,2
PA.NUS.PRVT.PP,JAM,Jamaica,1998,23.9604344474775,,,2
PA.NUS.PRVT.PP,JAM,Jamaica,1999,24.8435132705522,,,2
PA.NUS.PRVT.PP,JAM,Jamaica,2000,25.995661126406,,,2
PA.NUS.PRVT.PP,JAM,Jamaica,2001,27.0007743341093,,,2
PA.NUS.PRVT.PP,JAM,Jamaica,2002,28.4600581309624,,,2
PA.NUS.PRVT.PP,JAM,Jamaica,2003,30.6353600520809,,,2
PA.NUS.PRVT.PP,JAM,Jamaica,2004,33.8807624520315,,,2
PA.NUS.PRVT.PP,JAM,Jamaica,2005,37.701666098377,,,2
PA.NUS.PRVT.PP,JAM,Jamaica,2006,39.6502354631115,,,2
PA.NUS.PRVT.PP,JAM,Jamaica,2007,42.1144415433562,,,2
PA.NUS.PRVT.PP,JAM,Jamaica,2008,49.4892933803091,,,2
PA.NUS.PRVT.PP,JAM,Jamaica,2009,54.4299518010946,,,2
PA.NUS.PRVT.PP,JAM,Jamaica,2010,60.3048435432442,,,2
PA.NUS.PRVT.PP,JAM,Jamaica,2011,62.8764801025391,,,2
PA.NUS.PRVT.PP,JAM,Jamaica,2012,61.5772292195258,,,2
PA.NUS.PRVT.PP,JAM,Jamaica,2013,66.1589838157169,,,2
PA.NUS.PRVT.PP,JAM,Jamaica,2014,69.8983816543675,,,2
PA.NUS.PRVT.PP,JAM,Jamaica,2015,70.2754879495897,,,2
PA.NUS.PRVT.PP,JAM,Jamaica,2016,69.4586348779341,,,2
PA.NUS.PRVT.PP,JAM,Jamaica,2017,71.3245391845703,,,2
PA.NUS.PRVT.PP,JAM,Jamaica,2018,75.7275619506836,,,2
PA.NUS.PRVT.PP,JAM,Jamaica,2019,79.7149658203125,,,2
PA.NUS.PRVT.PP,JAM,Jamaica,2020,85.2595672607422,,,2
PA.NUS.PRVT.PP,JAM,Jamaica,2021,90.6734390258789,,,2
PA.NUS.PRVT.PP,JAM,Jamaica,2022,92.6436621855563,,,2
PA.NUS.PRVT.PP,JAM,Jamaica,2023,94.7416530869748,,,2
PA.NUS.PRVT.PP,JAM,Jamaica,2024,97.007750693925,,,2
PA.NUS.PRVT.PP,JAM,Jamaica,2025,98.2417402226466,,,2
PA.NUS.PRVT.PP,JOR,Jordan,1990,0.256041465319216,,,2
PA.NUS.PRVT.PP,JOR,Jordan,1991,0.265671811256117,,,2
PA.NUS.PRVT.PP,JOR,Jordan,1992,0.268165374452845,,,2
PA.NUS.PRVT.PP,JOR,Jordan,1993,0.269116140723531,,,2
PA.NUS.PRVT.PP,JOR,Jordan,1994,0.271500910271664,,,2
PA.NUS.PRVT.PP,JOR,Jordan,1995,0.270306434802975,,,2
PA.NUS.PRVT.PP,JOR,Jordan,1996,0.279681606474549,,,2
PA.NUS.PRVT.PP,JOR,Jordan,1997,0.28159518745526,,,2
PA.NUS.PRVT.PP,JOR,Jordan,1998,0.285863768471882,,,2
PA.NUS.PRVT.PP,JOR,Jordan,1999,0.281438877167855,,,2
PA.NUS.PRVT.PP,JOR,Jordan,2000,0.274061087592198,,,2
PA.NUS.PRVT.PP,JOR,Jordan,2001,0.271251965465292,,,2
PA.NUS.PRVT.PP,JOR,Jordan,2002,0.271911396671546,,,2
PA.NUS.PRVT.PP,JOR,Jordan,2003,0.270209539268809,,,2
PA.NUS.PRVT.PP,JOR,Jordan,2004,0.272011243073845,,,2
PA.NUS.PRVT.PP,JOR,Jordan,2005,0.27227679755312,,,2
PA.NUS.PRVT.PP,JOR,Jordan,2006,0.280257832260511,,,2
PA.NUS.PRVT.PP,JOR,Jordan,2007,0.285411155968744,,,2
PA.NUS.PRVT.PP,JOR,Jordan,2008,0.313260233325646,,,2
PA.NUS.PRVT.PP,JOR,Jordan,2009,0.31205451991822,,,2
PA.NUS.PRVT.PP,JOR,Jordan,2010,0.321895946850038,,,2
PA.NUS.PRVT.PP,JOR,Jordan,2011,0.325033873319626,,,2
PA.NUS.PRVT.PP,JOR,Jordan,2012,0.331394920741599,,,2
PA.NUS.PRVT.PP,JOR,Jordan,2013,0.352220233666986,,,2
PA.NUS.PRVT.PP,JOR,Jordan,2014,0.367834275873084,,,2
PA.NUS.PRVT.PP,JOR,Jordan,2015,0.370805826941235,,,2
PA.NUS.PRVT.PP,JOR,Jordan,2016,0.364272762570693,,,2
PA.NUS.PRVT.PP,JOR,Jordan,2017,0.337061762809753,,,2
PA.NUS.PRVT.PP,JOR,Jordan,2018,0.344727337360382,,,2
PA.NUS.PRVT.PP,JOR,Jordan,2019,0.341875284910202,,,2
PA.NUS.PRVT.PP,JOR,Jordan,2020,0.340044409036636,,,2
PA.NUS.PRVT.PP,JOR,Jordan,2021,0.34411096572876,,,2
PA.NUS.PRVT.PP,JOR,Jordan,2022,0.33208764477243,,,2
PA.NUS.PRVT.PP,JOR,Jordan,2023,0.325608108449256,,,2
PA.NUS.PRVT.PP,JOR,Jordan,2024,0.3212025611099,,,2
PA.NUS.PRVT.PP,JOR,Jordan,2025,0.318288385857299,,,2
PA.NUS.PRVT.PP,JPN,Japan,1990,208.851536,,,2
PA.NUS.PRVT.PP,JPN,Japan,1991,208.490451,,,2
PA.NUS.PRVT.PP,JPN,Japan,1992,206.752328,,,2
PA.NUS.PRVT.PP,JPN,Japan,1993,203.953775,,,2
PA.NUS.PRVT.PP,JPN,Japan,1994,201.440835,,,2
PA.NUS.PRVT.PP,JPN,Japan,1995,196.629618,,,2
PA.NUS.PRVT.PP,JPN,Japan,1996,192.7826,,,2
PA.NUS.PRVT.PP,JPN,Japan,1997,191.811758,,,2
PA.NUS.PRVT.PP,JPN,Japan,1998,190.474328,,,2
PA.NUS.PRVT.PP,JPN,Japan,1999,186.62541,,,2
PA.NUS.PRVT.PP,JPN,Japan,2000,176.789995,,,2
PA.NUS.PRVT.PP,JPN,Japan,2001,171.005506,,,2
PA.NUS.PRVT.PP,JPN,Japan,2002,163.074581,,,2
PA.NUS.PRVT.PP,JPN,Japan,2003,155.423972,,,2
PA.NUS.PRVT.PP,JPN,Japan,2004,150.773477,,,2
PA.NUS.PRVT.PP,JPN,Japan,2005,142.936319,,,2
PA.NUS.PRVT.PP,JPN,Japan,2006,137.411592,,,2
PA.NUS.PRVT.PP,JPN,Japan,2007,133.519585,,,2
PA.NUS.PRVT.PP,JPN,Japan,2008,129.06067,,,2
PA.NUS.PRVT.PP,JPN,Japan,2009,125.047117,,,2
PA.NUS.PRVT.PP,JPN,Japan,2010,121.031757,,,2
PA.NUS.PRVT.PP,JPN,Japan,2011,116.103236,,,2
PA.NUS.PRVT.PP,JPN,Japan,2012,112.664472,,,2
PA.NUS.PRVT.PP,JPN,Japan,2013,106.590397,,,2
PA.NUS.PRVT.PP,JPN,Japan,2014,109.18166,,,2
PA.NUS.PRVT.PP,JPN,Japan,2015,108.962794,,,2
PA.NUS.PRVT.PP,JPN,Japan,2016,114.928968,,,2
PA.NUS.PRVT.PP,JPN,Japan,2017,115.983404,,,2
PA.NUS.PRVT.PP,JPN,Japan,2018,114.318756,,,2
PA.NUS.PRVT.PP,JPN,Japan,2019,116.05812,,,2
PA.NUS.PRVT.PP,JPN,Japan,2020,112.988905,,,2
PA.NUS.PRVT.PP,JPN,Japan,2021,109.444421,,,2
PA.NUS.PRVT.PP,JPN,Japan,2022,103.678363,,,2
PA.NUS.PRVT.PP,JPN,Japan,2023,99.191165,,,2
PA.NUS.PRVT.PP,JPN,Japan,2024,99.384798,,,2
PA.NUS.PRVT.PP,JPN,Japan,2025,103.33658,,,2
PA.NUS.PRVT.PP,KAZ,Kazakhstan,1993,0.425016844080746,,,2
PA.NUS.PRVT.PP,KAZ,Kazakhstan,1994,8.19060062242335,,,2
PA.NUS.PRVT.PP,KAZ,Kazakhstan,1995,22.0015420418063,,,2
PA.NUS.PRVT.PP,KAZ,Kazakhstan,1996,29.7502645688472,,,2
PA.NUS.PRVT.PP,KAZ,Kazakhstan,1997,34.1313184439354,,,2
PA.NUS.PRVT.PP,KAZ,Kazakhstan,1998,36.0114556521923,,,2
PA.NUS.PRVT.PP,KAZ,Kazakhstan,1999,38.1639386151632,,,2
PA.NUS.PRVT.PP,KAZ,Kazakhstan,2000,41.7833224452871,,,2
PA.NUS.PRVT.PP,KAZ,Kazakhstan,2001,44.0296067385344,,,2
PA.NUS.PRVT.PP,KAZ,Kazakhstan,2002,45.8720366419174,,,2
PA.NUS.PRVT.PP,KAZ,Kazakhstan,2003,47.7415987744016,,,2
PA.NUS.PRVT.PP,KAZ,Kazakhstan,2004,49.6967031954204,,,2
PA.NUS.PRVT.PP,KAZ,Kazakhstan,2005,51.7093457486964,,,2
PA.NUS.PRVT.PP,KAZ,Kazakhstan,2006,54.4623515649662,,,2
PA.NUS.PRVT.PP,KAZ,Kazakhstan,2007,58.6954059408219,,,2
PA.NUS.PRVT.PP,KAZ,Kazakhstan,2008,66.2137282550406,,,2
PA.NUS.PRVT.PP,KAZ,Kazakhstan,2009,71.3115221011098,,,2
PA.NUS.PRVT.PP,KAZ,Kazakhstan,2010,75.3530820302427,,,2
PA.NUS.PRVT.PP,KAZ,Kazakhstan,2011,79.2217025756836,,,2
PA.NUS.PRVT.PP,KAZ,Kazakhstan,2012,80.3889457276506,,,2
PA.NUS.PRVT.PP,KAZ,Kazakhstan,2013,92.1158478490421,,,2
PA.NUS.PRVT.PP,KAZ,Kazakhstan,2014,97.3588163866475,,,2
PA.NUS.PRVT.PP,KAZ,Kazakhstan,2015,104.729508790622,,,2
PA.NUS.PRVT.PP,KAZ,Kazakhstan,2016,116.158080118257,,,2
PA.NUS.PRVT.PP,KAZ,Kazakhstan,2017,125.520889282227,,,2
PA.NUS.PRVT.PP,KAZ,Kazakhstan,2018,131.17529296875,,,2
PA.NUS.PRVT.PP,KAZ,Kazakhstan,2019,131.994705200195,,,2
PA.NUS.PRVT.PP,KAZ,Kazakhstan,2020,136.718841552734,,,2
PA.NUS.PRVT.PP,KAZ,Kazakhstan,2021,142.361053466797,,,2
PA.NUS.PRVT.PP,KAZ,Kazakhstan,2022,151.620957859506,,,2
PA.NUS.PRVT.PP,KAZ,Kazakhstan,2023,166.782453024298,,,2
PA.NUS.PRVT.PP,KAZ,Kazakhstan,2024,176.083588584855,,,2
PA.NUS.PRVT.PP,KAZ,Kazakhstan,2025,190.98276551719,,,2
PA.NUS.PRVT.PP,KEN,Kenya,1990,4.6624858544612,,,2
PA.NUS.PRVT.PP,KEN,Kenya,1991,5.37144390582017,,,2
PA.NUS.PRVT.PP,KEN,Kenya,1992,6.63851779688661,,,2
PA.NUS.PRVT.PP,KEN,Kenya,1993,9.41299470119363,,,2
PA.NUS.PRVT.PP,KEN,Kenya,1994,11.8171659514521,,,2
PA.NUS.PRVT.PP,KEN,Kenya,1995,11.6733568385526,,,2
PA.NUS.PRVT.PP,KEN,Kenya,1996,12.3462010299549,,,2
PA.NUS.PRVT.PP,KEN,Kenya,1997,13.4348911618329,,,2
PA.NUS.PRVT.PP,KEN,Kenya,1998,14.1188787856771,,,2
PA.NUS.PRVT.PP,KEN,Kenya,1999,14.6099160241186,,,2
PA.NUS.PRVT.PP,KEN,Kenya,2000,15.5431203291785,,,2
PA.NUS.PRVT.PP,KEN,Kenya,2001,15.9833604275906,,,2
PA.NUS.PRVT.PP,KEN,Kenya,2002,16.0424057600652,,,2
PA.NUS.PRVT.PP,KEN,Kenya,2003,17.2260314059928,,,2
PA.NUS.PRVT.PP,KEN,Kenya,2004,18.7270246441892,,,2
PA.NUS.PRVT.PP,KEN,Kenya,2005,19.9804162467639,,,2
PA.NUS.PRVT.PP,KEN,Kenya,2006,22.1536675726092,,,2
PA.NUS.PRVT.PP,KEN,Kenya,2007,23.6412111333391,,,2
PA.NUS.PRVT.PP,KEN,Kenya,2008,28.7412174238863,,,2
PA.NUS.PRVT.PP,KEN,Kenya,2009,31.507240449917,,,2
PA.NUS.PRVT.PP,KEN,Kenya,2010,32.2268307486262,,,2
PA.NUS.PRVT.PP,KEN,Kenya,2011,35.6213264465332,,,2
PA.NUS.PRVT.PP,KEN,Kenya,2012,36.5615134374733,,,2
PA.NUS.PRVT.PP,KEN,Kenya,2013,37.9064680803083,,,2
PA.NUS.PRVT.PP,KEN,Kenya,2014,39.2626375016093,,,2
PA.NUS.PRVT.PP,KEN,Kenya,2015,40.5718658808009,,,2
PA.NUS.PRVT.PP,KEN,Kenya,2016,41.5521650972517,,,2
PA.NUS.PRVT.PP,KEN,Kenya,2017,43.6514701843262,,,2
PA.NUS.PRVT.PP,KEN,Kenya,2018,43.2826232910156,,,2
PA.NUS.PRVT.PP,KEN,Kenya,2019,43.261848449707,,,2
PA.NUS.PRVT.PP,KEN,Kenya,2020,43.2201881408691,,,2
PA.NUS.PRVT.PP,KEN,Kenya,2021,42.4279670715332,,,2
PA.NUS.PRVT.PP,KEN,Kenya,2022,42.2932471789534,,,2
PA.NUS.PRVT.PP,KEN,Kenya,2023,43.7373523715281,,,2
PA.NUS.PRVT.PP,KEN,Kenya,2024,44.3917219784471,,,2
PA.NUS.PRVT.PP,KEN,Kenya,2025,44.9843049377462,,,2
PA.NUS.PRVT.PP,KGZ,Kyrgyz Republic,1995,3.45266961669728,,,2
PA.NUS.PRVT.PP,KGZ,Kyrgyz Republic,1996,4.42597138056838,,,2
PA.NUS.PRVT.PP,KGZ,Kyrgyz Republic,1997,5.33842098004819,,,2
PA.NUS.PRVT.PP,KGZ,Kyrgyz Republic,1998,5.80654628162371,,,2
PA.NUS.PRVT.PP,KGZ,Kyrgyz Republic,1999,7.78639567385122,,,2
PA.NUS.PRVT.PP,KGZ,Kyrgyz Republic,2000,8.94059761831408,,,2
PA.NUS.PRVT.PP,KGZ,Kyrgyz Republic,2001,9.2965227141282,,,2
PA.NUS.PRVT.PP,KGZ,Kyrgyz Republic,2002,9.34668858187906,,,2
PA.NUS.PRVT.PP,KGZ,Kyrgyz Republic,2003,9.41107602717208,,,2
PA.NUS.PRVT.PP,KGZ,Kyrgyz Republic,2004,9.5424583083624,,,2
PA.NUS.PRVT.PP,KGZ,Kyrgyz Republic,2005,9.62976104411273,,,2
PA.NUS.PRVT.PP,KGZ,Kyrgyz Republic,2006,9.84676608421871,,,2
PA.NUS.PRVT.PP,KGZ,Kyrgyz Republic,2007,10.5530562902512,,,2
PA.NUS.PRVT.PP,KGZ,Kyrgyz Republic,2008,12.6548443350146,,,2
PA.NUS.PRVT.PP,KGZ,Kyrgyz Republic,2009,13.5682420528795,,,2
PA.NUS.PRVT.PP,KGZ,Kyrgyz Republic,2010,14.4129433621804,,,2
PA.NUS.PRVT.PP,KGZ,Kyrgyz Republic,2011,16.2962799072266,,,2
PA.NUS.PRVT.PP,KGZ,Kyrgyz Republic,2012,16.3179167922811,,,2
PA.NUS.PRVT.PP,KGZ,Kyrgyz Republic,2013,18.4601955147761,,,2
PA.NUS.PRVT.PP,KGZ,Kyrgyz Republic,2014,19.4220754630906,,,2
PA.NUS.PRVT.PP,KGZ,Kyrgyz Republic,2015,20.306947966434,,,2
PA.NUS.PRVT.PP,KGZ,Kyrgyz Republic,2016,19.5044055989102,,,2
PA.NUS.PRVT.PP,KGZ,Kyrgyz Republic,2017,19.3437423706055,,,2
PA.NUS.PRVT.PP,KGZ,Kyrgyz Republic,2018,20.5103054046631,,,2
PA.NUS.PRVT.PP,KGZ,Kyrgyz Republic,2019,21.0983047485352,,,2
PA.NUS.PRVT.PP,KGZ,Kyrgyz Republic,2020,21.5297813415527,,,2
PA.NUS.PRVT.PP,KGZ,Kyrgyz Republic,2021,24.3161182403564,,,2
PA.NUS.PRVT.PP,KGZ,Kyrgyz Republic,2022,25.6489918580923,,,2
PA.NUS.PRVT.PP,KGZ,Kyrgyz Republic,2023,27.283997355236,,,2
PA.NUS.PRVT.PP,KGZ,Kyrgyz Republic,2024,27.826786246203,,,2
PA.NUS.PRVT.PP,KGZ,Kyrgyz Republic,2025,29.321586132952,,,2
PA.NUS.PRVT.PP,KHM,Cambodia,1994,963.949346889518,,,2
PA.NUS.PRVT.PP,KHM,Cambodia,1995,930.153226415743,,,2
PA.NUS.PRVT.PP,KHM,Cambodia,1996,968.284790091069,,,2
PA.NUS.PRVT.PP,KHM,Cambodia,1997,1021.48322083189,,,2
PA.NUS.PRVT.PP,KHM,Cambodia,1998,1154.80339833944,,,2
PA.NUS.PRVT.PP,KHM,Cambodia,1999,1175.37283199916,,,2
PA.NUS.PRVT.PP,KHM,Cambodia,2000,1127.97389836859,,,2
PA.NUS.PRVT.PP,KHM,Cambodia,2001,1090.38266243156,,,2
PA.NUS.PRVT.PP,KHM,Cambodia,2002,1075.62864670561,,,2
PA.NUS.PRVT.PP,KHM,Cambodia,2003,1061.65769965376,,,2
PA.NUS.PRVT.PP,KHM,Cambodia,2004,1078.63661582851,,,2
PA.NUS.PRVT.PP,KHM,Cambodia,2005,1112.25521907008,,,2
PA.NUS.PRVT.PP,KHM,Cambodia,2006,1140.10569931052,,,2
PA.NUS.PRVT.PP,KHM,Cambodia,2007,1205.02025900108,,,2
PA.NUS.PRVT.PP,KHM,Cambodia,2008,1440.10512636789,,,2
PA.NUS.PRVT.PP,KHM,Cambodia,2009,1427.29779240189,,,2
PA.NUS.PRVT.PP,KHM,Cambodia,2010,1460.38726839547,,,2
PA.NUS.PRVT.PP,KHM,Cambodia,2011,1493.25415039063,,,2
PA.NUS.PRVT.PP,KHM,Cambodia,2012,1439.85242168524,,,2
PA.NUS.PRVT.PP,KHM,Cambodia,2013,1486.02228900146,,,2
PA.NUS.PRVT.PP,KHM,Cambodia,2014,1520.46918167854,,,2
PA.NUS.PRVT.PP,KHM,Cambodia,2015,1521.46385830772,,,2
PA.NUS.PRVT.PP,KHM,Cambodia,2016,1531.35993643554,,,2
PA.NUS.PRVT.PP,KHM,Cambodia,2017,1562.28881835938,,,2
PA.NUS.PRVT.PP,KHM,Cambodia,2018,1570.07336425781,,,2
PA.NUS.PRVT.PP,KHM,Cambodia,2019,1574.8603515625,,,2
PA.NUS.PRVT.PP,KHM,Cambodia,2020,1580.09655761719,,,2
PA.NUS.PRVT.PP,KHM,Cambodia,2021,1577.41418457031,,,2
PA.NUS.PRVT.PP,KHM,Cambodia,2022,1538.57725068016,,,2
PA.NUS.PRVT.PP,KHM,Cambodia,2023,1509.18675513561,,,2
PA.NUS.PRVT.PP,KHM,Cambodia,2024,1477.79371997862,,,2
PA.NUS.PRVT.PP,KHM,Cambodia,2025,1472.80130650376,,,2
PA.NUS.PRVT.PP,KIR,Kiribati,2006,0.942811078135139,,,2
PA.NUS.PRVT.PP,KIR,Kiribati,2007,0.949592989167068,,,2
PA.NUS.PRVT.PP,KIR,Kiribati,2008,1.03945302098815,,,2
PA.NUS.PRVT.PP,KIR,Kiribati,2009,1.14556329865332,,,2
PA.NUS.PRVT.PP,KIR,Kiribati,2010,1.08312771531603,,,2
PA.NUS.PRVT.PP,KIR,Kiribati,2011,1.06570398932479,,,2
PA.NUS.PRVT.PP,KIR,Kiribati,2012,1.01229628238803,,,2
PA.NUS.PRVT.PP,KIR,Kiribati,2013,0.982835815615724,,,2
PA.NUS.PRVT.PP,KIR,Kiribati,2014,0.987495162382528,,,2
PA.NUS.PRVT.PP,KIR,Kiribati,2015,0.991967048084214,,,2
PA.NUS.PRVT.PP,KIR,Kiribati,2016,0.998390612154416,,,2
PA.NUS.PRVT.PP,KIR,Kiribati,2017,0.981042808329507,,,2
PA.NUS.PRVT.PP,KIR,Kiribati,2018,0.963052821543468,,,2
PA.NUS.PRVT.PP,KIR,Kiribati,2019,0.928760806979826,,,2
PA.NUS.PRVT.PP,KIR,Kiribati,2020,0.940867950670498,,,2
PA.NUS.PRVT.PP,KIR,Kiribati,2021,0.917105452861591,,,2
PA.NUS.PRVT.PP,KIR,Kiribati,2022,0.894544857966978,,,2
PA.NUS.PRVT.PP,KIR,Kiribati,2023,0.938936320649909,,,2
PA.NUS.PRVT.PP,KIR,Kiribati,2024,0.934430185468443,,,2
PA.NUS.PRVT.PP,KNA,St. Kitts and Nevis,1990,1.89076972521872,,,2
PA.NUS.PRVT.PP,KNA,St. Kitts and Nevis,1991,1.89238006767657,,,2
PA.NUS.PRVT.PP,KNA,St. Kitts and Nevis,1992,1.88925074540203,,,2
PA.NUS.PRVT.PP,KNA,St. Kitts and Nevis,1993,1.86802256094226,,,2
PA.NUS.PRVT.PP,KNA,St. Kitts and Nevis,1994,1.8468099904184,,,2
PA.NUS.PRVT.PP,KNA,St. Kitts and Nevis,1995,1.84952941061846,,,2
PA.NUS.PRVT.PP,KNA,St. Kitts and Nevis,1996,1.8343525875907,,,2
PA.NUS.PRVT.PP,KNA,St. Kitts and Nevis,1997,1.95207166663616,,,2
PA.NUS.PRVT.PP,KNA,St. Kitts and Nevis,1998,1.98848029358007,,,2
PA.NUS.PRVT.PP,KNA,St. Kitts and Nevis,1999,2.01134483571337,,,2
PA.NUS.PRVT.PP,KNA,St. Kitts and Nevis,2000,1.98745229889588,,,2
PA.NUS.PRVT.PP,KNA,St. Kitts and Nevis,2001,1.9773489538089,,,2
PA.NUS.PRVT.PP,KNA,St. Kitts and Nevis,2002,1.98620658131441,,,2
PA.NUS.PRVT.PP,KNA,St. Kitts and Nevis,2003,1.98553347543338,,,2
PA.NUS.PRVT.PP,KNA,St. Kitts and Nevis,2004,1.97852006705263,,,2
PA.NUS.PRVT.PP,KNA,St. Kitts and Nevis,2005,1.97823440907503,,,2
PA.NUS.PRVT.PP,KNA,St. Kitts and Nevis,2006,2.0790672262784,,,2
PA.NUS.PRVT.PP,KNA,St. Kitts and Nevis,2007,2.1119799883985,,,2
PA.NUS.PRVT.PP,KNA,St. Kitts and Nevis,2008,2.14169921421333,,,2
PA.NUS.PRVT.PP,KNA,St. Kitts and Nevis,2009,2.19357320433438,,,2
PA.NUS.PRVT.PP,KNA,St. Kitts and Nevis,2010,2.17654162225109,,,2
PA.NUS.PRVT.PP,KNA,St. Kitts and Nevis,2011,2.23305249214172,,,2
PA.NUS.PRVT.PP,KNA,St. Kitts and Nevis,2012,2.18232988937052,,,2
PA.NUS.PRVT.PP,KNA,St. Kitts and Nevis,2013,2.30934775624708,,,2
PA.NUS.PRVT.PP,KNA,St. Kitts and Nevis,2014,2.36038057550988,,,2
PA.NUS.PRVT.PP,KNA,St. Kitts and Nevis,2015,2.39619899773181,,,2
PA.NUS.PRVT.PP,KNA,St. Kitts and Nevis,2016,2.45573795802753,,,2
PA.NUS.PRVT.PP,KNA,St. Kitts and Nevis,2017,2.53666186332703,,,2
PA.NUS.PRVT.PP,KNA,St. Kitts and Nevis,2018,2.49388933181763,,,2
PA.NUS.PRVT.PP,KNA,St. Kitts and Nevis,2019,2.44181632995605,,,2
PA.NUS.PRVT.PP,KNA,St. Kitts and Nevis,2020,2.34939360618591,,,2
PA.NUS.PRVT.PP,KNA,St. Kitts and Nevis,2021,2.26982140541077,,,2
PA.NUS.PRVT.PP,KNA,St. Kitts and Nevis,2022,2.1577072298893,,,2
PA.NUS.PRVT.PP,KNA,St. Kitts and Nevis,2023,2.14611782745287,,,2
PA.NUS.PRVT.PP,KOR,"Korea, Rep.",1990,519.594958,,,2
PA.NUS.PRVT.PP,KOR,"Korea, Rep.",1991,558.537898,,,2
PA.NUS.PRVT.PP,KOR,"Korea, Rep.",1992,589.012085,,,2
PA.NUS.PRVT.PP,KOR,"Korea, Rep.",1993,612.48337,,,2
PA.NUS.PRVT.PP,KOR,"Korea, Rep.",1994,657.38521,,,2
PA.NUS.PRVT.PP,KOR,"Korea, Rep.",1995,687.823427,,,2
PA.NUS.PRVT.PP,KOR,"Korea, Rep.",1996,719.231997,,,2
PA.NUS.PRVT.PP,KOR,"Korea, Rep.",1997,749.778345,,,2
PA.NUS.PRVT.PP,KOR,"Korea, Rep.",1998,789.056597,,,2
PA.NUS.PRVT.PP,KOR,"Korea, Rep.",1999,797.01736,,,2
PA.NUS.PRVT.PP,KOR,"Korea, Rep.",2000,826.301067,,,2
PA.NUS.PRVT.PP,KOR,"Korea, Rep.",2001,843.153157,,,2
PA.NUS.PRVT.PP,KOR,"Korea, Rep.",2002,871.604379,,,2
PA.NUS.PRVT.PP,KOR,"Korea, Rep.",2003,880.592325,,,2
PA.NUS.PRVT.PP,KOR,"Korea, Rep.",2004,887.271479,,,2
PA.NUS.PRVT.PP,KOR,"Korea, Rep.",2005,879.365485,,,2
PA.NUS.PRVT.PP,KOR,"Korea, Rep.",2006,871.453784,,,2
PA.NUS.PRVT.PP,KOR,"Korea, Rep.",2007,866.633697,,,2
PA.NUS.PRVT.PP,KOR,"Korea, Rep.",2008,882.090515,,,2
PA.NUS.PRVT.PP,KOR,"Korea, Rep.",2009,901.720979,,,2
PA.NUS.PRVT.PP,KOR,"Korea, Rep.",2010,907.998988,,,2
PA.NUS.PRVT.PP,KOR,"Korea, Rep.",2011,912.021393,,,2
PA.NUS.PRVT.PP,KOR,"Korea, Rep.",2012,914.93352,,,2
PA.NUS.PRVT.PP,KOR,"Korea, Rep.",2013,976.331027,,,2
PA.NUS.PRVT.PP,KOR,"Korea, Rep.",2014,994.758469,,,2
PA.NUS.PRVT.PP,KOR,"Korea, Rep.",2015,959.680279,,,2
PA.NUS.PRVT.PP,KOR,"Korea, Rep.",2016,967.114886,,,2
PA.NUS.PRVT.PP,KOR,"Korea, Rep.",2017,992.07438,,,2
PA.NUS.PRVT.PP,KOR,"Korea, Rep.",2018,980.360292,,,2
PA.NUS.PRVT.PP,KOR,"Korea, Rep.",2019,984.097663,,,2
PA.NUS.PRVT.PP,KOR,"Korea, Rep.",2020,971.479342,,,2
PA.NUS.PRVT.PP,KOR,"Korea, Rep.",2021,960.988192,,,2
PA.NUS.PRVT.PP,KOR,"Korea, Rep.",2022,903.998912,,,2
PA.NUS.PRVT.PP,KOR,"Korea, Rep.",2023,883.112711,,,2
PA.NUS.PRVT.PP,KOR,"Korea, Rep.",2024,872.468736,,,2
PA.NUS.PRVT.PP,KOR,"Korea, Rep.",2025,880.125358,,,2
PA.NUS.PRVT.PP,KWT,Kuwait,1990,0.163036227461155,,,2
PA.NUS.PRVT.PP,KWT,Kuwait,1991,0.170580340109207,,,2
PA.NUS.PRVT.PP,KWT,Kuwait,1992,0.164662541983395,,,2
PA.NUS.PRVT.PP,KWT,Kuwait,1993,0.160553457020496,,,2
PA.NUS.PRVT.PP,KWT,Kuwait,1994,0.160439221458673,,,2
PA.NUS.PRVT.PP,KWT,Kuwait,1995,0.160253989281042,,,2
PA.NUS.PRVT.PP,KWT,Kuwait,1996,0.161223600198409,,,2
PA.NUS.PRVT.PP,KWT,Kuwait,1997,0.158615514859804,,,2
PA.NUS.PRVT.PP,KWT,Kuwait,1998,0.156393509264256,,,2
PA.NUS.PRVT.PP,KWT,Kuwait,1999,0.15762212752187,,,2
PA.NUS.PRVT.PP,KWT,Kuwait,2000,0.155237580279032,,,2
PA.NUS.PRVT.PP,KWT,Kuwait,2001,0.152933506238301,,,2
PA.NUS.PRVT.PP,KWT,Kuwait,2002,0.151883326605578,,,2
PA.NUS.PRVT.PP,KWT,Kuwait,2003,0.149939684178141,,,2
PA.NUS.PRVT.PP,KWT,Kuwait,2004,0.147853392476087,,,2
PA.NUS.PRVT.PP,KWT,Kuwait,2005,0.148926232736261,,,2
PA.NUS.PRVT.PP,KWT,Kuwait,2006,0.148682512862256,,,2
PA.NUS.PRVT.PP,KWT,Kuwait,2007,0.152487699462616,,,2
PA.NUS.PRVT.PP,KWT,Kuwait,2008,0.162390688743589,,,2
PA.NUS.PRVT.PP,KWT,Kuwait,2009,0.170482386358522,,,2
PA.NUS.PRVT.PP,KWT,Kuwait,2010,0.175273401359465,,,2
PA.NUS.PRVT.PP,KWT,Kuwait,2011,0.178132236003876,,,2
PA.NUS.PRVT.PP,KWT,Kuwait,2012,0.182770833502798,,,2
PA.NUS.PRVT.PP,KWT,Kuwait,2013,0.191847531564224,,,2
PA.NUS.PRVT.PP,KWT,Kuwait,2014,0.191852300794336,,,2
PA.NUS.PRVT.PP,KWT,Kuwait,2015,0.197406896472535,,,2
PA.NUS.PRVT.PP,KWT,Kuwait,2016,0.193097427280966,,,2
PA.NUS.PRVT.PP,KWT,Kuwait,2017,0.190803036093712,,,2
PA.NUS.PRVT.PP,KWT,Kuwait,2018,0.186126977205276,,,2
PA.NUS.PRVT.PP,KWT,Kuwait,2019,0.187539651989937,,,2
PA.NUS.PRVT.PP,KWT,Kuwait,2020,0.193468913435936,,,2
PA.NUS.PRVT.PP,KWT,Kuwait,2021,0.191866680979729,,,2
PA.NUS.PRVT.PP,KWT,Kuwait,2022,0.184721342056322,,,2
PA.NUS.PRVT.PP,KWT,Kuwait,2023,0.18388007041447,,,2
PA.NUS.PRVT.PP,KWT,Kuwait,2024,0.183789023942982,,,2
PA.NUS.PRVT.PP,KWT,Kuwait,2025,0.183187259430518,,,2
PA.NUS.PRVT.PP,LAO,Lao PDR,1990,183.504766150973,,,2
PA.NUS.PRVT.PP,LAO,Lao PDR,1991,199.712897302888,,,2
PA.NUS.PRVT.PP,LAO,Lao PDR,1992,212.963359181822,,,2
PA.NUS.PRVT.PP,LAO,Lao PDR,1993,219.821859339766,,,2
PA.NUS.PRVT.PP,LAO,Lao PDR,1994,228.770572102924,,,2
PA.NUS.PRVT.PP,LAO,Lao PDR,1995,266.129639368943,,,2
PA.NUS.PRVT.PP,LAO,Lao PDR,1996,292.225736820568,,,2
PA.NUS.PRVT.PP,LAO,Lao PDR,1997,364.102133858799,,,2
PA.NUS.PRVT.PP,LAO,Lao PDR,1998,684.735917275048,,,2
PA.NUS.PRVT.PP,LAO,Lao PDR,1999,1509.49109897829,,,2
PA.NUS.PRVT.PP,LAO,Lao PDR,2000,1826.46443157749,,,2
PA.NUS.PRVT.PP,LAO,Lao PDR,2001,1915.02251205265,,,2
PA.NUS.PRVT.PP,LAO,Lao PDR,2002,2085.53786497448,,,2
PA.NUS.PRVT.PP,LAO,Lao PDR,2003,2355.11093038283,,,2
PA.NUS.PRVT.PP,LAO,Lao PDR,2004,2533.6764033847,,,2
PA.NUS.PRVT.PP,LAO,Lao PDR,2005,2626.12705547309,,,2
PA.NUS.PRVT.PP,LAO,Lao PDR,2006,2710.58085743891,,,2
PA.NUS.PRVT.PP,LAO,Lao PDR,2007,2758.26318211676,,,2
PA.NUS.PRVT.PP,LAO,Lao PDR,2008,2858.92866953805,,,2
PA.NUS.PRVT.PP,LAO,Lao PDR,2009,2873.18061084182,,,2
PA.NUS.PRVT.PP,LAO,Lao PDR,2010,2995.93529958927,,,2
PA.NUS.PRVT.PP,LAO,Lao PDR,2011,3124.0751953125,,,2
PA.NUS.PRVT.PP,LAO,Lao PDR,2012,3012.43642787216,,,2
PA.NUS.PRVT.PP,LAO,Lao PDR,2013,3188.95444686774,,,2
PA.NUS.PRVT.PP,LAO,Lao PDR,2014,3251.72083945618,,,2
PA.NUS.PRVT.PP,LAO,Lao PDR,2015,3268.98410259152,,,2
PA.NUS.PRVT.PP,LAO,Lao PDR,2016,3210.22331537756,,,2
PA.NUS.PRVT.PP,LAO,Lao PDR,2017,3186.72412109375,,,2
PA.NUS.PRVT.PP,LAO,Lao PDR,2018,3197.12255859375,,,2
PA.NUS.PRVT.PP,LAO,Lao PDR,2019,3224.54296875,,,2
PA.NUS.PRVT.PP,LAO,Lao PDR,2020,3249.99609375,,,2
PA.NUS.PRVT.PP,LAO,Lao PDR,2021,3260.25317382813,,,2
PA.NUS.PRVT.PP,LAO,Lao PDR,2022,3711.64835871624,,,2
PA.NUS.PRVT.PP,LAO,Lao PDR,2023,4678.22936994829,,,2
PA.NUS.PRVT.PP,LAO,Lao PDR,2024,5595.29580994293,,,2
PA.NUS.PRVT.PP,LAO,Lao PDR,2025,5870.11046725055,,,2
PA.NUS.PRVT.PP,LBN,Lebanon,2008,785.643490700837,,,2
PA.NUS.PRVT.PP,LBN,Lebanon,2009,797.869485388782,,,2
PA.NUS.PRVT.PP,LBN,Lebanon,2010,816.265345849102,,,2
PA.NUS.PRVT.PP,LBN,Lebanon,2011,830.624365675444,,,2
PA.NUS.PRVT.PP,LBN,Lebanon,2012,847.632393430659,,,2
PA.NUS.PRVT.PP,LBN,Lebanon,2013,855.769554087631,,,2
PA.NUS.PRVT.PP,LBN,Lebanon,2014,838.233967874165,,,2
PA.NUS.PRVT.PP,LBN,Lebanon,2015,787.537811976913,,,2
PA.NUS.PRVT.PP,LBN,Lebanon,2016,754.097790437686,,,2
PA.NUS.PRVT.PP,LBN,Lebanon,2017,752.772119866745,,,2
PA.NUS.PRVT.PP,LBN,Lebanon,2018,725.4521484375,,,2
PA.NUS.PRVT.PP,LBN,Lebanon,2019,748.327880859375,,,2
PA.NUS.PRVT.PP,LBN,Lebanon,2020,1374.564453125,,,2
PA.NUS.PRVT.PP,LBN,Lebanon,2021,4792.244140625,,,2
PA.NUS.PRVT.PP,LBN,Lebanon,2022,12033.7892066053,,,2
PA.NUS.PRVT.PP,LBN,Lebanon,2023,37140.7376355151,,,2
PA.NUS.PRVT.PP,LBN,Lebanon,2024,52398.8208363485,,,2
PA.NUS.PRVT.PP,LBN,Lebanon,2025,58470.1387395489,,,2
PA.NUS.PRVT.PP,LBR,Liberia,2001,0.28740507150492,,,2
PA.NUS.PRVT.PP,LBR,Liberia,2002,0.322978080618259,,,2
PA.NUS.PRVT.PP,LBR,Liberia,2003,0.348432889414332,,,2
PA.NUS.PRVT.PP,LBR,Liberia,2004,0.365915577526076,,,2
PA.NUS.PRVT.PP,LBR,Liberia,2005,0.392252064724179,,,2
PA.NUS.PRVT.PP,LBR,Liberia,2006,0.407890712197077,,,2
PA.NUS.PRVT.PP,LBR,Liberia,2007,0.44175536691329,,,2
PA.NUS.PRVT.PP,LBR,Liberia,2008,0.49982708195132,,,2
PA.NUS.PRVT.PP,LBR,Liberia,2009,0.538868379916689,,,2
PA.NUS.PRVT.PP,LBR,Liberia,2010,0.568822559572699,,,2
PA.NUS.PRVT.PP,LBR,Liberia,2011,0.598220304081048,,,2
PA.NUS.PRVT.PP,LBR,Liberia,2012,0.565186138886824,,,2
PA.NUS.PRVT.PP,LBR,Liberia,2013,0.544245766529522,,,2
PA.NUS.PRVT.PP,LBR,Liberia,2014,0.508704277580992,,,2
PA.NUS.PRVT.PP,LBR,Liberia,2015,0.506597431726292,,,2
PA.NUS.PRVT.PP,LBR,Liberia,2016,0.462167264939141,,,2
PA.NUS.PRVT.PP,LBR,Liberia,2017,0.403122905865233,,,2
PA.NUS.PRVT.PP,LBR,Liberia,2018,0.374572592398153,,,2
PA.NUS.PRVT.PP,LBR,Liberia,2019,0.351916300553917,,,2
PA.NUS.PRVT.PP,LBR,Liberia,2020,0.384042727383885,,,2
PA.NUS.PRVT.PP,LBR,Liberia,2021,0.456804173700457,,,2
PA.NUS.PRVT.PP,LBR,Liberia,2022,0.455070837322488,,,2
PA.NUS.PRVT.PP,LBR,Liberia,2023,0.481199934100986,,,2
PA.NUS.PRVT.PP,LBR,Liberia,2024,0.505811352137505,,,2
PA.NUS.PRVT.PP,LBR,Liberia,2025,0.533478423712667,,,2
PA.NUS.PRVT.PP,LBY,Libya,1990,0.536736564370792,,,2
PA.NUS.PRVT.PP,LBY,Libya,1991,0.576185988598462,,,2
PA.NUS.PRVT.PP,LBY,Libya,1992,0.611591560296791,,,2
PA.NUS.PRVT.PP,LBY,Libya,1993,0.659840256631665,,,2
PA.NUS.PRVT.PP,LBY,Libya,1994,0.675950234798878,,,2
PA.NUS.PRVT.PP,LBY,Libya,1995,0.705094549708922,,,2
PA.NUS.PRVT.PP,LBY,Libya,1996,0.712608301933503,,,2
PA.NUS.PRVT.PP,LBY,Libya,1997,0.72105204388801,,,2
PA.NUS.PRVT.PP,LBY,Libya,1998,0.736367357408097,,,2
PA.NUS.PRVT.PP,LBY,Libya,1999,0.73968640928074,,,2
PA.NUS.PRVT.PP,LBY,Libya,2000,0.694773977821061,,,2
PA.NUS.PRVT.PP,LBY,Libya,2001,0.6161243062997,,,2
PA.NUS.PRVT.PP,LBY,Libya,2002,0.547081732031967,,,2
PA.NUS.PRVT.PP,LBY,Libya,2003,0.523216821395041,,,2
PA.NUS.PRVT.PP,LBY,Libya,2004,0.498376070291454,,,2
PA.NUS.PRVT.PP,LBY,Libya,2005,0.494796856866395,,,2
PA.NUS.PRVT.PP,LBY,Libya,2006,0.486328584550786,,,2
PA.NUS.PRVT.PP,LBY,Libya,2007,0.502397179108292,,,2
PA.NUS.PRVT.PP,LBY,Libya,2008,0.533950301216374,,,2
PA.NUS.PRVT.PP,LBY,Libya,2009,0.549037026692448,,,2
PA.NUS.PRVT.PP,LBY,Libya,2010,0.555302288193991,,,2
PA.NUS.PRVT.PP,LBY,Libya,2011,0.621846075818511,,,2
PA.NUS.PRVT.PP,LBY,Libya,2012,0.606923130278638,,,2
PA.NUS.PRVT.PP,LBY,Libya,2013,0.576348857638226,,,2
PA.NUS.PRVT.PP,LBY,Libya,2014,0.54560955397176,,,2
PA.NUS.PRVT.PP,LBY,Libya,2015,0.587808478115531,,,2
PA.NUS.PRVT.PP,LBY,Libya,2016,0.676088695663555,,,2
PA.NUS.PRVT.PP,LBY,Libya,2017,0.796094477176666,,,2
PA.NUS.PRVT.PP,LBY,Libya,2018,1.08322333767297,,,2
PA.NUS.PRVT.PP,LBY,Libya,2019,1.28211427657285,,,2
PA.NUS.PRVT.PP,LBY,Libya,2020,1.58249850164813,,,2
PA.NUS.PRVT.PP,LBY,Libya,2021,1.9150892496109,,,2
PA.NUS.PRVT.PP,LBY,Libya,2022,1.85316079948122,,,2
PA.NUS.PRVT.PP,LBY,Libya,2023,1.82213433891365,,,2
PA.NUS.PRVT.PP,LBY,Libya,2024,1.80756131142362,,,2
PA.NUS.PRVT.PP,LBY,Libya,2025,1.79248544973222,,,2
PA.NUS.PRVT.PP,LCA,St. Lucia,1990,1.99323607903332,,,2
PA.NUS.PRVT.PP,LCA,St. Lucia,1991,2.02984781540215,,,2
PA.NUS.PRVT.PP,LCA,St. Lucia,1992,2.0714200422628,,,2
PA.NUS.PRVT.PP,LCA,St. Lucia,1993,2.02909744961676,,,2
PA.NUS.PRVT.PP,LCA,St. Lucia,1994,2.03322011562172,,,2
PA.NUS.PRVT.PP,LCA,St. Lucia,1995,2.08907612626968,,,2
PA.NUS.PRVT.PP,LCA,St. Lucia,1996,2.0483553153982,,,2
PA.NUS.PRVT.PP,LCA,St. Lucia,1997,2.00145444123241,,,2
PA.NUS.PRVT.PP,LCA,St. Lucia,1998,2.03396703479703,,,2
PA.NUS.PRVT.PP,LCA,St. Lucia,1999,2.06015634668507,,,2
PA.NUS.PRVT.PP,LCA,St. Lucia,2000,2.06681108147807,,,2
PA.NUS.PRVT.PP,LCA,St. Lucia,2001,2.11668030193189,,,2
PA.NUS.PRVT.PP,LCA,St. Lucia,2002,2.07830877403311,,,2
PA.NUS.PRVT.PP,LCA,St. Lucia,2003,2.05319429934739,,,2
PA.NUS.PRVT.PP,LCA,St. Lucia,2004,2.02886108150866,,,2
PA.NUS.PRVT.PP,LCA,St. Lucia,2005,2.03878096281042,,,2
PA.NUS.PRVT.PP,LCA,St. Lucia,2006,2.02238152658693,,,2
PA.NUS.PRVT.PP,LCA,St. Lucia,2007,2.02180011941049,,,2
PA.NUS.PRVT.PP,LCA,St. Lucia,2008,2.05510340056375,,,2
PA.NUS.PRVT.PP,LCA,St. Lucia,2009,2.05919960902518,,,2
PA.NUS.PRVT.PP,LCA,St. Lucia,2010,2.09182386178399,,,2
PA.NUS.PRVT.PP,LCA,St. Lucia,2011,2.08396744728088,,,2
PA.NUS.PRVT.PP,LCA,St. Lucia,2012,1.99814702585852,,,2
PA.NUS.PRVT.PP,LCA,St. Lucia,2013,2.00812233723849,,,2
PA.NUS.PRVT.PP,LCA,St. Lucia,2014,2.0478753201003,,,2
PA.NUS.PRVT.PP,LCA,St. Lucia,2015,2.06988566374034,,,2
PA.NUS.PRVT.PP,LCA,St. Lucia,2016,1.98521283366481,,,2
PA.NUS.PRVT.PP,LCA,St. Lucia,2017,1.98992514610291,,,2
PA.NUS.PRVT.PP,LCA,St. Lucia,2018,1.9529926776886,,,2
PA.NUS.PRVT.PP,LCA,St. Lucia,2019,1.88290727138519,,,2
PA.NUS.PRVT.PP,LCA,St. Lucia,2020,1.70564961433411,,,2
PA.NUS.PRVT.PP,LCA,St. Lucia,2021,1.64341807365417,,,2
PA.NUS.PRVT.PP,LCA,St. Lucia,2022,1.66852346151514,,,2
PA.NUS.PRVT.PP,LCA,St. Lucia,2023,1.66376077612922,,,2
PA.NUS.PRVT.PP,LCA,St. Lucia,2024,1.60519732168276,,,2
PA.NUS.PRVT.PP,LCA,St. Lucia,2025,1.59470755573369,,,2
PA.NUS.PRVT.PP,LKA,Sri Lanka,1990,10.0468074232424,,,2
PA.NUS.PRVT.PP,LKA,Sri Lanka,1991,10.8131416239251,,,2
PA.NUS.PRVT.PP,LKA,Sri Lanka,1992,11.6899803681807,,,2
PA.NUS.PRVT.PP,LKA,Sri Lanka,1993,12.6886463067737,,,2
PA.NUS.PRVT.PP,LKA,Sri Lanka,1994,13.4109898251039,,,2
PA.NUS.PRVT.PP,LKA,Sri Lanka,1995,14.046207925349,,,2
PA.NUS.PRVT.PP,LKA,Sri Lanka,1996,15.820846569415,,,2
PA.NUS.PRVT.PP,LKA,Sri Lanka,1997,16.939493530675,,,2
PA.NUS.PRVT.PP,LKA,Sri Lanka,1998,18.2425732178799,,,2
PA.NUS.PRVT.PP,LKA,Sri Lanka,1999,18.6895290735724,,,2
PA.NUS.PRVT.PP,LKA,Sri Lanka,2000,19.1956367016869,,,2
PA.NUS.PRVT.PP,LKA,Sri Lanka,2001,21.3111527940934,,,2
PA.NUS.PRVT.PP,LKA,Sri Lanka,2002,22.9820846162703,,,2
PA.NUS.PRVT.PP,LKA,Sri Lanka,2003,23.8909722741987,,,2
PA.NUS.PRVT.PP,LKA,Sri Lanka,2004,25.0308008293694,,,2
PA.NUS.PRVT.PP,LKA,Sri Lanka,2005,27.0273383057128,,,2
PA.NUS.PRVT.PP,LKA,Sri Lanka,2006,28.8062535893794,,,2
PA.NUS.PRVT.PP,LKA,Sri Lanka,2007,32.4442443688747,,,2
PA.NUS.PRVT.PP,LKA,Sri Lanka,2008,38.2949431626752,,,2
PA.NUS.PRVT.PP,LKA,Sri Lanka,2009,39.7632255224936,,,2
PA.NUS.PRVT.PP,LKA,Sri Lanka,2010,41.5540586599333,,,2
PA.NUS.PRVT.PP,LKA,Sri Lanka,2011,42.9880828857422,,,2
PA.NUS.PRVT.PP,LKA,Sri Lanka,2012,42.9678453528817,,,2
PA.NUS.PRVT.PP,LKA,Sri Lanka,2013,45.2520296103762,,,2
PA.NUS.PRVT.PP,LKA,Sri Lanka,2014,46.6097858537803,,,2
PA.NUS.PRVT.PP,LKA,Sri Lanka,2015,47.7732395541048,,,2
PA.NUS.PRVT.PP,LKA,Sri Lanka,2016,48.6001300940645,,,2
PA.NUS.PRVT.PP,LKA,Sri Lanka,2017,51.438835144043,,,2
PA.NUS.PRVT.PP,LKA,Sri Lanka,2018,52.0681266784668,,,2
PA.NUS.PRVT.PP,LKA,Sri Lanka,2019,53.977668762207,,,2
PA.NUS.PRVT.PP,LKA,Sri Lanka,2020,61.2962188720703,,,2
PA.NUS.PRVT.PP,LKA,Sri Lanka,2021,58.2961082458496,,,2
PA.NUS.PRVT.PP,LKA,Sri Lanka,2022,80.8141787979609,,,2
PA.NUS.PRVT.PP,LKA,Sri Lanka,2023,90.4582262264321,,,2
PA.NUS.PRVT.PP,LKA,Sri Lanka,2024,87.489315334573,,,2
PA.NUS.PRVT.PP,LKA,Sri Lanka,2025,81.132321829585,,,2
PA.NUS.PRVT.PP,LSO,Lesotho,1999,3.29787050600275,,,2
PA.NUS.PRVT.PP,LSO,Lesotho,2000,3.38576273850262,,,2
PA.NUS.PRVT.PP,LSO,Lesotho,2001,2.9760736608376,,,2
PA.NUS.PRVT.PP,LSO,Lesotho,2002,3.92018551669614,,,2
PA.NUS.PRVT.PP,LSO,Lesotho,2003,4.08727598032613,,,2
PA.NUS.PRVT.PP,LSO,Lesotho,2004,4.18067060009925,,,2
PA.NUS.PRVT.PP,LSO,Lesotho,2005,4.1824957236647,,,2
PA.NUS.PRVT.PP,LSO,Lesotho,2006,4.29784098011799,,,2
PA.NUS.PRVT.PP,LSO,Lesotho,2007,4.51344885427299,,,2
PA.NUS.PRVT.PP,LSO,Lesotho,2008,4.81234424240294,,,2
PA.NUS.PRVT.PP,LSO,Lesotho,2009,4.01527402756245,,,2
PA.NUS.PRVT.PP,LSO,Lesotho,2010,3.85546563696097,,,2
PA.NUS.PRVT.PP,LSO,Lesotho,2011,3.92572236061096,,,2
PA.NUS.PRVT.PP,LSO,Lesotho,2012,4.01571942511781,,,2
PA.NUS.PRVT.PP,LSO,Lesotho,2013,4.25514664330636,,,2
PA.NUS.PRVT.PP,LSO,Lesotho,2014,4.4679228556916,,,2
PA.NUS.PRVT.PP,LSO,Lesotho,2015,4.6048921383161,,,2
PA.NUS.PRVT.PP,LSO,Lesotho,2016,4.85429153794109,,,2
PA.NUS.PRVT.PP,LSO,Lesotho,2017,5.15003299713135,,,2
PA.NUS.PRVT.PP,LSO,Lesotho,2018,5.3468770980835,,,2
PA.NUS.PRVT.PP,LSO,Lesotho,2019,5.54376935958862,,,2
PA.NUS.PRVT.PP,LSO,Lesotho,2020,5.71063137054443,,,2
PA.NUS.PRVT.PP,LSO,Lesotho,2021,5.81723213195801,,,2
PA.NUS.PRVT.PP,LSO,Lesotho,2022,5.83172119311252,,,2
PA.NUS.PRVT.PP,LSO,Lesotho,2023,5.95639620777539,,,2
PA.NUS.PRVT.PP,LSO,Lesotho,2024,6.13898972690998,,,2
PA.NUS.PRVT.PP,LSO,Lesotho,2025,6.23295294045793,,,2
PA.NUS.PRVT.PP,LTU,Lithuania,1991,0.00332979548156238,,,2
PA.NUS.PRVT.PP,LTU,Lithuania,1992,0.0362174128205137,,,2
PA.NUS.PRVT.PP,LTU,Lithuania,1993,0.179572104337766,,,2
PA.NUS.PRVT.PP,LTU,Lithuania,1994,0.301460938699222,,,2
PA.NUS.PRVT.PP,LTU,Lithuania,1995,0.409495,,,2
PA.NUS.PRVT.PP,LTU,Lithuania,1996,0.474188,,,2
PA.NUS.PRVT.PP,LTU,Lithuania,1997,0.509086,,,2
PA.NUS.PRVT.PP,LTU,Lithuania,1998,0.530296,,,2
PA.NUS.PRVT.PP,LTU,Lithuania,1999,0.514348,,,2
PA.NUS.PRVT.PP,LTU,Lithuania,2000,0.501568,,,2
PA.NUS.PRVT.PP,LTU,Lithuania,2001,0.493575,,,2
PA.NUS.PRVT.PP,LTU,Lithuania,2002,0.476645,,,2
PA.NUS.PRVT.PP,LTU,Lithuania,2003,0.451769,,,2
PA.NUS.PRVT.PP,LTU,Lithuania,2004,0.455497,,,2
PA.NUS.PRVT.PP,LTU,Lithuania,2005,0.472793,,,2
PA.NUS.PRVT.PP,LTU,Lithuania,2006,0.495724,,,2
PA.NUS.PRVT.PP,LTU,Lithuania,2007,0.517216,,,2
PA.NUS.PRVT.PP,LTU,Lithuania,2008,0.545398,,,2
PA.NUS.PRVT.PP,LTU,Lithuania,2009,0.534594,,,2
PA.NUS.PRVT.PP,LTU,Lithuania,2010,0.516656,,,2
PA.NUS.PRVT.PP,LTU,Lithuania,2011,0.51747,,,2
PA.NUS.PRVT.PP,LTU,Lithuania,2012,0.518932,,,2
PA.NUS.PRVT.PP,LTU,Lithuania,2013,0.504278,,,2
PA.NUS.PRVT.PP,LTU,Lithuania,2014,0.499885,,,2
PA.NUS.PRVT.PP,LTU,Lithuania,2015,0.499193,,,2
PA.NUS.PRVT.PP,LTU,Lithuania,2016,0.49063,,,2
PA.NUS.PRVT.PP,LTU,Lithuania,2017,0.495473,,,2
PA.NUS.PRVT.PP,LTU,Lithuania,2018,0.498152,,,2
PA.NUS.PRVT.PP,LTU,Lithuania,2019,0.483945,,,2
PA.NUS.PRVT.PP,LTU,Lithuania,2020,0.490873,,,2
PA.NUS.PRVT.PP,LTU,Lithuania,2021,0.496016,,,2
PA.NUS.PRVT.PP,LTU,Lithuania,2022,0.526503,,,2
PA.NUS.PRVT.PP,LTU,Lithuania,2023,0.534146,,,2
PA.NUS.PRVT.PP,LTU,Lithuania,2024,0.526455,,,2
PA.NUS.PRVT.PP,LTU,Lithuania,2025,0.549622,,,2
PA.NUS.PRVT.PP,LUX,Luxembourg,1990,0.969377,,,2
PA.NUS.PRVT.PP,LUX,Luxembourg,1991,0.969582,,,2
PA.NUS.PRVT.PP,LUX,Luxembourg,1992,0.984439,,,2
PA.NUS.PRVT.PP,LUX,Luxembourg,1993,0.99877,,,2
PA.NUS.PRVT.PP,LUX,Luxembourg,1994,1.003976,,,2
PA.NUS.PRVT.PP,LUX,Luxembourg,1995,1.002326,,,2
PA.NUS.PRVT.PP,LUX,Luxembourg,1996,0.991066,,,2
PA.NUS.PRVT.PP,LUX,Luxembourg,1997,0.978133,,,2
PA.NUS.PRVT.PP,LUX,Luxembourg,1998,0.967566,,,2
PA.NUS.PRVT.PP,LUX,Luxembourg,1999,0.952492,,,2
PA.NUS.PRVT.PP,LUX,Luxembourg,2000,0.944594,,,2
PA.NUS.PRVT.PP,LUX,Luxembourg,2001,0.95775,,,2
PA.NUS.PRVT.PP,LUX,Luxembourg,2002,0.945064,,,2
PA.NUS.PRVT.PP,LUX,Luxembourg,2003,0.946606,,,2
PA.NUS.PRVT.PP,LUX,Luxembourg,2004,0.966131,,,2
PA.NUS.PRVT.PP,LUX,Luxembourg,2005,0.963143,,,2
PA.NUS.PRVT.PP,LUX,Luxembourg,2006,0.94739,,,2
PA.NUS.PRVT.PP,LUX,Luxembourg,2007,0.969579,,,2
PA.NUS.PRVT.PP,LUX,Luxembourg,2008,0.958198,,,2
PA.NUS.PRVT.PP,LUX,Luxembourg,2009,0.966483,,,2
PA.NUS.PRVT.PP,LUX,Luxembourg,2010,0.978294,,,2
PA.NUS.PRVT.PP,LUX,Luxembourg,2011,0.969149,,,2
PA.NUS.PRVT.PP,LUX,Luxembourg,2012,0.974533,,,2
PA.NUS.PRVT.PP,LUX,Luxembourg,2013,0.964711,,,2
PA.NUS.PRVT.PP,LUX,Luxembourg,2014,0.973161,,,2
PA.NUS.PRVT.PP,LUX,Luxembourg,2015,0.977016,,,2
PA.NUS.PRVT.PP,LUX,Luxembourg,2016,0.963597,,,2
PA.NUS.PRVT.PP,LUX,Luxembourg,2017,0.965991,,,2
PA.NUS.PRVT.PP,LUX,Luxembourg,2018,0.936657,,,2
PA.NUS.PRVT.PP,LUX,Luxembourg,2019,0.939668,,,2
PA.NUS.PRVT.PP,LUX,Luxembourg,2020,0.963947,,,2
PA.NUS.PRVT.PP,LUX,Luxembourg,2021,0.960736,,,2
PA.NUS.PRVT.PP,LUX,Luxembourg,2022,0.893705,,,2
PA.NUS.PRVT.PP,LUX,Luxembourg,2023,0.849427,,,2
PA.NUS.PRVT.PP,LUX,Luxembourg,2024,0.845038,,,2
PA.NUS.PRVT.PP,LUX,Luxembourg,2025,0.873002,,,2
PA.NUS.PRVT.PP,LVA,Latvia,1991,0.0106010933551868,,,2
PA.NUS.PRVT.PP,LVA,Latvia,1992,0.108213697661961,,,2
PA.NUS.PRVT.PP,LVA,Latvia,1993,0.219671364502825,,,2
PA.NUS.PRVT.PP,LVA,Latvia,1994,0.291,,,2
PA.NUS.PRVT.PP,LVA,Latvia,1995,0.337054,,,2
PA.NUS.PRVT.PP,LVA,Latvia,1996,0.376433,,,2
PA.NUS.PRVT.PP,LVA,Latvia,1997,0.398216,,,2
PA.NUS.PRVT.PP,LVA,Latvia,1998,0.412452,,,2
PA.NUS.PRVT.PP,LVA,Latvia,1999,0.417459,,,2
PA.NUS.PRVT.PP,LVA,Latvia,2000,0.412666,,,2
PA.NUS.PRVT.PP,LVA,Latvia,2001,0.402834,,,2
PA.NUS.PRVT.PP,LVA,Latvia,2002,0.41229,,,2
PA.NUS.PRVT.PP,LVA,Latvia,2003,0.432523,,,2
PA.NUS.PRVT.PP,LVA,Latvia,2004,0.455681,,,2
PA.NUS.PRVT.PP,LVA,Latvia,2005,0.492465,,,2
PA.NUS.PRVT.PP,LVA,Latvia,2006,0.544346,,,2
PA.NUS.PRVT.PP,LVA,Latvia,2007,0.599733,,,2
PA.NUS.PRVT.PP,LVA,Latvia,2008,0.640996,,,2
PA.NUS.PRVT.PP,LVA,Latvia,2009,0.609954,,,2
PA.NUS.PRVT.PP,LVA,Latvia,2010,0.566354,,,2
PA.NUS.PRVT.PP,LVA,Latvia,2011,0.577839,,,2
PA.NUS.PRVT.PP,LVA,Latvia,2012,0.5805,,,2
PA.NUS.PRVT.PP,LVA,Latvia,2013,0.564248,,,2
PA.NUS.PRVT.PP,LVA,Latvia,2014,0.569704,,,2
PA.NUS.PRVT.PP,LVA,Latvia,2015,0.569316,,,2
PA.NUS.PRVT.PP,LVA,Latvia,2016,0.561071,,,2
PA.NUS.PRVT.PP,LVA,Latvia,2017,0.562037,,,2
PA.NUS.PRVT.PP,LVA,Latvia,2018,0.565924,,,2
PA.NUS.PRVT.PP,LVA,Latvia,2019,0.554497,,,2
PA.NUS.PRVT.PP,LVA,Latvia,2020,0.550859,,,2
PA.NUS.PRVT.PP,LVA,Latvia,2021,0.520726,,,2
PA.NUS.PRVT.PP,LVA,Latvia,2022,0.535951,,,2
PA.NUS.PRVT.PP,LVA,Latvia,2023,0.532479,,,2
PA.NUS.PRVT.PP,LVA,Latvia,2024,0.533129,,,2
PA.NUS.PRVT.PP,LVA,Latvia,2025,0.552125,,,2
PA.NUS.PRVT.PP,MAC,"Macao SAR, China",1990,4.50031042168579,,,2
PA.NUS.PRVT.PP,MAC,"Macao SAR, China",1991,4.7306003980635,,,2
PA.NUS.PRVT.PP,MAC,"Macao SAR, China",1992,4.94571831828259,,,2
PA.NUS.PRVT.PP,MAC,"Macao SAR, China",1993,5.12606856726185,,,2
PA.NUS.PRVT.PP,MAC,"Macao SAR, China",1994,5.30814707154002,,,2
PA.NUS.PRVT.PP,MAC,"Macao SAR, China",1995,5.60520415161677,,,2
PA.NUS.PRVT.PP,MAC,"Macao SAR, China",1996,5.70819551350626,,,2
PA.NUS.PRVT.PP,MAC,"Macao SAR, China",1997,5.77252137993352,,,2
PA.NUS.PRVT.PP,MAC,"Macao SAR, China",1998,5.69409820942417,,,2
PA.NUS.PRVT.PP,MAC,"Macao SAR, China",1999,5.39363583200718,,,2
PA.NUS.PRVT.PP,MAC,"Macao SAR, China",2000,5.13346371706929,,,2
PA.NUS.PRVT.PP,MAC,"Macao SAR, China",2001,4.89328968512932,,,2
PA.NUS.PRVT.PP,MAC,"Macao SAR, China",2002,4.68984589872653,,,2
PA.NUS.PRVT.PP,MAC,"Macao SAR, China",2003,4.5140950608931,,,2
PA.NUS.PRVT.PP,MAC,"Macao SAR, China",2004,4.43950988779783,,,2
PA.NUS.PRVT.PP,MAC,"Macao SAR, China",2005,4.48258328232776,,,2
PA.NUS.PRVT.PP,MAC,"Macao SAR, China",2006,4.56613419141406,,,2
PA.NUS.PRVT.PP,MAC,"Macao SAR, China",2007,4.68683613137486,,,2
PA.NUS.PRVT.PP,MAC,"Macao SAR, China",2008,4.90221934436814,,,2
PA.NUS.PRVT.PP,MAC,"Macao SAR, China",2009,4.9772259116563,,,2
PA.NUS.PRVT.PP,MAC,"Macao SAR, China",2010,5.03449184755222,,,2
PA.NUS.PRVT.PP,MAC,"Macao SAR, China",2011,5.16379404067993,,,2
PA.NUS.PRVT.PP,MAC,"Macao SAR, China",2012,5.13876152038574,,,2
PA.NUS.PRVT.PP,MAC,"Macao SAR, China",2013,5.39379405975342,,,2
PA.NUS.PRVT.PP,MAC,"Macao SAR, China",2014,5.63144063949585,,,2
PA.NUS.PRVT.PP,MAC,"Macao SAR, China",2015,5.80924272537231,,,2
PA.NUS.PRVT.PP,MAC,"Macao SAR, China",2016,5.87891054153442,,,2
PA.NUS.PRVT.PP,MAC,"Macao SAR, China",2017,5.94029331207275,,,2
PA.NUS.PRVT.PP,MAC,"Macao SAR, China",2018,5.97287478092122,,,2
PA.NUS.PRVT.PP,MAC,"Macao SAR, China",2019,6.02800406528301,,,2
PA.NUS.PRVT.PP,MAC,"Macao SAR, China",2020,6.00286551161923,,,2
PA.NUS.PRVT.PP,MAC,"Macao SAR, China",2021,5.73502992011988,,,2
PA.NUS.PRVT.PP,MAC,"Macao SAR, China",2022,5.36556700343208,,,2
PA.NUS.PRVT.PP,MAC,"Macao SAR, China",2023,5.17798437443824,,,2
PA.NUS.PRVT.PP,MAC,"Macao SAR, China",2024,5.06345826892609,,,2
PA.NUS.PRVT.PP,MAC,"Macao SAR, China",2025,4.94685847656749,,,2
PA.NUS.PRVT.PP,MAR,Morocco,1990,4.00494642222653,,,2
PA.NUS.PRVT.PP,MAR,Morocco,1991,4.14907620969152,,,2
PA.NUS.PRVT.PP,MAR,Morocco,1992,4.25826815316846,,,2
PA.NUS.PRVT.PP,MAR,Morocco,1993,4.35056528108635,,,2
PA.NUS.PRVT.PP,MAR,Morocco,1994,4.45801687142689,,,2
PA.NUS.PRVT.PP,MAR,Morocco,1995,4.60190444117894,,,2
PA.NUS.PRVT.PP,MAR,Morocco,1996,4.60439046110219,,,2
PA.NUS.PRVT.PP,MAR,Morocco,1997,4.54592359608369,,,2
PA.NUS.PRVT.PP,MAR,Morocco,1998,4.59967818055658,,,2
PA.NUS.PRVT.PP,MAR,Morocco,1999,4.53201427195197,,,2
PA.NUS.PRVT.PP,MAR,Morocco,2000,4.46703401790455,,,2
PA.NUS.PRVT.PP,MAR,Morocco,2001,4.37118364868647,,,2
PA.NUS.PRVT.PP,MAR,Morocco,2002,4.42323146854866,,,2
PA.NUS.PRVT.PP,MAR,Morocco,2003,4.37555380493759,,,2
PA.NUS.PRVT.PP,MAR,Morocco,2004,4.32510690315715,,,2
PA.NUS.PRVT.PP,MAR,Morocco,2005,4.2242878138778,,,2
PA.NUS.PRVT.PP,MAR,Morocco,2006,4.22669478958023,,,2
PA.NUS.PRVT.PP,MAR,Morocco,2007,4.19338398426777,,,2
PA.NUS.PRVT.PP,MAR,Morocco,2008,4.18836604714942,,,2
PA.NUS.PRVT.PP,MAR,Morocco,2009,4.24416118363458,,,2
PA.NUS.PRVT.PP,MAR,Morocco,2010,4.21716600664783,,,2
PA.NUS.PRVT.PP,MAR,Morocco,2011,4.12518692016602,,,2
PA.NUS.PRVT.PP,MAR,Morocco,2012,4.03729282318657,,,2
PA.NUS.PRVT.PP,MAR,Morocco,2013,4.1655135986786,,,2
PA.NUS.PRVT.PP,MAR,Morocco,2014,4.35607307464669,,,2
PA.NUS.PRVT.PP,MAR,Morocco,2015,4.37221456933498,,,2
PA.NUS.PRVT.PP,MAR,Morocco,2016,4.35294209284587,,,2
PA.NUS.PRVT.PP,MAR,Morocco,2017,4.25364589691162,,,2
PA.NUS.PRVT.PP,MAR,Morocco,2018,4.51493549346924,,,2
PA.NUS.PRVT.PP,MAR,Morocco,2019,4.49949407577515,,,2
PA.NUS.PRVT.PP,MAR,Morocco,2020,4.54895067214966,,,2
PA.NUS.PRVT.PP,MAR,Morocco,2021,4.09103775024414,,,2
PA.NUS.PRVT.PP,MAR,Morocco,2022,4.04006179459565,,,2
PA.NUS.PRVT.PP,MAR,Morocco,2023,4.11669075453461,,,2
PA.NUS.PRVT.PP,MAR,Morocco,2024,4.03814462795615,,,2
PA.NUS.PRVT.PP,MAR,Morocco,2025,3.95964860930539,,,2
PA.NUS.PRVT.PP,MDA,Moldova,1991,0.000830933774002583,,,2
PA.NUS.PRVT.PP,MDA,Moldova,1992,0.00908792319780968,,,2
PA.NUS.PRVT.PP,MDA,Moldova,1993,0.151266156370981,,,2
PA.NUS.PRVT.PP,MDA,Moldova,1994,0.864521605183864,,,2
PA.NUS.PRVT.PP,MDA,Moldova,1995,1.09207886422338,,,2
PA.NUS.PRVT.PP,MDA,Moldova,1996,1.31036978373376,,,2
PA.NUS.PRVT.PP,MDA,Moldova,1997,1.43118085207723,,,2
PA.NUS.PRVT.PP,MDA,Moldova,1998,1.51776127858876,,,2
PA.NUS.PRVT.PP,MDA,Moldova,1999,2.06831799281661,,,2
PA.NUS.PRVT.PP,MDA,Moldova,2000,2.626977788584,,,2
PA.NUS.PRVT.PP,MDA,Moldova,2001,2.80424067297973,,,2
PA.NUS.PRVT.PP,MDA,Moldova,2002,2.90679758170637,,,2
PA.NUS.PRVT.PP,MDA,Moldova,2003,3.17613113476881,,,2
PA.NUS.PRVT.PP,MDA,Moldova,2004,3.48073117867497,,,2
PA.NUS.PRVT.PP,MDA,Moldova,2005,3.7691214655826,,,2
PA.NUS.PRVT.PP,MDA,Moldova,2006,4.11788977921463,,,2
PA.NUS.PRVT.PP,MDA,Moldova,2007,4.4988194928902,,,2
PA.NUS.PRVT.PP,MDA,Moldova,2008,4.88631517453235,,,2
PA.NUS.PRVT.PP,MDA,Moldova,2009,4.90067471218669,,,2
PA.NUS.PRVT.PP,MDA,Moldova,2010,5.18243963752143,,,2
PA.NUS.PRVT.PP,MDA,Moldova,2011,5.41004037857056,,,2
PA.NUS.PRVT.PP,MDA,Moldova,2012,5.37445368341056,,,2
PA.NUS.PRVT.PP,MDA,Moldova,2013,5.94543989619242,,,2
PA.NUS.PRVT.PP,MDA,Moldova,2014,6.12626191389528,,,2
PA.NUS.PRVT.PP,MDA,Moldova,2015,6.40559345057086,,,2
PA.NUS.PRVT.PP,MDA,Moldova,2016,6.34350565546183,,,2
PA.NUS.PRVT.PP,MDA,Moldova,2017,6.37768173217773,,,2
PA.NUS.PRVT.PP,MDA,Moldova,2018,6.36023950576782,,,2
PA.NUS.PRVT.PP,MDA,Moldova,2019,6.38703298568726,,,2
PA.NUS.PRVT.PP,MDA,Moldova,2020,6.29223155975342,,,2
PA.NUS.PRVT.PP,MDA,Moldova,2021,6.33280563354492,,,2
PA.NUS.PRVT.PP,MDA,Moldova,2022,7.54858471566183,,,2
PA.NUS.PRVT.PP,MDA,Moldova,2023,8.22289685537953,,,2
PA.NUS.PRVT.PP,MDA,Moldova,2024,8.3609343274118,,,2
PA.NUS.PRVT.PP,MDA,Moldova,2025,8.77294960538386,,,2
PA.NUS.PRVT.PP,MDG,Madagascar,1990,89.7619109318166,,,2
PA.NUS.PRVT.PP,MDG,Madagascar,1991,93.5145290161709,,,2
PA.NUS.PRVT.PP,MDG,Madagascar,1992,103.937628184632,,,2
PA.NUS.PRVT.PP,MDG,Madagascar,1993,111.061914698049,,,2
PA.NUS.PRVT.PP,MDG,Madagascar,1994,150.390079797003,,,2
PA.NUS.PRVT.PP,MDG,Madagascar,1995,218.083684253844,,,2
PA.NUS.PRVT.PP,MDG,Madagascar,1996,253.731676557777,,,2
PA.NUS.PRVT.PP,MDG,Madagascar,1997,259.059052976521,,,2
PA.NUS.PRVT.PP,MDG,Madagascar,1998,270.93580085155,,,2
PA.NUS.PRVT.PP,MDG,Madagascar,1999,291.461212695233,,,2
PA.NUS.PRVT.PP,MDG,Madagascar,2000,315.377736919003,,,2
PA.NUS.PRVT.PP,MDG,Madagascar,2001,330.991628592128,,,2
PA.NUS.PRVT.PP,MDG,Madagascar,2002,379.580106407263,,,2
PA.NUS.PRVT.PP,MDG,Madagascar,2003,364.830054461169,,,2
PA.NUS.PRVT.PP,MDG,Madagascar,2004,404.904755104975,,,2
PA.NUS.PRVT.PP,MDG,Madagascar,2005,463.534211965145,,,2
PA.NUS.PRVT.PP,MDG,Madagascar,2006,497.39106557937,,,2
PA.NUS.PRVT.PP,MDG,Madagascar,2007,533.347824265232,,,2
PA.NUS.PRVT.PP,MDG,Madagascar,2008,561.378659725402,,,2
PA.NUS.PRVT.PP,MDG,Madagascar,2009,613.828172004084,,,2
PA.NUS.PRVT.PP,MDG,Madagascar,2010,659.770318140716,,,2
PA.NUS.PRVT.PP,MDG,Madagascar,2011,700.228210449219,,,2
PA.NUS.PRVT.PP,MDG,Madagascar,2012,706.438365949252,,,2
PA.NUS.PRVT.PP,MDG,Madagascar,2013,755.768262460694,,,2
PA.NUS.PRVT.PP,MDG,Madagascar,2014,791.156719718935,,,2
PA.NUS.PRVT.PP,MDG,Madagascar,2015,842.85875158162,,,2
PA.NUS.PRVT.PP,MDG,Madagascar,2016,878.054907405745,,,2
PA.NUS.PRVT.PP,MDG,Madagascar,2017,946.680419921875,,,2
PA.NUS.PRVT.PP,MDG,Madagascar,2018,1016.07672119141,,,2
PA.NUS.PRVT.PP,MDG,Madagascar,2019,1055.86950683594,,,2
PA.NUS.PRVT.PP,MDG,Madagascar,2020,1099.48937988281,,,2
PA.NUS.PRVT.PP,MDG,Madagascar,2021,1131.71118164063,,,2
PA.NUS.PRVT.PP,MDG,Madagascar,2022,1133.36459500418,,,2
PA.NUS.PRVT.PP,MDG,Madagascar,2023,1196.04351989314,,,2
PA.NUS.PRVT.PP,MDG,Madagascar,2024,1250.22683733718,,,2
PA.NUS.PRVT.PP,MDG,Madagascar,2025,1315.38474116168,,,2
PA.NUS.PRVT.PP,MDV,Maldives,1990,4.81198784570279,,,2
PA.NUS.PRVT.PP,MDV,Maldives,1991,5.29573569751242,,,2
PA.NUS.PRVT.PP,MDV,Maldives,1992,6.0064599468878,,,2
PA.NUS.PRVT.PP,MDV,Maldives,1993,7.00853384502672,,,2
PA.NUS.PRVT.PP,MDV,Maldives,1994,7.06171966283109,,,2
PA.NUS.PRVT.PP,MDV,Maldives,1995,7.24604567086747,,,2
PA.NUS.PRVT.PP,MDV,Maldives,1996,7.47906260314309,,,2
PA.NUS.PRVT.PP,MDV,Maldives,1997,7.86165845049648,,,2
PA.NUS.PRVT.PP,MDV,Maldives,1998,7.6327788964241,,,2
PA.NUS.PRVT.PP,MDV,Maldives,1999,7.68997028359658,,,2
PA.NUS.PRVT.PP,MDV,Maldives,2000,7.35138602047922,,,2
PA.NUS.PRVT.PP,MDV,Maldives,2001,7.19741841858963,,,2
PA.NUS.PRVT.PP,MDV,Maldives,2002,7.38110824434921,,,2
PA.NUS.PRVT.PP,MDV,Maldives,2003,7.12628478679544,,,2
PA.NUS.PRVT.PP,MDV,Maldives,2004,6.82349637038589,,,2
PA.NUS.PRVT.PP,MDV,Maldives,2005,6.68540182879602,,,2
PA.NUS.PRVT.PP,MDV,Maldives,2006,6.6538275405229,,,2
PA.NUS.PRVT.PP,MDV,Maldives,2007,6.90885310235878,,,2
PA.NUS.PRVT.PP,MDV,Maldives,2008,7.45459056276794,,,2
PA.NUS.PRVT.PP,MDV,Maldives,2009,7.8201007556795,,,2
PA.NUS.PRVT.PP,MDV,Maldives,2010,8.16708425796964,,,2
PA.NUS.PRVT.PP,MDV,Maldives,2011,8.80968570709229,,,2
PA.NUS.PRVT.PP,MDV,Maldives,2012,9.27749712968527,,,2
PA.NUS.PRVT.PP,MDV,Maldives,2013,9.75067632557955,,,2
PA.NUS.PRVT.PP,MDV,Maldives,2014,9.87048344460541,,,2
PA.NUS.PRVT.PP,MDV,Maldives,2015,9.89154705698716,,,2
PA.NUS.PRVT.PP,MDV,Maldives,2016,9.81507498417071,,,2
PA.NUS.PRVT.PP,MDV,Maldives,2017,10.0624704360962,,,2
PA.NUS.PRVT.PP,MDV,Maldives,2018,10.0212287902832,,,2
PA.NUS.PRVT.PP,MDV,Maldives,2019,10.1280145645142,,,2
PA.NUS.PRVT.PP,MDV,Maldives,2020,10.2365484237671,,,2
PA.NUS.PRVT.PP,MDV,Maldives,2021,10.248682975769,,,2
PA.NUS.PRVT.PP,MDV,Maldives,2022,9.71042667139528,,,2
PA.NUS.PRVT.PP,MDV,Maldives,2023,9.59733202610008,,,2
PA.NUS.PRVT.PP,MDV,Maldives,2024,9.45389903464082,,,2
PA.NUS.PRVT.PP,MDV,Maldives,2025,9.57426755093762,,,2
PA.NUS.PRVT.PP,MEX,Mexico,1990,1.450376,,,2
PA.NUS.PRVT.PP,MEX,Mexico,1991,1.745045,,,2
PA.NUS.PRVT.PP,MEX,Mexico,1992,1.960961,,,2
PA.NUS.PRVT.PP,MEX,Mexico,1993,2.428606,,,2
PA.NUS.PRVT.PP,MEX,Mexico,1994,2.52992,,,2
PA.NUS.PRVT.PP,MEX,Mexico,1995,3.374921,,,2
PA.NUS.PRVT.PP,MEX,Mexico,1996,4.295411,,,2
PA.NUS.PRVT.PP,MEX,Mexico,1997,4.951413,,,2
PA.NUS.PRVT.PP,MEX,Mexico,1998,5.582759,,,2
PA.NUS.PRVT.PP,MEX,Mexico,1999,6.22464,,,2
PA.NUS.PRVT.PP,MEX,Mexico,2000,6.775323,,,2
PA.NUS.PRVT.PP,MEX,Mexico,2001,6.871632,,,2
PA.NUS.PRVT.PP,MEX,Mexico,2002,7.237584,,,2
PA.NUS.PRVT.PP,MEX,Mexico,2003,7.162221,,,2
PA.NUS.PRVT.PP,MEX,Mexico,2004,7.568289,,,2
PA.NUS.PRVT.PP,MEX,Mexico,2005,7.648331,,,2
PA.NUS.PRVT.PP,MEX,Mexico,2006,7.581956,,,2
PA.NUS.PRVT.PP,MEX,Mexico,2007,7.918612,,,2
PA.NUS.PRVT.PP,MEX,Mexico,2008,8.158591,,,2
PA.NUS.PRVT.PP,MEX,Mexico,2009,8.490955,,,2
PA.NUS.PRVT.PP,MEX,Mexico,2010,8.914111,,,2
PA.NUS.PRVT.PP,MEX,Mexico,2011,8.940212,,,2
PA.NUS.PRVT.PP,MEX,Mexico,2012,9.223471,,,2
PA.NUS.PRVT.PP,MEX,Mexico,2013,9.180892,,,2
PA.NUS.PRVT.PP,MEX,Mexico,2014,9.353626,,,2
PA.NUS.PRVT.PP,MEX,Mexico,2015,9.433591,,,2
PA.NUS.PRVT.PP,MEX,Mexico,2016,9.459933,,,2
PA.NUS.PRVT.PP,MEX,Mexico,2017,10.135383,,,2
PA.NUS.PRVT.PP,MEX,Mexico,2018,10.35149,,,2
PA.NUS.PRVT.PP,MEX,Mexico,2019,10.773938,,,2
PA.NUS.PRVT.PP,MEX,Mexico,2020,11.165429,,,2
PA.NUS.PRVT.PP,MEX,Mexico,2021,11.208339,,,2
PA.NUS.PRVT.PP,MEX,Mexico,2022,11.009382,,,2
PA.NUS.PRVT.PP,MEX,Mexico,2023,10.501206,,,2
PA.NUS.PRVT.PP,MEX,Mexico,2024,10.801299,,,2
PA.NUS.PRVT.PP,MEX,Mexico,2025,11.308778,,,2
PA.NUS.PRVT.PP,MHL,Marshall Islands,2011,1.08341617009286,,,2
PA.NUS.PRVT.PP,MHL,Marshall Islands,2012,1.10751907726103,,,2
PA.NUS.PRVT.PP,MHL,Marshall Islands,2013,1.11173037259624,,,2
PA.NUS.PRVT.PP,MHL,Marshall Islands,2014,1.10600188191064,,,2
PA.NUS.PRVT.PP,MHL,Marshall Islands,2015,1.07997875964095,,,2
PA.NUS.PRVT.PP,MHL,Marshall Islands,2016,1.05045224085324,,,2
PA.NUS.PRVT.PP,MHL,Marshall Islands,2017,1.02906276634779,,,2
PA.NUS.PRVT.PP,MHL,Marshall Islands,2018,1.0125736060371,,,2
PA.NUS.PRVT.PP,MHL,Marshall Islands,2019,0.993459595246743,,,2
PA.NUS.PRVT.PP,MHL,Marshall Islands,2020,0.974896137146137,,,2
PA.NUS.PRVT.PP,MHL,Marshall Islands,2021,0.952069344766988,,,2
PA.NUS.PRVT.PP,MKD,North Macedonia,1993,9.37963835008852,,,2
PA.NUS.PRVT.PP,MKD,North Macedonia,1994,20.7126307620692,,,2
PA.NUS.PRVT.PP,MKD,North Macedonia,1995,23.4462656360325,,,2
PA.NUS.PRVT.PP,MKD,North Macedonia,1996,23.3404354209915,,,2
PA.NUS.PRVT.PP,MKD,North Macedonia,1997,23.1024814341924,,,2
PA.NUS.PRVT.PP,MKD,North Macedonia,1998,23.1090329355336,,,2
PA.NUS.PRVT.PP,MKD,North Macedonia,1999,22.6181732921847,,,2
PA.NUS.PRVT.PP,MKD,North Macedonia,2000,23.7142816609251,,,2
PA.NUS.PRVT.PP,MKD,North Macedonia,2001,25.0237859324643,,,2
PA.NUS.PRVT.PP,MKD,North Macedonia,2002,24.4344196040874,,,2
PA.NUS.PRVT.PP,MKD,North Macedonia,2003,24.7306288165067,,,2
PA.NUS.PRVT.PP,MKD,North Macedonia,2004,24.436404472799,,,2
PA.NUS.PRVT.PP,MKD,North Macedonia,2005,24.365656322959,,,2
PA.NUS.PRVT.PP,MKD,North Macedonia,2006,24.6209771553753,,,2
PA.NUS.PRVT.PP,MKD,North Macedonia,2007,24.9077554899972,,,2
PA.NUS.PRVT.PP,MKD,North Macedonia,2008,24.8403656525279,,,2
PA.NUS.PRVT.PP,MKD,North Macedonia,2009,23.5626975024039,,,2
PA.NUS.PRVT.PP,MKD,North Macedonia,2010,23.525223210491,,,2
PA.NUS.PRVT.PP,MKD,North Macedonia,2011,23.9432628920786,,,2
PA.NUS.PRVT.PP,MKD,North Macedonia,2012,23.9368897594711,,,2
PA.NUS.PRVT.PP,MKD,North Macedonia,2013,23.4674334491558,,,2
PA.NUS.PRVT.PP,MKD,North Macedonia,2014,23.0363119292405,,,2
PA.NUS.PRVT.PP,MKD,North Macedonia,2015,23.0662418314914,,,2
PA.NUS.PRVT.PP,MKD,North Macedonia,2016,22.2509571689603,,,2
PA.NUS.PRVT.PP,MKD,North Macedonia,2017,22.5260447437712,,,2
PA.NUS.PRVT.PP,MKD,North Macedonia,2018,22.6665085314722,,,2
PA.NUS.PRVT.PP,MKD,North Macedonia,2019,21.8094347475246,,,2
PA.NUS.PRVT.PP,MKD,North Macedonia,2020,22.1431328213483,,,2
PA.NUS.PRVT.PP,MKD,North Macedonia,2021,20.8911156242949,,,2
PA.NUS.PRVT.PP,MKD,North Macedonia,2022,21.4779003666028,,,2
PA.NUS.PRVT.PP,MKD,North Macedonia,2023,21.4404320188407,,,2
PA.NUS.PRVT.PP,MKD,North Macedonia,2024,21.4628860155407,,,2
PA.NUS.PRVT.PP,MKD,North Macedonia,2025,22.3925017926221,,,2
PA.NUS.PRVT.PP,MLI,Mali,1990,198.356686454781,,,2
PA.NUS.PRVT.PP,MLI,Mali,1991,193.723820252039,,,2
PA.NUS.PRVT.PP,MLI,Mali,1992,176.291060817798,,,2
PA.NUS.PRVT.PP,MLI,Mali,1993,170.785072137251,,,2
PA.NUS.PRVT.PP,MLI,Mali,1994,205.021749262785,,,2
PA.NUS.PRVT.PP,MLI,Mali,1995,226.233501404581,,,2
PA.NUS.PRVT.PP,MLI,Mali,1996,234.748766085807,,,2
PA.NUS.PRVT.PP,MLI,Mali,1997,228.553750516759,,,2
PA.NUS.PRVT.PP,MLI,Mali,1998,234.144944091625,,,2
PA.NUS.PRVT.PP,MLI,Mali,1999,226.377545122016,,,2
PA.NUS.PRVT.PP,MLI,Mali,2000,217.498845707338,,,2
PA.NUS.PRVT.PP,MLI,Mali,2001,222.492517487967,,,2
PA.NUS.PRVT.PP,MLI,Mali,2002,230.041638401788,,,2
PA.NUS.PRVT.PP,MLI,Mali,2003,221.906127561086,,,2
PA.NUS.PRVT.PP,MLI,Mali,2004,209.420831611475,,,2
PA.NUS.PRVT.PP,MLI,Mali,2005,215.507700555419,,,2
PA.NUS.PRVT.PP,MLI,Mali,2006,211.995269005041,,,2
PA.NUS.PRVT.PP,MLI,Mali,2007,209.025824310314,,,2
PA.NUS.PRVT.PP,MLI,Mali,2008,219.758797224251,,,2
PA.NUS.PRVT.PP,MLI,Mali,2009,225.976559956544,,,2
PA.NUS.PRVT.PP,MLI,Mali,2010,224.795727249218,,,2
PA.NUS.PRVT.PP,MLI,Mali,2011,224.357284545898,,,2
PA.NUS.PRVT.PP,MLI,Mali,2012,220.711412704535,,,2
PA.NUS.PRVT.PP,MLI,Mali,2013,215.95842693077,,,2
PA.NUS.PRVT.PP,MLI,Mali,2014,211.510144813012,,,2
PA.NUS.PRVT.PP,MLI,Mali,2015,208.851949592138,,,2
PA.NUS.PRVT.PP,MLI,Mali,2016,197.37118696089,,,2
PA.NUS.PRVT.PP,MLI,Mali,2017,197.892990112305,,,2
PA.NUS.PRVT.PP,MLI,Mali,2018,194.320159912109,,,2
PA.NUS.PRVT.PP,MLI,Mali,2019,190.588455200195,,,2
PA.NUS.PRVT.PP,MLI,Mali,2020,191.033294677734,,,2
PA.NUS.PRVT.PP,MLI,Mali,2021,192.861511230469,,,2
PA.NUS.PRVT.PP,MLI,Mali,2022,195.751995098091,,,2
PA.NUS.PRVT.PP,MLI,Mali,2023,191.88356481126,,,2
PA.NUS.PRVT.PP,MLI,Mali,2024,192.362341090554,,,2
PA.NUS.PRVT.PP,MLI,Mali,2025,193.448767309698,,,2
PA.NUS.PRVT.PP,MLT,Malta,1990,0.614442739253682,,,2
PA.NUS.PRVT.PP,MLT,Malta,1991,0.604464216862584,,,2
PA.NUS.PRVT.PP,MLT,Malta,1992,0.596276266684375,,,2
PA.NUS.PRVT.PP,MLT,Malta,1993,0.603186835654147,,,2
PA.NUS.PRVT.PP,MLT,Malta,1994,0.612136869048882,,,2
PA.NUS.PRVT.PP,MLT,Malta,1995,0.621790174263839,,,2
PA.NUS.PRVT.PP,MLT,Malta,1996,0.615664984046713,,,2
PA.NUS.PRVT.PP,MLT,Malta,1997,0.628888293422275,,,2
PA.NUS.PRVT.PP,MLT,Malta,1998,0.642703014743886,,,2
PA.NUS.PRVT.PP,MLT,Malta,1999,0.645455101162103,,,2
PA.NUS.PRVT.PP,MLT,Malta,2000,0.644692896837887,,,2
PA.NUS.PRVT.PP,MLT,Malta,2001,0.65147529285052,,,2
PA.NUS.PRVT.PP,MLT,Malta,2002,0.657110754363127,,,2
PA.NUS.PRVT.PP,MLT,Malta,2003,0.635276405207911,,,2
PA.NUS.PRVT.PP,MLT,Malta,2004,0.635915282480169,,,2
PA.NUS.PRVT.PP,MLT,Malta,2005,0.639916269499736,,,2
PA.NUS.PRVT.PP,MLT,Malta,2006,0.659439405637832,,,2
PA.NUS.PRVT.PP,MLT,Malta,2007,0.656023918256822,,,2
PA.NUS.PRVT.PP,MLT,Malta,2008,0.656390372301003,,,2
PA.NUS.PRVT.PP,MLT,Malta,2009,0.651684936208554,,,2
PA.NUS.PRVT.PP,MLT,Malta,2010,0.639095092198004,,,2
PA.NUS.PRVT.PP,MLT,Malta,2011,0.638902991793308,,,2
PA.NUS.PRVT.PP,MLT,Malta,2012,0.644688201962116,,,2
PA.NUS.PRVT.PP,MLT,Malta,2013,0.652099889852869,,,2
PA.NUS.PRVT.PP,MLT,Malta,2014,0.649160933118583,,,2
PA.NUS.PRVT.PP,MLT,Malta,2015,0.653171187783213,,,2
PA.NUS.PRVT.PP,MLT,Malta,2016,0.63714669613383,,,2
PA.NUS.PRVT.PP,MLT,Malta,2017,0.647291850307899,,,2
PA.NUS.PRVT.PP,MLT,Malta,2018,0.638618635570187,,,2
PA.NUS.PRVT.PP,MLT,Malta,2019,0.615431947924914,,,2
PA.NUS.PRVT.PP,MLT,Malta,2020,0.628609704422467,,,2
PA.NUS.PRVT.PP,MLT,Malta,2021,0.634810241647645,,,2
PA.NUS.PRVT.PP,MLT,Malta,2022,0.600271169922881,,,2
PA.NUS.PRVT.PP,MLT,Malta,2023,0.575226970381381,,,2
PA.NUS.PRVT.PP,MLT,Malta,2024,0.583852578194474,,,2
PA.NUS.PRVT.PP,MLT,Malta,2025,0.610362616091725,,,2
PA.NUS.PRVT.PP,MMR,Myanmar,1990,7.66621241300766,,,2
PA.NUS.PRVT.PP,MMR,Myanmar,1991,9.72826682371048,,,2
PA.NUS.PRVT.PP,MMR,Myanmar,1992,11.5113833568025,,,2
PA.NUS.PRVT.PP,MMR,Myanmar,1993,14.7405511477208,,,2
PA.NUS.PRVT.PP,MMR,Myanmar,1994,17.8279905934115,,,2
PA.NUS.PRVT.PP,MMR,Myanmar,1995,21.7106273358517,,,2
PA.NUS.PRVT.PP,MMR,Myanmar,1996,24.5252333765261,,,2
PA.NUS.PRVT.PP,MMR,Myanmar,1997,31.0819493701873,,,2
PA.NUS.PRVT.PP,MMR,Myanmar,1998,46.365560609207,,,2
PA.NUS.PRVT.PP,MMR,Myanmar,1999,53.7218586496069,,,2
PA.NUS.PRVT.PP,MMR,Myanmar,2000,51.9102769444679,,,2
PA.NUS.PRVT.PP,MMR,Myanmar,2001,61.1362091192364,,,2
PA.NUS.PRVT.PP,MMR,Myanmar,2002,94.5301240148087,,,2
PA.NUS.PRVT.PP,MMR,Myanmar,2003,126.252380432892,,,2
PA.NUS.PRVT.PP,MMR,Myanmar,2004,128.535727553402,,,2
PA.NUS.PRVT.PP,MMR,Myanmar,2005,135.964807332135,,,2
PA.NUS.PRVT.PP,MMR,Myanmar,2006,158.054251024769,,,2
PA.NUS.PRVT.PP,MMR,Myanmar,2007,207.493019337326,,,2
PA.NUS.PRVT.PP,MMR,Myanmar,2008,253.372946680694,,,2
PA.NUS.PRVT.PP,MMR,Myanmar,2009,258.020849309517,,,2
PA.NUS.PRVT.PP,MMR,Myanmar,2010,273.451166075048,,,2
PA.NUS.PRVT.PP,MMR,Myanmar,2011,278.393951416016,,,2
PA.NUS.PRVT.PP,MMR,Myanmar,2012,272.828717414957,,,2
PA.NUS.PRVT.PP,MMR,Myanmar,2013,301.148450015732,,,2
PA.NUS.PRVT.PP,MMR,Myanmar,2014,319.710953841077,,,2
PA.NUS.PRVT.PP,MMR,Myanmar,2015,353.954143085677,,,2
PA.NUS.PRVT.PP,MMR,Myanmar,2016,379.882021086849,,,2
PA.NUS.PRVT.PP,MMR,Myanmar,2017,405.672180175781,,,2
PA.NUS.PRVT.PP,MMR,Myanmar,2018,416.504852294922,,,2
PA.NUS.PRVT.PP,MMR,Myanmar,2019,427.312744140625,,,2
PA.NUS.PRVT.PP,MMR,Myanmar,2020,435.508728027344,,,2
PA.NUS.PRVT.PP,MMR,Myanmar,2021,499.697723388672,,,2
PA.NUS.PRVT.PP,MNE,Montenegro,2000,0.316251753475786,,,2
PA.NUS.PRVT.PP,MNE,Montenegro,2001,0.381476966215439,,,2
PA.NUS.PRVT.PP,MNE,Montenegro,2002,0.436805244734958,,,2
PA.NUS.PRVT.PP,MNE,Montenegro,2003,0.464959564481687,,,2
PA.NUS.PRVT.PP,MNE,Montenegro,2004,0.46906794029338,,,2
PA.NUS.PRVT.PP,MNE,Montenegro,2005,0.47449657752545,,,2
PA.NUS.PRVT.PP,MNE,Montenegro,2006,0.472930518883297,,,2
PA.NUS.PRVT.PP,MNE,Montenegro,2007,0.470850276093788,,,2
PA.NUS.PRVT.PP,MNE,Montenegro,2008,0.490543749161246,,,2
PA.NUS.PRVT.PP,MNE,Montenegro,2009,0.478671822828448,,,2
PA.NUS.PRVT.PP,MNE,Montenegro,2010,0.457933126841516,,,2
PA.NUS.PRVT.PP,MNE,Montenegro,2011,0.446452762720911,,,2
PA.NUS.PRVT.PP,MNE,Montenegro,2012,0.455488976061472,,,2
PA.NUS.PRVT.PP,MNE,Montenegro,2013,0.447288806247172,,,2
PA.NUS.PRVT.PP,MNE,Montenegro,2014,0.439252005434734,,,2
PA.NUS.PRVT.PP,MNE,Montenegro,2015,0.437176785783535,,,2
PA.NUS.PRVT.PP,MNE,Montenegro,2016,0.421638214755673,,,2
PA.NUS.PRVT.PP,MNE,Montenegro,2017,0.426626748403879,,,2
PA.NUS.PRVT.PP,MNE,Montenegro,2018,0.424531416981828,,,2
PA.NUS.PRVT.PP,MNE,Montenegro,2019,0.406331548739607,,,2
PA.NUS.PRVT.PP,MNE,Montenegro,2020,0.420345310640483,,,2
PA.NUS.PRVT.PP,MNE,Montenegro,2021,0.410896296113516,,,2
PA.NUS.PRVT.PP,MNE,Montenegro,2022,0.407454083496634,,,2
PA.NUS.PRVT.PP,MNE,Montenegro,2023,0.402172542582361,,,2
PA.NUS.PRVT.PP,MNE,Montenegro,2024,0.41391345513706,,,2
PA.NUS.PRVT.PP,MNE,Montenegro,2025,0.43894822001994,,,2
PA.NUS.PRVT.PP,MNG,Mongolia,1992,19.6502771327705,,,2
PA.NUS.PRVT.PP,MNG,Mongolia,1993,70.2685060763391,,,2
PA.NUS.PRVT.PP,MNG,Mongolia,1994,128.46014695292,,,2
PA.NUS.PRVT.PP,MNG,Mongolia,1995,125.009020136794,,,2
PA.NUS.PRVT.PP,MNG,Mongolia,1996,178.396523477305,,,2
PA.NUS.PRVT.PP,MNG,Mongolia,1997,238.046570835606,,,2
PA.NUS.PRVT.PP,MNG,Mongolia,1998,256.341552528692,,,2
PA.NUS.PRVT.PP,MNG,Mongolia,1999,269.829693936712,,,2
PA.NUS.PRVT.PP,MNG,Mongolia,2000,291.28173232284,,,2
PA.NUS.PRVT.PP,MNG,Mongolia,2001,301.058118281797,,,2
PA.NUS.PRVT.PP,MNG,Mongolia,2002,299.07561228034,,,2
PA.NUS.PRVT.PP,MNG,Mongolia,2003,307.43609414369,,,2
PA.NUS.PRVT.PP,MNG,Mongolia,2004,324.095572057133,,,2
PA.NUS.PRVT.PP,MNG,Mongolia,2005,353.322080208876,,,2
PA.NUS.PRVT.PP,MNG,Mongolia,2006,359.720060808177,,,2
PA.NUS.PRVT.PP,MNG,Mongolia,2007,383.426660289808,,,2
PA.NUS.PRVT.PP,MNG,Mongolia,2008,472.47725727009,,,2
PA.NUS.PRVT.PP,MNG,Mongolia,2009,510.292014133705,,,2
PA.NUS.PRVT.PP,MNG,Mongolia,2010,552.495832407607,,,2
PA.NUS.PRVT.PP,MNG,Mongolia,2011,580.637634277344,,,2
PA.NUS.PRVT.PP,MNG,Mongolia,2012,638.334708949253,,,2
PA.NUS.PRVT.PP,MNG,Mongolia,2013,728.051849811716,,,2
PA.NUS.PRVT.PP,MNG,Mongolia,2014,809.446598315531,,,2
PA.NUS.PRVT.PP,MNG,Mongolia,2015,821.28087127013,,,2
PA.NUS.PRVT.PP,MNG,Mongolia,2016,834.165139809577,,,2
PA.NUS.PRVT.PP,MNG,Mongolia,2017,896.104614257813,,,2
PA.NUS.PRVT.PP,MNG,Mongolia,2018,926.381286621094,,,2
PA.NUS.PRVT.PP,MNG,Mongolia,2019,957.24365234375,,,2
PA.NUS.PRVT.PP,MNG,Mongolia,2020,932.622314453125,,,2
PA.NUS.PRVT.PP,MNG,Mongolia,2021,957.839294433594,,,2
PA.NUS.PRVT.PP,MNG,Mongolia,2022,1021.23395636611,,,2
PA.NUS.PRVT.PP,MNG,Mongolia,2023,1082.35365021583,,,2
PA.NUS.PRVT.PP,MNG,Mongolia,2024,1116.50418184803,,,2
PA.NUS.PRVT.PP,MNG,Mongolia,2025,1180.72494007661,,,2
PA.NUS.PRVT.PP,MNP,Northern Mariana Islands,2011,1.04667327718325,,,2
PA.NUS.PRVT.PP,MNP,Northern Mariana Islands,2012,1.03673317725403,,,2
PA.NUS.PRVT.PP,MNP,Northern Mariana Islands,2013,1.01972248297217,,,2
PA.NUS.PRVT.PP,MNP,Northern Mariana Islands,2014,1.00745815522227,,,2
PA.NUS.PRVT.PP,MNP,Northern Mariana Islands,2015,1.00727071697868,,,2
PA.NUS.PRVT.PP,MNP,Northern Mariana Islands,2016,0.997705642303936,,,2
PA.NUS.PRVT.PP,MNP,Northern Mariana Islands,2017,0.973965978633901,,,2
PA.NUS.PRVT.PP,MNP,Northern Mariana Islands,2018,0.979265580491271,,,2
PA.NUS.PRVT.PP,MNP,Northern Mariana Islands,2019,0.96087327265328,,,2
PA.NUS.PRVT.PP,MNP,Northern Mariana Islands,2020,0.95201202073252,,,2
PA.NUS.PRVT.PP,MNP,Northern Mariana Islands,2021,0.937482775701845,,,2
PA.NUS.PRVT.PP,MOZ,Mozambique,2004,9.70455271568866,,,2
PA.NUS.PRVT.PP,MOZ,Mozambique,2005,9.98940281473957,,,2
PA.NUS.PRVT.PP,MOZ,Mozambique,2006,10.9589775104503,,,2
PA.NUS.PRVT.PP,MOZ,Mozambique,2007,11.5595814555222,,,2
PA.NUS.PRVT.PP,MOZ,Mozambique,2008,12.7466869509891,,,2
PA.NUS.PRVT.PP,MOZ,Mozambique,2009,13.2768148487678,,,2
PA.NUS.PRVT.PP,MOZ,Mozambique,2010,14.6856795526278,,,2
PA.NUS.PRVT.PP,MOZ,Mozambique,2011,15.8259706497192,,,2
PA.NUS.PRVT.PP,MOZ,Mozambique,2012,15.5856201182955,,,2
PA.NUS.PRVT.PP,MOZ,Mozambique,2013,16.4329629166735,,,2
PA.NUS.PRVT.PP,MOZ,Mozambique,2014,16.7203042263038,,,2
PA.NUS.PRVT.PP,MOZ,Mozambique,2015,17.1580178480288,,,2
PA.NUS.PRVT.PP,MOZ,Mozambique,2016,19.8609570270534,,,2
PA.NUS.PRVT.PP,MOZ,Mozambique,2017,22.6119003295898,,,2
PA.NUS.PRVT.PP,MOZ,Mozambique,2018,22.8375129699707,,,2
PA.NUS.PRVT.PP,MOZ,Mozambique,2019,23.0313739776611,,,2
PA.NUS.PRVT.PP,MOZ,Mozambique,2020,23.3949527740479,,,2
PA.NUS.PRVT.PP,MOZ,Mozambique,2021,23.6232128143311,,,2
PA.NUS.PRVT.PP,MOZ,Mozambique,2022,24.1211689169953,,,2
PA.NUS.PRVT.PP,MOZ,Mozambique,2023,24.8186585827451,,,2
PA.NUS.PRVT.PP,MOZ,Mozambique,2024,25.0908437748789,,,2
PA.NUS.PRVT.PP,MOZ,Mozambique,2025,25.4989140443101,,,2
PA.NUS.PRVT.PP,MRT,Mauritania,1990,7.22511675983554,,,2
PA.NUS.PRVT.PP,MRT,Mauritania,1991,7.32172220169862,,,2
PA.NUS.PRVT.PP,MRT,Mauritania,1992,7.82720595557077,,,2
PA.NUS.PRVT.PP,MRT,Mauritania,1993,8.31520574214025,,,2
PA.NUS.PRVT.PP,MRT,Mauritania,1994,8.43845125170441,,,2
PA.NUS.PRVT.PP,MRT,Mauritania,1995,8.74530337596065,,,2
PA.NUS.PRVT.PP,MRT,Mauritania,1996,8.89399660646267,,,2
PA.NUS.PRVT.PP,MRT,Mauritania,1997,9.09281303224306,,,2
PA.NUS.PRVT.PP,MRT,Mauritania,1998,9.67296603457096,,,2
PA.NUS.PRVT.PP,MRT,Mauritania,1999,9.85150607613437,,,2
PA.NUS.PRVT.PP,MRT,Mauritania,2000,9.83980457327951,,,2
PA.NUS.PRVT.PP,MRT,Mauritania,2001,10.0205434545812,,,2
PA.NUS.PRVT.PP,MRT,Mauritania,2002,10.2483718736617,,,2
PA.NUS.PRVT.PP,MRT,Mauritania,2003,10.5371544844483,,,2
PA.NUS.PRVT.PP,MRT,Mauritania,2004,11.3263731548225,,,2
PA.NUS.PRVT.PP,MRT,Mauritania,2005,12.2830370249343,,,2
PA.NUS.PRVT.PP,MRT,Mauritania,2006,12.6418078006628,,,2
PA.NUS.PRVT.PP,MRT,Mauritania,2007,13.1827962431708,,,2
PA.NUS.PRVT.PP,MRT,Mauritania,2008,13.6280920962346,,,2
PA.NUS.PRVT.PP,MRT,Mauritania,2009,13.9804681960307,,,2
PA.NUS.PRVT.PP,MRT,Mauritania,2010,14.6191757955768,,,2
PA.NUS.PRVT.PP,MRT,Mauritania,2011,14.9776482283061,,,2
PA.NUS.PRVT.PP,MRT,Mauritania,2012,14.2832038682415,,,2
PA.NUS.PRVT.PP,MRT,Mauritania,2013,14.127265733473,,,2
PA.NUS.PRVT.PP,MRT,Mauritania,2014,13.7331490214762,,,2
PA.NUS.PRVT.PP,MRT,Mauritania,2015,13.2392348592053,,,2
PA.NUS.PRVT.PP,MRT,Mauritania,2016,12.5166635662034,,,2
PA.NUS.PRVT.PP,MRT,Mauritania,2017,12.030312538147,,,2
PA.NUS.PRVT.PP,MRT,Mauritania,2018,12.340934753418,,,2
PA.NUS.PRVT.PP,MRT,Mauritania,2019,12.3620500564575,,,2
PA.NUS.PRVT.PP,MRT,Mauritania,2020,12.2995071411133,,,2
PA.NUS.PRVT.PP,MRT,Mauritania,2021,12.1159982681274,,,2
PA.NUS.PRVT.PP,MRT,Mauritania,2022,12.2867919984052,,,2
PA.NUS.PRVT.PP,MRT,Mauritania,2023,12.3855325610388,,,2
PA.NUS.PRVT.PP,MRT,Mauritania,2024,12.3304462547626,,,2
PA.NUS.PRVT.PP,MRT,Mauritania,2025,12.1923421371597,,,2
PA.NUS.PRVT.PP,MUS,Mauritius,1990,8.94548123908166,,,2
PA.NUS.PRVT.PP,MUS,Mauritius,1991,9.18286460593362,,,2
PA.NUS.PRVT.PP,MUS,Mauritius,1992,9.32678130848679,,,2
PA.NUS.PRVT.PP,MUS,Mauritius,1993,10.0122304026743,,,2
PA.NUS.PRVT.PP,MUS,Mauritius,1994,10.4724112407533,,,2
PA.NUS.PRVT.PP,MUS,Mauritius,1995,10.8008193580113,,,2
PA.NUS.PRVT.PP,MUS,Mauritius,1996,11.1806504609945,,,2
PA.NUS.PRVT.PP,MUS,Mauritius,1997,11.6718119229295,,,2
PA.NUS.PRVT.PP,MUS,Mauritius,1998,12.2761941049134,,,2
PA.NUS.PRVT.PP,MUS,Mauritius,1999,12.8433581402782,,,2
PA.NUS.PRVT.PP,MUS,Mauritius,2000,12.9455355130609,,,2
PA.NUS.PRVT.PP,MUS,Mauritius,2001,13.2682320463801,,,2
PA.NUS.PRVT.PP,MUS,Mauritius,2002,13.8995134610519,,,2
PA.NUS.PRVT.PP,MUS,Mauritius,2003,14.1238950001634,,,2
PA.NUS.PRVT.PP,MUS,Mauritius,2004,14.4035652636243,,,2
PA.NUS.PRVT.PP,MUS,Mauritius,2005,14.6187176906254,,,2
PA.NUS.PRVT.PP,MUS,Mauritius,2006,15.4241817647059,,,2
PA.NUS.PRVT.PP,MUS,Mauritius,2007,16.3201587614235,,,2
PA.NUS.PRVT.PP,MUS,Mauritius,2008,17.2463771112779,,,2
PA.NUS.PRVT.PP,MUS,Mauritius,2009,17.7433976901429,,,2
PA.NUS.PRVT.PP,MUS,Mauritius,2010,17.9689991294957,,,2
PA.NUS.PRVT.PP,MUS,Mauritius,2011,18.5552654266357,,,2
PA.NUS.PRVT.PP,MUS,Mauritius,2012,18.1246890040727,,,2
PA.NUS.PRVT.PP,MUS,Mauritius,2013,18.5238929334846,,,2
PA.NUS.PRVT.PP,MUS,Mauritius,2014,18.669851105294,,,2
PA.NUS.PRVT.PP,MUS,Mauritius,2015,18.5353738917233,,,2
PA.NUS.PRVT.PP,MUS,Mauritius,2016,18.0458906294785,,,2
PA.NUS.PRVT.PP,MUS,Mauritius,2017,18.2977905273438,,,2
PA.NUS.PRVT.PP,MUS,Mauritius,2018,18.6903800964355,,,2
PA.NUS.PRVT.PP,MUS,Mauritius,2019,18.4586162567139,,,2
PA.NUS.PRVT.PP,MUS,Mauritius,2020,18.6269626617432,,,2
PA.NUS.PRVT.PP,MUS,Mauritius,2021,18.7660694122314,,,2
PA.NUS.PRVT.PP,MUS,Mauritius,2022,19.2475371748029,,,2
PA.NUS.PRVT.PP,MUS,Mauritius,2023,19.7904218502731,,,2
PA.NUS.PRVT.PP,MUS,Mauritius,2024,19.9163346567896,,,2
PA.NUS.PRVT.PP,MUS,Mauritius,2025,20.1054902867368,,,2
PA.NUS.PRVT.PP,MWI,Malawi,1990,2.63805040477026,,,2
PA.NUS.PRVT.PP,MWI,Malawi,1991,2.85014612208453,,,2
PA.NUS.PRVT.PP,MWI,Malawi,1992,3.42340560653955,,,2
PA.NUS.PRVT.PP,MWI,Malawi,1993,4.08250626486961,,,2
PA.NUS.PRVT.PP,MWI,Malawi,1994,5.35738904136382,,,2
PA.NUS.PRVT.PP,MWI,Malawi,1995,9.55346031020561,,,2
PA.NUS.PRVT.PP,MWI,Malawi,1996,12.7714009172739,,,2
PA.NUS.PRVT.PP,MWI,Malawi,1997,13.6199760204443,,,2
PA.NUS.PRVT.PP,MWI,Malawi,1998,17.4016135811072,,,2
PA.NUS.PRVT.PP,MWI,Malawi,1999,24.658721583752,,,2
PA.NUS.PRVT.PP,MWI,Malawi,2000,30.9093730527092,,,2
PA.NUS.PRVT.PP,MWI,Malawi,2001,36.8834123871409,,,2
PA.NUS.PRVT.PP,MWI,Malawi,2002,41.6609804495413,,,2
PA.NUS.PRVT.PP,MWI,Malawi,2003,44.637455699448,,,2
PA.NUS.PRVT.PP,MWI,Malawi,2004,48.442509681676,,,2
PA.NUS.PRVT.PP,MWI,Malawi,2005,54.0731038603023,,,2
PA.NUS.PRVT.PP,MWI,Malawi,2006,59.7034389924445,,,2
PA.NUS.PRVT.PP,MWI,Malawi,2007,62.6635946629316,,,2
PA.NUS.PRVT.PP,MWI,Malawi,2008,65.6045978694701,,,2
PA.NUS.PRVT.PP,MWI,Malawi,2009,71.3836480451357,,,2
PA.NUS.PRVT.PP,MWI,Malawi,2010,75.4371106421085,,,2
PA.NUS.PRVT.PP,MWI,Malawi,2011,78.7030181884766,,,2
PA.NUS.PRVT.PP,MWI,Malawi,2012,92.9880589248278,,,2
PA.NUS.PRVT.PP,MWI,Malawi,2013,118.912763536047,,,2
PA.NUS.PRVT.PP,MWI,Malawi,2014,148.297489819491,,,2
PA.NUS.PRVT.PP,MWI,Malawi,2015,182.295793482924,,,2
PA.NUS.PRVT.PP,MWI,Malawi,2016,220.432945003784,,,2
PA.NUS.PRVT.PP,MWI,Malawi,2017,249.104888916016,,,2
PA.NUS.PRVT.PP,MWI,Malawi,2018,266.716064453125,,,2
PA.NUS.PRVT.PP,MWI,Malawi,2019,277.86767578125,,,2
PA.NUS.PRVT.PP,MWI,Malawi,2020,280.902618408203,,,2
PA.NUS.PRVT.PP,MWI,Malawi,2021,282.09423828125,,,2
PA.NUS.PRVT.PP,MWI,Malawi,2022,315.921605872905,,,2
PA.NUS.PRVT.PP,MWI,Malawi,2023,390.788448813711,,,2
PA.NUS.PRVT.PP,MWI,Malawi,2024,501.743747244731,,,2
PA.NUS.PRVT.PP,MWI,Malawi,2025,627.1674087801,,,2
PA.NUS.PRVT.PP,MYS,Malaysia,1990,1.503866893001,,,2
PA.NUS.PRVT.PP,MYS,Malaysia,1991,1.50564682463127,,,2
PA.NUS.PRVT.PP,MYS,Malaysia,1992,1.5310516524209,,,2
PA.NUS.PRVT.PP,MYS,Malaysia,1993,1.53975044969083,,,2
PA.NUS.PRVT.PP,MYS,Malaysia,1994,1.55652034175925,,,2
PA.NUS.PRVT.PP,MYS,Malaysia,1995,1.56628828510426,,,2
PA.NUS.PRVT.PP,MYS,Malaysia,1996,1.57476947425441,,,2
PA.NUS.PRVT.PP,MYS,Malaysia,1997,1.57976786691962,,,2
PA.NUS.PRVT.PP,MYS,Malaysia,1998,1.63760680816474,,,2
PA.NUS.PRVT.PP,MYS,Malaysia,1999,1.64652550505156,,,2
PA.NUS.PRVT.PP,MYS,Malaysia,2000,1.61718535329337,,,2
PA.NUS.PRVT.PP,MYS,Malaysia,2001,1.59501941054696,,,2
PA.NUS.PRVT.PP,MYS,Malaysia,2002,1.59850257092147,,,2
PA.NUS.PRVT.PP,MYS,Malaysia,2003,1.58005238523009,,,2
PA.NUS.PRVT.PP,MYS,Malaysia,2004,1.56072491400832,,,2
PA.NUS.PRVT.PP,MYS,Malaysia,2005,1.55442004996215,,,2
PA.NUS.PRVT.PP,MYS,Malaysia,2006,1.56019181656929,,,2
PA.NUS.PRVT.PP,MYS,Malaysia,2007,1.54767239055311,,,2
PA.NUS.PRVT.PP,MYS,Malaysia,2008,1.57154469751857,,,2
PA.NUS.PRVT.PP,MYS,Malaysia,2009,1.58635186466251,,,2
PA.NUS.PRVT.PP,MYS,Malaysia,2010,1.58608355395158,,,2
PA.NUS.PRVT.PP,MYS,Malaysia,2011,1.58635461330414,,,2
PA.NUS.PRVT.PP,MYS,Malaysia,2012,1.50863141496097,,,2
PA.NUS.PRVT.PP,MYS,Malaysia,2013,1.5478016621354,,,2
PA.NUS.PRVT.PP,MYS,Malaysia,2014,1.57458401023716,,,2
PA.NUS.PRVT.PP,MYS,Malaysia,2015,1.60136299927734,,,2
PA.NUS.PRVT.PP,MYS,Malaysia,2016,1.60181048031241,,,2
PA.NUS.PRVT.PP,MYS,Malaysia,2017,1.66520607471466,,,2
PA.NUS.PRVT.PP,MYS,Malaysia,2018,1.6323938369751,,,2
PA.NUS.PRVT.PP,MYS,Malaysia,2019,1.61345744132996,,,2
PA.NUS.PRVT.PP,MYS,Malaysia,2020,1.57190477848053,,,2
PA.NUS.PRVT.PP,MYS,Malaysia,2021,1.55494034290314,,,2
PA.NUS.PRVT.PP,MYS,Malaysia,2022,1.48836612899614,,,2
PA.NUS.PRVT.PP,MYS,Malaysia,2023,1.46510104492846,,,2
PA.NUS.PRVT.PP,MYS,Malaysia,2024,1.44922714623582,,,2
PA.NUS.PRVT.PP,MYS,Malaysia,2025,1.43063372521878,,,2
PA.NUS.PRVT.PP,NAM,Namibia,2002,3.90789509411836,,,2
PA.NUS.PRVT.PP,NAM,Namibia,2003,4.09383453949329,,,2
PA.NUS.PRVT.PP,NAM,Namibia,2004,4.15202195906885,,,2
PA.NUS.PRVT.PP,NAM,Namibia,2005,4.10741467904474,,,2
PA.NUS.PRVT.PP,NAM,Namibia,2006,4.17646010779365,,,2
PA.NUS.PRVT.PP,NAM,Namibia,2007,4.32650864140722,,,2
PA.NUS.PRVT.PP,NAM,Namibia,2008,4.5454834896827,,,2
PA.NUS.PRVT.PP,NAM,Namibia,2009,4.99286209267385,,,2
PA.NUS.PRVT.PP,NAM,Namibia,2010,5.15176887168566,,,2
PA.NUS.PRVT.PP,NAM,Namibia,2011,5.24409770965576,,,2
PA.NUS.PRVT.PP,NAM,Namibia,2012,5.39327882787564,,,2
PA.NUS.PRVT.PP,NAM,Namibia,2013,5.71356111504901,,,2
PA.NUS.PRVT.PP,NAM,Namibia,2014,5.99172448440747,,,2
PA.NUS.PRVT.PP,NAM,Namibia,2015,6.18644844752523,,,2
PA.NUS.PRVT.PP,NAM,Namibia,2016,6.54414618588885,,,2
PA.NUS.PRVT.PP,NAM,Namibia,2017,6.94509887695313,,,2
PA.NUS.PRVT.PP,NAM,Namibia,2018,7.17466163635254,,,2
PA.NUS.PRVT.PP,NAM,Namibia,2019,7.31569910049438,,,2
PA.NUS.PRVT.PP,NAM,Namibia,2020,7.2976861000061,,,2
PA.NUS.PRVT.PP,NAM,Namibia,2021,7.2390284538269,,,2
PA.NUS.PRVT.PP,NAM,Namibia,2022,7.11023615938795,,,2
PA.NUS.PRVT.PP,NAM,Namibia,2023,7.23067437317414,,,2
PA.NUS.PRVT.PP,NAM,Namibia,2024,7.32124357189595,,,2
PA.NUS.PRVT.PP,NAM,Namibia,2025,7.37916795801798,,,2
PA.NUS.PRVT.PP,NCL,New Caledonia,2010,131.063826328153,,,2
PA.NUS.PRVT.PP,NCL,New Caledonia,2011,130.139078140129,,,2
PA.NUS.PRVT.PP,NCL,New Caledonia,2012,129.731503259949,,,2
PA.NUS.PRVT.PP,NCL,New Caledonia,2013,129.492127092964,,,2
PA.NUS.PRVT.PP,NCL,New Caledonia,2014,127.652910293788,,,2
PA.NUS.PRVT.PP,NCL,New Caledonia,2015,128.229066071272,,,2
PA.NUS.PRVT.PP,NCL,New Caledonia,2016,127.363836348257,,,2
PA.NUS.PRVT.PP,NCL,New Caledonia,2017,126.203920058264,,,2
PA.NUS.PRVT.PP,NCL,New Caledonia,2018,125.412290948315,,,2
PA.NUS.PRVT.PP,NCL,New Caledonia,2019,122.564110337387,,,2
PA.NUS.PRVT.PP,NCL,New Caledonia,2020,120.102037460923,,,2
PA.NUS.PRVT.PP,NCL,New Caledonia,2021,116.089539203239,,,2
PA.NUS.PRVT.PP,NER,Niger,1990,201.616965019337,,,2
PA.NUS.PRVT.PP,NER,Niger,1991,178.344775492077,,,2
PA.NUS.PRVT.PP,NER,Niger,1992,165.3544564756,,,2
PA.NUS.PRVT.PP,NER,Niger,1993,158.662178760767,,,2
PA.NUS.PRVT.PP,NER,Niger,1994,210.360675385739,,,2
PA.NUS.PRVT.PP,NER,Niger,1995,226.234843919526,,,2
PA.NUS.PRVT.PP,NER,Niger,1996,231.416783967387,,,2
PA.NUS.PRVT.PP,NER,Niger,1997,232.763985220476,,,2
PA.NUS.PRVT.PP,NER,Niger,1998,239.63039544912,,,2
PA.NUS.PRVT.PP,NER,Niger,1999,229.101011671719,,,2
PA.NUS.PRVT.PP,NER,Niger,2000,228.044545248391,,,2
PA.NUS.PRVT.PP,NER,Niger,2001,230.660054245305,,,2
PA.NUS.PRVT.PP,NER,Niger,2002,233.027901719528,,,2
PA.NUS.PRVT.PP,NER,Niger,2003,224.17685385933,,,2
PA.NUS.PRVT.PP,NER,Niger,2004,218.90481613395,,,2
PA.NUS.PRVT.PP,NER,Niger,2005,228.23062699729,,,2
PA.NUS.PRVT.PP,NER,Niger,2006,221.187638485638,,,2
PA.NUS.PRVT.PP,NER,Niger,2007,215.168924988367,,,2
PA.NUS.PRVT.PP,NER,Niger,2008,230.639525677261,,,2
PA.NUS.PRVT.PP,NER,Niger,2009,232.811691951669,,,2
PA.NUS.PRVT.PP,NER,Niger,2010,230.896859296228,,,2
PA.NUS.PRVT.PP,NER,Niger,2011,230.416839599609,,,2
PA.NUS.PRVT.PP,NER,Niger,2012,226.393064644922,,,2
PA.NUS.PRVT.PP,NER,Niger,2013,236.849885458707,,,2
PA.NUS.PRVT.PP,NER,Niger,2014,236.381598243016,,,2
PA.NUS.PRVT.PP,NER,Niger,2015,240.373998873052,,,2
PA.NUS.PRVT.PP,NER,Niger,2016,241.319213376179,,,2
PA.NUS.PRVT.PP,NER,Niger,2017,243.664093017578,,,2
PA.NUS.PRVT.PP,NER,Niger,2018,240.538909912109,,,2
PA.NUS.PRVT.PP,NER,Niger,2019,224.495132446289,,,2
PA.NUS.PRVT.PP,NER,Niger,2020,218.996566772461,,,2
PA.NUS.PRVT.PP,NER,Niger,2021,210.657897949219,,,2
PA.NUS.PRVT.PP,NER,Niger,2022,203.291729608259,,,2
PA.NUS.PRVT.PP,NER,Niger,2023,202.480710749938,,,2
PA.NUS.PRVT.PP,NER,Niger,2024,214.521425364755,,,2
PA.NUS.PRVT.PP,NER,Niger,2025,199.580023538794,,,2
PA.NUS.PRVT.PP,NGA,Nigeria,1990,3.13406177470145,,,2
PA.NUS.PRVT.PP,NGA,Nigeria,1991,3.39781222354187,,,2
PA.NUS.PRVT.PP,NGA,Nigeria,1992,4.76843021884166,,,2
PA.NUS.PRVT.PP,NGA,Nigeria,1993,7.27945098751179,,,2
PA.NUS.PRVT.PP,NGA,Nigeria,1994,11.1405626217005,,,2
PA.NUS.PRVT.PP,NGA,Nigeria,1995,18.7294088427366,,,2
PA.NUS.PRVT.PP,NGA,Nigeria,1996,23.5217174702268,,,2
PA.NUS.PRVT.PP,NGA,Nigeria,1997,24.9449546877693,,,2
PA.NUS.PRVT.PP,NGA,Nigeria,1998,27.0191343066822,,,2
PA.NUS.PRVT.PP,NGA,Nigeria,1999,28.190544717741,,,2
PA.NUS.PRVT.PP,NGA,Nigeria,2000,29.1603733552486,,,2
PA.NUS.PRVT.PP,NGA,Nigeria,2001,33.7112611298024,,,2
PA.NUS.PRVT.PP,NGA,Nigeria,2002,37.4580222893754,,,2
PA.NUS.PRVT.PP,NGA,Nigeria,2003,41.7659247641353,,,2
PA.NUS.PRVT.PP,NGA,Nigeria,2004,46.77764403454,,,2
PA.NUS.PRVT.PP,NGA,Nigeria,2005,53.3245967977668,,,2
PA.NUS.PRVT.PP,NGA,Nigeria,2006,55.908274601815,,,2
PA.NUS.PRVT.PP,NGA,Nigeria,2007,57.2853880366271,,,2
PA.NUS.PRVT.PP,NGA,Nigeria,2008,61.5575305841344,,,2
PA.NUS.PRVT.PP,NGA,Nigeria,2009,69.5227527182306,,,2
PA.NUS.PRVT.PP,NGA,Nigeria,2010,77.7992733082359,,,2
PA.NUS.PRVT.PP,NGA,Nigeria,2011,83.5833358764648,,,2
PA.NUS.PRVT.PP,NGA,Nigeria,2012,87.4859644847002,,,2
PA.NUS.PRVT.PP,NGA,Nigeria,2013,91.814081341929,,,2
PA.NUS.PRVT.PP,NGA,Nigeria,2014,94.2808494633293,,,2
PA.NUS.PRVT.PP,NGA,Nigeria,2015,97.3951973998102,,,2
PA.NUS.PRVT.PP,NGA,Nigeria,2016,104.818334107584,,,2
PA.NUS.PRVT.PP,NGA,Nigeria,2017,115.950469970703,,,2
PA.NUS.PRVT.PP,NGA,Nigeria,2018,124.540168762207,,,2
PA.NUS.PRVT.PP,NGA,Nigeria,2019,132.436874389648,,,2
PA.NUS.PRVT.PP,NGA,Nigeria,2020,142.753280639648,,,2
PA.NUS.PRVT.PP,NGA,Nigeria,2021,155.723541259766,,,2
PA.NUS.PRVT.PP,NGA,Nigeria,2022,171.359492358488,,,2
PA.NUS.PRVT.PP,NGA,Nigeria,2023,205.170461927982,,,2
PA.NUS.PRVT.PP,NGA,Nigeria,2024,265.540347874601,,,2
PA.NUS.PRVT.PP,NGA,Nigeria,2025,318.059578030613,,,2
PA.NUS.PRVT.PP,NIC,Nicaragua,1999,4.93473001232659,,,2
PA.NUS.PRVT.PP,NIC,Nicaragua,2000,5.11101932891207,,,2
PA.NUS.PRVT.PP,NIC,Nicaragua,2001,5.2680820715331,,,2
PA.NUS.PRVT.PP,NIC,Nicaragua,2002,5.38031091757396,,,2
PA.NUS.PRVT.PP,NIC,Nicaragua,2003,5.53983631783791,,,2
PA.NUS.PRVT.PP,NIC,Nicaragua,2004,5.85238979580357,,,2
PA.NUS.PRVT.PP,NIC,Nicaragua,2005,6.20369100563881,,,2
PA.NUS.PRVT.PP,NIC,Nicaragua,2006,6.55912698044285,,,2
PA.NUS.PRVT.PP,NIC,Nicaragua,2007,7.08679374440554,,,2
PA.NUS.PRVT.PP,NIC,Nicaragua,2008,8.17787889458466,,,2
PA.NUS.PRVT.PP,NIC,Nicaragua,2009,8.5096531748201,,,2
PA.NUS.PRVT.PP,NIC,Nicaragua,2010,8.82906566795942,,,2
PA.NUS.PRVT.PP,NIC,Nicaragua,2011,9.25063705444336,,,2
PA.NUS.PRVT.PP,NIC,Nicaragua,2012,9.29715146116524,,,2
PA.NUS.PRVT.PP,NIC,Nicaragua,2013,9.98495626679628,,,2
PA.NUS.PRVT.PP,NIC,Nicaragua,2014,10.4452515355741,,,2
PA.NUS.PRVT.PP,NIC,Nicaragua,2015,10.7253400312415,,,2
PA.NUS.PRVT.PP,NIC,Nicaragua,2016,10.8807352905832,,,2
PA.NUS.PRVT.PP,NIC,Nicaragua,2017,11.3711519241333,,,2
PA.NUS.PRVT.PP,NIC,Nicaragua,2018,11.8329820632935,,,2
PA.NUS.PRVT.PP,NIC,Nicaragua,2019,12.2090454101563,,,2
PA.NUS.PRVT.PP,NIC,Nicaragua,2020,12.362699508667,,,2
PA.NUS.PRVT.PP,NIC,Nicaragua,2021,12.5824489593506,,,2
PA.NUS.PRVT.PP,NIC,Nicaragua,2022,12.869580530135,,,2
PA.NUS.PRVT.PP,NIC,Nicaragua,2023,13.3975485674915,,,2
PA.NUS.PRVT.PP,NIC,Nicaragua,2024,13.6155558894278,,,2
PA.NUS.PRVT.PP,NIC,Nicaragua,2025,13.5337691271877,,,2
PA.NUS.PRVT.PP,NLD,Netherlands,1990,0.904493,,,2
PA.NUS.PRVT.PP,NLD,Netherlands,1991,0.906591,,,2
PA.NUS.PRVT.PP,NLD,Netherlands,1992,0.910389,,,2
PA.NUS.PRVT.PP,NLD,Netherlands,1993,0.907648,,,2
PA.NUS.PRVT.PP,NLD,Netherlands,1994,0.911817,,,2
PA.NUS.PRVT.PP,NLD,Netherlands,1995,0.911505,,,2
PA.NUS.PRVT.PP,NLD,Netherlands,1996,0.904394,,,2
PA.NUS.PRVT.PP,NLD,Netherlands,1997,0.909218,,,2
PA.NUS.PRVT.PP,NLD,Netherlands,1998,0.908641,,,2
PA.NUS.PRVT.PP,NLD,Netherlands,1999,0.911314,,,2
PA.NUS.PRVT.PP,NLD,Netherlands,2000,0.889505,,,2
PA.NUS.PRVT.PP,NLD,Netherlands,2001,0.904297,,,2
PA.NUS.PRVT.PP,NLD,Netherlands,2002,0.901545,,,2
PA.NUS.PRVT.PP,NLD,Netherlands,2003,0.932899,,,2
PA.NUS.PRVT.PP,NLD,Netherlands,2004,0.911103,,,2
PA.NUS.PRVT.PP,NLD,Netherlands,2005,0.904153,,,2
PA.NUS.PRVT.PP,NLD,Netherlands,2006,0.889898,,,2
PA.NUS.PRVT.PP,NLD,Netherlands,2007,0.875797,,,2
PA.NUS.PRVT.PP,NLD,Netherlands,2008,0.868154,,,2
PA.NUS.PRVT.PP,NLD,Netherlands,2009,0.872024,,,2
PA.NUS.PRVT.PP,NLD,Netherlands,2010,0.88154,,,2
PA.NUS.PRVT.PP,NLD,Netherlands,2011,0.878735,,,2
PA.NUS.PRVT.PP,NLD,Netherlands,2012,0.882709,,,2
PA.NUS.PRVT.PP,NLD,Netherlands,2013,0.872773,,,2
PA.NUS.PRVT.PP,NLD,Netherlands,2014,0.881682,,,2
PA.NUS.PRVT.PP,NLD,Netherlands,2015,0.888425,,,2
PA.NUS.PRVT.PP,NLD,Netherlands,2016,0.872971,,,2
PA.NUS.PRVT.PP,NLD,Netherlands,2017,0.860976,,,2
PA.NUS.PRVT.PP,NLD,Netherlands,2018,0.843866,,,2
PA.NUS.PRVT.PP,NLD,Netherlands,2019,0.833348,,,2
PA.NUS.PRVT.PP,NLD,Netherlands,2020,0.815172,,,2
PA.NUS.PRVT.PP,NLD,Netherlands,2021,0.800102,,,2
PA.NUS.PRVT.PP,NLD,Netherlands,2022,0.757656,,,2
PA.NUS.PRVT.PP,NLD,Netherlands,2023,0.744821,,,2
PA.NUS.PRVT.PP,NLD,Netherlands,2024,0.74195,,,2
PA.NUS.PRVT.PP,NLD,Netherlands,2025,0.767344,,,2
PA.NUS.PRVT.PP,NOR,Norway,1990,9.651484,,,2
PA.NUS.PRVT.PP,NOR,Norway,1991,9.680802,,,2
PA.NUS.PRVT.PP,NOR,Norway,1992,9.642075,,,2
PA.NUS.PRVT.PP,NOR,Norway,1993,9.639281,,,2
PA.NUS.PRVT.PP,NOR,Norway,1994,9.534314,,,2
PA.NUS.PRVT.PP,NOR,Norway,1995,9.550475,,,2
PA.NUS.PRVT.PP,NOR,Norway,1996,9.363024,,,2
PA.NUS.PRVT.PP,NOR,Norway,1997,9.535479,,,2
PA.NUS.PRVT.PP,NOR,Norway,1998,9.69669,,,2
PA.NUS.PRVT.PP,NOR,Norway,1999,9.794683,,,2
PA.NUS.PRVT.PP,NOR,Norway,2000,9.862419,,,2
PA.NUS.PRVT.PP,NOR,Norway,2001,9.988845,,,2
PA.NUS.PRVT.PP,NOR,Norway,2002,9.899923,,,2
PA.NUS.PRVT.PP,NOR,Norway,2003,10.078819,,,2
PA.NUS.PRVT.PP,NOR,Norway,2004,9.960296,,,2
PA.NUS.PRVT.PP,NOR,Norway,2005,9.952271,,,2
PA.NUS.PRVT.PP,NOR,Norway,2006,9.797971,,,2
PA.NUS.PRVT.PP,NOR,Norway,2007,9.506363,,,2
PA.NUS.PRVT.PP,NOR,Norway,2008,9.623308,,,2
PA.NUS.PRVT.PP,NOR,Norway,2009,9.664534,,,2
PA.NUS.PRVT.PP,NOR,Norway,2010,9.768645,,,2
PA.NUS.PRVT.PP,NOR,Norway,2011,9.780379,,,2
PA.NUS.PRVT.PP,NOR,Norway,2012,9.799887,,,2
PA.NUS.PRVT.PP,NOR,Norway,2013,9.765779,,,2
PA.NUS.PRVT.PP,NOR,Norway,2014,9.850837,,,2
PA.NUS.PRVT.PP,NOR,Norway,2015,10.598999,,,2
PA.NUS.PRVT.PP,NOR,Norway,2016,10.686444,,,2
PA.NUS.PRVT.PP,NOR,Norway,2017,10.383694,,,2
PA.NUS.PRVT.PP,NOR,Norway,2018,10.312242,,,2
PA.NUS.PRVT.PP,NOR,Norway,2019,10.143919,,,2
PA.NUS.PRVT.PP,NOR,Norway,2020,10.217776,,,2
PA.NUS.PRVT.PP,NOR,Norway,2021,9.95722,,,2
PA.NUS.PRVT.PP,NOR,Norway,2022,9.588554,,,2
PA.NUS.PRVT.PP,NOR,Norway,2023,9.379813,,,2
PA.NUS.PRVT.PP,NOR,Norway,2024,9.540077,,,2
PA.NUS.PRVT.PP,NOR,Norway,2025,10.001321,,,2
PA.NUS.PRVT.PP,NPL,Nepal,1990,9.57926574197272,,,2
PA.NUS.PRVT.PP,NPL,Nepal,1991,10.6198103588014,,,2
PA.NUS.PRVT.PP,NPL,Nepal,1992,12.0753176480222,,,2
PA.NUS.PRVT.PP,NPL,Nepal,1993,12.6094306976959,,,2
PA.NUS.PRVT.PP,NPL,Nepal,1994,13.3150461696774,,,2
PA.NUS.PRVT.PP,NPL,Nepal,1995,13.9390006114924,,,2
PA.NUS.PRVT.PP,NPL,Nepal,1996,14.7906960079768,,,2
PA.NUS.PRVT.PP,NPL,Nepal,1997,15.0323905512772,,,2
PA.NUS.PRVT.PP,NPL,Nepal,1998,16.4670877030726,,,2
PA.NUS.PRVT.PP,NPL,Nepal,1999,17.3152075019901,,,2
PA.NUS.PRVT.PP,NPL,Nepal,2000,17.1647899082934,,,2
PA.NUS.PRVT.PP,NPL,Nepal,2001,17.1417756829705,,,2
PA.NUS.PRVT.PP,NPL,Nepal,2002,17.3853316886437,,,2
PA.NUS.PRVT.PP,NPL,Nepal,2003,17.9695874859573,,,2
PA.NUS.PRVT.PP,NPL,Nepal,2004,17.9983897610914,,,2
PA.NUS.PRVT.PP,NPL,Nepal,2005,18.5978418651984,,,2
PA.NUS.PRVT.PP,NPL,Nepal,2006,19.2634469448301,,,2
PA.NUS.PRVT.PP,NPL,Nepal,2007,19.154171024169,,,2
PA.NUS.PRVT.PP,NPL,Nepal,2008,20.2736095335718,,,2
PA.NUS.PRVT.PP,NPL,Nepal,2009,22.6032959516103,,,2
PA.NUS.PRVT.PP,NPL,Nepal,2010,24.312655170168,,,2
PA.NUS.PRVT.PP,NPL,Nepal,2011,25.7433261871338,,,2
PA.NUS.PRVT.PP,NPL,Nepal,2012,25.7608139941952,,,2
PA.NUS.PRVT.PP,NPL,Nepal,2013,27.4383704832914,,,2
PA.NUS.PRVT.PP,NPL,Nepal,2014,28.5009906926209,,,2
PA.NUS.PRVT.PP,NPL,Nepal,2015,29.8198694741799,,,2
PA.NUS.PRVT.PP,NPL,Nepal,2016,30.5676040301391,,,2
PA.NUS.PRVT.PP,NPL,Nepal,2017,30.3524398803711,,,2
PA.NUS.PRVT.PP,NPL,Nepal,2018,31.1632995605469,,,2
PA.NUS.PRVT.PP,NPL,Nepal,2019,32.5146827697754,,,2
PA.NUS.PRVT.PP,NPL,Nepal,2020,33.4832344055176,,,2
PA.NUS.PRVT.PP,NPL,Nepal,2021,33.8332138061523,,,2
PA.NUS.PRVT.PP,NPL,Nepal,2022,33.7290246107304,,,2
PA.NUS.PRVT.PP,NPL,Nepal,2023,34.7007391897068,,,2
PA.NUS.PRVT.PP,NPL,Nepal,2024,35.2857405116506,,,2
PA.NUS.PRVT.PP,NPL,Nepal,2025,35.2703228981619,,,2
PA.NUS.PRVT.PP,NRU,Naoero,2010,1.24322413979605,,,2
PA.NUS.PRVT.PP,NRU,Naoero,2011,1.20879771681625,,,2
PA.NUS.PRVT.PP,NRU,Naoero,2012,1.18739418410039,,,2
PA.NUS.PRVT.PP,NRU,Naoero,2013,1.15732066434878,,,2
PA.NUS.PRVT.PP,NRU,Naoero,2014,1.14198367923028,,,2
PA.NUS.PRVT.PP,NRU,Naoero,2015,1.25223293296243,,,2
PA.NUS.PRVT.PP,NRU,Naoero,2016,1.33742155492054,,,2
PA.NUS.PRVT.PP,NRU,Naoero,2017,1.37607089265824,,,2
PA.NUS.PRVT.PP,NRU,Naoero,2018,1.14947402948842,,,2
PA.NUS.PRVT.PP,NRU,Naoero,2019,1.17656596587243,,,2
PA.NUS.PRVT.PP,NRU,Naoero,2020,1.17351762090414,,,2
PA.NUS.PRVT.PP,NRU,Naoero,2021,1.14345096549451,,,2
PA.NUS.PRVT.PP,NZL,New Zealand,1990,1.565677,,,2
PA.NUS.PRVT.PP,NZL,New Zealand,1991,1.550338,,,2
PA.NUS.PRVT.PP,NZL,New Zealand,1992,1.533333,,,2
PA.NUS.PRVT.PP,NZL,New Zealand,1993,1.506195,,,2
PA.NUS.PRVT.PP,NZL,New Zealand,1994,1.489662,,,2
PA.NUS.PRVT.PP,NZL,New Zealand,1995,1.488059,,,2
PA.NUS.PRVT.PP,NZL,New Zealand,1996,1.485818,,,2
PA.NUS.PRVT.PP,NZL,New Zealand,1997,1.478301,,,2
PA.NUS.PRVT.PP,NZL,New Zealand,1998,1.489783,,,2
PA.NUS.PRVT.PP,NZL,New Zealand,1999,1.478,,,2
PA.NUS.PRVT.PP,NZL,New Zealand,2000,1.508551,,,2
PA.NUS.PRVT.PP,NZL,New Zealand,2001,1.509416,,,2
PA.NUS.PRVT.PP,NZL,New Zealand,2002,1.557526,,,2
PA.NUS.PRVT.PP,NZL,New Zealand,2003,1.581672,,,2
PA.NUS.PRVT.PP,NZL,New Zealand,2004,1.563686,,,2
PA.NUS.PRVT.PP,NZL,New Zealand,2005,1.598628,,,2
PA.NUS.PRVT.PP,NZL,New Zealand,2006,1.58678,,,2
PA.NUS.PRVT.PP,NZL,New Zealand,2007,1.572182,,,2
PA.NUS.PRVT.PP,NZL,New Zealand,2008,1.570388,,,2
PA.NUS.PRVT.PP,NZL,New Zealand,2009,1.603728,,,2
PA.NUS.PRVT.PP,NZL,New Zealand,2010,1.595348,,,2
PA.NUS.PRVT.PP,NZL,New Zealand,2011,1.589175,,,2
PA.NUS.PRVT.PP,NZL,New Zealand,2012,1.586142,,,2
PA.NUS.PRVT.PP,NZL,New Zealand,2013,1.608914,,,2
PA.NUS.PRVT.PP,NZL,New Zealand,2014,1.600829,,,2
PA.NUS.PRVT.PP,NZL,New Zealand,2015,1.631089,,,2
PA.NUS.PRVT.PP,NZL,New Zealand,2016,1.585767,,,2
PA.NUS.PRVT.PP,NZL,New Zealand,2017,1.580559,,,2
PA.NUS.PRVT.PP,NZL,New Zealand,2018,1.628674,,,2
PA.NUS.PRVT.PP,NZL,New Zealand,2019,1.566608,,,2
PA.NUS.PRVT.PP,NZL,New Zealand,2020,1.544729,,,2
PA.NUS.PRVT.PP,NZL,New Zealand,2021,1.557335,,,2
PA.NUS.PRVT.PP,NZL,New Zealand,2022,1.473861,,,2
PA.NUS.PRVT.PP,NZL,New Zealand,2023,1.483022,,,2
PA.NUS.PRVT.PP,NZL,New Zealand,2024,1.499938,,,2
PA.NUS.PRVT.PP,NZL,New Zealand,2025,1.529087,,,2
PA.NUS.PRVT.PP,OMN,Oman,2000,0.192234182159741,,,2
PA.NUS.PRVT.PP,OMN,Oman,2001,0.185423873705964,,,2
PA.NUS.PRVT.PP,OMN,Oman,2002,0.182018595334957,,,2
PA.NUS.PRVT.PP,OMN,Oman,2003,0.178390033372461,,,2
PA.NUS.PRVT.PP,OMN,Oman,2004,0.174824451527077,,,2
PA.NUS.PRVT.PP,OMN,Oman,2005,0.172317030413173,,,2
PA.NUS.PRVT.PP,OMN,Oman,2006,0.172849612979281,,,2
PA.NUS.PRVT.PP,OMN,Oman,2007,0.177853990477235,,,2
PA.NUS.PRVT.PP,OMN,Oman,2008,0.192474847068914,,,2
PA.NUS.PRVT.PP,OMN,Oman,2009,0.199862036276479,,,2
PA.NUS.PRVT.PP,OMN,Oman,2010,0.203040746117509,,,2
PA.NUS.PRVT.PP,OMN,Oman,2011,0.204783350229263,,,2
PA.NUS.PRVT.PP,OMN,Oman,2012,0.204145125049487,,,2
PA.NUS.PRVT.PP,OMN,Oman,2013,0.20981254689927,,,2
PA.NUS.PRVT.PP,OMN,Oman,2014,0.214463800034548,,,2
PA.NUS.PRVT.PP,OMN,Oman,2015,0.21801555083637,,,2
PA.NUS.PRVT.PP,OMN,Oman,2016,0.21372825588941,,,2
PA.NUS.PRVT.PP,OMN,Oman,2017,0.215550646185875,,,2
PA.NUS.PRVT.PP,OMN,Oman,2018,0.204799845814705,,,2
PA.NUS.PRVT.PP,OMN,Oman,2019,0.19951120018959,,,2
PA.NUS.PRVT.PP,OMN,Oman,2020,0.202201470732689,,,2
PA.NUS.PRVT.PP,OMN,Oman,2021,0.205720335245132,,,2
PA.NUS.PRVT.PP,OMN,Oman,2022,0.195250475321864,,,2
PA.NUS.PRVT.PP,OMN,Oman,2023,0.189314075681179,,,2
PA.NUS.PRVT.PP,OMN,Oman,2024,0.184981740593934,,,2
PA.NUS.PRVT.PP,OMN,Oman,2025,0.181864783148751,,,2
PA.NUS.PRVT.PP,PAK,Pakistan,1990,7.05802841120201,,,2
PA.NUS.PRVT.PP,PAK,Pakistan,1991,7.56968614118988,,,2
PA.NUS.PRVT.PP,PAK,Pakistan,1992,8.0457980211623,,,2
PA.NUS.PRVT.PP,PAK,Pakistan,1993,8.59457652631299,,,2
PA.NUS.PRVT.PP,PAK,Pakistan,1994,9.4121540392648,,,2
PA.NUS.PRVT.PP,PAK,Pakistan,1995,10.2854019712993,,,2
PA.NUS.PRVT.PP,PAK,Pakistan,1996,11.0291043154501,,,2
PA.NUS.PRVT.PP,PAK,Pakistan,1997,12.0031234824874,,,2
PA.NUS.PRVT.PP,PAK,Pakistan,1998,12.5557777971856,,,2
PA.NUS.PRVT.PP,PAK,Pakistan,1999,12.7959394806091,,,2
PA.NUS.PRVT.PP,PAK,Pakistan,2000,12.9184573622021,,,2
PA.NUS.PRVT.PP,PAK,Pakistan,2001,12.9589228401201,,,2
PA.NUS.PRVT.PP,PAK,Pakistan,2002,13.1763352303851,,,2
PA.NUS.PRVT.PP,PAK,Pakistan,2003,13.2593124032324,,,2
PA.NUS.PRVT.PP,PAK,Pakistan,2004,13.8749531126997,,,2
PA.NUS.PRVT.PP,PAK,Pakistan,2005,14.6359256306373,,,2
PA.NUS.PRVT.PP,PAK,Pakistan,2006,15.3016276966554,,,2
PA.NUS.PRVT.PP,PAK,Pakistan,2007,16.0077027633447,,,2
PA.NUS.PRVT.PP,PAK,Pakistan,2008,18.5431544332613,,,2
PA.NUS.PRVT.PP,PAK,Pakistan,2009,21.1490753334682,,,2
PA.NUS.PRVT.PP,PAK,Pakistan,2010,23.500114725727,,,2
PA.NUS.PRVT.PP,PAK,Pakistan,2011,25.4955558776855,,,2
PA.NUS.PRVT.PP,PAK,Pakistan,2012,26.4545701159682,,,2
PA.NUS.PRVT.PP,PAK,Pakistan,2013,28.751287863075,,,2
PA.NUS.PRVT.PP,PAK,Pakistan,2014,30.5060439857762,,,2
PA.NUS.PRVT.PP,PAK,Pakistan,2015,31.081441539084,,,2
PA.NUS.PRVT.PP,PAK,Pakistan,2016,31.7376760180374,,,2
PA.NUS.PRVT.PP,PAK,Pakistan,2017,32.7971038818359,,,2
PA.NUS.PRVT.PP,PAK,Pakistan,2018,34.201774597168,,,2
PA.NUS.PRVT.PP,PAK,Pakistan,2019,37.3037796020508,,,2
PA.NUS.PRVT.PP,PAK,Pakistan,2020,39.9146575927734,,,2
PA.NUS.PRVT.PP,PAK,Pakistan,2021,42.5276718139648,,,2
PA.NUS.PRVT.PP,PAK,Pakistan,2022,47.2020742436515,,,2
PA.NUS.PRVT.PP,PAK,Pakistan,2023,59.2849017308911,,,2
PA.NUS.PRVT.PP,PAK,Pakistan,2024,64.8609944467674,,,2
PA.NUS.PRVT.PP,PAK,Pakistan,2025,65.3961460407036,,,2
PA.NUS.PRVT.PP,PAN,Panama,1990,0.619416376688032,,,2
PA.NUS.PRVT.PP,PAN,Panama,1991,0.601715430041773,,,2
PA.NUS.PRVT.PP,PAN,Panama,1992,0.594682012048945,,,2
PA.NUS.PRVT.PP,PAN,Panama,1993,0.580254335071204,,,2
PA.NUS.PRVT.PP,PAN,Panama,1994,0.572682114519725,,,2
PA.NUS.PRVT.PP,PAN,Panama,1995,0.562592674437363,,,2
PA.NUS.PRVT.PP,PAN,Panama,1996,0.553434936014821,,,2
PA.NUS.PRVT.PP,PAN,Panama,1997,0.547954872433543,,,2
PA.NUS.PRVT.PP,PAN,Panama,1998,0.542595784665795,,,2
PA.NUS.PRVT.PP,PAN,Panama,1999,0.537600108137951,,,2
PA.NUS.PRVT.PP,PAN,Panama,2000,0.527834313327747,,,2
PA.NUS.PRVT.PP,PAN,Panama,2001,0.514903052858463,,,2
PA.NUS.PRVT.PP,PAN,Panama,2002,0.511962224098704,,,2
PA.NUS.PRVT.PP,PAN,Panama,2003,0.502558846366868,,,2
PA.NUS.PRVT.PP,PAN,Panama,2004,0.491778533835536,,,2
PA.NUS.PRVT.PP,PAN,Panama,2005,0.489224989209891,,,2
PA.NUS.PRVT.PP,PAN,Panama,2006,0.485584920160179,,,2
PA.NUS.PRVT.PP,PAN,Panama,2007,0.491797793091365,,,2
PA.NUS.PRVT.PP,PAN,Panama,2008,0.515097686837702,,,2
PA.NUS.PRVT.PP,PAN,Panama,2009,0.529388885743135,,,2
PA.NUS.PRVT.PP,PAN,Panama,2010,0.539031037053142,,,2
PA.NUS.PRVT.PP,PAN,Panama,2011,0.553238570690155,,,2
PA.NUS.PRVT.PP,PAN,Panama,2012,0.537478795086343,,,2
PA.NUS.PRVT.PP,PAN,Panama,2013,0.546578913929044,,,2
PA.NUS.PRVT.PP,PAN,Panama,2014,0.538039802416162,,,2
PA.NUS.PRVT.PP,PAN,Panama,2015,0.515529292982796,,,2
PA.NUS.PRVT.PP,PAN,Panama,2016,0.494982960633919,,,2
PA.NUS.PRVT.PP,PAN,Panama,2017,0.483551979064941,,,2
PA.NUS.PRVT.PP,PAN,Panama,2018,0.517984807491302,,,2
PA.NUS.PRVT.PP,PAN,Panama,2019,0.534511148929596,,,2
PA.NUS.PRVT.PP,PAN,Panama,2020,0.550517082214355,,,2
PA.NUS.PRVT.PP,PAN,Panama,2021,0.562871396541595,,,2
PA.NUS.PRVT.PP,PAN,Panama,2022,0.536067172931314,,,2
PA.NUS.PRVT.PP,PAN,Panama,2023,0.522526393539263,,,2
PA.NUS.PRVT.PP,PAN,Panama,2024,0.511074411429361,,,2
PA.NUS.PRVT.PP,PAN,Panama,2025,0.496703350706788,,,2
PA.NUS.PRVT.PP,PER,Peru,1990,0.0826676634659454,,,2
PA.NUS.PRVT.PP,PER,Peru,1991,0.404103064249982,,,2
PA.NUS.PRVT.PP,PER,Peru,1992,0.680618448869325,,,2
PA.NUS.PRVT.PP,PER,Peru,1993,0.982269570867859,,,2
PA.NUS.PRVT.PP,PER,Peru,1994,1.18454368167058,,,2
PA.NUS.PRVT.PP,PER,Peru,1995,1.28044614140978,,,2
PA.NUS.PRVT.PP,PER,Peru,1996,1.38751245641898,,,2
PA.NUS.PRVT.PP,PER,Peru,1997,1.47190531958584,,,2
PA.NUS.PRVT.PP,PER,Peru,1998,1.55445688419724,,,2
PA.NUS.PRVT.PP,PER,Peru,1999,1.57395273836628,,,2
PA.NUS.PRVT.PP,PER,Peru,2000,1.5797457100734,,,2
PA.NUS.PRVT.PP,PER,Peru,2001,1.56670118685212,,,2
PA.NUS.PRVT.PP,PER,Peru,2002,1.54521936738412,,,2
PA.NUS.PRVT.PP,PER,Peru,2003,1.54505743543867,,,2
PA.NUS.PRVT.PP,PER,Peru,2004,1.55988299016838,,,2
PA.NUS.PRVT.PP,PER,Peru,2005,1.53308182395758,,,2
PA.NUS.PRVT.PP,PER,Peru,2006,1.51490799259748,,,2
PA.NUS.PRVT.PP,PER,Peru,2007,1.4991084940691,,,2
PA.NUS.PRVT.PP,PER,Peru,2008,1.52721378348048,,,2
PA.NUS.PRVT.PP,PER,Peru,2009,1.57766564751711,,,2
PA.NUS.PRVT.PP,PER,Peru,2010,1.57593147574066,,,2
PA.NUS.PRVT.PP,PER,Peru,2011,1.57917737960815,,,2
PA.NUS.PRVT.PP,PER,Peru,2012,1.57508632150185,,,2
PA.NUS.PRVT.PP,PER,Peru,2013,1.64904108354443,,,2
PA.NUS.PRVT.PP,PER,Peru,2014,1.70754960822308,,,2
PA.NUS.PRVT.PP,PER,Peru,2015,1.78257792391577,,,2
PA.NUS.PRVT.PP,PER,Peru,2016,1.84615183366094,,,2
PA.NUS.PRVT.PP,PER,Peru,2017,1.91383695602417,,,2
PA.NUS.PRVT.PP,PER,Peru,2018,1.91717791557312,,,2
PA.NUS.PRVT.PP,PER,Peru,2019,1.91467797756195,,,2
PA.NUS.PRVT.PP,PER,Peru,2020,1.8941730260849,,,2
PA.NUS.PRVT.PP,PER,Peru,2021,1.91807281970978,,,2
PA.NUS.PRVT.PP,PER,Peru,2022,1.92394954445261,,,2
PA.NUS.PRVT.PP,PER,Peru,2023,1.96717664341485,,,2
PA.NUS.PRVT.PP,PER,Peru,2024,1.94918023210626,,,2
PA.NUS.PRVT.PP,PER,Peru,2025,1.92703167944648,,,2
PA.NUS.PRVT.PP,PHL,Philippines,1990,8.821723965053,,,2
PA.NUS.PRVT.PP,PHL,Philippines,1991,10.0934621817441,,,2
PA.NUS.PRVT.PP,PHL,Philippines,1992,10.644252734871,,,2
PA.NUS.PRVT.PP,PHL,Philippines,1993,11.0334832787145,,,2
PA.NUS.PRVT.PP,PHL,Philippines,1994,11.8699705390448,,,2
PA.NUS.PRVT.PP,PHL,Philippines,1995,12.334881276626,,,2
PA.NUS.PRVT.PP,PHL,Philippines,1996,12.8795246347202,,,2
PA.NUS.PRVT.PP,PHL,Philippines,1997,13.2888708736431,,,2
PA.NUS.PRVT.PP,PHL,Philippines,1998,14.2942034387372,,,2
PA.NUS.PRVT.PP,PHL,Philippines,1999,14.8189015905745,,,2
PA.NUS.PRVT.PP,PHL,Philippines,2000,14.9049489817695,,,2
PA.NUS.PRVT.PP,PHL,Philippines,2001,15.2701332260371,,,2
PA.NUS.PRVT.PP,PHL,Philippines,2002,15.4410049581251,,,2
PA.NUS.PRVT.PP,PHL,Philippines,2003,15.443882936099,,,2
PA.NUS.PRVT.PP,PHL,Philippines,2004,15.7675655537781,,,2
PA.NUS.PRVT.PP,PHL,Philippines,2005,16.2439970714194,,,2
PA.NUS.PRVT.PP,PHL,Philippines,2006,16.5995265600186,,,2
PA.NUS.PRVT.PP,PHL,Philippines,2007,16.6071648097732,,,2
PA.NUS.PRVT.PP,PHL,Philippines,2008,17.3142783515031,,,2
PA.NUS.PRVT.PP,PHL,Philippines,2009,18.109159479972,,,2
PA.NUS.PRVT.PP,PHL,Philippines,2010,18.4921870865888,,,2
PA.NUS.PRVT.PP,PHL,Philippines,2011,18.7721195220947,,,2
PA.NUS.PRVT.PP,PHL,Philippines,2012,18.2366502916785,,,2
PA.NUS.PRVT.PP,PHL,Philippines,2013,18.9121944844754,,,2
PA.NUS.PRVT.PP,PHL,Philippines,2014,19.4151065152145,,,2
PA.NUS.PRVT.PP,PHL,Philippines,2015,19.5023879938387,,,2
PA.NUS.PRVT.PP,PHL,Philippines,2016,19.503812982395,,,2
PA.NUS.PRVT.PP,PHL,Philippines,2017,20.1052589416504,,,2
PA.NUS.PRVT.PP,PHL,Philippines,2018,20.6226215362549,,,2
PA.NUS.PRVT.PP,PHL,Philippines,2019,20.6063098907471,,,2
PA.NUS.PRVT.PP,PHL,Philippines,2020,20.6926765441895,,,2
PA.NUS.PRVT.PP,PHL,Philippines,2021,20.7462368011475,,,2
PA.NUS.PRVT.PP,PHL,Philippines,2022,20.3271656699124,,,2
PA.NUS.PRVT.PP,PHL,Philippines,2023,20.6906323075281,,,2
PA.NUS.PRVT.PP,PHL,Philippines,2024,20.743505641423,,,2
PA.NUS.PRVT.PP,PHL,Philippines,2025,20.5335464484261,,,2
PA.NUS.PRVT.PP,PLW,Palau,2001,0.807516219204257,,,2
PA.NUS.PRVT.PP,PLW,Palau,2002,0.784565075813183,,,2
PA.NUS.PRVT.PP,PLW,Palau,2003,0.774229870277903,,,2
PA.NUS.PRVT.PP,PLW,Palau,2004,0.791473605860662,,,2
PA.NUS.PRVT.PP,PLW,Palau,2005,0.795750584567976,,,2
PA.NUS.PRVT.PP,PLW,Palau,2006,0.805030985365679,,,2
PA.NUS.PRVT.PP,PLW,Palau,2007,0.808052828610616,,,2
PA.NUS.PRVT.PP,PLW,Palau,2008,0.871291248376671,,,2
PA.NUS.PRVT.PP,PLW,Palau,2009,0.886975203327775,,,2
PA.NUS.PRVT.PP,PLW,Palau,2010,0.885248610762353,,,2
PA.NUS.PRVT.PP,PLW,Palau,2011,0.898274222837271,,,2
PA.NUS.PRVT.PP,PLW,Palau,2012,0.911869812602493,,,2
PA.NUS.PRVT.PP,PLW,Palau,2013,0.928855139244466,,,2
PA.NUS.PRVT.PP,PLW,Palau,2014,0.952341283489373,,,2
PA.NUS.PRVT.PP,PLW,Palau,2015,0.960240283793302,,,2
PA.NUS.PRVT.PP,PLW,Palau,2016,0.93839303910975,,,2
PA.NUS.PRVT.PP,PLW,Palau,2017,0.931849913417882,,,2
PA.NUS.PRVT.PP,PLW,Palau,2018,0.928821944614321,,,2
PA.NUS.PRVT.PP,PLW,Palau,2019,0.914728621509381,,,2
PA.NUS.PRVT.PP,PLW,Palau,2020,0.905553624831113,,,2
PA.NUS.PRVT.PP,PLW,Palau,2021,0.887516764027046,,,2
PA.NUS.PRVT.PP,PLW,Palau,2022,0.923261922884034,,,2
PA.NUS.PRVT.PP,PLW,Palau,2023,1.00044227938226,,,2
PA.NUS.PRVT.PP,PLW,Palau,2024,0.993466871373037,,,2
PA.NUS.PRVT.PP,PLW,Palau,2025,0.963317720533901,,,2
PA.NUS.PRVT.PP,PNG,Papua New Guinea,1990,0.753599197517407,,,2
PA.NUS.PRVT.PP,PNG,Papua New Guinea,1991,0.773341770426779,,,2
PA.NUS.PRVT.PP,PNG,Papua New Guinea,1992,0.782955509498882,,,2
PA.NUS.PRVT.PP,PNG,Papua New Guinea,1993,0.798336457811709,,,2
PA.NUS.PRVT.PP,PNG,Papua New Guinea,1994,0.800244861605229,,,2
PA.NUS.PRVT.PP,PNG,Papua New Guinea,1995,0.912923307223963,,,2
PA.NUS.PRVT.PP,PNG,Papua New Guinea,1996,0.990023528856182,,,2
PA.NUS.PRVT.PP,PNG,Papua New Guinea,1997,1.00576024823029,,,2
PA.NUS.PRVT.PP,PNG,Papua New Guinea,1998,1.12482367029632,,,2
PA.NUS.PRVT.PP,PNG,Papua New Guinea,1999,1.26510357472334,,,2
PA.NUS.PRVT.PP,PNG,Papua New Guinea,2000,1.41463748957563,,,2
PA.NUS.PRVT.PP,PNG,Papua New Guinea,2001,1.50367646533274,,,2
PA.NUS.PRVT.PP,PNG,Papua New Guinea,2002,1.65485544366416,,,2
PA.NUS.PRVT.PP,PNG,Papua New Guinea,2003,1.85613342942299,,,2
PA.NUS.PRVT.PP,PNG,Papua New Guinea,2004,1.84676383617881,,,2
PA.NUS.PRVT.PP,PNG,Papua New Guinea,2005,1.81797190341237,,,2
PA.NUS.PRVT.PP,PNG,Papua New Guinea,2006,1.80287029613784,,,2
PA.NUS.PRVT.PP,PNG,Papua New Guinea,2007,1.7688415078608,,,2
PA.NUS.PRVT.PP,PNG,Papua New Guinea,2008,1.88675935634834,,,2
PA.NUS.PRVT.PP,PNG,Papua New Guinea,2009,2.0244895035811,,,2
PA.NUS.PRVT.PP,PNG,Papua New Guinea,2010,2.11160317585542,,,2
PA.NUS.PRVT.PP,PNG,Papua New Guinea,2011,2.13788628491897,,,2
PA.NUS.PRVT.PP,PNG,Papua New Guinea,2012,2.18957684056531,,,2
PA.NUS.PRVT.PP,PNG,Papua New Guinea,2013,2.26500822279479,,,2
PA.NUS.PRVT.PP,PNG,Papua New Guinea,2014,2.34524451148838,,,2
PA.NUS.PRVT.PP,PNG,Papua New Guinea,2015,2.48291896661661,,,2
PA.NUS.PRVT.PP,PNG,Papua New Guinea,2016,2.61562397234946,,,2
PA.NUS.PRVT.PP,PNG,Papua New Guinea,2017,2.69993276111688,,,2
PA.NUS.PRVT.PP,PNG,Papua New Guinea,2018,2.75084924438453,,,2
PA.NUS.PRVT.PP,PNG,Papua New Guinea,2019,2.80803364479925,,,2
PA.NUS.PRVT.PP,PNG,Papua New Guinea,2020,2.90894756610914,,,2
PA.NUS.PRVT.PP,PNG,Papua New Guinea,2021,2.90299427835664,,,2
PA.NUS.PRVT.PP,PNG,Papua New Guinea,2022,2.82908916943054,,,2
PA.NUS.PRVT.PP,PNG,Papua New Guinea,2023,2.77969959819281,,,2
PA.NUS.PRVT.PP,PNG,Papua New Guinea,2024,2.71632590048657,,,2
PA.NUS.PRVT.PP,PNG,Papua New Guinea,2025,2.76190379488816,,,2
PA.NUS.PRVT.PP,POL,Poland,1990,0.260512,,,2
PA.NUS.PRVT.PP,POL,Poland,1991,0.423041,,,2
PA.NUS.PRVT.PP,POL,Poland,1992,0.595145,,,2
PA.NUS.PRVT.PP,POL,Poland,1993,0.76341,,,2
PA.NUS.PRVT.PP,POL,Poland,1994,1.025393,,,2
PA.NUS.PRVT.PP,POL,Poland,1995,1.284231,,,2
PA.NUS.PRVT.PP,POL,Poland,1996,1.49593,,,2
PA.NUS.PRVT.PP,POL,Poland,1997,1.682507,,,2
PA.NUS.PRVT.PP,POL,Poland,1998,1.832197,,,2
PA.NUS.PRVT.PP,POL,Poland,1999,1.912002,,,2
PA.NUS.PRVT.PP,POL,Poland,2000,2.024834,,,2
PA.NUS.PRVT.PP,POL,Poland,2001,2.046272,,,2
PA.NUS.PRVT.PP,POL,Poland,2002,2.027538,,,2
PA.NUS.PRVT.PP,POL,Poland,2003,2.0162,,,2
PA.NUS.PRVT.PP,POL,Poland,2004,2.045982,,,2
PA.NUS.PRVT.PP,POL,Poland,2005,2.117511,,,2
PA.NUS.PRVT.PP,POL,Poland,2006,2.089689,,,2
PA.NUS.PRVT.PP,POL,Poland,2007,2.023381,,,2
PA.NUS.PRVT.PP,POL,Poland,2008,2.005873,,,2
PA.NUS.PRVT.PP,POL,Poland,2009,2.025158,,,2
PA.NUS.PRVT.PP,POL,Poland,2010,1.950713,,,2
PA.NUS.PRVT.PP,POL,Poland,2011,1.920205,,,2
PA.NUS.PRVT.PP,POL,Poland,2012,1.907951,,,2
PA.NUS.PRVT.PP,POL,Poland,2013,1.872634,,,2
PA.NUS.PRVT.PP,POL,Poland,2014,1.879319,,,2
PA.NUS.PRVT.PP,POL,Poland,2015,1.876256,,,2
PA.NUS.PRVT.PP,POL,Poland,2016,1.838644,,,2
PA.NUS.PRVT.PP,POL,Poland,2017,1.876544,,,2
PA.NUS.PRVT.PP,POL,Poland,2018,1.875553,,,2
PA.NUS.PRVT.PP,POL,Poland,2019,1.831336,,,2
PA.NUS.PRVT.PP,POL,Poland,2020,1.842009,,,2
PA.NUS.PRVT.PP,POL,Poland,2021,1.91277,,,2
PA.NUS.PRVT.PP,POL,Poland,2022,1.928834,,,2
PA.NUS.PRVT.PP,POL,Poland,2023,1.994416,,,2
PA.NUS.PRVT.PP,POL,Poland,2024,2.008043,,,2
PA.NUS.PRVT.PP,POL,Poland,2025,2.063158,,,2
PA.NUS.PRVT.PP,PRI,Puerto Rico (US),2011,0.962436347018611,,,2
PA.NUS.PRVT.PP,PRI,Puerto Rico (US),2012,0.977494748005104,,,2
PA.NUS.PRVT.PP,PRI,Puerto Rico (US),2013,0.995895063615764,,,2
PA.NUS.PRVT.PP,PRI,Puerto Rico (US),2014,1.00810823993088,,,2
PA.NUS.PRVT.PP,PRI,Puerto Rico (US),2015,1.02223210736016,,,2
PA.NUS.PRVT.PP,PRI,Puerto Rico (US),2016,1.02957312399888,,,2
PA.NUS.PRVT.PP,PRI,Puerto Rico (US),2017,1.04924631118774,,,2
PA.NUS.PRVT.PP,PRI,Puerto Rico (US),2018,1.01446086219047,,,2
PA.NUS.PRVT.PP,PRI,Puerto Rico (US),2019,0.975319383913718,,,2
PA.NUS.PRVT.PP,PRI,Puerto Rico (US),2020,0.937574854651656,,,2
PA.NUS.PRVT.PP,PRI,Puerto Rico (US),2021,0.896932303905487,,,2
PA.NUS.PRVT.PP,PRT,Portugal,1990,0.52367,,,2
PA.NUS.PRVT.PP,PRT,Portugal,1991,0.566549,,,2
PA.NUS.PRVT.PP,PRT,Portugal,1992,0.602549,,,2
PA.NUS.PRVT.PP,PRT,Portugal,1993,0.628312,,,2
PA.NUS.PRVT.PP,PRT,Portugal,1994,0.650027,,,2
PA.NUS.PRVT.PP,PRT,Portugal,1995,0.663411,,,2
PA.NUS.PRVT.PP,PRT,Portugal,1996,0.671555,,,2
PA.NUS.PRVT.PP,PRT,Portugal,1997,0.683848,,,2
PA.NUS.PRVT.PP,PRT,Portugal,1998,0.707168,,,2
PA.NUS.PRVT.PP,PRT,Portugal,1999,0.702005,,,2
PA.NUS.PRVT.PP,PRT,Portugal,2000,0.699527,,,2
PA.NUS.PRVT.PP,PRT,Portugal,2001,0.706665,,,2
PA.NUS.PRVT.PP,PRT,Portugal,2002,0.72174,,,2
PA.NUS.PRVT.PP,PRT,Portugal,2003,0.714166,,,2
PA.NUS.PRVT.PP,PRT,Portugal,2004,0.715406,,,2
PA.NUS.PRVT.PP,PRT,Portugal,2005,0.704233,,,2
PA.NUS.PRVT.PP,PRT,Portugal,2006,0.697791,,,2
PA.NUS.PRVT.PP,PRT,Portugal,2007,0.717659,,,2
PA.NUS.PRVT.PP,PRT,Portugal,2008,0.714751,,,2
PA.NUS.PRVT.PP,PRT,Portugal,2009,0.705451,,,2
PA.NUS.PRVT.PP,PRT,Portugal,2010,0.70041,,,2
PA.NUS.PRVT.PP,PRT,Portugal,2011,0.693922,,,2
PA.NUS.PRVT.PP,PRT,Portugal,2012,0.689488,,,2
PA.NUS.PRVT.PP,PRT,Portugal,2013,0.664811,,,2
PA.NUS.PRVT.PP,PRT,Portugal,2014,0.667289,,,2
PA.NUS.PRVT.PP,PRT,Portugal,2015,0.673034,,,2
PA.NUS.PRVT.PP,PRT,Portugal,2016,0.658017,,,2
PA.NUS.PRVT.PP,PRT,Portugal,2017,0.667129,,,2
PA.NUS.PRVT.PP,PRT,Portugal,2018,0.650598,,,2
PA.NUS.PRVT.PP,PRT,Portugal,2019,0.625394,,,2
PA.NUS.PRVT.PP,PRT,Portugal,2020,0.633488,,,2
PA.NUS.PRVT.PP,PRT,Portugal,2021,0.61248,,,2
PA.NUS.PRVT.PP,PRT,Portugal,2022,0.578821,,,2
PA.NUS.PRVT.PP,PRT,Portugal,2023,0.555035,,,2
PA.NUS.PRVT.PP,PRT,Portugal,2024,0.558749,,,2
PA.NUS.PRVT.PP,PRT,Portugal,2025,0.574713,,,2
PA.NUS.PRVT.PP,PRY,Paraguay,1990,478.282292755541,,,2
PA.NUS.PRVT.PP,PRY,Paraguay,1991,570.008219574274,,,2
PA.NUS.PRVT.PP,PRY,Paraguay,1992,637.305280076081,,,2
PA.NUS.PRVT.PP,PRY,Paraguay,1993,731.751253858721,,,2
PA.NUS.PRVT.PP,PRY,Paraguay,1994,859.825202504224,,,2
PA.NUS.PRVT.PP,PRY,Paraguay,1995,948.646775341917,,,2
PA.NUS.PRVT.PP,PRY,Paraguay,1996,1011.94886809365,,,2
PA.NUS.PRVT.PP,PRY,Paraguay,1997,1057.55262220076,,,2
PA.NUS.PRVT.PP,PRY,Paraguay,1998,1161.70166338075,,,2
PA.NUS.PRVT.PP,PRY,Paraguay,1999,1213.58918673882,,,2
PA.NUS.PRVT.PP,PRY,Paraguay,2000,1279.39244945246,,,2
PA.NUS.PRVT.PP,PRY,Paraguay,2001,1334.65969707747,,,2
PA.NUS.PRVT.PP,PRY,Paraguay,2002,1451.90794309482,,,2
PA.NUS.PRVT.PP,PRY,Paraguay,2003,1621.79680261062,,,2
PA.NUS.PRVT.PP,PRY,Paraguay,2004,1647.79597649837,,,2
PA.NUS.PRVT.PP,PRY,Paraguay,2005,1702.2158685297,,,2
PA.NUS.PRVT.PP,PRY,Paraguay,2006,1807.14965811076,,,2
PA.NUS.PRVT.PP,PRY,Paraguay,2007,1899.88208109458,,,2
PA.NUS.PRVT.PP,PRY,Paraguay,2008,2015.43639056387,,,2
PA.NUS.PRVT.PP,PRY,Paraguay,2009,2075.05320245616,,,2
PA.NUS.PRVT.PP,PRY,Paraguay,2010,2136.52732854924,,,2
PA.NUS.PRVT.PP,PRY,Paraguay,2011,2242.09619140625,,,2
PA.NUS.PRVT.PP,PRY,Paraguay,2012,2211.31789454867,,,2
PA.NUS.PRVT.PP,PRY,Paraguay,2013,2278.75411784998,,,2
PA.NUS.PRVT.PP,PRY,Paraguay,2014,2354.56584642378,,,2
PA.NUS.PRVT.PP,PRY,Paraguay,2015,2400.81345792616,,,2
PA.NUS.PRVT.PP,PRY,Paraguay,2016,2440.9370679829,,,2
PA.NUS.PRVT.PP,PRY,Paraguay,2017,2504.67626953125,,,2
PA.NUS.PRVT.PP,PRY,Paraguay,2018,2607.11376953125,,,2
PA.NUS.PRVT.PP,PRY,Paraguay,2019,2651.89306640625,,,2
PA.NUS.PRVT.PP,PRY,Paraguay,2020,2673.78833007813,,,2
PA.NUS.PRVT.PP,PRY,Paraguay,2021,2754.5078125,,,2
PA.NUS.PRVT.PP,PRY,Paraguay,2022,2799.46549018153,,,2
PA.NUS.PRVT.PP,PRY,Paraguay,2023,2813.33114182474,,,2
PA.NUS.PRVT.PP,PRY,Paraguay,2024,2837.53977016578,,,2
PA.NUS.PRVT.PP,PRY,Paraguay,2025,2874.55964196734,,,2
PA.NUS.PRVT.PP,PSE,West Bank and Gaza,1996,0.584734593223367,,,2
PA.NUS.PRVT.PP,PSE,West Bank and Gaza,1997,0.566159056648491,,,2
PA.NUS.PRVT.PP,PSE,West Bank and Gaza,1998,0.534290578207042,,,2
PA.NUS.PRVT.PP,PSE,West Bank and Gaza,1999,0.506569244075066,,,2
PA.NUS.PRVT.PP,PSE,West Bank and Gaza,2000,0.511442955484309,,,2
PA.NUS.PRVT.PP,PSE,West Bank and Gaza,2001,0.488097062987837,,,2
PA.NUS.PRVT.PP,PSE,West Bank and Gaza,2002,0.450866377419708,,,2
PA.NUS.PRVT.PP,PSE,West Bank and Gaza,2003,0.478835635470331,,,2
PA.NUS.PRVT.PP,PSE,West Bank and Gaza,2004,0.488087662373176,,,2
PA.NUS.PRVT.PP,PSE,West Bank and Gaza,2005,0.490836408264011,,,2
PA.NUS.PRVT.PP,PSE,West Bank and Gaza,2006,0.497302342425157,,,2
PA.NUS.PRVT.PP,PSE,West Bank and Gaza,2007,0.534185611658727,,,2
PA.NUS.PRVT.PP,PSE,West Bank and Gaza,2008,0.647258864320507,,,2
PA.NUS.PRVT.PP,PSE,West Bank and Gaza,2009,0.609016598119766,,,2
PA.NUS.PRVT.PP,PSE,West Bank and Gaza,2010,0.653797035064565,,,2
PA.NUS.PRVT.PP,PSE,West Bank and Gaza,2011,0.681335095667984,,,2
PA.NUS.PRVT.PP,PSE,West Bank and Gaza,2012,0.63947787074433,,,2
PA.NUS.PRVT.PP,PSE,West Bank and Gaza,2013,0.702093699389773,,,2
PA.NUS.PRVT.PP,PSE,West Bank and Gaza,2014,0.655907269894095,,,2
PA.NUS.PRVT.PP,PSE,West Bank and Gaza,2015,0.610837938275698,,,2
PA.NUS.PRVT.PP,PSE,West Bank and Gaza,2016,0.607041812085793,,,2
PA.NUS.PRVT.PP,PSE,West Bank and Gaza,2017,0.595764557798001,,,2
PA.NUS.PRVT.PP,PSE,West Bank and Gaza,2018,0.564312069626397,,,2
PA.NUS.PRVT.PP,PSE,West Bank and Gaza,2019,0.564385922928304,,,2
PA.NUS.PRVT.PP,PSE,West Bank and Gaza,2020,0.567533601826248,,,2
PA.NUS.PRVT.PP,PSE,West Bank and Gaza,2021,0.621432938930602,,,2
PA.NUS.PRVT.PP,PSE,West Bank and Gaza,2022,0.573918699888291,,,2
PA.NUS.PRVT.PP,PSE,West Bank and Gaza,2023,0.534617375746569,,,2
PA.NUS.PRVT.PP,PSE,West Bank and Gaza,2024,0.791028023403767,,,2
PA.NUS.PRVT.PP,PSE,West Bank and Gaza,2025,0.906517515862514,,,2
PA.NUS.PRVT.PP,PYF,French Polynesia,2011,119.592991819956,,,2
PA.NUS.PRVT.PP,PYF,French Polynesia,2012,118.574403405074,,,2
PA.NUS.PRVT.PP,PYF,French Polynesia,2013,118.615500864846,,,2
PA.NUS.PRVT.PP,PYF,French Polynesia,2014,117.072175634151,,,2
PA.NUS.PRVT.PP,PYF,French Polynesia,2015,116.465726975803,,,2
PA.NUS.PRVT.PP,PYF,French Polynesia,2016,114.439646974031,,,2
PA.NUS.PRVT.PP,PYF,French Polynesia,2017,112.613063086665,,,2
PA.NUS.PRVT.PP,PYF,French Polynesia,2018,109.158484729866,,,2
PA.NUS.PRVT.PP,PYF,French Polynesia,2019,107.537160919229,,,2
PA.NUS.PRVT.PP,PYF,French Polynesia,2020,106.120537368061,,,2
PA.NUS.PRVT.PP,PYF,French Polynesia,2021,101.865636234078,,,2
PA.NUS.PRVT.PP,QAT,Qatar,1990,2.36955668284338,,,2
PA.NUS.PRVT.PP,QAT,Qatar,1991,2.37370154480067,,,2
PA.NUS.PRVT.PP,QAT,Qatar,1992,2.37442696516065,,,2
PA.NUS.PRVT.PP,QAT,Qatar,1993,2.28620857702332,,,2
PA.NUS.PRVT.PP,QAT,Qatar,1994,2.25755827389177,,,2
PA.NUS.PRVT.PP,QAT,Qatar,1995,2.26087640328177,,,2
PA.NUS.PRVT.PP,QAT,Qatar,1996,2.30422046192846,,,2
PA.NUS.PRVT.PP,QAT,Qatar,1997,2.36043804296403,,,2
PA.NUS.PRVT.PP,QAT,Qatar,1998,2.39295835668079,,,2
PA.NUS.PRVT.PP,QAT,Qatar,1999,2.39281026641879,,,2
PA.NUS.PRVT.PP,QAT,Qatar,2000,2.3528473599359,,,2
PA.NUS.PRVT.PP,QAT,Qatar,2001,2.32184626279641,,,2
PA.NUS.PRVT.PP,QAT,Qatar,2002,2.29108141794944,,,2
PA.NUS.PRVT.PP,QAT,Qatar,2003,2.29095753502309,,,2
PA.NUS.PRVT.PP,QAT,Qatar,2004,2.38293075382732,,,2
PA.NUS.PRVT.PP,QAT,Qatar,2005,2.50788548506798,,,2
PA.NUS.PRVT.PP,QAT,Qatar,2006,2.71706309978197,,,2
PA.NUS.PRVT.PP,QAT,Qatar,2007,3.00515386111946,,,2
PA.NUS.PRVT.PP,QAT,Qatar,2008,3.3296069298875,,,2
PA.NUS.PRVT.PP,QAT,Qatar,2009,3.17898163856182,,,2
PA.NUS.PRVT.PP,QAT,Qatar,2010,3.05183180435976,,,2
PA.NUS.PRVT.PP,QAT,Qatar,2011,2.99211645126343,,,2
PA.NUS.PRVT.PP,QAT,Qatar,2012,3.02001236381403,,,2
PA.NUS.PRVT.PP,QAT,Qatar,2013,3.03160913759006,,,2
PA.NUS.PRVT.PP,QAT,Qatar,2014,2.91845455457384,,,2
PA.NUS.PRVT.PP,QAT,Qatar,2015,2.99232405050334,,,2
PA.NUS.PRVT.PP,QAT,Qatar,2016,2.98994155316993,,,2
PA.NUS.PRVT.PP,QAT,Qatar,2017,2.88659238815308,,,2
PA.NUS.PRVT.PP,QAT,Qatar,2018,2.75065231323242,,,2
PA.NUS.PRVT.PP,QAT,Qatar,2019,2.72261810302734,,,2
PA.NUS.PRVT.PP,QAT,Qatar,2020,2.73302483558655,,,2
PA.NUS.PRVT.PP,QAT,Qatar,2021,2.91194820404053,,,2
PA.NUS.PRVT.PP,QAT,Qatar,2022,2.83085998272243,,,2
PA.NUS.PRVT.PP,QAT,Qatar,2023,2.80125917961527,,,2
PA.NUS.PRVT.PP,QAT,Qatar,2024,2.75548696215788,,,2
PA.NUS.PRVT.PP,ROU,Romania,1990,0.000805704793379289,,,2
PA.NUS.PRVT.PP,ROU,Romania,1991,0.00255561204041591,,,2
PA.NUS.PRVT.PP,ROU,Romania,1992,0.00771940073879838,,,2
PA.NUS.PRVT.PP,ROU,Romania,1993,0.0266307062593164,,,2
PA.NUS.PRVT.PP,ROU,Romania,1994,0.0614484655924234,,,2
PA.NUS.PRVT.PP,ROU,Romania,1995,0.0790434764737751,,,2
PA.NUS.PRVT.PP,ROU,Romania,1996,0.113523762334254,,,2
PA.NUS.PRVT.PP,ROU,Romania,1997,0.259715567397139,,,2
PA.NUS.PRVT.PP,ROU,Romania,1998,0.372664070229061,,,2
PA.NUS.PRVT.PP,ROU,Romania,1999,0.53084130764941,,,2
PA.NUS.PRVT.PP,ROU,Romania,2000,0.73297185677207,,,2
PA.NUS.PRVT.PP,ROU,Romania,2001,0.937264082268622,,,2
PA.NUS.PRVT.PP,ROU,Romania,2002,1.13512277013268,,,2
PA.NUS.PRVT.PP,ROU,Romania,2003,1.36233658746677,,,2
PA.NUS.PRVT.PP,ROU,Romania,2004,1.44551303544119,,,2
PA.NUS.PRVT.PP,ROU,Romania,2005,1.64216633516053,,,2
PA.NUS.PRVT.PP,ROU,Romania,2006,1.69579875710613,,,2
PA.NUS.PRVT.PP,ROU,Romania,2007,1.77854665111983,,,2
PA.NUS.PRVT.PP,ROU,Romania,2008,1.84635659313072,,,2
PA.NUS.PRVT.PP,ROU,Romania,2009,1.878504753873,,,2
PA.NUS.PRVT.PP,ROU,Romania,2010,1.85170229499172,,,2
PA.NUS.PRVT.PP,ROU,Romania,2011,1.84751143003499,,,2
PA.NUS.PRVT.PP,ROU,Romania,2012,1.87292715010722,,,2
PA.NUS.PRVT.PP,ROU,Romania,2013,1.88396307953743,,,2
PA.NUS.PRVT.PP,ROU,Romania,2014,1.88887101131036,,,2
PA.NUS.PRVT.PP,ROU,Romania,2015,1.90763608068346,,,2
PA.NUS.PRVT.PP,ROU,Romania,2016,1.8196579799041,,,2
PA.NUS.PRVT.PP,ROU,Romania,2017,1.8759601726359,,,2
PA.NUS.PRVT.PP,ROU,Romania,2018,1.91425359778773,,,2
PA.NUS.PRVT.PP,ROU,Romania,2019,1.87403584559634,,,2
PA.NUS.PRVT.PP,ROU,Romania,2020,1.88070087970358,,,2
PA.NUS.PRVT.PP,ROU,Romania,2021,1.90855848382527,,,2
PA.NUS.PRVT.PP,ROU,Romania,2022,1.98985083185486,,,2
PA.NUS.PRVT.PP,ROU,Romania,2023,1.96883572440966,,,2
PA.NUS.PRVT.PP,ROU,Romania,2024,2.05656224044895,,,2
PA.NUS.PRVT.PP,ROU,Romania,2025,2.18053324965105,,,2
PA.NUS.PRVT.PP,RUS,Russian Federation,1992,0.0181187619490837,,,2
PA.NUS.PRVT.PP,RUS,Russian Federation,1993,0.171460341752885,,,2
PA.NUS.PRVT.PP,RUS,Russian Federation,1994,0.68131766417303,,,2
PA.NUS.PRVT.PP,RUS,Russian Federation,1995,1.97104,,,2
PA.NUS.PRVT.PP,RUS,Russian Federation,1996,2.845415,,,2
PA.NUS.PRVT.PP,RUS,Russian Federation,1997,3.276927,,,2
PA.NUS.PRVT.PP,RUS,Russian Federation,1998,3.95716,,,2
PA.NUS.PRVT.PP,RUS,Russian Federation,1999,6.862118,,,2
PA.NUS.PRVT.PP,RUS,Russian Federation,2000,7.554321,,,2
PA.NUS.PRVT.PP,RUS,Russian Federation,2001,8.876456,,,2
PA.NUS.PRVT.PP,RUS,Russian Federation,2002,10.049132,,,2
PA.NUS.PRVT.PP,RUS,Russian Federation,2003,11.010306,,,2
PA.NUS.PRVT.PP,RUS,Russian Federation,2004,12.317392,,,2
PA.NUS.PRVT.PP,RUS,Russian Federation,2005,13.390844,,,2
PA.NUS.PRVT.PP,RUS,Russian Federation,2006,13.59712,,,2
PA.NUS.PRVT.PP,RUS,Russian Federation,2007,14.346184,,,2
PA.NUS.PRVT.PP,RUS,Russian Federation,2008,15.071879,,,2
PA.NUS.PRVT.PP,RUS,Russian Federation,2009,15.94314,,,2
PA.NUS.PRVT.PP,RUS,Russian Federation,2010,16.713316,,,2
PA.NUS.PRVT.PP,RUS,Russian Federation,2011,18.910821,,,2
PA.NUS.PRVT.PP,RUS,Russian Federation,2012,19.809335,,,2
PA.NUS.PRVT.PP,RUS,Russian Federation,2013,21.462483,,,2
PA.NUS.PRVT.PP,RUS,Russian Federation,2014,22.581957,,,2
PA.NUS.PRVT.PP,RUS,Russian Federation,2015,25.251127,,,2
PA.NUS.PRVT.PP,RUS,Russian Federation,2016,25.753506,,,2
PA.NUS.PRVT.PP,RUS,Russian Federation,2017,25.850855,,,2
PA.NUS.PRVT.PP,RUS,Russian Federation,2018,25.877734,,,2
PA.NUS.PRVT.PP,RUS,Russian Federation,2019,25.488561630249,,,2
PA.NUS.PRVT.PP,RUS,Russian Federation,2020,25.3187084197998,,,2
PA.NUS.PRVT.PP,RUS,Russian Federation,2021,25.7555313110352,,,2
PA.NUS.PRVT.PP,RUS,Russian Federation,2022,27.1245644542517,,,2
PA.NUS.PRVT.PP,RUS,Russian Federation,2023,27.5803161319328,,,2
PA.NUS.PRVT.PP,RUS,Russian Federation,2024,29.0498457937251,,,2
PA.NUS.PRVT.PP,RUS,Russian Federation,2025,30.7531677427568,,,2
PA.NUS.PRVT.PP,RWA,Rwanda,1990,51.6446494294783,,,2
PA.NUS.PRVT.PP,RWA,Rwanda,1991,59.2758826044748,,,2
PA.NUS.PRVT.PP,RWA,Rwanda,1992,63.0337233091439,,,2
PA.NUS.PRVT.PP,RWA,Rwanda,1993,68.7906893637478,,,2
PA.NUS.PRVT.PP,RWA,Rwanda,1995,129.731596922265,,,2
PA.NUS.PRVT.PP,RWA,Rwanda,1996,135.378274170002,,,2
PA.NUS.PRVT.PP,RWA,Rwanda,1997,148.180544141778,,,2
PA.NUS.PRVT.PP,RWA,Rwanda,1998,154.97698008435,,,2
PA.NUS.PRVT.PP,RWA,Rwanda,1999,148.009843545902,,,2
PA.NUS.PRVT.PP,RWA,Rwanda,2000,148.758180084973,,,2
PA.NUS.PRVT.PP,RWA,Rwanda,2001,149.50566453414,,,2
PA.NUS.PRVT.PP,RWA,Rwanda,2002,150.103995768964,,,2
PA.NUS.PRVT.PP,RWA,Rwanda,2003,157.706212548284,,,2
PA.NUS.PRVT.PP,RWA,Rwanda,2004,172.41050641552,,,2
PA.NUS.PRVT.PP,RWA,Rwanda,2005,181.784263360332,,,2
PA.NUS.PRVT.PP,RWA,Rwanda,2006,191.746218346709,,,2
PA.NUS.PRVT.PP,RWA,Rwanda,2007,203.357048919191,,,2
PA.NUS.PRVT.PP,RWA,Rwanda,2008,226.072591521202,,,2
PA.NUS.PRVT.PP,RWA,Rwanda,2009,256.247405257173,,,2
PA.NUS.PRVT.PP,RWA,Rwanda,2010,251.492126734019,,,2
PA.NUS.PRVT.PP,RWA,Rwanda,2011,251.305206298828,,,2
PA.NUS.PRVT.PP,RWA,Rwanda,2012,258.316495638224,,,2
PA.NUS.PRVT.PP,RWA,Rwanda,2013,268.664204883679,,,2
PA.NUS.PRVT.PP,RWA,Rwanda,2014,267.712546610023,,,2
PA.NUS.PRVT.PP,RWA,Rwanda,2015,269.664171514258,,,2
PA.NUS.PRVT.PP,RWA,Rwanda,2016,281.081771832891,,,2
PA.NUS.PRVT.PP,RWA,Rwanda,2017,297.618865966797,,,2
PA.NUS.PRVT.PP,RWA,Rwanda,2018,290.754608154297,,,2
PA.NUS.PRVT.PP,RWA,Rwanda,2019,291.566833496094,,,2
PA.NUS.PRVT.PP,RWA,Rwanda,2020,305.233062744141,,,2
PA.NUS.PRVT.PP,RWA,Rwanda,2021,291.597686767578,,,2
PA.NUS.PRVT.PP,RWA,Rwanda,2022,317.750107607254,,,2
PA.NUS.PRVT.PP,RWA,Rwanda,2023,365.582789020331,,,2
PA.NUS.PRVT.PP,RWA,Rwanda,2024,361.39522996051,,,2
PA.NUS.PRVT.PP,RWA,Rwanda,2025,372.708064661893,,,2
PA.NUS.PRVT.PP,SAU,Saudi Arabia,1990,1.73097220885203,,,2
PA.NUS.PRVT.PP,SAU,Saudi Arabia,1991,1.74137028707978,,,2
PA.NUS.PRVT.PP,SAU,Saudi Arabia,1992,1.68887630936617,,,2
PA.NUS.PRVT.PP,SAU,Saudi Arabia,1993,1.65777553911947,,,2
PA.NUS.PRVT.PP,SAU,Saudi Arabia,1994,1.62476596530897,,,2
PA.NUS.PRVT.PP,SAU,Saudi Arabia,1995,1.65737038076412,,,2
PA.NUS.PRVT.PP,SAU,Saudi Arabia,1996,1.62985021245446,,,2
PA.NUS.PRVT.PP,SAU,Saudi Arabia,1997,1.59352989373858,,,2
PA.NUS.PRVT.PP,SAU,Saudi Arabia,1998,1.56334615151358,,,2
PA.NUS.PRVT.PP,SAU,Saudi Arabia,1999,1.50946738867428,,,2
PA.NUS.PRVT.PP,SAU,Saudi Arabia,2000,1.44373309879909,,,2
PA.NUS.PRVT.PP,SAU,Saudi Arabia,2001,1.38831348601489,,,2
PA.NUS.PRVT.PP,SAU,Saudi Arabia,2002,1.3700163173423,,,2
PA.NUS.PRVT.PP,SAU,Saudi Arabia,2003,1.34780699480364,,,2
PA.NUS.PRVT.PP,SAU,Saudi Arabia,2004,1.3194307618133,,,2
PA.NUS.PRVT.PP,SAU,Saudi Arabia,2005,1.28225038250535,,,2
PA.NUS.PRVT.PP,SAU,Saudi Arabia,2006,1.26961840997841,,,2
PA.NUS.PRVT.PP,SAU,Saudi Arabia,2007,1.28585269939211,,,2
PA.NUS.PRVT.PP,SAU,Saudi Arabia,2008,1.36053716553387,,,2
PA.NUS.PRVT.PP,SAU,Saudi Arabia,2009,1.43444266809631,,,2
PA.NUS.PRVT.PP,SAU,Saudi Arabia,2010,1.48665181293928,,,2
PA.NUS.PRVT.PP,SAU,Saudi Arabia,2011,1.52512168884277,,,2
PA.NUS.PRVT.PP,SAU,Saudi Arabia,2012,1.63068183407913,,,2
PA.NUS.PRVT.PP,SAU,Saudi Arabia,2013,1.72913971932351,,,2
PA.NUS.PRVT.PP,SAU,Saudi Arabia,2014,1.61721010887357,,,2
PA.NUS.PRVT.PP,SAU,Saudi Arabia,2015,1.66894132435776,,,2
PA.NUS.PRVT.PP,SAU,Saudi Arabia,2016,1.78459061011297,,,2
PA.NUS.PRVT.PP,SAU,Saudi Arabia,2017,1.74261462688446,,,2
PA.NUS.PRVT.PP,SAU,Saudi Arabia,2018,1.85951900482178,,,2
PA.NUS.PRVT.PP,SAU,Saudi Arabia,2019,1.88282084465027,,,2
PA.NUS.PRVT.PP,SAU,Saudi Arabia,2020,2.09173226356506,,,2
PA.NUS.PRVT.PP,SAU,Saudi Arabia,2021,2.04365277290344,,,2
PA.NUS.PRVT.PP,SAU,Saudi Arabia,2022,1.93903699955076,,,2
PA.NUS.PRVT.PP,SAU,Saudi Arabia,2023,1.90571438937784,,,2
PA.NUS.PRVT.PP,SAU,Saudi Arabia,2024,1.88236064348873,,,2
PA.NUS.PRVT.PP,SAU,Saudi Arabia,2025,1.87110648410936,,,2
PA.NUS.PRVT.PP,SDN,Sudan,1990,0.00401856357937536,,,2
PA.NUS.PRVT.PP,SDN,Sudan,1991,0.0086195925411627,,,2
PA.NUS.PRVT.PP,SDN,Sudan,1992,0.0182068886621602,,,2
PA.NUS.PRVT.PP,SDN,Sudan,1993,0.0356139091127355,,,2
PA.NUS.PRVT.PP,SDN,Sudan,1994,0.0747623156260431,,,2
PA.NUS.PRVT.PP,SDN,Sudan,1995,0.122446067113507,,,2
PA.NUS.PRVT.PP,SDN,Sudan,1996,0.276965144744631,,,2
PA.NUS.PRVT.PP,SDN,Sudan,1997,0.398294657298394,,,2
PA.NUS.PRVT.PP,SDN,Sudan,1998,0.488775129893057,,,2
PA.NUS.PRVT.PP,SDN,Sudan,1999,0.560418340095427,,,2
PA.NUS.PRVT.PP,SDN,Sudan,2000,0.580717190736424,,,2
PA.NUS.PRVT.PP,SDN,Sudan,2001,0.57568591657017,,,2
PA.NUS.PRVT.PP,SDN,Sudan,2002,0.692644955443205,,,2
PA.NUS.PRVT.PP,SDN,Sudan,2003,0.721221271595573,,,2
PA.NUS.PRVT.PP,SDN,Sudan,2004,0.770252078451225,,,2
PA.NUS.PRVT.PP,SDN,Sudan,2005,0.808343521392134,,,2
PA.NUS.PRVT.PP,SDN,Sudan,2006,0.839456813976235,,,2
PA.NUS.PRVT.PP,SDN,Sudan,2007,0.936594621237254,,,2
PA.NUS.PRVT.PP,SDN,Sudan,2008,1.03092255038808,,,2
PA.NUS.PRVT.PP,SDN,Sudan,2009,1.1510635779081,,,2
PA.NUS.PRVT.PP,SDN,Sudan,2010,1.27946105190384,,,2
PA.NUS.PRVT.PP,SDN,Sudan,2011,1.46476006507874,,,2
PA.NUS.PRVT.PP,SDN,Sudan,2012,1.92900086441143,,,2
PA.NUS.PRVT.PP,SDN,Sudan,2013,2.62177006151099,,,2
PA.NUS.PRVT.PP,SDN,Sudan,2014,3.10018725565294,,,2
PA.NUS.PRVT.PP,SDN,Sudan,2015,3.57002178333427,,,2
PA.NUS.PRVT.PP,SDN,Sudan,2016,4.12405482640126,,,2
PA.NUS.PRVT.PP,SDN,Sudan,2017,5.45834112167358,,,2
PA.NUS.PRVT.PP,SDN,Sudan,2018,8.62198829650879,,,2
PA.NUS.PRVT.PP,SDN,Sudan,2019,13.563045501709,,,2
PA.NUS.PRVT.PP,SDN,Sudan,2020,32.0337295532227,,,2
PA.NUS.PRVT.PP,SDN,Sudan,2021,101.433784484863,,,2
PA.NUS.PRVT.PP,SDN,Sudan,2022,224.283499405375,,,2
PA.NUS.PRVT.PP,SEN,Senegal,1990,224.465263810579,,,2
PA.NUS.PRVT.PP,SEN,Senegal,1991,211.569255935539,,,2
PA.NUS.PRVT.PP,SEN,Senegal,1992,205.123819799464,,,2
PA.NUS.PRVT.PP,SEN,Senegal,1993,198.0744251478,,,2
PA.NUS.PRVT.PP,SEN,Senegal,1994,255.381009474361,,,2
PA.NUS.PRVT.PP,SEN,Senegal,1995,267.947149995022,,,2
PA.NUS.PRVT.PP,SEN,Senegal,1996,267.48665602936,,,2
PA.NUS.PRVT.PP,SEN,Senegal,1997,265.958844726126,,,2
PA.NUS.PRVT.PP,SEN,Senegal,1998,264.923060033615,,,2
PA.NUS.PRVT.PP,SEN,Senegal,1999,261.395238743887,,,2
PA.NUS.PRVT.PP,SEN,Senegal,2000,254.707496187199,,,2
PA.NUS.PRVT.PP,SEN,Senegal,2001,255.074919103634,,,2
PA.NUS.PRVT.PP,SEN,Senegal,2002,256.961302444678,,,2
PA.NUS.PRVT.PP,SEN,Senegal,2003,251.126871722154,,,2
PA.NUS.PRVT.PP,SEN,Senegal,2004,245.837962955245,,,2
PA.NUS.PRVT.PP,SEN,Senegal,2005,241.84004913914,,,2
PA.NUS.PRVT.PP,SEN,Senegal,2006,239.230945670662,,,2
PA.NUS.PRVT.PP,SEN,Senegal,2007,246.210287738922,,,2
PA.NUS.PRVT.PP,SEN,Senegal,2008,254.528260616106,,,2
PA.NUS.PRVT.PP,SEN,Senegal,2009,249.694189014677,,,2
PA.NUS.PRVT.PP,SEN,Senegal,2010,248.683615240388,,,2
PA.NUS.PRVT.PP,SEN,Senegal,2011,249.277587890625,,,2
PA.NUS.PRVT.PP,SEN,Senegal,2012,241.426266789764,,,2
PA.NUS.PRVT.PP,SEN,Senegal,2013,245.189334404633,,,2
PA.NUS.PRVT.PP,SEN,Senegal,2014,239.624599886809,,,2
PA.NUS.PRVT.PP,SEN,Senegal,2015,238.148588321897,,,2
PA.NUS.PRVT.PP,SEN,Senegal,2016,236.720365908865,,,2
PA.NUS.PRVT.PP,SEN,Senegal,2017,238.208435058594,,,2
PA.NUS.PRVT.PP,SEN,Senegal,2018,234.380065917969,,,2
PA.NUS.PRVT.PP,SEN,Senegal,2019,232.569747924805,,,2
PA.NUS.PRVT.PP,SEN,Senegal,2020,233.080810546875,,,2
PA.NUS.PRVT.PP,SEN,Senegal,2021,226.576278686523,,,2
PA.NUS.PRVT.PP,SEN,Senegal,2022,230.130117663528,,,2
PA.NUS.PRVT.PP,SEN,Senegal,2023,234.15983421038,,,2
PA.NUS.PRVT.PP,SEN,Senegal,2024,229.280958150475,,,2
PA.NUS.PRVT.PP,SEN,Senegal,2025,226.514339375311,,,2
PA.NUS.PRVT.PP,SGP,Singapore,1990,1.28294950970413,,,2
PA.NUS.PRVT.PP,SGP,Singapore,1991,1.27298891158498,,,2
PA.NUS.PRVT.PP,SGP,Singapore,1992,1.26352758473192,,,2
PA.NUS.PRVT.PP,SGP,Singapore,1993,1.25539846109673,,,2
PA.NUS.PRVT.PP,SGP,Singapore,1994,1.26142651867308,,,2
PA.NUS.PRVT.PP,SGP,Singapore,1995,1.24811492699556,,,2
PA.NUS.PRVT.PP,SGP,Singapore,1996,1.22934402587502,,,2
PA.NUS.PRVT.PP,SGP,Singapore,1997,1.22533056366287,,,2
PA.NUS.PRVT.PP,SGP,Singapore,1998,1.20337306769994,,,2
PA.NUS.PRVT.PP,SGP,Singapore,1999,1.17780348867958,,,2
PA.NUS.PRVT.PP,SGP,Singapore,2000,1.15484333174249,,,2
PA.NUS.PRVT.PP,SGP,Singapore,2001,1.13430208783643,,,2
PA.NUS.PRVT.PP,SGP,Singapore,2002,1.11221914161905,,,2
PA.NUS.PRVT.PP,SGP,Singapore,2003,1.09305477997334,,,2
PA.NUS.PRVT.PP,SGP,Singapore,2004,1.08225477709087,,,2
PA.NUS.PRVT.PP,SGP,Singapore,2005,1.05119125203327,,,2
PA.NUS.PRVT.PP,SGP,Singapore,2006,1.02817384587191,,,2
PA.NUS.PRVT.PP,SGP,Singapore,2007,1.02074768645617,,,2
PA.NUS.PRVT.PP,SGP,Singapore,2008,1.0482359627476,,,2
PA.NUS.PRVT.PP,SGP,Singapore,2009,1.05817385891515,,,2
PA.NUS.PRVT.PP,SGP,Singapore,2010,1.07055046739827,,,2
PA.NUS.PRVT.PP,SGP,Singapore,2011,1.09228503704071,,,2
PA.NUS.PRVT.PP,SGP,Singapore,2012,1.07652911175403,,,2
PA.NUS.PRVT.PP,SGP,Singapore,2013,1.11027303603813,,,2
PA.NUS.PRVT.PP,SGP,Singapore,2014,1.11321589401994,,,2
PA.NUS.PRVT.PP,SGP,Singapore,2015,1.10751459455061,,,2
PA.NUS.PRVT.PP,SGP,Singapore,2016,1.10252567742402,,,2
PA.NUS.PRVT.PP,SGP,Singapore,2017,1.09898006916046,,,2
PA.NUS.PRVT.PP,SGP,Singapore,2018,1.08285617828369,,,2
PA.NUS.PRVT.PP,SGP,Singapore,2019,1.0697329044342,,,2
PA.NUS.PRVT.PP,SGP,Singapore,2020,1.07230114936829,,,2
PA.NUS.PRVT.PP,SGP,Singapore,2021,1.05891191959381,,,2
PA.NUS.PRVT.PP,SGP,Singapore,2022,1.04055943564022,,,2
PA.NUS.PRVT.PP,SGP,Singapore,2023,1.04772912674496,,,2
PA.NUS.PRVT.PP,SGP,Singapore,2024,1.04202980034753,,,2
PA.NUS.PRVT.PP,SGP,Singapore,2025,1.02381459225382,,,2
PA.NUS.PRVT.PP,SLB,Solomon Islands,1990,1.8664376092376,,,2
PA.NUS.PRVT.PP,SLB,Solomon Islands,1991,2.06009464445124,,,2
PA.NUS.PRVT.PP,SLB,Solomon Islands,1992,2.21450534959679,,,2
PA.NUS.PRVT.PP,SLB,Solomon Islands,1993,2.34823405342738,,,2
PA.NUS.PRVT.PP,SLB,Solomon Islands,1994,2.59193357090936,,,2
PA.NUS.PRVT.PP,SLB,Solomon Islands,1995,2.76397543784089,,,2
PA.NUS.PRVT.PP,SLB,Solomon Islands,1996,3.00143749440994,,,2
PA.NUS.PRVT.PP,SLB,Solomon Islands,1997,3.1699696799006,,,2
PA.NUS.PRVT.PP,SLB,Solomon Islands,1998,3.50856743230766,,,2
PA.NUS.PRVT.PP,SLB,Solomon Islands,1999,3.70881752946366,,,2
PA.NUS.PRVT.PP,SLB,Solomon Islands,2000,3.87071834906163,,,2
PA.NUS.PRVT.PP,SLB,Solomon Islands,2001,4.02504339121149,,,2
PA.NUS.PRVT.PP,SLB,Solomon Islands,2002,4.39525576327834,,,2
PA.NUS.PRVT.PP,SLB,Solomon Islands,2003,4.65309026583115,,,2
PA.NUS.PRVT.PP,SLB,Solomon Islands,2004,4.84834610036078,,,2
PA.NUS.PRVT.PP,SLB,Solomon Islands,2005,5.03300491862679,,,2
PA.NUS.PRVT.PP,SLB,Solomon Islands,2006,5.42277182936,,,2
PA.NUS.PRVT.PP,SLB,Solomon Islands,2007,5.67654925127559,,,2
PA.NUS.PRVT.PP,SLB,Solomon Islands,2008,6.41351019365888,,,2
PA.NUS.PRVT.PP,SLB,Solomon Islands,2009,6.89290981577427,,,2
PA.NUS.PRVT.PP,SLB,Solomon Islands,2010,6.85299539489956,,,2
PA.NUS.PRVT.PP,SLB,Solomon Islands,2011,7.13107406133715,,,2
PA.NUS.PRVT.PP,SLB,Solomon Islands,2012,7.39954210720137,,,2
PA.NUS.PRVT.PP,SLB,Solomon Islands,2013,7.6858928793164,,,2
PA.NUS.PRVT.PP,SLB,Solomon Islands,2014,7.95390847160728,,,2
PA.NUS.PRVT.PP,SLB,Solomon Islands,2015,7.89884553617147,,,2
PA.NUS.PRVT.PP,SLB,Solomon Islands,2016,7.84041265487363,,,2
PA.NUS.PRVT.PP,SLB,Solomon Islands,2017,7.71440245505026,,,2
PA.NUS.PRVT.PP,SLB,Solomon Islands,2018,7.79112972259327,,,2
PA.NUS.PRVT.PP,SLB,Solomon Islands,2019,7.7775577456346,,,2
PA.NUS.PRVT.PP,SLB,Solomon Islands,2020,7.91046726222071,,,2
PA.NUS.PRVT.PP,SLB,Solomon Islands,2021,7.54679768157057,,,2
PA.NUS.PRVT.PP,SLB,Solomon Islands,2022,7.37317898036752,,,2
PA.NUS.PRVT.PP,SLB,Solomon Islands,2023,7.49849064804186,,,2
PA.NUS.PRVT.PP,SLB,Solomon Islands,2024,7.59844531774035,,,2
PA.NUS.PRVT.PP,SLB,Solomon Islands,2025,7.64775147548691,,,2
PA.NUS.PRVT.PP,SLE,Sierra Leone,2006,1.37054804334888,,,2
PA.NUS.PRVT.PP,SLE,Sierra Leone,2007,1.48777518690536,,,2
PA.NUS.PRVT.PP,SLE,Sierra Leone,2008,1.5504162233186,,,2
PA.NUS.PRVT.PP,SLE,Sierra Leone,2009,1.67216241642923,,,2
PA.NUS.PRVT.PP,SLE,Sierra Leone,2010,1.76339787717004,,,2
PA.NUS.PRVT.PP,SLE,Sierra Leone,2011,1.82552795410156,,,2
PA.NUS.PRVT.PP,SLE,Sierra Leone,2012,1.79307197853214,,,2
PA.NUS.PRVT.PP,SLE,Sierra Leone,2013,1.83240285106878,,,2
PA.NUS.PRVT.PP,SLE,Sierra Leone,2014,1.82101900455887,,,2
PA.NUS.PRVT.PP,SLE,Sierra Leone,2015,1.85712643334668,,,2
PA.NUS.PRVT.PP,SLE,Sierra Leone,2016,1.93701149426572,,,2
PA.NUS.PRVT.PP,SLE,Sierra Leone,2017,2.17189453125,,,2
PA.NUS.PRVT.PP,SLE,Sierra Leone,2018,2.40613818359375,,,2
PA.NUS.PRVT.PP,SLE,Sierra Leone,2019,2.65397192382813,,,2
PA.NUS.PRVT.PP,SLE,Sierra Leone,2020,2.94960668945313,,,2
PA.NUS.PRVT.PP,SLE,Sierra Leone,2021,3.17073193359375,,,2
PA.NUS.PRVT.PP,SLE,Sierra Leone,2022,3.7345641303669,,,2
PA.NUS.PRVT.PP,SLE,Sierra Leone,2023,5.29582376199968,,,2
PA.NUS.PRVT.PP,SLE,Sierra Leone,2024,6.6170452801709,,,2
PA.NUS.PRVT.PP,SLE,Sierra Leone,2025,6.92562829658794,,,2
PA.NUS.PRVT.PP,SLV,El Salvador,1990,0.283042023371347,,,2
PA.NUS.PRVT.PP,SLV,El Salvador,1991,0.310651659920207,,,2
PA.NUS.PRVT.PP,SLV,El Salvador,1992,0.335333000570624,,,2
PA.NUS.PRVT.PP,SLV,El Salvador,1993,0.385998677014522,,,2
PA.NUS.PRVT.PP,SLV,El Salvador,1994,0.416012468512503,,,2
PA.NUS.PRVT.PP,SLV,El Salvador,1995,0.445246069011414,,,2
PA.NUS.PRVT.PP,SLV,El Salvador,1996,0.474910262731964,,,2
PA.NUS.PRVT.PP,SLV,El Salvador,1997,0.484898946843001,,,2
PA.NUS.PRVT.PP,SLV,El Salvador,1998,0.489648895409394,,,2
PA.NUS.PRVT.PP,SLV,El Salvador,1999,0.481631512287604,,,2
PA.NUS.PRVT.PP,SLV,El Salvador,2000,0.476480676576871,,,2
PA.NUS.PRVT.PP,SLV,El Salvador,2001,0.480765360072654,,,2
PA.NUS.PRVT.PP,SLV,El Salvador,2002,0.482088088675695,,,2
PA.NUS.PRVT.PP,SLV,El Salvador,2003,0.48138240298863,,,2
PA.NUS.PRVT.PP,SLV,El Salvador,2004,0.48970277524354,,,2
PA.NUS.PRVT.PP,SLV,El Salvador,2005,0.495851495292084,,,2
PA.NUS.PRVT.PP,SLV,El Salvador,2006,0.499748040568101,,,2
PA.NUS.PRVT.PP,SLV,El Salvador,2007,0.508131603835743,,,2
PA.NUS.PRVT.PP,SLV,El Salvador,2008,0.522170048354821,,,2
PA.NUS.PRVT.PP,SLV,El Salvador,2009,0.529566759373415,,,2
PA.NUS.PRVT.PP,SLV,El Salvador,2010,0.52716637207042,,,2
PA.NUS.PRVT.PP,SLV,El Salvador,2011,0.537244379520416,,,2
PA.NUS.PRVT.PP,SLV,El Salvador,2012,0.520206177232665,,,2
PA.NUS.PRVT.PP,SLV,El Salvador,2013,0.528174033138813,,,2
PA.NUS.PRVT.PP,SLV,El Salvador,2014,0.529163350026772,,,2
PA.NUS.PRVT.PP,SLV,El Salvador,2015,0.522902599375433,,,2
PA.NUS.PRVT.PP,SLV,El Salvador,2016,0.519756807385322,,,2
PA.NUS.PRVT.PP,SLV,El Salvador,2017,0.524570107460022,,,2
PA.NUS.PRVT.PP,SLV,El Salvador,2018,0.514650523662567,,,2
PA.NUS.PRVT.PP,SLV,El Salvador,2019,0.504034221172333,,,2
PA.NUS.PRVT.PP,SLV,El Salvador,2020,0.492380350828171,,,2
PA.NUS.PRVT.PP,SLV,El Salvador,2021,0.494253486394882,,,2
PA.NUS.PRVT.PP,SLV,El Salvador,2022,0.49057329865435,,,2
PA.NUS.PRVT.PP,SLV,El Salvador,2023,0.490239744943932,,,2
PA.NUS.PRVT.PP,SLV,El Salvador,2024,0.480259937181417,,,2
PA.NUS.PRVT.PP,SLV,El Salvador,2025,0.468846458572409,,,2
PA.NUS.PRVT.PP,SMR,San Marino,2017,0.792561054229736,,,2
PA.NUS.PRVT.PP,SMR,San Marino,2018,0.786411099585941,,,2
PA.NUS.PRVT.PP,SMR,San Marino,2019,0.779779725747915,,,2
PA.NUS.PRVT.PP,SMR,San Marino,2020,0.772929588043423,,,2
PA.NUS.PRVT.PP,SMR,San Marino,2021,0.757236063480377,,,2
PA.NUS.PRVT.PP,SMR,San Marino,2022,0.73846448154977,,,2
PA.NUS.PRVT.PP,SMR,San Marino,2023,0.751341750661954,,,2
PA.NUS.PRVT.PP,SMR,San Marino,2024,0.738881169196686,,,2
PA.NUS.PRVT.PP,SMR,San Marino,2025,0.735981567763693,,,2
PA.NUS.PRVT.PP,SOM,"Somalia, Fed. Rep.",2017,8704.61467771531,,,2
PA.NUS.PRVT.PP,SOM,"Somalia, Fed. Rep.",2018,9036.70907081246,,,2
PA.NUS.PRVT.PP,SOM,"Somalia, Fed. Rep.",2019,9784.28958480835,,,2
PA.NUS.PRVT.PP,SOM,"Somalia, Fed. Rep.",2020,10373.8759317476,,,2
PA.NUS.PRVT.PP,SOM,"Somalia, Fed. Rep.",2021,10392.2489678791,,,2
PA.NUS.PRVT.PP,SRB,Serbia,1994,1.03182313236651,,,2
PA.NUS.PRVT.PP,SRB,Serbia,1995,1.83330164411942,,,2
PA.NUS.PRVT.PP,SRB,Serbia,1996,3.48383662890056,,,2
PA.NUS.PRVT.PP,SRB,Serbia,1997,4.19771504456116,,,2
PA.NUS.PRVT.PP,SRB,Serbia,1998,5.38021731163471,,,2
PA.NUS.PRVT.PP,SRB,Serbia,1999,7.50022276887331,,,2
PA.NUS.PRVT.PP,SRB,Serbia,2000,12.4151852763222,,,2
PA.NUS.PRVT.PP,SRB,Serbia,2001,23.0481616322065,,,2
PA.NUS.PRVT.PP,SRB,Serbia,2002,25.9641388851593,,,2
PA.NUS.PRVT.PP,SRB,Serbia,2003,27.8428402685048,,,2
PA.NUS.PRVT.PP,SRB,Serbia,2004,29.9360771672927,,,2
PA.NUS.PRVT.PP,SRB,Serbia,2005,33.299084503105,,,2
PA.NUS.PRVT.PP,SRB,Serbia,2006,35.6507032335156,,,2
PA.NUS.PRVT.PP,SRB,Serbia,2007,37.4157748770592,,,2
PA.NUS.PRVT.PP,SRB,Serbia,2008,38.4083856725685,,,2
PA.NUS.PRVT.PP,SRB,Serbia,2009,40.7312985864881,,,2
PA.NUS.PRVT.PP,SRB,Serbia,2010,42.498289688493,,,2
PA.NUS.PRVT.PP,SRB,Serbia,2011,44.1465737722257,,,2
PA.NUS.PRVT.PP,SRB,Serbia,2012,45.8575670260901,,,2
PA.NUS.PRVT.PP,SRB,Serbia,2013,47.6566121247987,,,2
PA.NUS.PRVT.PP,SRB,Serbia,2014,47.7565044138316,,,2
PA.NUS.PRVT.PP,SRB,Serbia,2015,48.2608405410738,,,2
PA.NUS.PRVT.PP,SRB,Serbia,2016,47.7509779180863,,,2
PA.NUS.PRVT.PP,SRB,Serbia,2017,48.9382545335504,,,2
PA.NUS.PRVT.PP,SRB,Serbia,2018,48.693289884119,,,2
PA.NUS.PRVT.PP,SRB,Serbia,2019,47.3714972467972,,,2
PA.NUS.PRVT.PP,SRB,Serbia,2020,48.377623297505,,,2
PA.NUS.PRVT.PP,SRB,Serbia,2021,48.5412805362718,,,2
PA.NUS.PRVT.PP,SRB,Serbia,2022,49.5608327442607,,,2
PA.NUS.PRVT.PP,SRB,Serbia,2023,49.2292038046797,,,2
PA.NUS.PRVT.PP,SRB,Serbia,2024,50.584042037017,,,2
PA.NUS.PRVT.PP,SRB,Serbia,2025,52.9296870508475,,,2
PA.NUS.PRVT.PP,SSD,South Sudan,2008,1.08740266868991,,,2
PA.NUS.PRVT.PP,SSD,South Sudan,2009,1.1459152805801,,,2
PA.NUS.PRVT.PP,SSD,South Sudan,2010,1.14061162931607,,,2
PA.NUS.PRVT.PP,SSD,South Sudan,2011,1.62375366353615,,,2
PA.NUS.PRVT.PP,SSD,South Sudan,2012,2.22060470730082,,,2
PA.NUS.PRVT.PP,SSD,South Sudan,2013,2.10488670844342,,,2
PA.NUS.PRVT.PP,SSD,South Sudan,2014,2.02588044549775,,,2
PA.NUS.PRVT.PP,SSD,South Sudan,2015,2.97514407185154,,,2
PA.NUS.PRVT.PP,SSD,South Sudan,2016,13.5647274921802,,,2
PA.NUS.PRVT.PP,SSD,South Sudan,2017,36.7849388122559,,,2
PA.NUS.PRVT.PP,SSD,South Sudan,2021,158.052139282227,,,2
PA.NUS.PRVT.PP,STP,Sao Tome and Principe,1996,1.13721882871788,,,2
PA.NUS.PRVT.PP,STP,Sao Tome and Principe,1997,1.50925677976096,,,2
PA.NUS.PRVT.PP,STP,Sao Tome and Principe,1998,2.23660943360264,,,2
PA.NUS.PRVT.PP,STP,Sao Tome and Principe,1999,2.46723810242311,,,2
PA.NUS.PRVT.PP,STP,Sao Tome and Principe,2000,2.67802865554513,,,2
PA.NUS.PRVT.PP,STP,Sao Tome and Principe,2001,2.84460407231736,,,2
PA.NUS.PRVT.PP,STP,Sao Tome and Principe,2002,3.08381589147538,,,2
PA.NUS.PRVT.PP,STP,Sao Tome and Principe,2003,3.31064138421654,,,2
PA.NUS.PRVT.PP,STP,Sao Tome and Principe,2004,3.65269805467108,,,2
PA.NUS.PRVT.PP,STP,Sao Tome and Principe,2005,4.13879739269869,,,2
PA.NUS.PRVT.PP,STP,Sao Tome and Principe,2006,4.93471796943015,,,2
PA.NUS.PRVT.PP,STP,Sao Tome and Principe,2007,5.68778104017797,,,2
PA.NUS.PRVT.PP,STP,Sao Tome and Principe,2008,7.22975072577663,,,2
PA.NUS.PRVT.PP,STP,Sao Tome and Principe,2009,8.4859052750553,,,2
PA.NUS.PRVT.PP,STP,Sao Tome and Principe,2010,9.46273649213004,,,2
PA.NUS.PRVT.PP,STP,Sao Tome and Principe,2011,10.4874076843262,,,2
PA.NUS.PRVT.PP,STP,Sao Tome and Principe,2012,10.4974214109551,,,2
PA.NUS.PRVT.PP,STP,Sao Tome and Principe,2013,10.4234872431354,,,2
PA.NUS.PRVT.PP,STP,Sao Tome and Principe,2014,10.1613602723725,,,2
PA.NUS.PRVT.PP,STP,Sao Tome and Principe,2015,10.7265056396154,,,2
PA.NUS.PRVT.PP,STP,Sao Tome and Principe,2016,10.6977227376803,,,2
PA.NUS.PRVT.PP,STP,Sao Tome and Principe,2017,10.8754110336304,,,2
PA.NUS.PRVT.PP,STP,Sao Tome and Principe,2018,10.3724069595337,,,2
PA.NUS.PRVT.PP,STP,Sao Tome and Principe,2019,9.9831371307373,,,2
PA.NUS.PRVT.PP,STP,Sao Tome and Principe,2020,10.1452503204346,,,2
PA.NUS.PRVT.PP,STP,Sao Tome and Principe,2021,9.61740589141846,,,2
PA.NUS.PRVT.PP,STP,Sao Tome and Principe,2022,10.5081358282882,,,2
PA.NUS.PRVT.PP,STP,Sao Tome and Principe,2023,12.2382822607701,,,2
PA.NUS.PRVT.PP,STP,Sao Tome and Principe,2024,13.5937602555677,,,2
PA.NUS.PRVT.PP,STP,Sao Tome and Principe,2025,14.6989139133247,,,2
PA.NUS.PRVT.PP,SUR,Suriname,1990,0.00289719007450303,,,2
PA.NUS.PRVT.PP,SUR,Suriname,1991,0.00350124054541756,,,2
PA.NUS.PRVT.PP,SUR,Suriname,1992,0.0048822247050831,,,2
PA.NUS.PRVT.PP,SUR,Suriname,1993,0.0115479262969955,,,2
PA.NUS.PRVT.PP,SUR,Suriname,1994,0.0527247354113193,,,2
PA.NUS.PRVT.PP,SUR,Suriname,1995,0.172094523744884,,,2
PA.NUS.PRVT.PP,SUR,Suriname,1996,0.166020222487963,,,2
PA.NUS.PRVT.PP,SUR,Suriname,1997,0.173819198759463,,,2
PA.NUS.PRVT.PP,SUR,Suriname,1998,0.203640957444698,,,2
PA.NUS.PRVT.PP,SUR,Suriname,1999,0.396116294242554,,,2
PA.NUS.PRVT.PP,SUR,Suriname,2000,0.610790529300196,,,2
PA.NUS.PRVT.PP,SUR,Suriname,2001,0.823206691558787,,,2
PA.NUS.PRVT.PP,SUR,Suriname,2002,0.936181149371071,,,2
PA.NUS.PRVT.PP,SUR,Suriname,2003,1.12596327524126,,,2
PA.NUS.PRVT.PP,SUR,Suriname,2004,1.20611507333168,,,2
PA.NUS.PRVT.PP,SUR,Suriname,2005,1.28200134223878,,,2
PA.NUS.PRVT.PP,SUR,Suriname,2006,1.38204385299328,,,2
PA.NUS.PRVT.PP,SUR,Suriname,2007,1.43006284247742,,,2
PA.NUS.PRVT.PP,SUR,Suriname,2008,1.57918567882891,,,2
PA.NUS.PRVT.PP,SUR,Suriname,2009,1.58270254785786,,,2
PA.NUS.PRVT.PP,SUR,Suriname,2010,1.66524843518498,,,2
PA.NUS.PRVT.PP,SUR,Suriname,2011,1.90020704269409,,,2
PA.NUS.PRVT.PP,SUR,Suriname,2012,1.78683468669874,,,2
PA.NUS.PRVT.PP,SUR,Suriname,2013,1.75843447103226,,,2
PA.NUS.PRVT.PP,SUR,Suriname,2014,1.72558442643109,,,2
PA.NUS.PRVT.PP,SUR,Suriname,2015,1.78196252154041,,,2
PA.NUS.PRVT.PP,SUR,Suriname,2016,2.61068915613778,,,2
PA.NUS.PRVT.PP,SUR,Suriname,2017,2.99082183837891,,,2
PA.NUS.PRVT.PP,SUR,Suriname,2018,3.32296991348267,,,2
PA.NUS.PRVT.PP,SUR,Suriname,2019,3.24306726455688,,,2
PA.NUS.PRVT.PP,SUR,Suriname,2020,4.3308367729187,,,2
PA.NUS.PRVT.PP,SUR,Suriname,2021,6.33501672744751,,,2
PA.NUS.PRVT.PP,SUR,Suriname,2022,8.94188052932687,,,2
PA.NUS.PRVT.PP,SUR,Suriname,2023,13.0188565033904,,,2
PA.NUS.PRVT.PP,SUR,Suriname,2024,14.6982386563214,,,2
PA.NUS.PRVT.PP,SUR,Suriname,2025,15.6295611371596,,,2
PA.NUS.PRVT.PP,SVK,Slovak Republic,1991,0.297144858499891,,,2
PA.NUS.PRVT.PP,SVK,Slovak Republic,1992,0.316943260672493,,,2
PA.NUS.PRVT.PP,SVK,Slovak Republic,1993,0.379547,,,2
PA.NUS.PRVT.PP,SVK,Slovak Republic,1994,0.421731,,,2
PA.NUS.PRVT.PP,SVK,Slovak Republic,1995,0.450951,,,2
PA.NUS.PRVT.PP,SVK,Slovak Republic,1996,0.461671,,,2
PA.NUS.PRVT.PP,SVK,Slovak Republic,1997,0.473408,,,2
PA.NUS.PRVT.PP,SVK,Slovak Republic,1998,0.492666,,,2
PA.NUS.PRVT.PP,SVK,Slovak Republic,1999,0.531052,,,2
PA.NUS.PRVT.PP,SVK,Slovak Republic,2000,0.555503,,,2
PA.NUS.PRVT.PP,SVK,Slovak Republic,2001,0.547322,,,2
PA.NUS.PRVT.PP,SVK,Slovak Republic,2002,0.553999,,,2
PA.NUS.PRVT.PP,SVK,Slovak Republic,2003,0.5987,,,2
PA.NUS.PRVT.PP,SVK,Slovak Republic,2004,0.622242,,,2
PA.NUS.PRVT.PP,SVK,Slovak Republic,2005,0.614441,,,2
PA.NUS.PRVT.PP,SVK,Slovak Republic,2006,0.625566,,,2
PA.NUS.PRVT.PP,SVK,Slovak Republic,2007,0.625001,,,2
PA.NUS.PRVT.PP,SVK,Slovak Republic,2008,0.608411,,,2
PA.NUS.PRVT.PP,SVK,Slovak Republic,2009,0.593821,,,2
PA.NUS.PRVT.PP,SVK,Slovak Republic,2010,0.568293,,,2
PA.NUS.PRVT.PP,SVK,Slovak Republic,2011,0.564795,,,2
PA.NUS.PRVT.PP,SVK,Slovak Republic,2012,0.569467,,,2
PA.NUS.PRVT.PP,SVK,Slovak Republic,2013,0.549944,,,2
PA.NUS.PRVT.PP,SVK,Slovak Republic,2014,0.544946,,,2
PA.NUS.PRVT.PP,SVK,Slovak Republic,2015,0.549963,,,2
PA.NUS.PRVT.PP,SVK,Slovak Republic,2016,0.587277,,,2
PA.NUS.PRVT.PP,SVK,Slovak Republic,2017,0.618079,,,2
PA.NUS.PRVT.PP,SVK,Slovak Republic,2018,0.623897,,,2
PA.NUS.PRVT.PP,SVK,Slovak Republic,2019,0.612353,,,2
PA.NUS.PRVT.PP,SVK,Slovak Republic,2020,0.583749,,,2
PA.NUS.PRVT.PP,SVK,Slovak Republic,2021,0.570853,,,2
PA.NUS.PRVT.PP,SVK,Slovak Republic,2022,0.569696,,,2
PA.NUS.PRVT.PP,SVK,Slovak Republic,2023,0.541108,,,2
PA.NUS.PRVT.PP,SVK,Slovak Republic,2024,0.545311,,,2
PA.NUS.PRVT.PP,SVK,Slovak Republic,2025,0.565748,,,2
PA.NUS.PRVT.PP,SVN,Slovenia,1990,0.0371432965314939,,,2
PA.NUS.PRVT.PP,SVN,Slovenia,1991,0.076554,,,2
PA.NUS.PRVT.PP,SVN,Slovenia,1992,0.226789,,,2
PA.NUS.PRVT.PP,SVN,Slovenia,1993,0.290579,,,2
PA.NUS.PRVT.PP,SVN,Slovenia,1994,0.342399,,,2
PA.NUS.PRVT.PP,SVN,Slovenia,1995,0.424658,,,2
PA.NUS.PRVT.PP,SVN,Slovenia,1996,0.460546,,,2
PA.NUS.PRVT.PP,SVN,Slovenia,1997,0.490819,,,2
PA.NUS.PRVT.PP,SVN,Slovenia,1998,0.517073,,,2
PA.NUS.PRVT.PP,SVN,Slovenia,1999,0.540102,,,2
PA.NUS.PRVT.PP,SVN,Slovenia,2000,0.562068,,,2
PA.NUS.PRVT.PP,SVN,Slovenia,2001,0.596591,,,2
PA.NUS.PRVT.PP,SVN,Slovenia,2002,0.621898,,,2
PA.NUS.PRVT.PP,SVN,Slovenia,2003,0.645733,,,2
PA.NUS.PRVT.PP,SVN,Slovenia,2004,0.653871,,,2
PA.NUS.PRVT.PP,SVN,Slovenia,2005,0.662445,,,2
PA.NUS.PRVT.PP,SVN,Slovenia,2006,0.666707,,,2
PA.NUS.PRVT.PP,SVN,Slovenia,2007,0.683833,,,2
PA.NUS.PRVT.PP,SVN,Slovenia,2008,0.686488,,,2
PA.NUS.PRVT.PP,SVN,Slovenia,2009,0.708803,,,2
PA.NUS.PRVT.PP,SVN,Slovenia,2010,0.69889,,,2
PA.NUS.PRVT.PP,SVN,Slovenia,2011,0.681376,,,2
PA.NUS.PRVT.PP,SVN,Slovenia,2012,0.677672,,,2
PA.NUS.PRVT.PP,SVN,Slovenia,2013,0.665662,,,2
PA.NUS.PRVT.PP,SVN,Slovenia,2014,0.66613,,,2
PA.NUS.PRVT.PP,SVN,Slovenia,2015,0.669388,,,2
PA.NUS.PRVT.PP,SVN,Slovenia,2016,0.654905,,,2
PA.NUS.PRVT.PP,SVN,Slovenia,2017,0.649155,,,2
PA.NUS.PRVT.PP,SVN,Slovenia,2018,0.642606,,,2
PA.NUS.PRVT.PP,SVN,Slovenia,2019,0.61833,,,2
PA.NUS.PRVT.PP,SVN,Slovenia,2020,0.612461,,,2
PA.NUS.PRVT.PP,SVN,Slovenia,2021,0.603737,,,2
PA.NUS.PRVT.PP,SVN,Slovenia,2022,0.584424,,,2
PA.NUS.PRVT.PP,SVN,Slovenia,2023,0.576883,,,2
PA.NUS.PRVT.PP,SVN,Slovenia,2024,0.57707,,,2
PA.NUS.PRVT.PP,SVN,Slovenia,2025,0.592804,,,2
PA.NUS.PRVT.PP,SWE,Sweden,1990,8.810496,,,2
PA.NUS.PRVT.PP,SWE,Sweden,1991,9.420124,,,2
PA.NUS.PRVT.PP,SWE,Sweden,1992,9.389603,,,2
PA.NUS.PRVT.PP,SWE,Sweden,1993,9.655656,,,2
PA.NUS.PRVT.PP,SWE,Sweden,1994,9.708274,,,2
PA.NUS.PRVT.PP,SWE,Sweden,1995,9.788829,,,2
PA.NUS.PRVT.PP,SWE,Sweden,1996,9.654336,,,2
PA.NUS.PRVT.PP,SWE,Sweden,1997,9.686591,,,2
PA.NUS.PRVT.PP,SWE,Sweden,1998,9.692388,,,2
PA.NUS.PRVT.PP,SWE,Sweden,1999,9.568644,,,2
PA.NUS.PRVT.PP,SWE,Sweden,2000,9.325602,,,2
PA.NUS.PRVT.PP,SWE,Sweden,2001,9.514603,,,2
PA.NUS.PRVT.PP,SWE,Sweden,2002,9.576923,,,2
PA.NUS.PRVT.PP,SWE,Sweden,2003,9.740197,,,2
PA.NUS.PRVT.PP,SWE,Sweden,2004,9.530394,,,2
PA.NUS.PRVT.PP,SWE,Sweden,2005,9.5289,,,2
PA.NUS.PRVT.PP,SWE,Sweden,2006,9.274026,,,2
PA.NUS.PRVT.PP,SWE,Sweden,2007,9.047104,,,2
PA.NUS.PRVT.PP,SWE,Sweden,2008,8.926968,,,2
PA.NUS.PRVT.PP,SWE,Sweden,2009,9.072707,,,2
PA.NUS.PRVT.PP,SWE,Sweden,2010,9.152355,,,2
PA.NUS.PRVT.PP,SWE,Sweden,2011,9.025884,,,2
PA.NUS.PRVT.PP,SWE,Sweden,2012,8.961105,,,2
PA.NUS.PRVT.PP,SWE,Sweden,2013,9.05176,,,2
PA.NUS.PRVT.PP,SWE,Sweden,2014,9.122638,,,2
PA.NUS.PRVT.PP,SWE,Sweden,2015,9.301319,,,2
PA.NUS.PRVT.PP,SWE,Sweden,2016,9.324154,,,2
PA.NUS.PRVT.PP,SWE,Sweden,2017,9.483893,,,2
PA.NUS.PRVT.PP,SWE,Sweden,2018,9.470321,,,2
PA.NUS.PRVT.PP,SWE,Sweden,2019,9.282849,,,2
PA.NUS.PRVT.PP,SWE,Sweden,2020,9.186234,,,2
PA.NUS.PRVT.PP,SWE,Sweden,2021,9.046399,,,2
PA.NUS.PRVT.PP,SWE,Sweden,2022,8.654651,,,2
PA.NUS.PRVT.PP,SWE,Sweden,2023,8.515827,,,2
PA.NUS.PRVT.PP,SWE,Sweden,2024,8.577614,,,2
PA.NUS.PRVT.PP,SWE,Sweden,2025,8.889005,,,2
PA.NUS.PRVT.PP,SWZ,Eswatini,1990,1.36493778212563,,,2
PA.NUS.PRVT.PP,SWZ,Eswatini,1991,1.42647481373656,,,2
PA.NUS.PRVT.PP,SWZ,Eswatini,1992,1.48918719852659,,,2
PA.NUS.PRVT.PP,SWZ,Eswatini,1993,1.62040955611222,,,2
PA.NUS.PRVT.PP,SWZ,Eswatini,1994,1.79668158925025,,,2
PA.NUS.PRVT.PP,SWZ,Eswatini,1995,1.96241448370295,,,2
PA.NUS.PRVT.PP,SWZ,Eswatini,1996,2.02902882212092,,,2
PA.NUS.PRVT.PP,SWZ,Eswatini,1997,2.1239523449482,,,2
PA.NUS.PRVT.PP,SWZ,Eswatini,1998,2.26110548243852,,,2
PA.NUS.PRVT.PP,SWZ,Eswatini,1999,2.34741888052625,,,2
PA.NUS.PRVT.PP,SWZ,Eswatini,2000,2.54796327314814,,,2
PA.NUS.PRVT.PP,SWZ,Eswatini,2001,2.62517413583698,,,2
PA.NUS.PRVT.PP,SWZ,Eswatini,2002,2.89480015162568,,,2
PA.NUS.PRVT.PP,SWZ,Eswatini,2003,3.03689077778619,,,2
PA.NUS.PRVT.PP,SWZ,Eswatini,2004,3.0596088695659,,,2
PA.NUS.PRVT.PP,SWZ,Eswatini,2005,3.10048317563995,,,2
PA.NUS.PRVT.PP,SWZ,Eswatini,2006,3.16291864237681,,,2
PA.NUS.PRVT.PP,SWZ,Eswatini,2007,3.32354878258586,,,2
PA.NUS.PRVT.PP,SWZ,Eswatini,2008,3.60579553927213,,,2
PA.NUS.PRVT.PP,SWZ,Eswatini,2009,3.88818794411476,,,2
PA.NUS.PRVT.PP,SWZ,Eswatini,2010,3.99794747492927,,,2
PA.NUS.PRVT.PP,SWZ,Eswatini,2011,4.11230039596558,,,2
PA.NUS.PRVT.PP,SWZ,Eswatini,2012,4.35884639569249,,,2
PA.NUS.PRVT.PP,SWZ,Eswatini,2013,4.68957581512615,,,2
PA.NUS.PRVT.PP,SWZ,Eswatini,2014,5.00531041005944,,,2
PA.NUS.PRVT.PP,SWZ,Eswatini,2015,5.30930843088419,,,2
PA.NUS.PRVT.PP,SWZ,Eswatini,2016,5.7619120189326,,,2
PA.NUS.PRVT.PP,SWZ,Eswatini,2017,6.13235569000244,,,2
PA.NUS.PRVT.PP,SWZ,Eswatini,2018,6.2098970413208,,,2
PA.NUS.PRVT.PP,SWZ,Eswatini,2019,6.3032546043396,,,2
PA.NUS.PRVT.PP,SWZ,Eswatini,2020,6.41520977020264,,,2
PA.NUS.PRVT.PP,SWZ,Eswatini,2021,6.18902730941772,,,2
PA.NUS.PRVT.PP,SXM,Sint Maarten (Dutch part),2005,1.60316400491571,,,2
PA.NUS.PRVT.PP,SXM,Sint Maarten (Dutch part),2006,1.55773158501928,,,2
PA.NUS.PRVT.PP,SXM,Sint Maarten (Dutch part),2007,1.5816578576928,,,2
PA.NUS.PRVT.PP,SXM,Sint Maarten (Dutch part),2008,1.51681557910986,,,2
PA.NUS.PRVT.PP,SXM,Sint Maarten (Dutch part),2009,1.6129166083474,,,2
PA.NUS.PRVT.PP,SXM,Sint Maarten (Dutch part),2010,1.60813265235257,,,2
PA.NUS.PRVT.PP,SXM,Sint Maarten (Dutch part),2011,1.63039267063141,,,2
PA.NUS.PRVT.PP,SXM,Sint Maarten (Dutch part),2012,1.56548124736114,,,2
PA.NUS.PRVT.PP,SXM,Sint Maarten (Dutch part),2013,1.59040275393231,,,2
PA.NUS.PRVT.PP,SXM,Sint Maarten (Dutch part),2014,1.57598172295885,,,2
PA.NUS.PRVT.PP,SXM,Sint Maarten (Dutch part),2015,1.55281374335701,,,2
PA.NUS.PRVT.PP,SXM,Sint Maarten (Dutch part),2016,1.50738707366287,,,2
PA.NUS.PRVT.PP,SXM,Sint Maarten (Dutch part),2017,1.49844181537628,,,2
PA.NUS.PRVT.PP,SXM,Sint Maarten (Dutch part),2018,1.49628639221191,,,2
PA.NUS.PRVT.PP,SXM,Sint Maarten (Dutch part),2019,1.50828611850739,,,2
PA.NUS.PRVT.PP,SXM,Sint Maarten (Dutch part),2020,1.5107489824295,,,2
PA.NUS.PRVT.PP,SXM,Sint Maarten (Dutch part),2021,1.53710055351257,,,2
PA.NUS.PRVT.PP,SYC,Seychelles,1990,5.20544916581461,,,2
PA.NUS.PRVT.PP,SYC,Seychelles,1991,5.09317457765068,,,2
PA.NUS.PRVT.PP,SYC,Seychelles,1992,5.10394800701439,,,2
PA.NUS.PRVT.PP,SYC,Seychelles,1993,5.0262121307595,,,2
PA.NUS.PRVT.PP,SYC,Seychelles,1994,4.98357232594993,,,2
PA.NUS.PRVT.PP,SYC,Seychelles,1995,4.8357540745984,,,2
PA.NUS.PRVT.PP,SYC,Seychelles,1996,4.64635480910975,,,2
PA.NUS.PRVT.PP,SYC,Seychelles,1997,4.56827925973296,,,2
PA.NUS.PRVT.PP,SYC,Seychelles,1998,4.61450414669032,,,2
PA.NUS.PRVT.PP,SYC,Seychelles,1999,4.80232464770039,,,2
PA.NUS.PRVT.PP,SYC,Seychelles,2000,4.93666707432139,,,2
PA.NUS.PRVT.PP,SYC,Seychelles,2001,5.08758362116558,,,2
PA.NUS.PRVT.PP,SYC,Seychelles,2002,5.0169170021726,,,2
PA.NUS.PRVT.PP,SYC,Seychelles,2003,5.06756485347454,,,2
PA.NUS.PRVT.PP,SYC,Seychelles,2004,5.12580626475867,,,2
PA.NUS.PRVT.PP,SYC,Seychelles,2005,5.0025820064284,,,2
PA.NUS.PRVT.PP,SYC,Seychelles,2006,4.82911505282887,,,2
PA.NUS.PRVT.PP,SYC,Seychelles,2007,4.94498863159899,,,2
PA.NUS.PRVT.PP,SYC,Seychelles,2008,6.52248691221931,,,2
PA.NUS.PRVT.PP,SYC,Seychelles,2009,8.62432963779973,,,2
PA.NUS.PRVT.PP,SYC,Seychelles,2010,8.28113151100618,,,2
PA.NUS.PRVT.PP,SYC,Seychelles,2011,8.2331600189209,,,2
PA.NUS.PRVT.PP,SYC,Seychelles,2012,8.44454621263164,,,2
PA.NUS.PRVT.PP,SYC,Seychelles,2013,8.89648591023411,,,2
PA.NUS.PRVT.PP,SYC,Seychelles,2014,8.93768826390298,,,2
PA.NUS.PRVT.PP,SYC,Seychelles,2015,9.13429458610693,,,2
PA.NUS.PRVT.PP,SYC,Seychelles,2016,8.82023123879585,,,2
PA.NUS.PRVT.PP,SYC,Seychelles,2017,8.99574565887451,,,2
PA.NUS.PRVT.PP,SYC,Seychelles,2018,9.05926990509033,,,2
PA.NUS.PRVT.PP,SYC,Seychelles,2019,9.00250911712646,,,2
PA.NUS.PRVT.PP,SYC,Seychelles,2020,9.39554500579834,,,2
PA.NUS.PRVT.PP,SYC,Seychelles,2021,9.83179378509521,,,2
PA.NUS.PRVT.PP,SYC,Seychelles,2022,9.34233212324476,,,2
PA.NUS.PRVT.PP,SYC,Seychelles,2023,8.8800768637098,,,2
PA.NUS.PRVT.PP,SYC,Seychelles,2024,8.65254925548297,,,2
PA.NUS.PRVT.PP,SYC,Seychelles,2025,8.45029129812648,,,2
PA.NUS.PRVT.PP,SYR,Syrian Arab Republic,2017,212.343826293945,,,2
PA.NUS.PRVT.PP,SYR,Syrian Arab Republic,2018,208.968246459961,,,2
PA.NUS.PRVT.PP,SYR,Syrian Arab Republic,2019,233.832763671875,,,2
PA.NUS.PRVT.PP,SYR,Syrian Arab Republic,2020,348.664855957031,,,2
PA.NUS.PRVT.PP,SYR,Syrian Arab Republic,2021,506.863739013672,,,2
PA.NUS.PRVT.PP,TCA,Turks and Caicos Islands,2011,1.25982069969177,,,2
PA.NUS.PRVT.PP,TCA,Turks and Caicos Islands,2012,1.21818203963705,,,2
PA.NUS.PRVT.PP,TCA,Turks and Caicos Islands,2013,1.24724996009013,,,2
PA.NUS.PRVT.PP,TCA,Turks and Caicos Islands,2014,1.24974899638095,,,2
PA.NUS.PRVT.PP,TCA,Turks and Caicos Islands,2015,1.26560918950758,,,2
PA.NUS.PRVT.PP,TCA,Turks and Caicos Islands,2016,1.26070778423109,,,2
PA.NUS.PRVT.PP,TCA,Turks and Caicos Islands,2017,1.248215675354,,,2
PA.NUS.PRVT.PP,TCA,Turks and Caicos Islands,2018,1.28131294250488,,,2
PA.NUS.PRVT.PP,TCA,Turks and Caicos Islands,2019,1.30025196075439,,,2
PA.NUS.PRVT.PP,TCA,Turks and Caicos Islands,2020,1.3115861415863,,,2
PA.NUS.PRVT.PP,TCA,Turks and Caicos Islands,2021,1.31719124317169,,,2
PA.NUS.PRVT.PP,TCD,Chad,1990,183.745932274243,,,2
PA.NUS.PRVT.PP,TCD,Chad,1991,181.910694800646,,,2
PA.NUS.PRVT.PP,TCD,Chad,1992,171.066464340909,,,2
PA.NUS.PRVT.PP,TCD,Chad,1993,152.157916758607,,,2
PA.NUS.PRVT.PP,TCD,Chad,1994,210.165703205423,,,2
PA.NUS.PRVT.PP,TCD,Chad,1995,223.300175654272,,,2
PA.NUS.PRVT.PP,TCD,Chad,1996,241.522529621872,,,2
PA.NUS.PRVT.PP,TCD,Chad,1997,249.15628456164,,,2
PA.NUS.PRVT.PP,TCD,Chad,1998,255.796799479447,,,2
PA.NUS.PRVT.PP,TCD,Chad,1999,230.231427545877,,,2
PA.NUS.PRVT.PP,TCD,Chad,2000,231.224146711577,,,2
PA.NUS.PRVT.PP,TCD,Chad,2001,252.823070316128,,,2
PA.NUS.PRVT.PP,TCD,Chad,2002,261.797003128846,,,2
PA.NUS.PRVT.PP,TCD,Chad,2003,251.499550280265,,,2
PA.NUS.PRVT.PP,TCD,Chad,2004,231.824258525375,,,2
PA.NUS.PRVT.PP,TCD,Chad,2005,241.908690770433,,,2
PA.NUS.PRVT.PP,TCD,Chad,2006,253.181672983623,,,2
PA.NUS.PRVT.PP,TCD,Chad,2007,224.067368895055,,,2
PA.NUS.PRVT.PP,TCD,Chad,2008,238.002381558984,,,2
PA.NUS.PRVT.PP,TCD,Chad,2009,262.62313184133,,,2
PA.NUS.PRVT.PP,TCD,Chad,2010,253.016593689662,,,2
PA.NUS.PRVT.PP,TCD,Chad,2011,250.250885009766,,,2
PA.NUS.PRVT.PP,TCD,Chad,2012,266.820325035936,,,2
PA.NUS.PRVT.PP,TCD,Chad,2013,296.018726783154,,,2
PA.NUS.PRVT.PP,TCD,Chad,2014,290.383922116719,,,2
PA.NUS.PRVT.PP,TCD,Chad,2015,243.463351681129,,,2
PA.NUS.PRVT.PP,TCD,Chad,2016,235.881464073603,,,2
PA.NUS.PRVT.PP,TCD,Chad,2017,232.963241577148,,,2
PA.NUS.PRVT.PP,TCD,Chad,2018,229.729385375977,,,2
PA.NUS.PRVT.PP,TCD,Chad,2019,218.173233032227,,,2
PA.NUS.PRVT.PP,TCD,Chad,2020,226.291549682617,,,2
PA.NUS.PRVT.PP,TCD,Chad,2021,215.857147216797,,,2
PA.NUS.PRVT.PP,TCD,Chad,2022,211.430645590859,,,2
PA.NUS.PRVT.PP,TCD,Chad,2023,225.077090160859,,,2
PA.NUS.PRVT.PP,TCD,Chad,2024,238.085451869332,,,2
PA.NUS.PRVT.PP,TCD,Chad,2025,222.7610217762,,,2
PA.NUS.PRVT.PP,TGO,Togo,1990,154.033676741742,,,2
PA.NUS.PRVT.PP,TGO,Togo,1991,148.347451935232,,,2
PA.NUS.PRVT.PP,TGO,Togo,1992,145.993227299078,,,2
PA.NUS.PRVT.PP,TGO,Togo,1993,140.379720429432,,,2
PA.NUS.PRVT.PP,TGO,Togo,1994,190.391945026717,,,2
PA.NUS.PRVT.PP,TGO,Togo,1995,215.630666707471,,,2
PA.NUS.PRVT.PP,TGO,Togo,1996,219.309932263988,,,2
PA.NUS.PRVT.PP,TGO,Togo,1997,231.981796060759,,,2
PA.NUS.PRVT.PP,TGO,Togo,1998,230.663856718679,,,2
PA.NUS.PRVT.PP,TGO,Togo,1999,225.604817357755,,,2
PA.NUS.PRVT.PP,TGO,Togo,2000,222.300186120237,,,2
PA.NUS.PRVT.PP,TGO,Togo,2001,224.664054338342,,,2
PA.NUS.PRVT.PP,TGO,Togo,2002,227.923429134845,,,2
PA.NUS.PRVT.PP,TGO,Togo,2003,220.791561098774,,,2
PA.NUS.PRVT.PP,TGO,Togo,2004,215.879831590641,,,2
PA.NUS.PRVT.PP,TGO,Togo,2005,222.95839328723,,,2
PA.NUS.PRVT.PP,TGO,Togo,2006,220.80503922678,,,2
PA.NUS.PRVT.PP,TGO,Togo,2007,216.711076229366,,,2
PA.NUS.PRVT.PP,TGO,Togo,2008,226.844927587779,,,2
PA.NUS.PRVT.PP,TGO,Togo,2009,236.108529309085,,,2
PA.NUS.PRVT.PP,TGO,Togo,2010,235.657641498868,,,2
PA.NUS.PRVT.PP,TGO,Togo,2011,236.586669921875,,,2
PA.NUS.PRVT.PP,TGO,Togo,2012,234.656490306918,,,2
PA.NUS.PRVT.PP,TGO,Togo,2013,241.2183621848,,,2
PA.NUS.PRVT.PP,TGO,Togo,2014,237.77001420443,,,2
PA.NUS.PRVT.PP,TGO,Togo,2015,243.413540107064,,,2
PA.NUS.PRVT.PP,TGO,Togo,2016,244.033991063081,,,2
PA.NUS.PRVT.PP,TGO,Togo,2017,241.470413208008,,,2
PA.NUS.PRVT.PP,TGO,Togo,2018,236.991424560547,,,2
PA.NUS.PRVT.PP,TGO,Togo,2019,230.785064697266,,,2
PA.NUS.PRVT.PP,TGO,Togo,2020,225.124298095703,,,2
PA.NUS.PRVT.PP,TGO,Togo,2021,220.667678833008,,,2
PA.NUS.PRVT.PP,TGO,Togo,2022,220.595705840094,,,2
PA.NUS.PRVT.PP,TGO,Togo,2023,223.504627560849,,,2
PA.NUS.PRVT.PP,TGO,Togo,2024,223.315956949588,,,2
PA.NUS.PRVT.PP,TGO,Togo,2025,218.390674232124,,,2
PA.NUS.PRVT.PP,THA,Thailand,1990,10.5283177401714,,,2
PA.NUS.PRVT.PP,THA,Thailand,1991,10.6772897893137,,,2
PA.NUS.PRVT.PP,THA,Thailand,1992,10.792357333279,,,2
PA.NUS.PRVT.PP,THA,Thailand,1993,10.8301519605951,,,2
PA.NUS.PRVT.PP,THA,Thailand,1994,11.0877248948409,,,2
PA.NUS.PRVT.PP,THA,Thailand,1995,11.412655990578,,,2
PA.NUS.PRVT.PP,THA,Thailand,1996,11.7313042341706,,,2
PA.NUS.PRVT.PP,THA,Thailand,1997,12.1082307590849,,,2
PA.NUS.PRVT.PP,THA,Thailand,1998,12.8763737070012,,,2
PA.NUS.PRVT.PP,THA,Thailand,1999,12.6365451062509,,,2
PA.NUS.PRVT.PP,THA,Thailand,2000,12.4183645623529,,,2
PA.NUS.PRVT.PP,THA,Thailand,2001,12.2735291025562,,,2
PA.NUS.PRVT.PP,THA,Thailand,2002,12.1661544651896,,,2
PA.NUS.PRVT.PP,THA,Thailand,2003,12.1107489633036,,,2
PA.NUS.PRVT.PP,THA,Thailand,2004,12.1204105260288,,,2
PA.NUS.PRVT.PP,THA,Thailand,2005,12.2549427291622,,,2
PA.NUS.PRVT.PP,THA,Thailand,2006,12.4225190360713,,,2
PA.NUS.PRVT.PP,THA,Thailand,2007,12.3487067289642,,,2
PA.NUS.PRVT.PP,THA,Thailand,2008,12.5424762177095,,,2
PA.NUS.PRVT.PP,THA,Thailand,2009,12.4807774160693,,,2
PA.NUS.PRVT.PP,THA,Thailand,2010,12.6781741351944,,,2
PA.NUS.PRVT.PP,THA,Thailand,2011,12.7586841583252,,,2
PA.NUS.PRVT.PP,THA,Thailand,2012,12.2127478865158,,,2
PA.NUS.PRVT.PP,THA,Thailand,2013,12.5406770677917,,,2
PA.NUS.PRVT.PP,THA,Thailand,2014,12.6259691506651,,,2
PA.NUS.PRVT.PP,THA,Thailand,2015,12.4987137796899,,,2
PA.NUS.PRVT.PP,THA,Thailand,2016,12.4628512778065,,,2
PA.NUS.PRVT.PP,THA,Thailand,2017,12.5492763519287,,,2
PA.NUS.PRVT.PP,THA,Thailand,2018,12.3915090560913,,,2
PA.NUS.PRVT.PP,THA,Thailand,2019,12.2376794815063,,,2
PA.NUS.PRVT.PP,THA,Thailand,2020,11.986424446106,,,2
PA.NUS.PRVT.PP,THA,Thailand,2021,11.7121210098267,,,2
PA.NUS.PRVT.PP,THA,Thailand,2022,11.5031626362252,,,2
PA.NUS.PRVT.PP,THA,Thailand,2023,11.1841686167949,,,2
PA.NUS.PRVT.PP,THA,Thailand,2024,10.9070137682603,,,2
PA.NUS.PRVT.PP,THA,Thailand,2025,10.6062585640683,,,2
PA.NUS.PRVT.PP,TJK,Tajikistan,2000,0.58839033898126,,,2
PA.NUS.PRVT.PP,TJK,Tajikistan,2001,0.793048383748638,,,2
PA.NUS.PRVT.PP,TJK,Tajikistan,2002,0.876298321569635,,,2
PA.NUS.PRVT.PP,TJK,Tajikistan,2003,0.996543067278195,,,2
PA.NUS.PRVT.PP,TJK,Tajikistan,2004,1.03987588642536,,,2
PA.NUS.PRVT.PP,TJK,Tajikistan,2005,1.0770805648711,,,2
PA.NUS.PRVT.PP,TJK,Tajikistan,2006,1.14787581602305,,,2
PA.NUS.PRVT.PP,TJK,Tajikistan,2007,1.26278822631367,,,2
PA.NUS.PRVT.PP,TJK,Tajikistan,2008,1.46504309313604,,,2
PA.NUS.PRVT.PP,TJK,Tajikistan,2009,1.56507708499934,,,2
PA.NUS.PRVT.PP,TJK,Tajikistan,2010,1.63906976761216,,,2
PA.NUS.PRVT.PP,TJK,Tajikistan,2011,1.78643655776978,,,2
PA.NUS.PRVT.PP,TJK,Tajikistan,2012,1.80414058663941,,,2
PA.NUS.PRVT.PP,TJK,Tajikistan,2013,1.97417522281103,,,2
PA.NUS.PRVT.PP,TJK,Tajikistan,2014,2.0214979604557,,,2
PA.NUS.PRVT.PP,TJK,Tajikistan,2015,2.24753200034231,,,2
PA.NUS.PRVT.PP,TJK,Tajikistan,2016,2.43156228153017,,,2
PA.NUS.PRVT.PP,TJK,Tajikistan,2017,2.70420932769775,,,2
PA.NUS.PRVT.PP,TJK,Tajikistan,2018,2.77860283851624,,,2
PA.NUS.PRVT.PP,TJK,Tajikistan,2019,2.90341925621033,,,2
PA.NUS.PRVT.PP,TJK,Tajikistan,2020,2.99704909324646,,,2
PA.NUS.PRVT.PP,TJK,Tajikistan,2021,3.21827816963196,,,2
PA.NUS.PRVT.PP,TKM,Turkmenistan,2011,1.46249778382307,,,2
PA.NUS.PRVT.PP,TKM,Turkmenistan,2012,1.45969572315169,,,2
PA.NUS.PRVT.PP,TKM,Turkmenistan,2013,1.48645332429008,,,2
PA.NUS.PRVT.PP,TKM,Turkmenistan,2014,1.49996673945936,,,2
PA.NUS.PRVT.PP,TKM,Turkmenistan,2015,1.55656602970144,,,2
PA.NUS.PRVT.PP,TKM,Turkmenistan,2016,1.5411740456118,,,2
PA.NUS.PRVT.PP,TKM,Turkmenistan,2017,1.57711291313171,,,2
PA.NUS.PRVT.PP,TKM,Turkmenistan,2018,1.61233135447234,,,2
PA.NUS.PRVT.PP,TKM,Turkmenistan,2019,1.53838286733754,,,2
PA.NUS.PRVT.PP,TKM,Turkmenistan,2020,1.49038572093227,,,2
PA.NUS.PRVT.PP,TKM,Turkmenistan,2021,1.57215428352356,,,2
PA.NUS.PRVT.PP,TLS,Timor-Leste,2002,0.367987900917873,,,2
PA.NUS.PRVT.PP,TLS,Timor-Leste,2003,0.385601303007678,,,2
PA.NUS.PRVT.PP,TLS,Timor-Leste,2004,0.387705407514425,,,2
PA.NUS.PRVT.PP,TLS,Timor-Leste,2005,0.379151768089859,,,2
PA.NUS.PRVT.PP,TLS,Timor-Leste,2006,0.381760420418673,,,2
PA.NUS.PRVT.PP,TLS,Timor-Leste,2007,0.409406170115113,,,2
PA.NUS.PRVT.PP,TLS,Timor-Leste,2008,0.430007300906779,,,2
PA.NUS.PRVT.PP,TLS,Timor-Leste,2009,0.434431584176395,,,2
PA.NUS.PRVT.PP,TLS,Timor-Leste,2010,0.456340934807662,,,2
PA.NUS.PRVT.PP,TLS,Timor-Leste,2011,0.502095861092623,,,2
PA.NUS.PRVT.PP,TLS,Timor-Leste,2012,0.51458115126001,,,2
PA.NUS.PRVT.PP,TLS,Timor-Leste,2013,0.527124150143042,,,2
PA.NUS.PRVT.PP,TLS,Timor-Leste,2014,0.488862267466097,,,2
PA.NUS.PRVT.PP,TLS,Timor-Leste,2015,0.459393985157441,,,2
PA.NUS.PRVT.PP,TLS,Timor-Leste,2016,0.418800948044225,,,2
PA.NUS.PRVT.PP,TLS,Timor-Leste,2017,0.385821670293808,,,2
PA.NUS.PRVT.PP,TLS,Timor-Leste,2018,0.402061946121099,,,2
PA.NUS.PRVT.PP,TLS,Timor-Leste,2019,0.415801410256029,,,2
PA.NUS.PRVT.PP,TLS,Timor-Leste,2020,0.430729873957247,,,2
PA.NUS.PRVT.PP,TLS,Timor-Leste,2021,0.445546269416809,,,2
PA.NUS.PRVT.PP,TLS,Timor-Leste,2022,0.441431300987081,,,2
PA.NUS.PRVT.PP,TLS,Timor-Leste,2023,0.459679406258213,,,2
PA.NUS.PRVT.PP,TLS,Timor-Leste,2024,0.455720279449627,,,2
PA.NUS.PRVT.PP,TLS,Timor-Leste,2025,0.445647699325513,,,2
PA.NUS.PRVT.PP,TON,Tonga,1990,0.849645441738276,,,2
PA.NUS.PRVT.PP,TON,Tonga,1991,0.901491360338859,,,2
PA.NUS.PRVT.PP,TON,Tonga,1992,0.944437249159539,,,2
PA.NUS.PRVT.PP,TON,Tonga,1993,0.926174883347705,,,2
PA.NUS.PRVT.PP,TON,Tonga,1994,0.911782397509527,,,2
PA.NUS.PRVT.PP,TON,Tonga,1995,0.899849911405606,,,2
PA.NUS.PRVT.PP,TON,Tonga,1996,0.900410079911791,,,2
PA.NUS.PRVT.PP,TON,Tonga,1997,0.898536380377719,,,2
PA.NUS.PRVT.PP,TON,Tonga,1998,0.913774139851046,,,2
PA.NUS.PRVT.PP,TON,Tonga,1999,0.934129256217572,,,2
PA.NUS.PRVT.PP,TON,Tonga,2000,0.960792944375505,,,2
PA.NUS.PRVT.PP,TON,Tonga,2001,1.01184882116905,,,2
PA.NUS.PRVT.PP,TON,Tonga,2002,1.09923267775745,,,2
PA.NUS.PRVT.PP,TON,Tonga,2003,1.19992869262603,,,2
PA.NUS.PRVT.PP,TON,Tonga,2004,1.29688115407169,,,2
PA.NUS.PRVT.PP,TON,Tonga,2005,1.36302103022377,,,2
PA.NUS.PRVT.PP,TON,Tonga,2006,1.40161931960165,,,2
PA.NUS.PRVT.PP,TON,Tonga,2007,1.44235961105807,,,2
PA.NUS.PRVT.PP,TON,Tonga,2008,1.5341453604319,,,2
PA.NUS.PRVT.PP,TON,Tonga,2009,1.56158762914741,,,2
PA.NUS.PRVT.PP,TON,Tonga,2010,1.59070020928995,,,2
PA.NUS.PRVT.PP,TON,Tonga,2011,1.63871737943528,,,2
PA.NUS.PRVT.PP,TON,Tonga,2012,1.6239179535086,,,2
PA.NUS.PRVT.PP,TON,Tonga,2013,1.61288743547387,,,2
PA.NUS.PRVT.PP,TON,Tonga,2014,1.62699161258183,,,2
PA.NUS.PRVT.PP,TON,Tonga,2015,1.6079357002606,,,2
PA.NUS.PRVT.PP,TON,Tonga,2016,1.62884158547508,,,2
PA.NUS.PRVT.PP,TON,Tonga,2017,1.71475643263619,,,2
PA.NUS.PRVT.PP,TON,Tonga,2018,1.75810154361833,,,2
PA.NUS.PRVT.PP,TON,Tonga,2019,1.74717660299887,,,2
PA.NUS.PRVT.PP,TON,Tonga,2020,1.71985026330185,,,2
PA.NUS.PRVT.PP,TON,Tonga,2021,1.7353350233668,,,2
PA.NUS.PRVT.PP,TON,Tonga,2022,1.78303245007638,,,2
PA.NUS.PRVT.PP,TON,Tonga,2023,1.82130411503062,,,2
PA.NUS.PRVT.PP,TON,Tonga,2024,1.82541492153393,,,2
PA.NUS.PRVT.PP,TON,Tonga,2025,1.87686427610128,,,2
PA.NUS.PRVT.PP,TTO,Trinidad and Tobago,1990,2.22522463184274,,,2
PA.NUS.PRVT.PP,TTO,Trinidad and Tobago,1991,2.21557821363961,,,2
PA.NUS.PRVT.PP,TTO,Trinidad and Tobago,1992,2.28893063850893,,,2
PA.NUS.PRVT.PP,TTO,Trinidad and Tobago,1993,2.46420674325268,,,2
PA.NUS.PRVT.PP,TTO,Trinidad and Tobago,1994,2.6132792963415,,,2
PA.NUS.PRVT.PP,TTO,Trinidad and Tobago,1995,2.67369639203363,,,2
PA.NUS.PRVT.PP,TTO,Trinidad and Tobago,1996,2.68599245211801,,,2
PA.NUS.PRVT.PP,TTO,Trinidad and Tobago,1997,2.71980797649667,,,2
PA.NUS.PRVT.PP,TTO,Trinidad and Tobago,1998,2.82855580510907,,,2
PA.NUS.PRVT.PP,TTO,Trinidad and Tobago,1999,2.86318638666335,,,2
PA.NUS.PRVT.PP,TTO,Trinidad and Tobago,2000,2.86813177683767,,,2
PA.NUS.PRVT.PP,TTO,Trinidad and Tobago,2001,2.94373529182055,,,2
PA.NUS.PRVT.PP,TTO,Trinidad and Tobago,2002,3.01803504168979,,,2
PA.NUS.PRVT.PP,TTO,Trinidad and Tobago,2003,3.06351095540185,,,2
PA.NUS.PRVT.PP,TTO,Trinidad and Tobago,2004,3.09466940386383,,,2
PA.NUS.PRVT.PP,TTO,Trinidad and Tobago,2005,3.198883503503,,,2
PA.NUS.PRVT.PP,TTO,Trinidad and Tobago,2006,3.35704153295007,,,2
PA.NUS.PRVT.PP,TTO,Trinidad and Tobago,2007,3.52159972236202,,,2
PA.NUS.PRVT.PP,TTO,Trinidad and Tobago,2008,3.79939761735482,,,2
PA.NUS.PRVT.PP,TTO,Trinidad and Tobago,2009,4.07902572181917,,,2
PA.NUS.PRVT.PP,TTO,Trinidad and Tobago,2010,4.43656866281494,,,2
PA.NUS.PRVT.PP,TTO,Trinidad and Tobago,2011,4.52044677734375,,,2
PA.NUS.PRVT.PP,TTO,Trinidad and Tobago,2012,4.34462728727787,,,2
PA.NUS.PRVT.PP,TTO,Trinidad and Tobago,2013,4.5750817810207,,,2
PA.NUS.PRVT.PP,TTO,Trinidad and Tobago,2014,4.55435569633661,,,2
PA.NUS.PRVT.PP,TTO,Trinidad and Tobago,2015,4.56481214178366,,,2
PA.NUS.PRVT.PP,TTO,Trinidad and Tobago,2016,4.51114218218782,,,2
PA.NUS.PRVT.PP,TTO,Trinidad and Tobago,2017,4.42605876922607,,,2
PA.NUS.PRVT.PP,TTO,Trinidad and Tobago,2018,4.30669069290161,,,2
PA.NUS.PRVT.PP,TTO,Trinidad and Tobago,2019,4.26090717315674,,,2
PA.NUS.PRVT.PP,TTO,Trinidad and Tobago,2020,4.19121503829956,,,2
PA.NUS.PRVT.PP,TTO,Trinidad and Tobago,2021,4.06194686889648,,,2
PA.NUS.PRVT.PP,TTO,Trinidad and Tobago,2022,3.98016795334938,,,2
PA.NUS.PRVT.PP,TTO,Trinidad and Tobago,2023,3.99977758490897,,,2
PA.NUS.PRVT.PP,TTO,Trinidad and Tobago,2024,3.90565356184821,,,2
PA.NUS.PRVT.PP,TTO,Trinidad and Tobago,2025,3.84086021913748,,,2
PA.NUS.PRVT.PP,TUN,Tunisia,1990,0.553645676265038,,,2
PA.NUS.PRVT.PP,TUN,Tunisia,1991,0.574672646138401,,,2
PA.NUS.PRVT.PP,TUN,Tunisia,1992,0.59026548727929,,,2
PA.NUS.PRVT.PP,TUN,Tunisia,1993,0.596132496212385,,,2
PA.NUS.PRVT.PP,TUN,Tunisia,1994,0.608482983777701,,,2
PA.NUS.PRVT.PP,TUN,Tunisia,1995,0.628836084437051,,,2
PA.NUS.PRVT.PP,TUN,Tunisia,1996,0.633686493563594,,,2
PA.NUS.PRVT.PP,TUN,Tunisia,1997,0.641825011667349,,,2
PA.NUS.PRVT.PP,TUN,Tunisia,1998,0.651767145877819,,,2
PA.NUS.PRVT.PP,TUN,Tunisia,1999,0.65496958327221,,,2
PA.NUS.PRVT.PP,TUN,Tunisia,2000,0.65234310375613,,,2
PA.NUS.PRVT.PP,TUN,Tunisia,2001,0.646996027121973,,,2
PA.NUS.PRVT.PP,TUN,Tunisia,2002,0.654224789478903,,,2
PA.NUS.PRVT.PP,TUN,Tunisia,2003,0.657055458940609,,,2
PA.NUS.PRVT.PP,TUN,Tunisia,2004,0.663167002950819,,,2
PA.NUS.PRVT.PP,TUN,Tunisia,2005,0.654347927951509,,,2
PA.NUS.PRVT.PP,TUN,Tunisia,2006,0.65434354944631,,,2
PA.NUS.PRVT.PP,TUN,Tunisia,2007,0.65507054118823,,,2
PA.NUS.PRVT.PP,TUN,Tunisia,2008,0.658262194269049,,,2
PA.NUS.PRVT.PP,TUN,Tunisia,2009,0.684821725266784,,,2
PA.NUS.PRVT.PP,TUN,Tunisia,2010,0.696268674479208,,,2
PA.NUS.PRVT.PP,TUN,Tunisia,2011,0.696830153465271,,,2
PA.NUS.PRVT.PP,TUN,Tunisia,2012,0.68412714244997,,,2
PA.NUS.PRVT.PP,TUN,Tunisia,2013,0.713209349451191,,,2
PA.NUS.PRVT.PP,TUN,Tunisia,2014,0.719004168879927,,,2
PA.NUS.PRVT.PP,TUN,Tunisia,2015,0.736018422615439,,,2
PA.NUS.PRVT.PP,TUN,Tunisia,2016,0.730834607882078,,,2
PA.NUS.PRVT.PP,TUN,Tunisia,2017,0.741926670074463,,,2
PA.NUS.PRVT.PP,TUN,Tunisia,2018,0.782929420471191,,,2
PA.NUS.PRVT.PP,TUN,Tunisia,2019,0.820218026638031,,,2
PA.NUS.PRVT.PP,TUN,Tunisia,2020,0.854899048805237,,,2
PA.NUS.PRVT.PP,TUN,Tunisia,2021,0.873126208782196,,,2
PA.NUS.PRVT.PP,TUN,Tunisia,2022,0.875581096510031,,,2
PA.NUS.PRVT.PP,TUN,Tunisia,2023,0.919417678936982,,,2
PA.NUS.PRVT.PP,TUN,Tunisia,2024,0.957436747560471,,,2
PA.NUS.PRVT.PP,TUN,Tunisia,2025,0.980303631223321,,,2
PA.NUS.PRVT.PP,TUR,Turkiye,1990,0.001763,,,2
PA.NUS.PRVT.PP,TUR,Turkiye,1991,0.002742,,,2
PA.NUS.PRVT.PP,TUR,Turkiye,1992,0.004421,,,2
PA.NUS.PRVT.PP,TUR,Turkiye,1993,0.007155,,,2
PA.NUS.PRVT.PP,TUR,Turkiye,1994,0.01464,,,2
PA.NUS.PRVT.PP,TUR,Turkiye,1995,0.027581,,,2
PA.NUS.PRVT.PP,TUR,Turkiye,1996,0.045322,,,2
PA.NUS.PRVT.PP,TUR,Turkiye,1997,0.081094,,,2
PA.NUS.PRVT.PP,TUR,Turkiye,1998,0.146767,,,2
PA.NUS.PRVT.PP,TUR,Turkiye,1999,0.221074,,,2
PA.NUS.PRVT.PP,TUR,Turkiye,2000,0.328554,,,2
PA.NUS.PRVT.PP,TUR,Turkiye,2001,0.467096,,,2
PA.NUS.PRVT.PP,TUR,Turkiye,2002,0.657541,,,2
PA.NUS.PRVT.PP,TUR,Turkiye,2003,0.841977,,,2
PA.NUS.PRVT.PP,TUR,Turkiye,2004,0.906943,,,2
PA.NUS.PRVT.PP,TUR,Turkiye,2005,0.966777,,,2
PA.NUS.PRVT.PP,TUR,Turkiye,2006,1.017596,,,2
PA.NUS.PRVT.PP,TUR,Turkiye,2007,1.055589,,,2
PA.NUS.PRVT.PP,TUR,Turkiye,2008,1.057925,,,2
PA.NUS.PRVT.PP,TUR,Turkiye,2009,1.085677,,,2
PA.NUS.PRVT.PP,TUR,Turkiye,2010,1.114543,,,2
PA.NUS.PRVT.PP,TUR,Turkiye,2011,1.148268,,,2
PA.NUS.PRVT.PP,TUR,Turkiye,2012,1.230462,,,2
PA.NUS.PRVT.PP,TUR,Turkiye,2013,1.29735,,,2
PA.NUS.PRVT.PP,TUR,Turkiye,2014,1.369344,,,2
PA.NUS.PRVT.PP,TUR,Turkiye,2015,1.445683,,,2
PA.NUS.PRVT.PP,TUR,Turkiye,2016,1.555154,,,2
PA.NUS.PRVT.PP,TUR,Turkiye,2017,1.707804,,,2
PA.NUS.PRVT.PP,TUR,Turkiye,2018,1.931269,,,2
PA.NUS.PRVT.PP,TUR,Turkiye,2019,2.140464,,,2
PA.NUS.PRVT.PP,TUR,Turkiye,2020,2.53584,,,2
PA.NUS.PRVT.PP,TUR,Turkiye,2021,3.076474,,,2
PA.NUS.PRVT.PP,TUR,Turkiye,2022,4.86323,,,2
PA.NUS.PRVT.PP,TUR,Turkiye,2023,7.696062,,,2
PA.NUS.PRVT.PP,TUR,Turkiye,2024,12.551671,,,2
PA.NUS.PRVT.PP,TUR,Turkiye,2025,17.744381,,,2
PA.NUS.PRVT.PP,TUV,Tuvalu,2010,1.20376752998335,,,2
PA.NUS.PRVT.PP,TUV,Tuvalu,2011,1.17277084101687,,,2
PA.NUS.PRVT.PP,TUV,Tuvalu,2012,1.16525237601696,,,2
PA.NUS.PRVT.PP,TUV,Tuvalu,2013,1.17162154401848,,,2
PA.NUS.PRVT.PP,TUV,Tuvalu,2014,1.16588955894918,,,2
PA.NUS.PRVT.PP,TUV,Tuvalu,2015,1.20107049226677,,,2
PA.NUS.PRVT.PP,TUV,Tuvalu,2016,1.22752608406515,,,2
PA.NUS.PRVT.PP,TUV,Tuvalu,2017,1.2510391483142,,,2
PA.NUS.PRVT.PP,TUV,Tuvalu,2018,1.24758412546552,,,2
PA.NUS.PRVT.PP,TUV,Tuvalu,2019,1.26817294394083,,,2
PA.NUS.PRVT.PP,TUV,Tuvalu,2020,1.27595535314567,,,2
PA.NUS.PRVT.PP,TUV,Tuvalu,2021,1.2944100347858,,,2
PA.NUS.PRVT.PP,TZA,Tanzania,1990,76.5377165569926,,,2
PA.NUS.PRVT.PP,TZA,Tanzania,1991,94.4987264691273,,,2
PA.NUS.PRVT.PP,TZA,Tanzania,1992,111.75874757447,,,2
PA.NUS.PRVT.PP,TZA,Tanzania,1993,135.994218773237,,,2
PA.NUS.PRVT.PP,TZA,Tanzania,1994,177.711889747517,,,2
PA.NUS.PRVT.PP,TZA,Tanzania,1995,220.274695846324,,,2
PA.NUS.PRVT.PP,TZA,Tanzania,1996,258.893590911807,,,2
PA.NUS.PRVT.PP,TZA,Tanzania,1997,293.685801820504,,,2
PA.NUS.PRVT.PP,TZA,Tanzania,1998,326.213123986312,,,2
PA.NUS.PRVT.PP,TZA,Tanzania,1999,344.416819467057,,,2
PA.NUS.PRVT.PP,TZA,Tanzania,2000,352.902910274712,,,2
PA.NUS.PRVT.PP,TZA,Tanzania,2001,360.86967998752,,,2
PA.NUS.PRVT.PP,TZA,Tanzania,2002,374.126366802313,,,2
PA.NUS.PRVT.PP,TZA,Tanzania,2003,385.223467814744,,,2
PA.NUS.PRVT.PP,TZA,Tanzania,2004,392.946771205731,,,2
PA.NUS.PRVT.PP,TZA,Tanzania,2005,399.18656232795,,,2
PA.NUS.PRVT.PP,TZA,Tanzania,2006,414.751809148572,,,2
PA.NUS.PRVT.PP,TZA,Tanzania,2007,431.578729448114,,,2
PA.NUS.PRVT.PP,TZA,Tanzania,2008,458.341885951093,,,2
PA.NUS.PRVT.PP,TZA,Tanzania,2009,515.828812269155,,,2
PA.NUS.PRVT.PP,TZA,Tanzania,2010,538.971634155954,,,2
PA.NUS.PRVT.PP,TZA,Tanzania,2011,588.785339355469,,,2
PA.NUS.PRVT.PP,TZA,Tanzania,2012,639.739943948152,,,2
PA.NUS.PRVT.PP,TZA,Tanzania,2013,688.508421075682,,,2
PA.NUS.PRVT.PP,TZA,Tanzania,2014,717.623010789614,,,2
PA.NUS.PRVT.PP,TZA,Tanzania,2015,742.235165072963,,,2
PA.NUS.PRVT.PP,TZA,Tanzania,2016,754.280772019415,,,2
PA.NUS.PRVT.PP,TZA,Tanzania,2017,777.59619140625,,,2
PA.NUS.PRVT.PP,TZA,Tanzania,2018,743.951538085938,,,2
PA.NUS.PRVT.PP,TZA,Tanzania,2019,718.408020019531,,,2
PA.NUS.PRVT.PP,TZA,Tanzania,2020,694.775817871094,,,2
PA.NUS.PRVT.PP,TZA,Tanzania,2021,681.850891113281,,,2
PA.NUS.PRVT.PP,TZA,Tanzania,2022,658.791495206247,,,2
PA.NUS.PRVT.PP,TZA,Tanzania,2023,656.78502446502,,,2
PA.NUS.PRVT.PP,TZA,Tanzania,2024,657.470339629292,,,2
PA.NUS.PRVT.PP,TZA,Tanzania,2025,661.495628388577,,,2
PA.NUS.PRVT.PP,UGA,Uganda,1993,455.283458933525,,,2
PA.NUS.PRVT.PP,UGA,Uganda,1994,488.248375266755,,,2
PA.NUS.PRVT.PP,UGA,Uganda,1995,506.032979483752,,,2
PA.NUS.PRVT.PP,UGA,Uganda,1996,526.97827377594,,,2
PA.NUS.PRVT.PP,UGA,Uganda,1997,557.006164883805,,,2
PA.NUS.PRVT.PP,UGA,Uganda,1998,548.869423030437,,,2
PA.NUS.PRVT.PP,UGA,Uganda,1999,568.148393486408,,,2
PA.NUS.PRVT.PP,UGA,Uganda,2000,568.231734967809,,,2
PA.NUS.PRVT.PP,UGA,Uganda,2001,562.920861668715,,,2
PA.NUS.PRVT.PP,UGA,Uganda,2002,552.538973409863,,,2
PA.NUS.PRVT.PP,UGA,Uganda,2003,587.172613258098,,,2
PA.NUS.PRVT.PP,UGA,Uganda,2004,593.143147965229,,,2
PA.NUS.PRVT.PP,UGA,Uganda,2005,622.148273896621,,,2
PA.NUS.PRVT.PP,UGA,Uganda,2006,646.767171858679,,,2
PA.NUS.PRVT.PP,UGA,Uganda,2007,667.429467999493,,,2
PA.NUS.PRVT.PP,UGA,Uganda,2008,720.210813593636,,,2
PA.NUS.PRVT.PP,UGA,Uganda,2009,816.866839849139,,,2
PA.NUS.PRVT.PP,UGA,Uganda,2010,835.64504005294,,,2
PA.NUS.PRVT.PP,UGA,Uganda,2011,944.255554199219,,,2
PA.NUS.PRVT.PP,UGA,Uganda,2012,1017.04131713761,,,2
PA.NUS.PRVT.PP,UGA,Uganda,2013,1064.34595275754,,,2
PA.NUS.PRVT.PP,UGA,Uganda,2014,1080.31765212467,,,2
PA.NUS.PRVT.PP,UGA,Uganda,2015,1126.5156736837,,,2
PA.NUS.PRVT.PP,UGA,Uganda,2016,1171.10806676826,,,2
PA.NUS.PRVT.PP,UGA,Uganda,2017,1219.18640136719,,,2
PA.NUS.PRVT.PP,UGA,Uganda,2018,1241.1689453125,,,2
PA.NUS.PRVT.PP,UGA,Uganda,2019,1279.64733886719,,,2
PA.NUS.PRVT.PP,UGA,Uganda,2020,1315.931640625,,,2
PA.NUS.PRVT.PP,UGA,Uganda,2021,1315.26770019531,,,2
PA.NUS.PRVT.PP,UGA,Uganda,2022,1305.43984895294,,,2
PA.NUS.PRVT.PP,UGA,Uganda,2023,1320.91973109111,,,2
PA.NUS.PRVT.PP,UGA,Uganda,2024,1325.71657322839,,,2
PA.NUS.PRVT.PP,UGA,Uganda,2025,1337.11009292043,,,2
PA.NUS.PRVT.PP,UKR,Ukraine,1992,0.000198170792965137,,,2
PA.NUS.PRVT.PP,UKR,Ukraine,1993,0.00930668663705625,,,2
PA.NUS.PRVT.PP,UKR,Ukraine,1994,0.089902580429168,,,2
PA.NUS.PRVT.PP,UKR,Ukraine,1995,0.416911009665148,,,2
PA.NUS.PRVT.PP,UKR,Ukraine,1996,0.730387713467543,,,2
PA.NUS.PRVT.PP,UKR,Ukraine,1997,0.8274721596375,,,2
PA.NUS.PRVT.PP,UKR,Ukraine,1998,0.901009048284958,,,2
PA.NUS.PRVT.PP,UKR,Ukraine,1999,1.08172259907786,,,2
PA.NUS.PRVT.PP,UKR,Ukraine,2000,1.34150129163658,,,2
PA.NUS.PRVT.PP,UKR,Ukraine,2001,1.46064843833987,,,2
PA.NUS.PRVT.PP,UKR,Ukraine,2002,1.44873430976741,,,2
PA.NUS.PRVT.PP,UKR,Ukraine,2003,1.48995078166769,,,2
PA.NUS.PRVT.PP,UKR,Ukraine,2004,1.58239799960499,,,2
PA.NUS.PRVT.PP,UKR,Ukraine,2005,1.73815162221947,,,2
PA.NUS.PRVT.PP,UKR,Ukraine,2006,1.83626146249477,,,2
PA.NUS.PRVT.PP,UKR,Ukraine,2007,2.014546608175,,,2
PA.NUS.PRVT.PP,UKR,Ukraine,2008,2.42947543811205,,,2
PA.NUS.PRVT.PP,UKR,Ukraine,2009,2.82535053653616,,,2
PA.NUS.PRVT.PP,UKR,Ukraine,2010,3.04030634935762,,,2
PA.NUS.PRVT.PP,UKR,Ukraine,2011,3.1817421913147,,,2
PA.NUS.PRVT.PP,UKR,Ukraine,2012,3.26483899448217,,,2
PA.NUS.PRVT.PP,UKR,Ukraine,2013,3.32063866808959,,,2
PA.NUS.PRVT.PP,UKR,Ukraine,2014,3.60194265357349,,,2
PA.NUS.PRVT.PP,UKR,Ukraine,2015,5.55851528399603,,,2
PA.NUS.PRVT.PP,UKR,Ukraine,2016,6.213064853689,,,2
PA.NUS.PRVT.PP,UKR,Ukraine,2017,7.10602426528931,,,2
PA.NUS.PRVT.PP,UKR,Ukraine,2018,7.7647008895874,,,2
PA.NUS.PRVT.PP,UKR,Ukraine,2019,7.89388227462769,,,2
PA.NUS.PRVT.PP,UKR,Ukraine,2020,7.75848484039307,,,2
PA.NUS.PRVT.PP,UKR,Ukraine,2021,8.66270351409912,,,2
PA.NUS.PRVT.PP,UKR,Ukraine,2022,9.63970576111969,,,2
PA.NUS.PRVT.PP,UKR,Ukraine,2023,10.4482292320665,,,2
PA.NUS.PRVT.PP,UKR,Ukraine,2024,10.8087642662214,,,2
PA.NUS.PRVT.PP,UKR,Ukraine,2025,11.8646230019296,,,2
PA.NUS.PRVT.PP,URY,Uruguay,1990,0.564743952291498,,,2
PA.NUS.PRVT.PP,URY,Uruguay,1991,1.09428048213798,,,2
PA.NUS.PRVT.PP,URY,Uruguay,1992,1.78922371848156,,,2
PA.NUS.PRVT.PP,URY,Uruguay,1993,2.67815789468045,,,2
PA.NUS.PRVT.PP,URY,Uruguay,1994,3.77775693380447,,,2
PA.NUS.PRVT.PP,URY,Uruguay,1995,5.22715220723203,,,2
PA.NUS.PRVT.PP,URY,Uruguay,1996,6.51759034431708,,,2
PA.NUS.PRVT.PP,URY,Uruguay,1997,7.63091208292303,,,2
PA.NUS.PRVT.PP,URY,Uruguay,1998,8.32664262014386,,,2
PA.NUS.PRVT.PP,URY,Uruguay,1999,8.60944436592863,,,2
PA.NUS.PRVT.PP,URY,Uruguay,2000,8.72495396317812,,,2
PA.NUS.PRVT.PP,URY,Uruguay,2001,8.85504568448214,,,2
PA.NUS.PRVT.PP,URY,Uruguay,2002,9.93474629740803,,,2
PA.NUS.PRVT.PP,URY,Uruguay,2003,11.5968146176515,,,2
PA.NUS.PRVT.PP,URY,Uruguay,2004,12.3287356666029,,,2
PA.NUS.PRVT.PP,URY,Uruguay,2005,12.4845287006346,,,2
PA.NUS.PRVT.PP,URY,Uruguay,2006,12.8681265497684,,,2
PA.NUS.PRVT.PP,URY,Uruguay,2007,13.5264637082341,,,2
PA.NUS.PRVT.PP,URY,Uruguay,2008,14.052465004269,,,2
PA.NUS.PRVT.PP,URY,Uruguay,2009,15.0985631994992,,,2
PA.NUS.PRVT.PP,URY,Uruguay,2010,15.8500247010272,,,2
PA.NUS.PRVT.PP,URY,Uruguay,2011,16.6084384918213,,,2
PA.NUS.PRVT.PP,URY,Uruguay,2012,17.1891051400169,,,2
PA.NUS.PRVT.PP,URY,Uruguay,2013,18.9152153407423,,,2
PA.NUS.PRVT.PP,URY,Uruguay,2014,20.5103077523377,,,2
PA.NUS.PRVT.PP,URY,Uruguay,2015,22.2800827145717,,,2
PA.NUS.PRVT.PP,URY,Uruguay,2016,24.1782624391685,,,2
PA.NUS.PRVT.PP,URY,Uruguay,2017,25.639705657959,,,2
PA.NUS.PRVT.PP,URY,Uruguay,2018,26.3865413665771,,,2
PA.NUS.PRVT.PP,URY,Uruguay,2019,27.3013172149658,,,2
PA.NUS.PRVT.PP,URY,Uruguay,2020,27.7639713287354,,,2
PA.NUS.PRVT.PP,URY,Uruguay,2021,28.0054874420166,,,2
PA.NUS.PRVT.PP,URY,Uruguay,2022,28.2911308252828,,,2
PA.NUS.PRVT.PP,URY,Uruguay,2023,28.7674029529764,,,2
PA.NUS.PRVT.PP,URY,Uruguay,2024,29.2982173459889,,,2
PA.NUS.PRVT.PP,URY,Uruguay,2025,29.8551247863117,,,2
PA.NUS.PRVT.PP,USA,United States,1990,1.0,,,2
PA.NUS.PRVT.PP,USA,United States,1991,1.0,,,2
PA.NUS.PRVT.PP,USA,United States,1992,1.0,,,2
PA.NUS.PRVT.PP,USA,United States,1993,1.0,,,2
PA.NUS.PRVT.PP,USA,United States,1994,1.0,,,2
PA.NUS.PRVT.PP,USA,United States,1995,1.0,,,2
PA.NUS.PRVT.PP,USA,United States,1996,1.0,,,2
PA.NUS.PRVT.PP,USA,United States,1997,1.0,,,2
PA.NUS.PRVT.PP,USA,United States,1998,1.0,,,2
PA.NUS.PRVT.PP,USA,United States,1999,1.0,,,2
PA.NUS.PRVT.PP,USA,United States,2000,1.0,,,2
PA.NUS.PRVT.PP,USA,United States,2001,1.0,,,2
PA.NUS.PRVT.PP,USA,United States,2002,1.0,,,2
PA.NUS.PRVT.PP,USA,United States,2003,1.0,,,2
PA.NUS.PRVT.PP,USA,United States,2004,1.0,,,2
PA.NUS.PRVT.PP,USA,United States,2005,1.0,,,2
PA.NUS.PRVT.PP,USA,United States,2006,1.0,,,2
PA.NUS.PRVT.PP,USA,United States,2007,1.0,,,2
PA.NUS.PRVT.PP,USA,United States,2008,1.0,,,2
PA.NUS.PRVT.PP,USA,United States,2009,1.0,,,2
PA.NUS.PRVT.PP,USA,United States,2010,1.0,,,2
PA.NUS.PRVT.PP,USA,United States,2011,1.0,,,2
PA.NUS.PRVT.PP,USA,United States,2012,1.0,,,2
PA.NUS.PRVT.PP,USA,United States,2013,1.0,,,2
PA.NUS.PRVT.PP,USA,United States,2014,1.0,,,2
PA.NUS.PRVT.PP,USA,United States,2015,1.0,,,2
PA.NUS.PRVT.PP,USA,United States,2016,1.0,,,2
PA.NUS.PRVT.PP,USA,United States,2017,1.0,,,2
PA.NUS.PRVT.PP,USA,United States,2018,1.0,,,2
PA.NUS.PRVT.PP,USA,United States,2019,1.0,,,2
PA.NUS.PRVT.PP,USA,United States,2020,1.0,,,2
PA.NUS.PRVT.PP,USA,United States,2021,1.0,,,2
PA.NUS.PRVT.PP,USA,United States,2022,1.0,,,2
PA.NUS.PRVT.PP,USA,United States,2023,1.0,,,2
PA.NUS.PRVT.PP,USA,United States,2024,1.0,,,2
PA.NUS.PRVT.PP,USA,United States,2025,1.0,,,2
PA.NUS.PRVT.PP,UZB,Uzbekistan,2010,572.081224105987,,,2
PA.NUS.PRVT.PP,UZB,Uzbekistan,2011,630.993103382291,,,2
PA.NUS.PRVT.PP,UZB,Uzbekistan,2012,734.582288469389,,,2
PA.NUS.PRVT.PP,UZB,Uzbekistan,2013,858.7349350928,,,2
PA.NUS.PRVT.PP,UZB,Uzbekistan,2014,978.797016605392,,,2
PA.NUS.PRVT.PP,UZB,Uzbekistan,2015,1126.01562361596,,,2
PA.NUS.PRVT.PP,UZB,Uzbekistan,2016,1285.0068329072,,,2
PA.NUS.PRVT.PP,UZB,Uzbekistan,2017,1521.47524204932,,,2
PA.NUS.PRVT.PP,UZB,Uzbekistan,2018,1846.99000583682,,,2
PA.NUS.PRVT.PP,UZB,Uzbekistan,2019,2198.44387251386,,,2
PA.NUS.PRVT.PP,UZB,Uzbekistan,2020,2594.96519520207,,,2
PA.NUS.PRVT.PP,UZB,Uzbekistan,2021,2906.58154296875,,,2
PA.NUS.PRVT.PP,UZB,Uzbekistan,2022,2999.26259450866,,,2
PA.NUS.PRVT.PP,UZB,Uzbekistan,2023,3167.50180292,,,2
PA.NUS.PRVT.PP,UZB,Uzbekistan,2024,3372.98975973115,,,2
PA.NUS.PRVT.PP,UZB,Uzbekistan,2025,3573.27635438062,,,2
PA.NUS.PRVT.PP,VCT,St. Vincent and the Grenadines,1990,1.94849473861271,,,2
PA.NUS.PRVT.PP,VCT,St. Vincent and the Grenadines,1991,1.97199295407597,,,2
PA.NUS.PRVT.PP,VCT,St. Vincent and the Grenadines,1992,1.98031340787732,,,2
PA.NUS.PRVT.PP,VCT,St. Vincent and the Grenadines,1993,2.00608339275497,,,2
PA.NUS.PRVT.PP,VCT,St. Vincent and the Grenadines,1994,1.97483119228687,,,2
PA.NUS.PRVT.PP,VCT,St. Vincent and the Grenadines,1995,1.95433385576147,,,2
PA.NUS.PRVT.PP,VCT,St. Vincent and the Grenadines,1996,1.9823716004289,,,2
PA.NUS.PRVT.PP,VCT,St. Vincent and the Grenadines,1997,1.94568171300219,,,2
PA.NUS.PRVT.PP,VCT,St. Vincent and the Grenadines,1998,1.95698820508693,,,2
PA.NUS.PRVT.PP,VCT,St. Vincent and the Grenadines,1999,1.9344959697928,,,2
PA.NUS.PRVT.PP,VCT,St. Vincent and the Grenadines,2000,1.87444247848731,,,2
PA.NUS.PRVT.PP,VCT,St. Vincent and the Grenadines,2001,1.83934550128421,,,2
PA.NUS.PRVT.PP,VCT,St. Vincent and the Grenadines,2002,1.84422464433602,,,2
PA.NUS.PRVT.PP,VCT,St. Vincent and the Grenadines,2003,1.80700273159455,,,2
PA.NUS.PRVT.PP,VCT,St. Vincent and the Grenadines,2004,1.81197973917444,,,2
PA.NUS.PRVT.PP,VCT,St. Vincent and the Grenadines,2005,1.81795026881674,,,2
PA.NUS.PRVT.PP,VCT,St. Vincent and the Grenadines,2006,1.80940401808876,,,2
PA.NUS.PRVT.PP,VCT,St. Vincent and the Grenadines,2007,1.88651894611422,,,2
PA.NUS.PRVT.PP,VCT,St. Vincent and the Grenadines,2008,1.9996518646297,,,2
PA.NUS.PRVT.PP,VCT,St. Vincent and the Grenadines,2009,2.01524631263797,,,2
PA.NUS.PRVT.PP,VCT,St. Vincent and the Grenadines,2010,1.99754184569282,,,2
PA.NUS.PRVT.PP,VCT,St. Vincent and the Grenadines,2011,1.99810707569122,,,2
PA.NUS.PRVT.PP,VCT,St. Vincent and the Grenadines,2012,1.9037755730568,,,2
PA.NUS.PRVT.PP,VCT,St. Vincent and the Grenadines,2013,1.92111203901751,,,2
PA.NUS.PRVT.PP,VCT,St. Vincent and the Grenadines,2014,1.89636723680153,,,2
PA.NUS.PRVT.PP,VCT,St. Vincent and the Grenadines,2015,1.84166723966414,,,2
PA.NUS.PRVT.PP,VCT,St. Vincent and the Grenadines,2016,1.79795347318399,,,2
PA.NUS.PRVT.PP,VCT,St. Vincent and the Grenadines,2017,1.82352828979492,,,2
PA.NUS.PRVT.PP,VCT,St. Vincent and the Grenadines,2018,1.80681395530701,,,2
PA.NUS.PRVT.PP,VCT,St. Vincent and the Grenadines,2019,1.80317401885986,,,2
PA.NUS.PRVT.PP,VCT,St. Vincent and the Grenadines,2020,1.76605129241943,,,2
PA.NUS.PRVT.PP,VCT,St. Vincent and the Grenadines,2021,1.72847616672516,,,2
PA.NUS.PRVT.PP,VCT,St. Vincent and the Grenadines,2022,1.69098357738203,,,2
PA.NUS.PRVT.PP,VCT,St. Vincent and the Grenadines,2023,1.69826355366307,,,2
PA.NUS.PRVT.PP,VCT,St. Vincent and the Grenadines,2024,1.70945090057429,,,2
PA.NUS.PRVT.PP,VCT,St. Vincent and the Grenadines,2025,1.6781094402171,,,2
PA.NUS.PRVT.PP,VEN,"Venezuela, RB",2008,1.49723984609194e-11,,,2
PA.NUS.PRVT.PP,VEN,"Venezuela, RB",2009,1.90949563255417e-11,,,2
PA.NUS.PRVT.PP,VEN,"Venezuela, RB",2010,2.40823789247153e-11,,,2
PA.NUS.PRVT.PP,VEN,"Venezuela, RB",2011,2.94362664222717e-11,,,2
PA.NUS.PRVT.PP,VGB,British Virgin Islands,2011,1.20363998413086,,,2
PA.NUS.PRVT.PP,VGB,British Virgin Islands,2012,1.15373217661595,,,2
PA.NUS.PRVT.PP,VGB,British Virgin Islands,2013,1.16789415068498,,,2
PA.NUS.PRVT.PP,VGB,British Virgin Islands,2014,1.16393928871723,,,2
PA.NUS.PRVT.PP,VGB,British Virgin Islands,2015,1.15758851439356,,,2
PA.NUS.PRVT.PP,VGB,British Virgin Islands,2016,1.13678620153215,,,2
PA.NUS.PRVT.PP,VGB,British Virgin Islands,2017,1.1077469587326,,,2
PA.NUS.PRVT.PP,VGB,British Virgin Islands,2018,1.10077571868896,,,2
PA.NUS.PRVT.PP,VGB,British Virgin Islands,2019,1.08030760288239,,,2
PA.NUS.PRVT.PP,VGB,British Virgin Islands,2020,1.05043661594391,,,2
PA.NUS.PRVT.PP,VGB,British Virgin Islands,2021,1.02093863487244,,,2
PA.NUS.PRVT.PP,VIR,Virgin Islands (U.S.),2017,1.13910460472107,,,2
PA.NUS.PRVT.PP,VIR,Virgin Islands (U.S.),2021,1.01027965545654,,,2
PA.NUS.PRVT.PP,VNM,Viet Nam,1995,3761.1076963705,,,2
PA.NUS.PRVT.PP,VNM,Viet Nam,1996,3861.36603475398,,,2
PA.NUS.PRVT.PP,VNM,Viet Nam,1997,3894.26181737514,,,2
PA.NUS.PRVT.PP,VNM,Viet Nam,1998,4113.37552485274,,,2
PA.NUS.PRVT.PP,VNM,Viet Nam,1999,4191.02660364801,,,2
PA.NUS.PRVT.PP,VNM,Viet Nam,2000,3984.78539783313,,,2
PA.NUS.PRVT.PP,VNM,Viet Nam,2001,3858.54032292868,,,2
PA.NUS.PRVT.PP,VNM,Viet Nam,2002,3943.8043957343,,,2
PA.NUS.PRVT.PP,VNM,Viet Nam,2003,3981.00010919684,,,2
PA.NUS.PRVT.PP,VNM,Viet Nam,2004,4177.87302744476,,,2
PA.NUS.PRVT.PP,VNM,Viet Nam,2005,4375.54091802108,,,2
PA.NUS.PRVT.PP,VNM,Viet Nam,2006,4553.23449421526,,,2
PA.NUS.PRVT.PP,VNM,Viet Nam,2007,4796.35258934717,,,2
PA.NUS.PRVT.PP,VNM,Viet Nam,2008,5686.73166257165,,,2
PA.NUS.PRVT.PP,VNM,Viet Nam,2009,6090.36250101201,,,2
PA.NUS.PRVT.PP,VNM,Viet Nam,2010,6543.80927242239,,,2
PA.NUS.PRVT.PP,VNM,Viet Nam,2011,7528.38525390625,,,2
PA.NUS.PRVT.PP,VNM,Viet Nam,2012,7515.38504792271,,,2
PA.NUS.PRVT.PP,VNM,Viet Nam,2013,7841.75657805673,,,2
PA.NUS.PRVT.PP,VNM,Viet Nam,2014,7845.7800900969,,,2
PA.NUS.PRVT.PP,VNM,Viet Nam,2015,7572.89957805367,,,2
PA.NUS.PRVT.PP,VNM,Viet Nam,2016,7449.49470124506,,,2
PA.NUS.PRVT.PP,VNM,Viet Nam,2017,7484.6669921875,,,2
PA.NUS.PRVT.PP,VNM,Viet Nam,2018,7582.080078125,,,2
PA.NUS.PRVT.PP,VNM,Viet Nam,2019,7576.03515625,,,2
PA.NUS.PRVT.PP,VNM,Viet Nam,2020,7626.85693359375,,,2
PA.NUS.PRVT.PP,VNM,Viet Nam,2021,7510.822265625,,,2
PA.NUS.PRVT.PP,VNM,Viet Nam,2022,7173.79729655052,,,2
PA.NUS.PRVT.PP,VNM,Viet Nam,2023,7114.30439179445,,,2
PA.NUS.PRVT.PP,VNM,Viet Nam,2024,7160.71291914861,,,2
PA.NUS.PRVT.PP,VNM,Viet Nam,2025,7203.36960808505,,,2
PA.NUS.PRVT.PP,VUT,Vanuatu,1990,110.443653792082,,,2
PA.NUS.PRVT.PP,VUT,Vanuatu,1991,112.81090266516,,,2
PA.NUS.PRVT.PP,VUT,Vanuatu,1992,113.938282111828,,,2
PA.NUS.PRVT.PP,VUT,Vanuatu,1993,114.618027243174,,,2
PA.NUS.PRVT.PP,VUT,Vanuatu,1994,114.277459002448,,,2
PA.NUS.PRVT.PP,VUT,Vanuatu,1995,113.637496301393,,,2
PA.NUS.PRVT.PP,VUT,Vanuatu,1996,111.402022631591,,,2
PA.NUS.PRVT.PP,VUT,Vanuatu,1997,111.938702390861,,,2
PA.NUS.PRVT.PP,VUT,Vanuatu,1998,113.845509513989,,,2
PA.NUS.PRVT.PP,VUT,Vanuatu,1999,113.634890350386,,,2
PA.NUS.PRVT.PP,VUT,Vanuatu,2000,112.712451224082,,,2
PA.NUS.PRVT.PP,VUT,Vanuatu,2001,113.536076806343,,,2
PA.NUS.PRVT.PP,VUT,Vanuatu,2002,113.958024056486,,,2
PA.NUS.PRVT.PP,VUT,Vanuatu,2003,114.789443651663,,,2
PA.NUS.PRVT.PP,VUT,Vanuatu,2004,113.382689809367,,,2
PA.NUS.PRVT.PP,VUT,Vanuatu,2005,110.977200171817,,,2
PA.NUS.PRVT.PP,VUT,Vanuatu,2006,109.703080924283,,,2
PA.NUS.PRVT.PP,VUT,Vanuatu,2007,110.858011978755,,,2
PA.NUS.PRVT.PP,VUT,Vanuatu,2008,111.928395633146,,,2
PA.NUS.PRVT.PP,VUT,Vanuatu,2009,117.154571066765,,,2
PA.NUS.PRVT.PP,VUT,Vanuatu,2010,118.448585920321,,,2
PA.NUS.PRVT.PP,VUT,Vanuatu,2011,115.827103350504,,,2
PA.NUS.PRVT.PP,VUT,Vanuatu,2012,115.00786141002,,,2
PA.NUS.PRVT.PP,VUT,Vanuatu,2013,115.00117511062,,,2
PA.NUS.PRVT.PP,VUT,Vanuatu,2014,114.069417609312,,,2
PA.NUS.PRVT.PP,VUT,Vanuatu,2015,116.763554557504,,,2
PA.NUS.PRVT.PP,VUT,Vanuatu,2016,116.279817700124,,,2
PA.NUS.PRVT.PP,VUT,Vanuatu,2017,117.36646439459,,,2
PA.NUS.PRVT.PP,VUT,Vanuatu,2018,117.238584114742,,,2
PA.NUS.PRVT.PP,VUT,Vanuatu,2019,118.332883243426,,,2
PA.NUS.PRVT.PP,VUT,Vanuatu,2020,123.120462803785,,,2
PA.NUS.PRVT.PP,VUT,Vanuatu,2021,120.351577159733,,,2
PA.NUS.PRVT.PP,VUT,Vanuatu,2022,118.876758074258,,,2
PA.NUS.PRVT.PP,VUT,Vanuatu,2023,126.944680949262,,,2
PA.NUS.PRVT.PP,VUT,Vanuatu,2024,124.71770003318,,,2
PA.NUS.PRVT.PP,VUT,Vanuatu,2025,122.238166921349,,,2
PA.NUS.PRVT.PP,WSM,Samoa,1990,1.29267041569023,,,2
PA.NUS.PRVT.PP,WSM,Samoa,1991,1.21758969660939,,,2
PA.NUS.PRVT.PP,WSM,Samoa,1992,1.28852480856081,,,2
PA.NUS.PRVT.PP,WSM,Samoa,1993,1.27304816964883,,,2
PA.NUS.PRVT.PP,WSM,Samoa,1994,1.39057872222358,,,2
PA.NUS.PRVT.PP,WSM,Samoa,1995,1.31335767570415,,,2
PA.NUS.PRVT.PP,WSM,Samoa,1996,1.34453460162816,,,2
PA.NUS.PRVT.PP,WSM,Samoa,1997,1.40397364302689,,,2
PA.NUS.PRVT.PP,WSM,Samoa,1998,1.41318886190449,,,2
PA.NUS.PRVT.PP,WSM,Samoa,1999,1.38659640366408,,,2
PA.NUS.PRVT.PP,WSM,Samoa,2000,1.35427000772905,,,2
PA.NUS.PRVT.PP,WSM,Samoa,2001,1.36760002837845,,,2
PA.NUS.PRVT.PP,WSM,Samoa,2002,1.45462531376841,,,2
PA.NUS.PRVT.PP,WSM,Samoa,2003,1.42398440945378,,,2
PA.NUS.PRVT.PP,WSM,Samoa,2004,1.61309476836934,,,2
PA.NUS.PRVT.PP,WSM,Samoa,2005,1.58913094026947,,,2
PA.NUS.PRVT.PP,WSM,Samoa,2006,1.59643021807164,,,2
PA.NUS.PRVT.PP,WSM,Samoa,2007,1.63871692519175,,,2
PA.NUS.PRVT.PP,WSM,Samoa,2008,1.76065604659747,,,2
PA.NUS.PRVT.PP,WSM,Samoa,2009,1.87869635516209,,,2
PA.NUS.PRVT.PP,WSM,Samoa,2010,1.86274414913359,,,2
PA.NUS.PRVT.PP,WSM,Samoa,2011,1.90027779346563,,,2
PA.NUS.PRVT.PP,WSM,Samoa,2012,1.89989951471461,,,2
PA.NUS.PRVT.PP,WSM,Samoa,2013,1.88389462667626,,,2
PA.NUS.PRVT.PP,WSM,Samoa,2014,1.84627986406385,,,2
PA.NUS.PRVT.PP,WSM,Samoa,2015,1.85745216798406,,,2
PA.NUS.PRVT.PP,WSM,Samoa,2016,1.85824340689141,,,2
PA.NUS.PRVT.PP,WSM,Samoa,2017,1.85132547910667,,,2
PA.NUS.PRVT.PP,WSM,Samoa,2018,1.88303930149705,,,2
PA.NUS.PRVT.PP,WSM,Samoa,2019,1.86769042285937,,,2
PA.NUS.PRVT.PP,WSM,Samoa,2020,1.81598627149157,,,2
PA.NUS.PRVT.PP,WSM,Samoa,2021,1.7888473170374,,,2
PA.NUS.PRVT.PP,WSM,Samoa,2022,1.83785851522422,,,2
PA.NUS.PRVT.PP,WSM,Samoa,2023,1.90502970730746,,,2
PA.NUS.PRVT.PP,WSM,Samoa,2024,1.89065041570167,,,2
PA.NUS.PRVT.PP,WSM,Samoa,2025,1.8816986070326,,,2
PA.NUS.PRVT.PP,XKX,Kosovo,2002,0.417391318443425,,,2
PA.NUS.PRVT.PP,XKX,Kosovo,2003,0.403699052826773,,,2
PA.NUS.PRVT.PP,XKX,Kosovo,2004,0.388986666385899,,,2
PA.NUS.PRVT.PP,XKX,Kosovo,2005,0.37101100131618,,,2
PA.NUS.PRVT.PP,XKX,Kosovo,2006,0.361650729475083,,,2
PA.NUS.PRVT.PP,XKX,Kosovo,2007,0.366945511861797,,,2
PA.NUS.PRVT.PP,XKX,Kosovo,2008,0.386421346689194,,,2
PA.NUS.PRVT.PP,XKX,Kosovo,2009,0.378453148055039,,,2
PA.NUS.PRVT.PP,XKX,Kosovo,2010,0.385306052135735,,,2
PA.NUS.PRVT.PP,XKX,Kosovo,2011,0.400917386869928,,,2
PA.NUS.PRVT.PP,XKX,Kosovo,2012,0.402517612469693,,,2
PA.NUS.PRVT.PP,XKX,Kosovo,2013,0.403717616497457,,,2
PA.NUS.PRVT.PP,XKX,Kosovo,2014,0.411485067187345,,,2
PA.NUS.PRVT.PP,XKX,Kosovo,2015,0.410799420634184,,,2
PA.NUS.PRVT.PP,XKX,Kosovo,2016,0.398820990712653,,,2
PA.NUS.PRVT.PP,XKX,Kosovo,2017,0.402490307350651,,,2
PA.NUS.PRVT.PP,XKX,Kosovo,2018,0.403620215364762,,,2
PA.NUS.PRVT.PP,XKX,Kosovo,2019,0.401882982738038,,,2
PA.NUS.PRVT.PP,XKX,Kosovo,2020,0.382536606856374,,,2
PA.NUS.PRVT.PP,XKX,Kosovo,2021,0.393713235388517,,,2
PA.NUS.PRVT.PP,XKX,Kosovo,2022,0.38622874252396,,,2
PA.NUS.PRVT.PP,YEM,"Yemen, Rep.",1990,4.2504175465032,,,2
PA.NUS.PRVT.PP,YEM,"Yemen, Rep.",1991,5.54570908204174,,,2
PA.NUS.PRVT.PP,YEM,"Yemen, Rep.",1992,6.96581792448376,,,2
PA.NUS.PRVT.PP,YEM,"Yemen, Rep.",1993,9.18514396637244,,,2
PA.NUS.PRVT.PP,YEM,"Yemen, Rep.",1994,13.3733655534104,,,2
PA.NUS.PRVT.PP,YEM,"Yemen, Rep.",1995,20.1736089292415,,,2
PA.NUS.PRVT.PP,YEM,"Yemen, Rep.",1996,25.6226596141078,,,2
PA.NUS.PRVT.PP,YEM,"Yemen, Rep.",1997,25.5823586564095,,,2
PA.NUS.PRVT.PP,YEM,"Yemen, Rep.",1998,26.6968804069165,,,2
PA.NUS.PRVT.PP,YEM,"Yemen, Rep.",1999,28.3877570042473,,,2
PA.NUS.PRVT.PP,YEM,"Yemen, Rep.",2000,28.720891536454,,,2
PA.NUS.PRVT.PP,YEM,"Yemen, Rep.",2001,31.2585856326654,,,2
PA.NUS.PRVT.PP,YEM,"Yemen, Rep.",2002,34.5364197049777,,,2
PA.NUS.PRVT.PP,YEM,"Yemen, Rep.",2003,37.4278808199599,,,2
PA.NUS.PRVT.PP,YEM,"Yemen, Rep.",2004,41.0139745413118,,,2
PA.NUS.PRVT.PP,YEM,"Yemen, Rep.",2005,44.3534432779615,,,2
PA.NUS.PRVT.PP,YEM,"Yemen, Rep.",2006,47.6270625010798,,,2
PA.NUS.PRVT.PP,YEM,"Yemen, Rep.",2007,49.9666529334924,,,2
PA.NUS.PRVT.PP,YEM,"Yemen, Rep.",2008,57.250547678452,,,2
PA.NUS.PRVT.PP,YEM,"Yemen, Rep.",2009,60.5618458387694,,,2
PA.NUS.PRVT.PP,YEM,"Yemen, Rep.",2010,66.2431156203405,,,2
PA.NUS.PRVT.PP,YEM,"Yemen, Rep.",2011,76.765998840332,,,2
PA.NUS.PRVT.PP,YEM,"Yemen, Rep.",2012,83.835693359375,,,2
PA.NUS.PRVT.PP,YEM,"Yemen, Rep.",2013,90.3601684570313,,,2
PA.NUS.PRVT.PP,ZAF,South Africa,1990,2.10098865664481,,,2
PA.NUS.PRVT.PP,ZAF,South Africa,1991,2.3247195785641,,,2
PA.NUS.PRVT.PP,ZAF,South Africa,1992,2.56944371618124,,,2
PA.NUS.PRVT.PP,ZAF,South Africa,1993,2.73830225208072,,,2
PA.NUS.PRVT.PP,ZAF,South Africa,1994,2.90726198562157,,,2
PA.NUS.PRVT.PP,ZAF,South Africa,1995,3.07340281140456,,,2
PA.NUS.PRVT.PP,ZAF,South Africa,1996,3.20546578591512,,,2
PA.NUS.PRVT.PP,ZAF,South Africa,1997,3.40154693709047,,,2
PA.NUS.PRVT.PP,ZAF,South Africa,1998,3.58002000960905,,,2
PA.NUS.PRVT.PP,ZAF,South Africa,1999,3.68489191710931,,,2
PA.NUS.PRVT.PP,ZAF,South Africa,2000,3.75483149054835,,,2
PA.NUS.PRVT.PP,ZAF,South Africa,2001,3.85984228530127,,,2
PA.NUS.PRVT.PP,ZAF,South Africa,2002,4.16033897084108,,,2
PA.NUS.PRVT.PP,ZAF,South Africa,2003,4.29903019825169,,,2
PA.NUS.PRVT.PP,ZAF,South Africa,2004,4.15796076261334,,,2
PA.NUS.PRVT.PP,ZAF,South Africa,2005,4.10447880904509,,,2
PA.NUS.PRVT.PP,ZAF,South Africa,2006,4.10519307739371,,,2
PA.NUS.PRVT.PP,ZAF,South Africa,2007,4.23791048775675,,,2
PA.NUS.PRVT.PP,ZAF,South Africa,2008,4.48567711917339,,,2
PA.NUS.PRVT.PP,ZAF,South Africa,2009,4.82751876385241,,,2
PA.NUS.PRVT.PP,ZAF,South Africa,2010,4.94281358513372,,,2
PA.NUS.PRVT.PP,ZAF,South Africa,2011,5.03117036819458,,,2
PA.NUS.PRVT.PP,ZAF,South Africa,2012,5.13646655978877,,,2
PA.NUS.PRVT.PP,ZAF,South Africa,2013,5.48490465796298,,,2
PA.NUS.PRVT.PP,ZAF,South Africa,2014,5.81661004559563,,,2
PA.NUS.PRVT.PP,ZAF,South Africa,2015,6.06365338576722,,,2
PA.NUS.PRVT.PP,ZAF,South Africa,2016,6.4005859455977,,,2
PA.NUS.PRVT.PP,ZAF,South Africa,2017,6.65866231918335,,,2
PA.NUS.PRVT.PP,ZAF,South Africa,2018,7.01167154312134,,,2
PA.NUS.PRVT.PP,ZAF,South Africa,2019,7.24155902862549,,,2
PA.NUS.PRVT.PP,ZAF,South Africa,2020,7.4165096282959,,,2
PA.NUS.PRVT.PP,ZAF,South Africa,2021,7.52451419830322,,,2
PA.NUS.PRVT.PP,ZAF,South Africa,2022,7.45742743193491,,,2
PA.NUS.PRVT.PP,ZAF,South Africa,2023,7.59773581730502,,,2
PA.NUS.PRVT.PP,ZAF,South Africa,2024,7.70191474358185,,,2
PA.NUS.PRVT.PP,ZAF,South Africa,2025,7.73995922531757,,,2
PA.NUS.PRVT.PP,ZMB,Zambia,1990,0.00916123171381284,,,2
PA.NUS.PRVT.PP,ZMB,Zambia,1991,0.0173708230922541,,,2
PA.NUS.PRVT.PP,ZMB,Zambia,1992,0.044798543646003,,,2
PA.NUS.PRVT.PP,ZMB,Zambia,1993,0.123280841017691,,,2
PA.NUS.PRVT.PP,ZMB,Zambia,1994,0.185750474656603,,,2
PA.NUS.PRVT.PP,ZMB,Zambia,1995,0.243792934105984,,,2
PA.NUS.PRVT.PP,ZMB,Zambia,1996,0.338869156576504,,,2
PA.NUS.PRVT.PP,ZMB,Zambia,1997,0.411985723600196,,,2
PA.NUS.PRVT.PP,ZMB,Zambia,1998,0.504913406703038,,,2
PA.NUS.PRVT.PP,ZMB,Zambia,1999,0.626460942775913,,,2
PA.NUS.PRVT.PP,ZMB,Zambia,2000,0.763740866877978,,,2
PA.NUS.PRVT.PP,ZMB,Zambia,2001,0.901651704292435,,,2
PA.NUS.PRVT.PP,ZMB,Zambia,2002,1.08491198793963,,,2
PA.NUS.PRVT.PP,ZMB,Zambia,2003,1.28786452955409,,,2
PA.NUS.PRVT.PP,ZMB,Zambia,2004,1.47965153831678,,,2
PA.NUS.PRVT.PP,ZMB,Zambia,2005,1.69333869701655,,,2
PA.NUS.PRVT.PP,ZMB,Zambia,2006,1.78837851673596,,,2
PA.NUS.PRVT.PP,ZMB,Zambia,2007,1.92408444009271,,,2
PA.NUS.PRVT.PP,ZMB,Zambia,2008,2.08355801388276,,,2
PA.NUS.PRVT.PP,ZMB,Zambia,2009,2.37108622379954,,,2
PA.NUS.PRVT.PP,ZMB,Zambia,2010,2.53115822113978,,,2
PA.NUS.PRVT.PP,ZMB,Zambia,2011,2.61145687103271,,,2
PA.NUS.PRVT.PP,ZMB,Zambia,2012,2.69622423207142,,,2
PA.NUS.PRVT.PP,ZMB,Zambia,2013,2.91427398174945,,,2
PA.NUS.PRVT.PP,ZMB,Zambia,2014,3.13831819620148,,,2
PA.NUS.PRVT.PP,ZMB,Zambia,2015,3.46743707991627,,,2
PA.NUS.PRVT.PP,ZMB,Zambia,2016,3.98174081565713,,,2
PA.NUS.PRVT.PP,ZMB,Zambia,2017,4.22813272476196,,,2
PA.NUS.PRVT.PP,ZMB,Zambia,2018,4.44306945800781,,,2
PA.NUS.PRVT.PP,ZMB,Zambia,2019,4.74901008605957,,,2
PA.NUS.PRVT.PP,ZMB,Zambia,2020,5.35651016235352,,,2
PA.NUS.PRVT.PP,ZMB,Zambia,2021,6.18958473205566,,,2
PA.NUS.PRVT.PP,ZMB,Zambia,2022,6.36096324810547,,,2
PA.NUS.PRVT.PP,ZMB,Zambia,2023,6.77446442912701,,,2
PA.NUS.PRVT.PP,ZMB,Zambia,2024,7.56648496930387,,,2
PA.NUS.PRVT.PP,ZMB,Zambia,2025,8.39252772382659,,,2
PA.NUS.PRVT.PP,ZWE,Zimbabwe,2009,0.000210660691545659,,,2
PA.NUS.PRVT.PP,ZWE,Zimbabwe,2010,0.000213526344316134,,,2
PA.NUS.PRVT.PP,ZWE,Zimbabwe,2011,0.00021416654586792,,,2
PA.NUS.PRVT.PP,ZWE,Zimbabwe,2012,0.000213418187727861,,,2
PA.NUS.PRVT.PP,ZWE,Zimbabwe,2013,0.000216680393596669,,,2
PA.NUS.PRVT.PP,ZWE,Zimbabwe,2014,0.000209773574880291,,,2
PA.NUS.PRVT.PP,ZWE,Zimbabwe,2015,0.000200395359401904,,,2
PA.NUS.PRVT.PP,ZWE,Zimbabwe,2016,0.000191997566758109,,,2
PA.NUS.PRVT.PP,ZWE,Zimbabwe,2017,0.000237924141049385,,,2
PA.NUS.PRVT.PP,ZWE,Zimbabwe,2018,0.000691977767944336,,,2
PA.NUS.PRVT.PP,ZWE,Zimbabwe,2019,0.00220104899913073,,,2
PA.NUS.PRVT.PP,ZWE,Zimbabwe,2020,0.0142686943407059,,,2
PA.NUS.PRVT.PP,ZWE,Zimbabwe,2021,0.0289887770676613,,,2
