indicator,country_code,country,year,value,unit,obs_status,decimal
PA.NUS.PPP,ABW,Aruba,1990,0.92337117060551,,,2
PA.NUS.PPP,ABW,Aruba,1991,0.943316000244893,,,2
PA.NUS.PPP,ABW,Aruba,1992,0.957551495016585,,,2
PA.NUS.PPP,ABW,Aruba,1993,0.984958026791874,,,2
PA.NUS.PPP,ABW,Aruba,1994,1.02500603222283,,,2
PA.NUS.PPP,ABW,Aruba,1995,1.03784812798319,,,2
PA.NUS.PPP,ABW,Aruba,1996,1.0524095065884,,,2
PA.NUS.PPP,ABW,Aruba,1997,1.07289179614439,,,2
PA.NUS.PPP,ABW,Aruba,1998,1.13091703351694,,,2
PA.NUS.PPP,ABW,Aruba,1999,1.13955892562249,,,2
PA.NUS.PPP,ABW,Aruba,2000,1.12586291243083,,,2
PA.NUS.PPP,ABW,Aruba,2001,1.16305010240635,,,2
PA.NUS.PPP,ABW,Aruba,2002,1.19604132898964,,,2
PA.NUS.PPP,ABW,Aruba,2003,1.20864669229519,,,2
PA.NUS.PPP,ABW,Aruba,2004,1.21006876393466,,,2
PA.NUS.PPP,ABW,Aruba,2005,1.23273705485488,,,2
PA.NUS.PPP,ABW,Aruba,2006,1.23752658216472,,,2
PA.NUS.PPP,ABW,Aruba,2007,1.26713820679477,,,2
PA.NUS.PPP,ABW,Aruba,2008,1.29617578212114,,,2
PA.NUS.PPP,ABW,Aruba,2009,1.31017240006063,,,2
PA.NUS.PPP,ABW,Aruba,2010,1.27860494946511,,,2
PA.NUS.PPP,ABW,Aruba,2011,1.30294060707092,,,2
PA.NUS.PPP,ABW,Aruba,2012,1.31876661849032,,,2
PA.NUS.PPP,ABW,Aruba,2013,1.28702435899103,,,2
PA.NUS.PPP,ABW,Aruba,2014,1.3117209860102,,,2
PA.NUS.PPP,ABW,Aruba,2015,1.36631378592424,,,2
PA.NUS.PPP,ABW,Aruba,2016,1.36001458924542,,,2
PA.NUS.PPP,ABW,Aruba,2017,1.35663664340973,,,2
PA.NUS.PPP,ABW,Aruba,2018,1.37060558795929,,,2
PA.NUS.PPP,ABW,Aruba,2019,1.42321181297302,,,2
PA.NUS.PPP,ABW,Aruba,2020,1.4119086265564,,,2
PA.NUS.PPP,ABW,Aruba,2021,1.36395359039307,,,2
PA.NUS.PPP,ABW,Aruba,2022,1.32552993286486,,,2
PA.NUS.PPP,ABW,Aruba,2023,1.31448380119852,,,2
PA.NUS.PPP,ABW,Aruba,2024,1.3358003334369,,,2
PA.NUS.PPP,AFG,Afghanistan,2000,10.1998697278633,,,2
PA.NUS.PPP,AFG,Afghanistan,2001,8.80071752178842,,,2
PA.NUS.PPP,AFG,Afghanistan,2002,9.19688826054197,,,2
PA.NUS.PPP,AFG,Afghanistan,2003,10.0699941213286,,,2
PA.NUS.PPP,AFG,Afghanistan,2004,10.9116040744675,,,2
PA.NUS.PPP,AFG,Afghanistan,2005,11.7344348456455,,,2
PA.NUS.PPP,AFG,Afghanistan,2006,12.20296543905,,,2
PA.NUS.PPP,AFG,Afghanistan,2007,14.5576162885083,,,2
PA.NUS.PPP,AFG,Afghanistan,2008,14.581836306571,,,2
PA.NUS.PPP,AFG,Afghanistan,2009,14.1789193736488,,,2
PA.NUS.PPP,AFG,Afghanistan,2010,14.5430529453148,,,2
PA.NUS.PPP,AFG,Afghanistan,2011,16.6134779097919,,,2
PA.NUS.PPP,AFG,Afghanistan,2012,16.9302950898685,,,2
PA.NUS.PPP,AFG,Afghanistan,2013,16.8815458389923,,,2
PA.NUS.PPP,AFG,Afghanistan,2014,16.1278038080551,,,2
PA.NUS.PPP,AFG,Afghanistan,2015,15.8235824504332,,,2
PA.NUS.PPP,AFG,Afghanistan,2016,15.9236559656703,,,2
PA.NUS.PPP,AFG,Afghanistan,2017,15.4202070236206,,,2
PA.NUS.PPP,AFG,Afghanistan,2018,14.8562349775318,,,2
PA.NUS.PPP,AFG,Afghanistan,2019,15.026434394062,,,2
PA.NUS.PPP,AFG,Afghanistan,2020,15.3352430921872,,,2
PA.NUS.PPP,AFG,Afghanistan,2021,14.5879421234131,,,2
PA.NUS.PPP,AFG,Afghanistan,2022,14.9003323018049,,,2
PA.NUS.PPP,AFG,Afghanistan,2023,14.7887521912564,,,2
PA.NUS.PPP,AFG,Afghanistan,2024,13.2320571626481,,,2
PA.NUS.PPP,AGO,Angola,1990,1.08190935685562e-08,,,2
PA.NUS.PPP,AGO,Angola,1991,2.15907128517547e-08,,,2
PA.NUS.PPP,AGO,Angola,1992,1.21700483539808e-07,,,2
PA.NUS.PPP,AGO,Angola,1993,1.20996724827688e-06,,,2
PA.NUS.PPP,AGO,Angola,1994,2.69628887592685e-05,,,2
PA.NUS.PPP,AGO,Angola,1995,0.000508507301080916,,,2
PA.NUS.PPP,AGO,Angola,1996,0.0244715448333415,,,2
PA.NUS.PPP,AGO,Angola,1997,0.0470195463427861,,,2
PA.NUS.PPP,AGO,Angola,1998,0.064797892138371,,,2
PA.NUS.PPP,AGO,Angola,1999,0.420102006470782,,,2
PA.NUS.PPP,AGO,Angola,2000,2.12800471715728,,,2
PA.NUS.PPP,AGO,Angola,2001,4.29448449000484,,,2
PA.NUS.PPP,AGO,Angola,2002,10.2538444955099,,,2
PA.NUS.PPP,AGO,Angola,2003,19.5683844416179,,,2
PA.NUS.PPP,AGO,Angola,2004,25.4172731420674,,,2
PA.NUS.PPP,AGO,Angola,2005,34.5360038402851,,,2
PA.NUS.PPP,AGO,Angola,2006,39.1361372197755,,,2
PA.NUS.PPP,AGO,Angola,2007,40.0754934623603,,,2
PA.NUS.PPP,AGO,Angola,2008,46.9563993663959,,,2
PA.NUS.PPP,AGO,Angola,2009,40.0083569688187,,,2
PA.NUS.PPP,AGO,Angola,2010,50.8609663933818,,,2
PA.NUS.PPP,AGO,Angola,2011,64.6057510375977,,,2
PA.NUS.PPP,AGO,Angola,2012,66.0171856203882,,,2
PA.NUS.PPP,AGO,Angola,2013,66.6955727425879,,,2
PA.NUS.PPP,AGO,Angola,2014,66.0018757612622,,,2
PA.NUS.PPP,AGO,Angola,2015,69.5859035283092,,,2
PA.NUS.PPP,AGO,Angola,2016,82.8633266447229,,,2
PA.NUS.PPP,AGO,Angola,2017,95.8372421264648,,,2
PA.NUS.PPP,AGO,Angola,2018,111.44181060791,,,2
PA.NUS.PPP,AGO,Angola,2019,124.439605712891,,,2
PA.NUS.PPP,AGO,Angola,2020,146.909133911133,,,2
PA.NUS.PPP,AGO,Angola,2021,174.090515136719,,,2
PA.NUS.PPP,AGO,Angola,2022,191.89616090516,,,2
PA.NUS.PPP,AGO,Angola,2023,220.826283791255,,,2
PA.NUS.PPP,AGO,Angola,2024,275.541334427151,,,2
PA.NUS.PPP,AGO,Angola,2025,322.965962233887,,,2
PA.NUS.PPP,ALB,Albania,1990,2.26017088628735,,,2
PA.NUS.PPP,ALB,Albania,1991,2.96266192021588,,,2
PA.NUS.PPP,ALB,Albania,1992,9.64540495670419,,,2
PA.NUS.PPP,ALB,Albania,1993,21.2609805208752,,,2
PA.NUS.PPP,ALB,Albania,1994,28.2776580842755,,,2
PA.NUS.PPP,ALB,Albania,1995,30.4220140815476,,,2
PA.NUS.PPP,ALB,Albania,1996,34.9342388924779,,,2
PA.NUS.PPP,ALB,Albania,1997,38.7226763445269,,,2
PA.NUS.PPP,ALB,Albania,1998,40.7158326537676,,,2
PA.NUS.PPP,ALB,Albania,1999,41.1016112678836,,,2
PA.NUS.PPP,ALB,Albania,2000,42.0106889589827,,,2
PA.NUS.PPP,ALB,Albania,2001,42.8159783920027,,,2
PA.NUS.PPP,ALB,Albania,2002,42.9261500020936,,,2
PA.NUS.PPP,ALB,Albania,2003,44.5964580472103,,,2
PA.NUS.PPP,ALB,Albania,2004,44.9032866642201,,,2
PA.NUS.PPP,ALB,Albania,2005,45.5274427807621,,,2
PA.NUS.PPP,ALB,Albania,2006,44.4219714613751,,,2
PA.NUS.PPP,ALB,Albania,2007,44.6263862703145,,,2
PA.NUS.PPP,ALB,Albania,2008,44.5610300505113,,,2
PA.NUS.PPP,ALB,Albania,2009,44.3164122111067,,,2
PA.NUS.PPP,ALB,Albania,2010,44.2085275396523,,,2
PA.NUS.PPP,ALB,Albania,2011,43.857946713934,,,2
PA.NUS.PPP,ALB,Albania,2012,43.6552769183606,,,2
PA.NUS.PPP,ALB,Albania,2013,44.1137346771784,,,2
PA.NUS.PPP,ALB,Albania,2014,42.8939794696902,,,2
PA.NUS.PPP,ALB,Albania,2015,42.7059027543345,,,2
PA.NUS.PPP,ALB,Albania,2016,42.3856045548293,,,2
PA.NUS.PPP,ALB,Albania,2017,42.2556762085143,,,2
PA.NUS.PPP,ALB,Albania,2018,42.302763484983,,,2
PA.NUS.PPP,ALB,Albania,2019,40.5505352382444,,,2
PA.NUS.PPP,ALB,Albania,2020,40.2104823755404,,,2
PA.NUS.PPP,ALB,Albania,2021,41.1655084684252,,,2
PA.NUS.PPP,ALB,Albania,2022,39.6079245069442,,,2
PA.NUS.PPP,ALB,Albania,2023,39.4547845186235,,,2
PA.NUS.PPP,ALB,Albania,2024,39.6672501245719,,,2
PA.NUS.PPP,ALB,Albania,2025,39.9805375942293,,,2
PA.NUS.PPP,AND,Andorra,1990,0.481169191566506,,,2
PA.NUS.PPP,AND,Andorra,1991,0.49770746155942,,,2
PA.NUS.PPP,AND,Andorra,1992,0.519273962092258,,,2
PA.NUS.PPP,AND,Andorra,1993,0.530265609789238,,,2
PA.NUS.PPP,AND,Andorra,1994,0.539323536542202,,,2
PA.NUS.PPP,AND,Andorra,1995,0.554306929891887,,,2
PA.NUS.PPP,AND,Andorra,1996,0.54868068970287,,,2
PA.NUS.PPP,AND,Andorra,1997,0.551397610196187,,,2
PA.NUS.PPP,AND,Andorra,1998,0.553446123565784,,,2
PA.NUS.PPP,AND,Andorra,1999,0.560632656157998,,,2
PA.NUS.PPP,AND,Andorra,2000,0.705779895452388,,,2
PA.NUS.PPP,AND,Andorra,2001,0.711500899352849,,,2
PA.NUS.PPP,AND,Andorra,2002,0.723309998335426,,,2
PA.NUS.PPP,AND,Andorra,2003,0.731844152625696,,,2
PA.NUS.PPP,AND,Andorra,2004,0.734362308945265,,,2
PA.NUS.PPP,AND,Andorra,2005,0.736218215373228,,,2
PA.NUS.PPP,AND,Andorra,2006,0.738884638440347,,,2
PA.NUS.PPP,AND,Andorra,2007,0.742495774237193,,,2
PA.NUS.PPP,AND,Andorra,2008,0.745028111268096,,,2
PA.NUS.PPP,AND,Andorra,2009,0.741439506689731,,,2
PA.NUS.PPP,AND,Andorra,2010,0.735279068201982,,,2
PA.NUS.PPP,AND,Andorra,2011,0.721833616078532,,,2
PA.NUS.PPP,AND,Andorra,2012,0.709874590856121,,,2
PA.NUS.PPP,AND,Andorra,2013,0.701125997341683,,,2
PA.NUS.PPP,AND,Andorra,2014,0.688545090495811,,,2
PA.NUS.PPP,AND,Andorra,2015,0.686720483361013,,,2
PA.NUS.PPP,AND,Andorra,2016,0.682621757506323,,,2
PA.NUS.PPP,AND,Andorra,2017,0.678233981132507,,,2
PA.NUS.PPP,AND,Andorra,2018,0.656328009600346,,,2
PA.NUS.PPP,AND,Andorra,2019,0.64122788740431,,,2
PA.NUS.PPP,AND,Andorra,2020,0.627878780205223,,,2
PA.NUS.PPP,AND,Andorra,2021,0.604573547840118,,,2
PA.NUS.PPP,AND,Andorra,2022,0.588341425578457,,,2
PA.NUS.PPP,AND,Andorra,2023,0.603066309036457,,,2
PA.NUS.PPP,AND,Andorra,2024,0.604826658572286,,,2
PA.NUS.PPP,AND,Andorra,2025,0.603848577368125,,,2
PA.NUS.PPP,ARE,United Arab Emirates,1990,1.10849878124121,,,2
PA.NUS.PPP,ARE,United Arab Emirates,1991,1.08093094219594,,,2
PA.NUS.PPP,ARE,United Arab Emirates,1992,1.07594139509976,,,2
PA.NUS.PPP,ARE,United Arab Emirates,1993,1.06446367617045,,,2
PA.NUS.PPP,ARE,United Arab Emirates,1994,1.03947403088454,,,2
PA.NUS.PPP,ARE,United Arab Emirates,1995,1.05791104144641,,,2
PA.NUS.PPP,ARE,United Arab Emirates,1996,1.09886629873912,,,2
PA.NUS.PPP,ARE,United Arab Emirates,1997,1.06995097497056,,,2
PA.NUS.PPP,ARE,United Arab Emirates,1998,1.0130450876861,,,2
PA.NUS.PPP,ARE,United Arab Emirates,1999,1.08325129463518,,,2
PA.NUS.PPP,ARE,United Arab Emirates,2000,1.18064363755522,,,2
PA.NUS.PPP,ARE,United Arab Emirates,2001,1.12751920033308,,,2
PA.NUS.PPP,ARE,United Arab Emirates,2002,1.15213193051335,,,2
PA.NUS.PPP,ARE,United Arab Emirates,2003,1.17583860865285,,,2
PA.NUS.PPP,ARE,United Arab Emirates,2004,1.24238937851227,,,2
PA.NUS.PPP,ARE,United Arab Emirates,2005,1.40369934773485,,,2
PA.NUS.PPP,ARE,United Arab Emirates,2006,1.52459641218764,,,2
PA.NUS.PPP,ARE,United Arab Emirates,2007,1.67043219533299,,,2
PA.NUS.PPP,ARE,United Arab Emirates,2008,1.94259153380338,,,2
PA.NUS.PPP,ARE,United Arab Emirates,2009,1.63754817063391,,,2
PA.NUS.PPP,ARE,United Arab Emirates,2010,1.93268817638176,,,2
PA.NUS.PPP,ARE,United Arab Emirates,2011,2.12660837173462,,,2
PA.NUS.PPP,ARE,United Arab Emirates,2012,2.1879699726825,,,2
PA.NUS.PPP,ARE,United Arab Emirates,2013,2.2341905856946,,,2
PA.NUS.PPP,ARE,United Arab Emirates,2014,2.21351673547793,,,2
PA.NUS.PPP,ARE,United Arab Emirates,2015,2.22924693053669,,,2
PA.NUS.PPP,ARE,United Arab Emirates,2016,2.24174884422555,,,2
PA.NUS.PPP,ARE,United Arab Emirates,2017,2.28525042533875,,,2
PA.NUS.PPP,ARE,United Arab Emirates,2018,2.23515868186951,,,2
PA.NUS.PPP,ARE,United Arab Emirates,2019,2.1137228012085,,,2
PA.NUS.PPP,ARE,United Arab Emirates,2020,2.08898448944092,,,2
PA.NUS.PPP,ARE,United Arab Emirates,2021,2.36256718635559,,,2
PA.NUS.PPP,ARE,United Arab Emirates,2022,2.48355696366093,,,2
PA.NUS.PPP,ARE,United Arab Emirates,2023,2.34654954239314,,,2
PA.NUS.PPP,ARE,United Arab Emirates,2024,2.32695589646038,,,2
PA.NUS.PPP,ARG,Argentina,1990,0.293939470102461,,,2
PA.NUS.PPP,ARG,Argentina,1991,0.68380637598758,,,2
PA.NUS.PPP,ARG,Argentina,1992,0.776023252822108,,,2
PA.NUS.PPP,ARG,Argentina,1993,0.731059830380026,,,2
PA.NUS.PPP,ARG,Argentina,1994,0.736171486514112,,,2
PA.NUS.PPP,ARG,Argentina,1995,0.743875471100246,,,2
PA.NUS.PPP,ARG,Argentina,1996,0.730119100920647,,,2
PA.NUS.PPP,ARG,Argentina,1997,0.714412313958537,,,2
PA.NUS.PPP,ARG,Argentina,1998,0.694425180504472,,,2
PA.NUS.PPP,ARG,Argentina,1999,0.672159933973219,,,2
PA.NUS.PPP,ARG,Argentina,2000,0.664089244736491,,,2
PA.NUS.PPP,ARG,Argentina,2001,0.642348668911009,,,2
PA.NUS.PPP,ARG,Argentina,2002,0.825786930690557,,,2
PA.NUS.PPP,ARG,Argentina,2003,0.894793043865781,,,2
PA.NUS.PPP,ARG,Argentina,2004,1.03137254895737,,,2
PA.NUS.PPP,ARG,Argentina,2005,1.10319436906769,,,2
PA.NUS.PPP,ARG,Argentina,2006,1.21724697689933,,,2
PA.NUS.PPP,ARG,Argentina,2007,1.36219731629439,,,2
PA.NUS.PPP,ARG,Argentina,2008,1.6461183813018,,,2
PA.NUS.PPP,ARG,Argentina,2009,1.88761027799013,,,2
PA.NUS.PPP,ARG,Argentina,2010,2.25500157959557,,,2
PA.NUS.PPP,ARG,Argentina,2011,2.73312783241272,,,2
PA.NUS.PPP,ARG,Argentina,2012,3.22003163590423,,,2
PA.NUS.PPP,ARG,Argentina,2013,3.94556760852856,,,2
PA.NUS.PPP,ARG,Argentina,2014,5.46151378584004,,,2
PA.NUS.PPP,ARG,Argentina,2015,6.88258971224653,,,2
PA.NUS.PPP,ARG,Argentina,2016,9.32211732577767,,,2
PA.NUS.PPP,ARG,Argentina,2017,10.2927856445313,,,2
PA.NUS.PPP,ARG,Argentina,2018,13.5268135070801,,,2
PA.NUS.PPP,ARG,Argentina,2019,20.3836688995361,,,2
PA.NUS.PPP,ARG,Argentina,2020,26.8871841430664,,,2
PA.NUS.PPP,ARG,Argentina,2021,38.783332824707,,,2
PA.NUS.PPP,ARG,Argentina,2022,61.1893443740869,,,2
PA.NUS.PPP,ARG,Argentina,2023,139.692187078265,,,2
PA.NUS.PPP,ARG,Argentina,2024,419.292111285901,,,2
PA.NUS.PPP,ARG,Argentina,2025,567.297421343424,,,2
PA.NUS.PPP,ARM,Armenia,1990,0.00513118142365371,,,2
PA.NUS.PPP,ARM,Armenia,1991,0.00890352600975239,,,2
PA.NUS.PPP,ARM,Armenia,1992,0.0582206672911305,,,2
PA.NUS.PPP,ARM,Armenia,1993,0.848065211518543,,,2
PA.NUS.PPP,ARM,Armenia,1994,34.9346951912518,,,2
PA.NUS.PPP,ARM,Armenia,1995,89.3631516477874,,,2
PA.NUS.PPP,ARM,Armenia,1996,104.949595069172,,,2
PA.NUS.PPP,ARM,Armenia,1997,121.468783512433,,,2
PA.NUS.PPP,ARM,Armenia,1998,132.969717654654,,,2
PA.NUS.PPP,ARM,Armenia,1999,131.184866211324,,,2
PA.NUS.PPP,ARM,Armenia,2000,126.516955225727,,,2
PA.NUS.PPP,ARM,Armenia,2001,128.714762238293,,,2
PA.NUS.PPP,ARM,Armenia,2002,129.733038303032,,,2
PA.NUS.PPP,ARM,Armenia,2003,133.071580686189,,,2
PA.NUS.PPP,ARM,Armenia,2004,137.723110032332,,,2
PA.NUS.PPP,ARM,Armenia,2005,137.820994842507,,,2
PA.NUS.PPP,ARM,Armenia,2006,139.872156672108,,,2
PA.NUS.PPP,ARM,Armenia,2007,142.008340441028,,,2
PA.NUS.PPP,ARM,Armenia,2008,147.668868143073,,,2
PA.NUS.PPP,ARM,Armenia,2009,150.428718171959,,,2
PA.NUS.PPP,ARM,Armenia,2010,160.168589752756,,,2
PA.NUS.PPP,ARM,Armenia,2011,163.650009155273,,,2
PA.NUS.PPP,ARM,Armenia,2012,157.763327428082,,,2
PA.NUS.PPP,ARM,Armenia,2013,159.440560466033,,,2
PA.NUS.PPP,ARM,Armenia,2014,164.557666539169,,,2
PA.NUS.PPP,ARM,Armenia,2015,172.04720077425,,,2
PA.NUS.PPP,ARM,Armenia,2016,160.208207872256,,,2
PA.NUS.PPP,ARM,Armenia,2017,154.786590576172,,,2
PA.NUS.PPP,ARM,Armenia,2018,157.376907348633,,,2
PA.NUS.PPP,ARM,Armenia,2019,147.486145019531,,,2
PA.NUS.PPP,ARM,Armenia,2020,141.940551757813,,,2
PA.NUS.PPP,ARM,Armenia,2021,148.241226196289,,,2
PA.NUS.PPP,ARM,Armenia,2022,149.449957812148,,,2
PA.NUS.PPP,ARM,Armenia,2023,148.585343699986,,,2
PA.NUS.PPP,ARM,Armenia,2024,147.017595146307,,,2
PA.NUS.PPP,ARM,Armenia,2025,148.11782018569,,,2
PA.NUS.PPP,ATG,Antigua and Barbuda,1990,1.5770210389687,,,2
PA.NUS.PPP,ATG,Antigua and Barbuda,1991,1.57282884764278,,,2
PA.NUS.PPP,ATG,Antigua and Barbuda,1992,1.58285720033891,,,2
PA.NUS.PPP,ATG,Antigua and Barbuda,1993,1.5820142932671,,,2
PA.NUS.PPP,ATG,Antigua and Barbuda,1994,1.60452126381349,,,2
PA.NUS.PPP,ATG,Antigua and Barbuda,1995,1.61947374039478,,,2
PA.NUS.PPP,ATG,Antigua and Barbuda,1996,1.64459919176866,,,2
PA.NUS.PPP,ATG,Antigua and Barbuda,1997,1.65762633971478,,,2
PA.NUS.PPP,ATG,Antigua and Barbuda,1998,1.68314595854311,,,2
PA.NUS.PPP,ATG,Antigua and Barbuda,1999,1.69303721551361,,,2
PA.NUS.PPP,ATG,Antigua and Barbuda,2000,1.68095710370836,,,2
PA.NUS.PPP,ATG,Antigua and Barbuda,2001,1.6778679426894,,,2
PA.NUS.PPP,ATG,Antigua and Barbuda,2002,1.67324934598928,,,2
PA.NUS.PPP,ATG,Antigua and Barbuda,2003,1.63298862458897,,,2
PA.NUS.PPP,ATG,Antigua and Barbuda,2004,1.6275748640603,,,2
PA.NUS.PPP,ATG,Antigua and Barbuda,2005,1.65192555191116,,,2
PA.NUS.PPP,ATG,Antigua and Barbuda,2006,1.62041763090079,,,2
PA.NUS.PPP,ATG,Antigua and Barbuda,2007,1.64660800410983,,,2
PA.NUS.PPP,ATG,Antigua and Barbuda,2008,1.69202968924773,,,2
PA.NUS.PPP,ATG,Antigua and Barbuda,2009,1.70031782840211,,,2
PA.NUS.PPP,ATG,Antigua and Barbuda,2010,1.70690523270922,,,2
PA.NUS.PPP,ATG,Antigua and Barbuda,2011,1.69137668609619,,,2
PA.NUS.PPP,ATG,Antigua and Barbuda,2012,1.83504087686813,,,2
PA.NUS.PPP,ATG,Antigua and Barbuda,2013,1.86755989889067,,,2
PA.NUS.PPP,ATG,Antigua and Barbuda,2014,1.93511005167144,,,2
PA.NUS.PPP,ATG,Antigua and Barbuda,2015,2.06855869734309,,,2
PA.NUS.PPP,ATG,Antigua and Barbuda,2016,2.09674444871081,,,2
PA.NUS.PPP,ATG,Antigua and Barbuda,2017,2.13833737373352,,,2
PA.NUS.PPP,ATG,Antigua and Barbuda,2018,2.01181793212891,,,2
PA.NUS.PPP,ATG,Antigua and Barbuda,2019,1.92162227630615,,,2
PA.NUS.PPP,ATG,Antigua and Barbuda,2020,1.85506355762482,,,2
PA.NUS.PPP,ATG,Antigua and Barbuda,2021,1.81939482688904,,,2
PA.NUS.PPP,ATG,Antigua and Barbuda,2022,1.81471365982682,,,2
PA.NUS.PPP,ATG,Antigua and Barbuda,2023,1.86354196795733,,,2
PA.NUS.PPP,ATG,Antigua and Barbuda,2024,1.86682399409076,,,2
PA.NUS.PPP,ATG,Antigua and Barbuda,2025,1.87014584555665,,,2
PA.NUS.PPP,AUS,Australia,1990,1.365893,,,2
PA.NUS.PPP,AUS,Australia,1991,1.348856,,,2
PA.NUS.PPP,AUS,Australia,1992,1.328189,,,2
PA.NUS.PPP,AUS,Australia,1993,1.312441,,,2
PA.NUS.PPP,AUS,Australia,1994,1.300904,,,2
PA.NUS.PPP,AUS,Australia,1995,1.310302,,,2
PA.NUS.PPP,AUS,Australia,1996,1.313356,,,2
PA.NUS.PPP,AUS,Australia,1997,1.307709,,,2
PA.NUS.PPP,AUS,Australia,1998,1.300774,,,2
PA.NUS.PPP,AUS,Australia,1999,1.29695,,,2
PA.NUS.PPP,AUS,Australia,2000,1.312261,,,2
PA.NUS.PPP,AUS,Australia,2001,1.328086,,,2
PA.NUS.PPP,AUS,Australia,2002,1.33649,,,2
PA.NUS.PPP,AUS,Australia,2003,1.352188,,,2
PA.NUS.PPP,AUS,Australia,2004,1.364774,,,2
PA.NUS.PPP,AUS,Australia,2005,1.388356,,,2
PA.NUS.PPP,AUS,Australia,2006,1.4033,,,2
PA.NUS.PPP,AUS,Australia,2007,1.427068,,,2
PA.NUS.PPP,AUS,Australia,2008,1.479073,,,2
PA.NUS.PPP,AUS,Australia,2009,1.442855,,,2
PA.NUS.PPP,AUS,Australia,2010,1.503481,,,2
PA.NUS.PPP,AUS,Australia,2011,1.511052,,,2
PA.NUS.PPP,AUS,Australia,2012,1.540115,,,2
PA.NUS.PPP,AUS,Australia,2013,1.447123,,,2
PA.NUS.PPP,AUS,Australia,2014,1.452489,,,2
PA.NUS.PPP,AUS,Australia,2015,1.473691,,,2
PA.NUS.PPP,AUS,Australia,2016,1.450156,,,2
PA.NUS.PPP,AUS,Australia,2017,1.477553,,,2
PA.NUS.PPP,AUS,Australia,2018,1.470403,,,2
PA.NUS.PPP,AUS,Australia,2019,1.459253,,,2
PA.NUS.PPP,AUS,Australia,2020,1.431163,,,2
PA.NUS.PPP,AUS,Australia,2021,1.395724,,,2
PA.NUS.PPP,AUS,Australia,2022,1.358727,,,2
PA.NUS.PPP,AUS,Australia,2023,1.337468,,,2
PA.NUS.PPP,AUS,Australia,2024,1.366527,,,2
PA.NUS.PPP,AUS,Australia,2025,1.398943,,,2
PA.NUS.PPP,AUT,Austria,1990,0.920033,,,2
PA.NUS.PPP,AUT,Austria,1991,0.922348,,,2
PA.NUS.PPP,AUT,Austria,1992,0.933171,,,2
PA.NUS.PPP,AUT,Austria,1993,0.936697,,,2
PA.NUS.PPP,AUT,Austria,1994,0.940271,,,2
PA.NUS.PPP,AUT,Austria,1995,0.937667,,,2
PA.NUS.PPP,AUT,Austria,1996,0.933795,,,2
PA.NUS.PPP,AUT,Austria,1997,0.931458,,,2
PA.NUS.PPP,AUT,Austria,1998,0.922709,,,2
PA.NUS.PPP,AUT,Austria,1999,0.923906,,,2
PA.NUS.PPP,AUT,Austria,2000,0.907311,,,2
PA.NUS.PPP,AUT,Austria,2001,0.922994,,,2
PA.NUS.PPP,AUT,Austria,2002,0.899797,,,2
PA.NUS.PPP,AUT,Austria,2003,0.888232,,,2
PA.NUS.PPP,AUT,Austria,2004,0.878171,,,2
PA.NUS.PPP,AUT,Austria,2005,0.881939,,,2
PA.NUS.PPP,AUT,Austria,2006,0.860213,,,2
PA.NUS.PPP,AUT,Austria,2007,0.868013,,,2
PA.NUS.PPP,AUT,Austria,2008,0.854424,,,2
PA.NUS.PPP,AUT,Austria,2009,0.843317,,,2
PA.NUS.PPP,AUT,Austria,2010,0.84243,,,2
PA.NUS.PPP,AUT,Austria,2011,0.831374,,,2
PA.NUS.PPP,AUT,Austria,2012,0.813648,,,2
PA.NUS.PPP,AUT,Austria,2013,0.797081,,,2
PA.NUS.PPP,AUT,Austria,2014,0.798797,,,2
PA.NUS.PPP,AUT,Austria,2015,0.798813,,,2
PA.NUS.PPP,AUT,Austria,2016,0.776931,,,2
PA.NUS.PPP,AUT,Austria,2017,0.775009,,,2
PA.NUS.PPP,AUT,Austria,2018,0.765403,,,2
PA.NUS.PPP,AUT,Austria,2019,0.738332,,,2
PA.NUS.PPP,AUT,Austria,2020,0.728799,,,2
PA.NUS.PPP,AUT,Austria,2021,0.72035,,,2
PA.NUS.PPP,AUT,Austria,2022,0.687544,,,2
PA.NUS.PPP,AUT,Austria,2023,0.704634,,,2
PA.NUS.PPP,AUT,Austria,2024,0.710451,,,2
PA.NUS.PPP,AUT,Austria,2025,0.725357,,,2
PA.NUS.PPP,AZE,Azerbaijan,1990,7.64855981676501e-06,,,2
PA.NUS.PPP,AZE,Azerbaijan,1991,1.35796559283685e-05,,,2
PA.NUS.PPP,AZE,Azerbaijan,1992,0.000154721815067459,,,2
PA.NUS.PPP,AZE,Azerbaijan,1993,0.0012803382577256,,,2
PA.NUS.PPP,AZE,Azerbaijan,1994,0.0186289249174437,,,2
PA.NUS.PPP,AZE,Azerbaijan,1995,0.117808754501595,,,2
PA.NUS.PPP,AZE,Azerbaijan,1996,0.146255251995777,,,2
PA.NUS.PPP,AZE,Azerbaijan,1997,0.157064406206694,,,2
PA.NUS.PPP,AZE,Azerbaijan,1998,0.153819797400772,,,2
PA.NUS.PPP,AZE,Azerbaijan,1999,0.154952864273231,,,2
PA.NUS.PPP,AZE,Azerbaijan,2000,0.170449755486673,,,2
PA.NUS.PPP,AZE,Azerbaijan,2001,0.170888700612531,,,2
PA.NUS.PPP,AZE,Azerbaijan,2002,0.175365440911871,,,2
PA.NUS.PPP,AZE,Azerbaijan,2003,0.183941854853066,,,2
PA.NUS.PPP,AZE,Azerbaijan,2004,0.195697610888887,,,2
PA.NUS.PPP,AZE,Azerbaijan,2005,0.217685705441929,,,2
PA.NUS.PPP,AZE,Azerbaijan,2006,0.235097699744124,,,2
PA.NUS.PPP,AZE,Azerbaijan,2007,0.276008850601939,,,2
PA.NUS.PPP,AZE,Azerbaijan,2008,0.346534668805281,,,2
PA.NUS.PPP,AZE,Azerbaijan,2009,0.27931950198026,,,2
PA.NUS.PPP,AZE,Azerbaijan,2010,0.314125345846898,,,2
PA.NUS.PPP,AZE,Azerbaijan,2011,0.383509784936905,,,2
PA.NUS.PPP,AZE,Azerbaijan,2012,0.368202768426652,,,2
PA.NUS.PPP,AZE,Azerbaijan,2013,0.357812484388613,,,2
PA.NUS.PPP,AZE,Azerbaijan,2014,0.352385193609108,,,2
PA.NUS.PPP,AZE,Azerbaijan,2015,0.373831913649521,,,2
PA.NUS.PPP,AZE,Azerbaijan,2016,0.426016726419135,,,2
PA.NUS.PPP,AZE,Azerbaijan,2017,0.498603373765945,,,2
PA.NUS.PPP,AZE,Azerbaijan,2018,0.52723491191864,,,2
PA.NUS.PPP,AZE,Azerbaijan,2019,0.48993256688118,,,2
PA.NUS.PPP,AZE,Azerbaijan,2020,0.474218666553497,,,2
PA.NUS.PPP,AZE,Azerbaijan,2021,0.457138150930405,,,2
PA.NUS.PPP,AZE,Azerbaijan,2022,0.585848354897923,,,2
PA.NUS.PPP,AZE,Azerbaijan,2023,0.51227663604586,,,2
PA.NUS.PPP,AZE,Azerbaijan,2024,0.493148640345599,,,2
PA.NUS.PPP,AZE,Azerbaijan,2025,0.482459128195909,,,2
PA.NUS.PPP,BDI,Burundi,1990,71.2033651018155,,,2
PA.NUS.PPP,BDI,Burundi,1991,71.693287376194,,,2
PA.NUS.PPP,BDI,Burundi,1992,73.8823168021491,,,2
PA.NUS.PPP,BDI,Burundi,1993,77.7596075204785,,,2
PA.NUS.PPP,BDI,Burundi,1994,81.1881094226722,,,2
PA.NUS.PPP,BDI,Burundi,1995,92.325811986081,,,2
PA.NUS.PPP,BDI,Burundi,1996,103.769980428741,,,2
PA.NUS.PPP,BDI,Burundi,1997,135.060118513296,,,2
PA.NUS.PPP,BDI,Burundi,1998,148.852352614129,,,2
PA.NUS.PPP,BDI,Burundi,1999,168.724327417382,,,2
PA.NUS.PPP,BDI,Burundi,2000,186.730420922765,,,2
PA.NUS.PPP,BDI,Burundi,2001,207.667105763133,,,2
PA.NUS.PPP,BDI,Burundi,2002,206.591213504223,,,2
PA.NUS.PPP,BDI,Burundi,2003,226.792483241163,,,2
PA.NUS.PPP,BDI,Burundi,2004,249.887296138805,,,2
PA.NUS.PPP,BDI,Burundi,2005,287.941751850674,,,2
PA.NUS.PPP,BDI,Burundi,2006,287.276475847376,,,2
PA.NUS.PPP,BDI,Burundi,2007,302.861064660003,,,2
PA.NUS.PPP,BDI,Burundi,2008,368.924537626242,,,2
PA.NUS.PPP,BDI,Burundi,2009,403.756384094377,,,2
PA.NUS.PPP,BDI,Burundi,2010,434.640789836094,,,2
PA.NUS.PPP,BDI,Burundi,2011,461.509124755859,,,2
PA.NUS.PPP,BDI,Burundi,2012,523.127232295531,,,2
PA.NUS.PPP,BDI,Burundi,2013,531.306915880677,,,2
PA.NUS.PPP,BDI,Burundi,2014,534.965252683798,,,2
PA.NUS.PPP,BDI,Burundi,2015,553.845954285664,,,2
PA.NUS.PPP,BDI,Burundi,2016,564.395746237552,,,2
PA.NUS.PPP,BDI,Burundi,2017,626.167602539063,,,2
PA.NUS.PPP,BDI,Burundi,2018,605.947692871094,,,2
PA.NUS.PPP,BDI,Burundi,2019,582.1962890625,,,2
PA.NUS.PPP,BDI,Burundi,2020,595.613830566406,,,2
PA.NUS.PPP,BDI,Burundi,2021,609.599182128906,,,2
PA.NUS.PPP,BDI,Burundi,2022,654.256163386694,,,2
PA.NUS.PPP,BDI,Burundi,2023,751.11355685453,,,2
PA.NUS.PPP,BDI,Burundi,2024,869.203862502627,,,2
PA.NUS.PPP,BDI,Burundi,2025,999.612019047394,,,2
PA.NUS.PPP,BEL,Belgium,1990,0.913185,,,2
PA.NUS.PPP,BEL,Belgium,1991,0.908722,,,2
PA.NUS.PPP,BEL,Belgium,1992,0.918901,,,2
PA.NUS.PPP,BEL,Belgium,1993,0.933469,,,2
PA.NUS.PPP,BEL,Belgium,1994,0.933095,,,2
PA.NUS.PPP,BEL,Belgium,1995,0.92509,,,2
PA.NUS.PPP,BEL,Belgium,1996,0.92759,,,2
PA.NUS.PPP,BEL,Belgium,1997,0.927434,,,2
PA.NUS.PPP,BEL,Belgium,1998,0.935543,,,2
PA.NUS.PPP,BEL,Belgium,1999,0.931348,,,2
PA.NUS.PPP,BEL,Belgium,2000,0.899807,,,2
PA.NUS.PPP,BEL,Belgium,2001,0.892461,,,2
PA.NUS.PPP,BEL,Belgium,2002,0.8733,,,2
PA.NUS.PPP,BEL,Belgium,2003,0.876176,,,2
PA.NUS.PPP,BEL,Belgium,2004,0.88842,,,2
PA.NUS.PPP,BEL,Belgium,2005,0.891788,,,2
PA.NUS.PPP,BEL,Belgium,2006,0.874461,,,2
PA.NUS.PPP,BEL,Belgium,2007,0.878806,,,2
PA.NUS.PPP,BEL,Belgium,2008,0.86694,,,2
PA.NUS.PPP,BEL,Belgium,2009,0.849692,,,2
PA.NUS.PPP,BEL,Belgium,2010,0.83681,,,2
PA.NUS.PPP,BEL,Belgium,2011,0.831911,,,2
PA.NUS.PPP,BEL,Belgium,2012,0.822137,,,2
PA.NUS.PPP,BEL,Belgium,2013,0.806166,,,2
PA.NUS.PPP,BEL,Belgium,2014,0.800214,,,2
PA.NUS.PPP,BEL,Belgium,2015,0.799998,,,2
PA.NUS.PPP,BEL,Belgium,2016,0.781011,,,2
PA.NUS.PPP,BEL,Belgium,2017,0.775634,,,2
PA.NUS.PPP,BEL,Belgium,2018,0.766407,,,2
PA.NUS.PPP,BEL,Belgium,2019,0.735832,,,2
PA.NUS.PPP,BEL,Belgium,2020,0.716165,,,2
PA.NUS.PPP,BEL,Belgium,2021,0.719916,,,2
PA.NUS.PPP,BEL,Belgium,2022,0.698153,,,2
PA.NUS.PPP,BEL,Belgium,2023,0.703466,,,2
PA.NUS.PPP,BEL,Belgium,2024,0.704288,,,2
PA.NUS.PPP,BEL,Belgium,2025,0.719942,,,2
PA.NUS.PPP,BEN,Benin,1990,117.748777314433,,,2
PA.NUS.PPP,BEN,Benin,1991,114.758763437324,,,2
PA.NUS.PPP,BEN,Benin,1992,115.596103500054,,,2
PA.NUS.PPP,BEN,Benin,1993,115.605133663625,,,2
PA.NUS.PPP,BEN,Benin,1994,151.110932375495,,,2
PA.NUS.PPP,BEN,Benin,1995,170.356019889363,,,2
PA.NUS.PPP,BEN,Benin,1996,178.848711639469,,,2
PA.NUS.PPP,BEN,Benin,1997,182.264940496987,,,2
PA.NUS.PPP,BEN,Benin,1998,189.668700468224,,,2
PA.NUS.PPP,BEN,Benin,1999,202.999943232175,,,2
PA.NUS.PPP,BEN,Benin,2000,207.120597973585,,,2
PA.NUS.PPP,BEN,Benin,2001,206.55058650592,,,2
PA.NUS.PPP,BEN,Benin,2002,210.618829481643,,,2
PA.NUS.PPP,BEN,Benin,2003,212.864735099917,,,2
PA.NUS.PPP,BEN,Benin,2004,208.886049527783,,,2
PA.NUS.PPP,BEN,Benin,2005,211.231836669985,,,2
PA.NUS.PPP,BEN,Benin,2006,209.204185560599,,,2
PA.NUS.PPP,BEN,Benin,2007,204.480497251521,,,2
PA.NUS.PPP,BEN,Benin,2008,213.523113143638,,,2
PA.NUS.PPP,BEN,Benin,2009,217.603804390209,,,2
PA.NUS.PPP,BEN,Benin,2010,216.884872161349,,,2
PA.NUS.PPP,BEN,Benin,2011,220.433578491211,,,2
PA.NUS.PPP,BEN,Benin,2012,233.186138874214,,,2
PA.NUS.PPP,BEN,Benin,2013,229.86160117805,,,2
PA.NUS.PPP,BEN,Benin,2014,222.692274402436,,,2
PA.NUS.PPP,BEN,Benin,2015,217.456302674407,,,2
PA.NUS.PPP,BEN,Benin,2016,210.711777650076,,,2
PA.NUS.PPP,BEN,Benin,2017,212.266235351563,,,2
PA.NUS.PPP,BEN,Benin,2018,215.738403320313,,,2
PA.NUS.PPP,BEN,Benin,2019,210.404876708984,,,2
PA.NUS.PPP,BEN,Benin,2020,212.435317993164,,,2
PA.NUS.PPP,BEN,Benin,2021,211.106674194336,,,2
PA.NUS.PPP,BEN,Benin,2022,205.246224070769,,,2
PA.NUS.PPP,BEN,Benin,2023,204.623566036542,,,2
PA.NUS.PPP,BEN,Benin,2024,202.803961673608,,,2
PA.NUS.PPP,BEN,Benin,2025,200.336598367492,,,2
PA.NUS.PPP,BFA,Burkina Faso,1990,162.603597665122,,,2
PA.NUS.PPP,BFA,Burkina Faso,1991,151.043826208715,,,2
PA.NUS.PPP,BFA,Burkina Faso,1992,148.013767555148,,,2
PA.NUS.PPP,BFA,Burkina Faso,1993,142.501888515818,,,2
PA.NUS.PPP,BFA,Burkina Faso,1994,159.947489392279,,,2
PA.NUS.PPP,BFA,Burkina Faso,1995,167.268153012398,,,2
PA.NUS.PPP,BFA,Burkina Faso,1996,164.833708567311,,,2
PA.NUS.PPP,BFA,Burkina Faso,1997,164.561080299021,,,2
PA.NUS.PPP,BFA,Burkina Faso,1998,175.653639283094,,,2
PA.NUS.PPP,BFA,Burkina Faso,1999,203.324021027319,,,2
PA.NUS.PPP,BFA,Burkina Faso,2000,197.190476074622,,,2
PA.NUS.PPP,BFA,Burkina Faso,2001,200.487914950285,,,2
PA.NUS.PPP,BFA,Burkina Faso,2002,203.455120924471,,,2
PA.NUS.PPP,BFA,Burkina Faso,2003,202.478318509774,,,2
PA.NUS.PPP,BFA,Burkina Faso,2004,197.354818298223,,,2
PA.NUS.PPP,BFA,Burkina Faso,2005,198.510469976343,,,2
PA.NUS.PPP,BFA,Burkina Faso,2006,191.295449974974,,,2
PA.NUS.PPP,BFA,Burkina Faso,2007,190.89145755724,,,2
PA.NUS.PPP,BFA,Burkina Faso,2008,204.437810987415,,,2
PA.NUS.PPP,BFA,Burkina Faso,2009,208.072223136725,,,2
PA.NUS.PPP,BFA,Burkina Faso,2010,213.343820815646,,,2
PA.NUS.PPP,BFA,Burkina Faso,2011,223.115814208984,,,2
PA.NUS.PPP,BFA,Burkina Faso,2012,237.592242168192,,,2
PA.NUS.PPP,BFA,Burkina Faso,2013,228.405864984516,,,2
PA.NUS.PPP,BFA,Burkina Faso,2014,227.32319645766,,,2
PA.NUS.PPP,BFA,Burkina Faso,2015,220.230356318142,,,2
PA.NUS.PPP,BFA,Burkina Faso,2016,209.026483556174,,,2
PA.NUS.PPP,BFA,Burkina Faso,2017,201.595275878906,,,2
PA.NUS.PPP,BFA,Burkina Faso,2018,208.284194946289,,,2
PA.NUS.PPP,BFA,Burkina Faso,2019,200.763061523438,,,2
PA.NUS.PPP,BFA,Burkina Faso,2020,199.51708984375,,,2
PA.NUS.PPP,BFA,Burkina Faso,2021,199.724746704102,,,2
PA.NUS.PPP,BFA,Burkina Faso,2022,195.11927255451,,,2
PA.NUS.PPP,BFA,Burkina Faso,2023,191.794636626162,,,2
PA.NUS.PPP,BFA,Burkina Faso,2024,205.350368080944,,,2
PA.NUS.PPP,BFA,Burkina Faso,2025,217.410761840348,,,2
PA.NUS.PPP,BGD,Bangladesh,1990,13.5555757060187,,,2
PA.NUS.PPP,BGD,Bangladesh,1991,13.4700478780762,,,2
PA.NUS.PPP,BGD,Bangladesh,1992,13.5099932523762,,,2
PA.NUS.PPP,BGD,Bangladesh,1993,13.2177012906951,,,2
PA.NUS.PPP,BGD,Bangladesh,1994,13.4546602232257,,,2
PA.NUS.PPP,BGD,Bangladesh,1995,14.1199363693613,,,2
PA.NUS.PPP,BGD,Bangladesh,1996,14.4532407763761,,,2
PA.NUS.PPP,BGD,Bangladesh,1997,14.748172919273,,,2
PA.NUS.PPP,BGD,Bangladesh,1998,15.2750071841283,,,2
PA.NUS.PPP,BGD,Bangladesh,1999,15.6313618619175,,,2
PA.NUS.PPP,BGD,Bangladesh,2000,15.811950125643,,,2
PA.NUS.PPP,BGD,Bangladesh,2001,15.9680521185096,,,2
PA.NUS.PPP,BGD,Bangladesh,2002,16.3358096116381,,,2
PA.NUS.PPP,BGD,Bangladesh,2003,16.9512003059736,,,2
PA.NUS.PPP,BGD,Bangladesh,2004,17.2603901697117,,,2
PA.NUS.PPP,BGD,Bangladesh,2005,17.5032087652756,,,2
PA.NUS.PPP,BGD,Bangladesh,2006,17.9772956303853,,,2
PA.NUS.PPP,BGD,Bangladesh,2007,18.6357622220049,,,2
PA.NUS.PPP,BGD,Bangladesh,2008,19.7207515388584,,,2
PA.NUS.PPP,BGD,Bangladesh,2009,20.9256676356837,,,2
PA.NUS.PPP,BGD,Bangladesh,2010,22.1515314635635,,,2
PA.NUS.PPP,BGD,Bangladesh,2011,23.4095554351807,,,2
PA.NUS.PPP,BGD,Bangladesh,2012,23.7354995191658,,,2
PA.NUS.PPP,BGD,Bangladesh,2013,24.8574730785962,,,2
PA.NUS.PPP,BGD,Bangladesh,2014,25.6504046099574,,,2
PA.NUS.PPP,BGD,Bangladesh,2015,27.0466120505002,,,2
PA.NUS.PPP,BGD,Bangladesh,2016,28.1895707253508,,,2
PA.NUS.PPP,BGD,Bangladesh,2017,29.3513450622559,,,2
PA.NUS.PPP,BGD,Bangladesh,2018,29.397891998291,,,2
PA.NUS.PPP,BGD,Bangladesh,2019,29.595682144165,,,2
PA.NUS.PPP,BGD,Bangladesh,2020,28.7098007202148,,,2
PA.NUS.PPP,BGD,Bangladesh,2021,28.296688079834,,,2
PA.NUS.PPP,BGD,Bangladesh,2022,27.7515632976784,,,2
PA.NUS.PPP,BGD,Bangladesh,2023,28.6070991451479,,,2
PA.NUS.PPP,BGD,Bangladesh,2024,29.8354579509729,,,2
PA.NUS.PPP,BGD,Bangladesh,2025,30.9160155190794,,,2
PA.NUS.PPP,BGR,Bulgaria,1990,0.000352679836735092,,,2
PA.NUS.PPP,BGR,Bulgaria,1991,0.00111394858870903,,,2
PA.NUS.PPP,BGR,Bulgaria,1992,0.00173800851281902,,,2
PA.NUS.PPP,BGR,Bulgaria,1993,0.00256517093262005,,,2
PA.NUS.PPP,BGR,Bulgaria,1994,0.00433756701545152,,,2
PA.NUS.PPP,BGR,Bulgaria,1995,0.010021111235076,,,2
PA.NUS.PPP,BGR,Bulgaria,1996,0.0195238496691796,,,2
PA.NUS.PPP,BGR,Bulgaria,1997,0.203578195027624,,,2
PA.NUS.PPP,BGR,Bulgaria,1998,0.265213695133433,,,2
PA.NUS.PPP,BGR,Bulgaria,1999,0.268512865552057,,,2
PA.NUS.PPP,BGR,Bulgaria,2000,0.273974845570072,,,2
PA.NUS.PPP,BGR,Bulgaria,2001,0.284204694473247,,,2
PA.NUS.PPP,BGR,Bulgaria,2002,0.285447673780027,,,2
PA.NUS.PPP,BGR,Bulgaria,2003,0.286257136266094,,,2
PA.NUS.PPP,BGR,Bulgaria,2004,0.296706186628395,,,2
PA.NUS.PPP,BGR,Bulgaria,2005,0.304986062685126,,,2
PA.NUS.PPP,BGR,Bulgaria,2006,0.316163294142947,,,2
PA.NUS.PPP,BGR,Bulgaria,2007,0.335565038605688,,,2
PA.NUS.PPP,BGR,Bulgaria,2008,0.346490853973143,,,2
PA.NUS.PPP,BGR,Bulgaria,2009,0.354252578589996,,,2
PA.NUS.PPP,BGR,Bulgaria,2010,0.346210028538156,,,2
PA.NUS.PPP,BGR,Bulgaria,2011,0.358454780608304,,,2
PA.NUS.PPP,BGR,Bulgaria,2012,0.35423246168002,,,2
PA.NUS.PPP,BGR,Bulgaria,2013,0.347682118678299,,,2
PA.NUS.PPP,BGR,Bulgaria,2014,0.33808210223662,,,2
PA.NUS.PPP,BGR,Bulgaria,2015,0.347014355931359,,,2
PA.NUS.PPP,BGR,Bulgaria,2016,0.340858541489305,,,2
PA.NUS.PPP,BGR,Bulgaria,2017,0.345777340570119,,,2
PA.NUS.PPP,BGR,Bulgaria,2018,0.34772840119275,,,2
PA.NUS.PPP,BGR,Bulgaria,2019,0.345535293716834,,,2
PA.NUS.PPP,BGR,Bulgaria,2020,0.345226635301275,,,2
PA.NUS.PPP,BGR,Bulgaria,2021,0.35413555036835,,,2
PA.NUS.PPP,BGR,Bulgaria,2022,0.366580087781656,,,2
PA.NUS.PPP,BGR,Bulgaria,2023,0.377621911406109,,,2
PA.NUS.PPP,BGR,Bulgaria,2024,0.387533240879461,,,2
PA.NUS.PPP,BGR,Bulgaria,2025,0.405704596599949,,,2
PA.NUS.PPP,BHR,Bahrain,1990,0.130577155874319,,,2
PA.NUS.PPP,BHR,Bahrain,1991,0.123927999051973,,,2
PA.NUS.PPP,BHR,Bahrain,1992,0.116886382872844,,,2
PA.NUS.PPP,BHR,Bahrain,1993,0.11072507344787,,,2
PA.NUS.PPP,BHR,Bahrain,1994,0.116358060535783,,,2
PA.NUS.PPP,BHR,Bahrain,1995,0.115211515660114,,,2
PA.NUS.PPP,BHR,Bahrain,1996,0.113362754404065,,,2
PA.NUS.PPP,BHR,Bahrain,1997,0.112479326886398,,,2
PA.NUS.PPP,BHR,Bahrain,1998,0.103379352609701,,,2
PA.NUS.PPP,BHR,Bahrain,1999,0.104644734460424,,,2
PA.NUS.PPP,BHR,Bahrain,2000,0.116982617172684,,,2
PA.NUS.PPP,BHR,Bahrain,2001,0.11055809699203,,,2
PA.NUS.PPP,BHR,Bahrain,2002,0.112583396914352,,,2
PA.NUS.PPP,BHR,Bahrain,2003,0.119901247229771,,,2
PA.NUS.PPP,BHR,Bahrain,2004,0.129594776265618,,,2
PA.NUS.PPP,BHR,Bahrain,2005,0.142913587188249,,,2
PA.NUS.PPP,BHR,Bahrain,2006,0.150897208038238,,,2
PA.NUS.PPP,BHR,Bahrain,2007,0.15931021545746,,,2
PA.NUS.PPP,BHR,Bahrain,2008,0.17406229252103,,,2
PA.NUS.PPP,BHR,Bahrain,2009,0.150516384868706,,,2
PA.NUS.PPP,BHR,Bahrain,2010,0.166564576204837,,,2
PA.NUS.PPP,BHR,Bahrain,2011,0.178678497672081,,,2
PA.NUS.PPP,BHR,Bahrain,2012,0.175286383568788,,,2
PA.NUS.PPP,BHR,Bahrain,2013,0.180218320384915,,,2
PA.NUS.PPP,BHR,Bahrain,2014,0.183168477622234,,,2
PA.NUS.PPP,BHR,Bahrain,2015,0.18578421233034,,,2
PA.NUS.PPP,BHR,Bahrain,2016,0.188678214863324,,,2
PA.NUS.PPP,BHR,Bahrain,2017,0.185696244239807,,,2
PA.NUS.PPP,BHR,Bahrain,2018,0.190370857715607,,,2
PA.NUS.PPP,BHR,Bahrain,2019,0.181090995669365,,,2
PA.NUS.PPP,BHR,Bahrain,2020,0.171287223696709,,,2
PA.NUS.PPP,BHR,Bahrain,2021,0.185745358467102,,,2
PA.NUS.PPP,BHR,Bahrain,2022,0.185784178119927,,,2
PA.NUS.PPP,BHR,Bahrain,2023,0.171479388100597,,,2
PA.NUS.PPP,BHR,Bahrain,2024,0.166200043745861,,,2
PA.NUS.PPP,BHR,Bahrain,2025,0.162039933977081,,,2
PA.NUS.PPP,BHS,"Bahamas, The",1990,0.981485752947395,,,2
PA.NUS.PPP,BHS,"Bahamas, The",1991,0.973650794912412,,,2
PA.NUS.PPP,BHS,"Bahamas, The",1992,0.989136386194719,,,2
PA.NUS.PPP,BHS,"Bahamas, The",1993,0.958001360765348,,,2
PA.NUS.PPP,BHS,"Bahamas, The",1994,0.958453165440505,,,2
PA.NUS.PPP,BHS,"Bahamas, The",1995,0.946303104139193,,,2
PA.NUS.PPP,BHS,"Bahamas, The",1996,0.938436470001862,,,2
PA.NUS.PPP,BHS,"Bahamas, The",1997,0.940311294133002,,,2
PA.NUS.PPP,BHS,"Bahamas, The",1998,0.958214225900851,,,2
PA.NUS.PPP,BHS,"Bahamas, The",1999,0.991622397074128,,,2
PA.NUS.PPP,BHS,"Bahamas, The",2000,0.978604860482659,,,2
PA.NUS.PPP,BHS,"Bahamas, The",2001,0.960434796885448,,,2
PA.NUS.PPP,BHS,"Bahamas, The",2002,0.983193791481616,,,2
PA.NUS.PPP,BHS,"Bahamas, The",2003,0.975293134846324,,,2
PA.NUS.PPP,BHS,"Bahamas, The",2004,0.961102963670181,,,2
PA.NUS.PPP,BHS,"Bahamas, The",2005,0.979000300684923,,,2
PA.NUS.PPP,BHS,"Bahamas, The",2006,0.957578179719108,,,2
PA.NUS.PPP,BHS,"Bahamas, The",2007,0.959803694096182,,,2
PA.NUS.PPP,BHS,"Bahamas, The",2008,0.955678288193654,,,2
PA.NUS.PPP,BHS,"Bahamas, The",2009,0.939976234386124,,,2
PA.NUS.PPP,BHS,"Bahamas, The",2010,0.92504427155775,,,2
PA.NUS.PPP,BHS,"Bahamas, The",2011,0.89856344461441,,,2
PA.NUS.PPP,BHS,"Bahamas, The",2012,0.919978032159248,,,2
PA.NUS.PPP,BHS,"Bahamas, The",2013,0.912468042625818,,,2
PA.NUS.PPP,BHS,"Bahamas, The",2014,0.918396825378532,,,2
PA.NUS.PPP,BHS,"Bahamas, The",2015,0.955871813530898,,,2
PA.NUS.PPP,BHS,"Bahamas, The",2016,0.94831266986888,,,2
PA.NUS.PPP,BHS,"Bahamas, The",2017,0.929797828197479,,,2
PA.NUS.PPP,BHS,"Bahamas, The",2018,0.926608264446259,,,2
PA.NUS.PPP,BHS,"Bahamas, The",2019,0.931452453136444,,,2
PA.NUS.PPP,BHS,"Bahamas, The",2020,0.962290525436401,,,2
PA.NUS.PPP,BHS,"Bahamas, The",2021,0.977568686008453,,,2
PA.NUS.PPP,BHS,"Bahamas, The",2022,0.950295483058565,,,2
PA.NUS.PPP,BHS,"Bahamas, The",2023,0.977236382694572,,,2
PA.NUS.PPP,BHS,"Bahamas, The",2024,0.956315655509349,,,2
PA.NUS.PPP,BIH,Bosnia and Herzegovina,1990,0.000236571925433183,,,2
PA.NUS.PPP,BIH,Bosnia and Herzegovina,1991,0.000339754189707506,,,2
PA.NUS.PPP,BIH,Bosnia and Herzegovina,1992,0.00485662855081156,,,2
PA.NUS.PPP,BIH,Bosnia and Herzegovina,1993,0.362683424299216,,,2
PA.NUS.PPP,BIH,Bosnia and Herzegovina,1994,0.529520923706725,,,2
PA.NUS.PPP,BIH,Bosnia and Herzegovina,1995,0.588054114495254,,,2
PA.NUS.PPP,BIH,Bosnia and Herzegovina,1996,0.586950368842084,,,2
PA.NUS.PPP,BIH,Bosnia and Herzegovina,1997,0.641331758046048,,,2
PA.NUS.PPP,BIH,Bosnia and Herzegovina,1998,0.618731507446435,,,2
PA.NUS.PPP,BIH,Bosnia and Herzegovina,1999,0.661549564497553,,,2
PA.NUS.PPP,BIH,Bosnia and Herzegovina,2000,0.685016018468078,,,2
PA.NUS.PPP,BIH,Bosnia and Herzegovina,2001,0.704367387352116,,,2
PA.NUS.PPP,BIH,Bosnia and Herzegovina,2002,0.715733165300977,,,2
PA.NUS.PPP,BIH,Bosnia and Herzegovina,2003,0.716806133690987,,,2
PA.NUS.PPP,BIH,Bosnia and Herzegovina,2004,0.714452114374716,,,2
PA.NUS.PPP,BIH,Bosnia and Herzegovina,2005,0.723433595234307,,,2
PA.NUS.PPP,BIH,Bosnia and Herzegovina,2006,0.718618945598991,,,2
PA.NUS.PPP,BIH,Bosnia and Herzegovina,2007,0.730942909558124,,,2
PA.NUS.PPP,BIH,Bosnia and Herzegovina,2008,0.752853811445115,,,2
PA.NUS.PPP,BIH,Bosnia and Herzegovina,2009,0.734836260779835,,,2
PA.NUS.PPP,BIH,Bosnia and Herzegovina,2010,0.732453120710421,,,2
PA.NUS.PPP,BIH,Bosnia and Herzegovina,2011,0.718162988200595,,,2
PA.NUS.PPP,BIH,Bosnia and Herzegovina,2012,0.705942329321625,,,2
PA.NUS.PPP,BIH,Bosnia and Herzegovina,2013,0.686156146583249,,,2
PA.NUS.PPP,BIH,Bosnia and Herzegovina,2014,0.687206492917369,,,2
PA.NUS.PPP,BIH,Bosnia and Herzegovina,2015,0.694093424639459,,,2
PA.NUS.PPP,BIH,Bosnia and Herzegovina,2016,0.675563228101234,,,2
PA.NUS.PPP,BIH,Bosnia and Herzegovina,2017,0.680666262909282,,,2
PA.NUS.PPP,BIH,Bosnia and Herzegovina,2018,0.674436029099518,,,2
PA.NUS.PPP,BIH,Bosnia and Herzegovina,2019,0.651074505490861,,,2
PA.NUS.PPP,BIH,Bosnia and Herzegovina,2020,0.642981102710874,,,2
PA.NUS.PPP,BIH,Bosnia and Herzegovina,2021,0.65969527895829,,,2
PA.NUS.PPP,BIH,Bosnia and Herzegovina,2022,0.657431308926182,,,2
PA.NUS.PPP,BIH,Bosnia and Herzegovina,2023,0.670472360097951,,,2
PA.NUS.PPP,BIH,Bosnia and Herzegovina,2024,0.675493641070968,,,2
PA.NUS.PPP,BIH,Bosnia and Herzegovina,2025,0.697646964731518,,,2
PA.NUS.PPP,BLR,Belarus,1990,8.14013304763143e-09,,,2
PA.NUS.PPP,BLR,Belarus,1991,1.65647549709695e-08,,,2
PA.NUS.PPP,BLR,Belarus,1992,1.83136982425429e-07,,,2
PA.NUS.PPP,BLR,Belarus,1993,2.07290029828935e-06,,,2
PA.NUS.PPP,BLR,Belarus,1994,4.15197988428672e-05,,,2
PA.NUS.PPP,BLR,Belarus,1995,0.000309681895828648,,,2
PA.NUS.PPP,BLR,Belarus,1996,0.000467467219218807,,,2
PA.NUS.PPP,BLR,Belarus,1997,0.000788802997022105,,,2
PA.NUS.PPP,BLR,Belarus,1998,0.0013773918203793,,,2
PA.NUS.PPP,BLR,Belarus,1999,0.00566077318620184,,,2
PA.NUS.PPP,BLR,Belarus,2000,0.0157919445435883,,,2
PA.NUS.PPP,BLR,Belarus,2001,0.027727659208261,,,2
PA.NUS.PPP,BLR,Belarus,2002,0.0395608683108802,,,2
PA.NUS.PPP,BLR,Belarus,2003,0.0506992845551671,,,2
PA.NUS.PPP,BLR,Belarus,2004,0.0605667172668363,,,2
PA.NUS.PPP,BLR,Belarus,2005,0.0698668876297485,,,2
PA.NUS.PPP,BLR,Belarus,2006,0.0750618267138262,,,2
PA.NUS.PPP,BLR,Belarus,2007,0.0824894594788474,,,2
PA.NUS.PPP,BLR,Belarus,2008,0.0980983208969226,,,2
PA.NUS.PPP,BLR,Belarus,2009,0.106523893943319,,,2
PA.NUS.PPP,BLR,Belarus,2010,0.11717996114729,,,2
PA.NUS.PPP,BLR,Belarus,2011,0.196053221821785,,,2
PA.NUS.PPP,BLR,Belarus,2012,0.320005868272162,,,2
PA.NUS.PPP,BLR,Belarus,2013,0.373530841732445,,,2
PA.NUS.PPP,BLR,Belarus,2014,0.447961900499018,,,2
PA.NUS.PPP,BLR,Belarus,2015,0.524063800819057,,,2
PA.NUS.PPP,BLR,Belarus,2016,0.562285911430173,,,2
PA.NUS.PPP,BLR,Belarus,2017,0.607136130332947,,,2
PA.NUS.PPP,BLR,Belarus,2018,0.647122502326965,,,2
PA.NUS.PPP,BLR,Belarus,2019,0.641350507736206,,,2
PA.NUS.PPP,BLR,Belarus,2020,0.641749382019043,,,2
PA.NUS.PPP,BLR,Belarus,2021,0.688632726669312,,,2
PA.NUS.PPP,BLR,Belarus,2022,0.73860169311713,,,2
PA.NUS.PPP,BLR,Belarus,2023,0.769559852957259,,,2
PA.NUS.PPP,BLR,Belarus,2024,0.842282411048369,,,2
PA.NUS.PPP,BLR,Belarus,2025,0.90876978092131,,,2
PA.NUS.PPP,BLZ,Belize,1990,1.33709267283852,,,2
PA.NUS.PPP,BLZ,Belize,1991,1.26273377796822,,,2
PA.NUS.PPP,BLZ,Belize,1992,1.27693015302548,,,2
PA.NUS.PPP,BLZ,Belize,1993,1.27069145363037,,,2
PA.NUS.PPP,BLZ,Belize,1994,1.27676940457103,,,2
PA.NUS.PPP,BLZ,Belize,1995,1.3166661517313,,,2
PA.NUS.PPP,BLZ,Belize,1996,1.32845944560046,,,2
PA.NUS.PPP,BLZ,Belize,1997,1.28614910174783,,,2
PA.NUS.PPP,BLZ,Belize,1998,1.30291622331322,,,2
PA.NUS.PPP,BLZ,Belize,1999,1.26340375207348,,,2
PA.NUS.PPP,BLZ,Belize,2000,1.25309467676478,,,2
PA.NUS.PPP,BLZ,Belize,2001,1.20198791389608,,,2
PA.NUS.PPP,BLZ,Belize,2002,1.19182263827779,,,2
PA.NUS.PPP,BLZ,Belize,2003,1.12089002479695,,,2
PA.NUS.PPP,BLZ,Belize,2004,1.11492965455574,,,2
PA.NUS.PPP,BLZ,Belize,2005,1.11352954072794,,,2
PA.NUS.PPP,BLZ,Belize,2006,1.11502724564441,,,2
PA.NUS.PPP,BLZ,Belize,2007,1.12697393120217,,,2
PA.NUS.PPP,BLZ,Belize,2008,1.14521665525077,,,2
PA.NUS.PPP,BLZ,Belize,2009,1.11013101983537,,,2
PA.NUS.PPP,BLZ,Belize,2010,1.12053858408646,,,2
PA.NUS.PPP,BLZ,Belize,2011,1.15122830867767,,,2
PA.NUS.PPP,BLZ,Belize,2012,1.23238351604957,,,2
PA.NUS.PPP,BLZ,Belize,2013,1.25077793313604,,,2
PA.NUS.PPP,BLZ,Belize,2014,1.29150204825605,,,2
PA.NUS.PPP,BLZ,Belize,2015,1.29049548931782,,,2
PA.NUS.PPP,BLZ,Belize,2016,1.30670152863667,,,2
PA.NUS.PPP,BLZ,Belize,2017,1.3314516544342,,,2
PA.NUS.PPP,BLZ,Belize,2018,1.26605069637299,,,2
PA.NUS.PPP,BLZ,Belize,2019,1.17554986476898,,,2
PA.NUS.PPP,BLZ,Belize,2020,1.08695876598358,,,2
PA.NUS.PPP,BLZ,Belize,2021,1.04862034320831,,,2
PA.NUS.PPP,BLZ,Belize,2022,1.05032723104358,,,2
PA.NUS.PPP,BLZ,Belize,2023,1.08065577806943,,,2
PA.NUS.PPP,BLZ,Belize,2024,1.06926356021066,,,2
PA.NUS.PPP,BLZ,Belize,2025,1.05113051635175,,,2
PA.NUS.PPP,BMU,Bermuda,1990,0.873403381157046,,,2
PA.NUS.PPP,BMU,Bermuda,1991,0.89916047119197,,,2
PA.NUS.PPP,BMU,Bermuda,1992,0.90386403286114,,,2
PA.NUS.PPP,BMU,Bermuda,1993,0.92881561391096,,,2
PA.NUS.PPP,BMU,Bermuda,1994,0.927218433804717,,,2
PA.NUS.PPP,BMU,Bermuda,1995,0.946124631588282,,,2
PA.NUS.PPP,BMU,Bermuda,1996,1.20194645888581,,,2
PA.NUS.PPP,BMU,Bermuda,1997,1.22911615131731,,,2
PA.NUS.PPP,BMU,Bermuda,1998,1.24877840761967,,,2
PA.NUS.PPP,BMU,Bermuda,1999,1.26474971673651,,,2
PA.NUS.PPP,BMU,Bermuda,2000,1.18434273976868,,,2
PA.NUS.PPP,BMU,Bermuda,2001,1.14240338743676,,,2
PA.NUS.PPP,BMU,Bermuda,2002,1.22144545379194,,,2
PA.NUS.PPP,BMU,Bermuda,2003,1.23163181812905,,,2
PA.NUS.PPP,BMU,Bermuda,2004,1.25565604819627,,,2
PA.NUS.PPP,BMU,Bermuda,2005,1.29981316448538,,,2
PA.NUS.PPP,BMU,Bermuda,2006,1.32873082855037,,,2
PA.NUS.PPP,BMU,Bermuda,2007,1.37873985662965,,,2
PA.NUS.PPP,BMU,Bermuda,2008,1.421784825458,,,2
PA.NUS.PPP,BMU,Bermuda,2009,1.42781583982663,,,2
PA.NUS.PPP,BMU,Bermuda,2010,1.44221788989475,,,2
PA.NUS.PPP,BMU,Bermuda,2011,1.39679682254791,,,2
PA.NUS.PPP,BMU,Bermuda,2012,1.44923890256807,,,2
PA.NUS.PPP,BMU,Bermuda,2013,1.42204865225408,,,2
PA.NUS.PPP,BMU,Bermuda,2014,1.40246737743196,,,2
PA.NUS.PPP,BMU,Bermuda,2015,1.38070297151496,,,2
PA.NUS.PPP,BMU,Bermuda,2016,1.35237412323767,,,2
PA.NUS.PPP,BMU,Bermuda,2017,1.31113624572754,,,2
PA.NUS.PPP,BMU,Bermuda,2018,1.3166686296463,,,2
PA.NUS.PPP,BMU,Bermuda,2019,1.2727233171463,,,2
PA.NUS.PPP,BMU,Bermuda,2020,1.25638365745544,,,2
PA.NUS.PPP,BMU,Bermuda,2021,1.22146320343018,,,2
PA.NUS.PPP,BMU,Bermuda,2022,1.14355182819509,,,2
PA.NUS.PPP,BMU,Bermuda,2023,1.17047800140108,,,2
PA.NUS.PPP,BMU,Bermuda,2024,1.19812062185577,,,2
PA.NUS.PPP,BOL,Bolivia,1990,0.94828483131822,,,2
PA.NUS.PPP,BOL,Bolivia,1991,1.07952365678955,,,2
PA.NUS.PPP,BOL,Bolivia,1992,1.19478478533275,,,2
PA.NUS.PPP,BOL,Bolivia,1993,1.24365016460759,,,2
PA.NUS.PPP,BOL,Bolivia,1994,1.31448103121669,,,2
PA.NUS.PPP,BOL,Bolivia,1995,1.43461115483113,,,2
PA.NUS.PPP,BOL,Bolivia,1996,1.57196314987869,,,2
PA.NUS.PPP,BOL,Bolivia,1997,1.63347588766446,,,2
PA.NUS.PPP,BOL,Bolivia,1998,1.72922023156987,,,2
PA.NUS.PPP,BOL,Bolivia,1999,1.74621091967537,,,2
PA.NUS.PPP,BOL,Bolivia,2000,1.79624519319061,,,2
PA.NUS.PPP,BOL,Bolivia,2001,1.78954172947672,,,2
PA.NUS.PPP,BOL,Bolivia,2002,1.81186408863611,,,2
PA.NUS.PPP,BOL,Bolivia,2003,1.88925510498195,,,2
PA.NUS.PPP,BOL,Bolivia,2004,1.98637022806314,,,2
PA.NUS.PPP,BOL,Bolivia,2005,2.04040062881635,,,2
PA.NUS.PPP,BOL,Bolivia,2006,2.24981384646937,,,2
PA.NUS.PPP,BOL,Bolivia,2007,2.35197938211124,,,2
PA.NUS.PPP,BOL,Bolivia,2008,2.54706802991956,,,2
PA.NUS.PPP,BOL,Bolivia,2009,2.47019598239973,,,2
PA.NUS.PPP,BOL,Bolivia,2010,2.65475475436301,,,2
PA.NUS.PPP,BOL,Bolivia,2011,2.98091197013855,,,2
PA.NUS.PPP,BOL,Bolivia,2012,3.03348120528034,,,2
PA.NUS.PPP,BOL,Bolivia,2013,3.00953763550479,,,2
PA.NUS.PPP,BOL,Bolivia,2014,2.98222152129765,,,2
PA.NUS.PPP,BOL,Bolivia,2015,2.89461967008556,,,2
PA.NUS.PPP,BOL,Bolivia,2016,2.77929957475478,,,2
PA.NUS.PPP,BOL,Bolivia,2017,2.68458724021912,,,2
PA.NUS.PPP,BOL,Bolivia,2018,2.70201420783997,,,2
PA.NUS.PPP,BOL,Bolivia,2019,2.63906097412109,,,2
PA.NUS.PPP,BOL,Bolivia,2020,2.58266496658325,,,2
PA.NUS.PPP,BOL,Bolivia,2021,2.473956823349,,,2
PA.NUS.PPP,BOL,Bolivia,2022,2.36952460555989,,,2
PA.NUS.PPP,BOL,Bolivia,2023,2.28929736096853,,,2
PA.NUS.PPP,BOL,Bolivia,2024,2.3689096918025,,,2
PA.NUS.PPP,BOL,Bolivia,2025,2.76324583616839,,,2
PA.NUS.PPP,BRA,Brazil,1990,1.15782219426631e-05,,,2
PA.NUS.PPP,BRA,Brazil,1991,5.78652431027722e-05,,,2
PA.NUS.PPP,BRA,Brazil,1992,0.000604804339698918,,,2
PA.NUS.PPP,BRA,Brazil,1993,0.0123840650910885,,,2
PA.NUS.PPP,BRA,Brazil,1994,0.283749422448561,,,2
PA.NUS.PPP,BRA,Brazil,1995,0.539108158186117,,,2
PA.NUS.PPP,BRA,Brazil,1996,0.627126072194513,,,2
PA.NUS.PPP,BRA,Brazil,1997,0.664143975887206,,,2
PA.NUS.PPP,BRA,Brazil,1998,0.689104221302282,,,2
PA.NUS.PPP,BRA,Brazil,1999,0.733919243603518,,,2
PA.NUS.PPP,BRA,Brazil,2000,0.757895423908826,,,2
PA.NUS.PPP,BRA,Brazil,2001,0.802170641858437,,,2
PA.NUS.PPP,BRA,Brazil,2002,0.867290572565424,,,2
PA.NUS.PPP,BRA,Brazil,2003,0.970343048303451,,,2
PA.NUS.PPP,BRA,Brazil,2004,1.01818475110591,,,2
PA.NUS.PPP,BRA,Brazil,2005,1.06059390836953,,,2
PA.NUS.PPP,BRA,Brazil,2006,1.09856354064257,,,2
PA.NUS.PPP,BRA,Brazil,2007,1.13845673012808,,,2
PA.NUS.PPP,BRA,Brazil,2008,1.21498747297703,,,2
PA.NUS.PPP,BRA,Brazil,2009,1.29585280193131,,,2
PA.NUS.PPP,BRA,Brazil,2010,1.38813702346287,,,2
PA.NUS.PPP,BRA,Brazil,2011,1.4732164144516,,,2
PA.NUS.PPP,BRA,Brazil,2012,1.60913586532018,,,2
PA.NUS.PPP,BRA,Brazil,2013,1.70855542893458,,,2
PA.NUS.PPP,BRA,Brazil,2014,1.82485052496386,,,2
PA.NUS.PPP,BRA,Brazil,2015,2.00586931129873,,,2
PA.NUS.PPP,BRA,Brazil,2016,2.15597159643949,,,2
PA.NUS.PPP,BRA,Brazil,2017,2.2096791267395,,,2
PA.NUS.PPP,BRA,Brazil,2018,2.19759154319763,,,2
PA.NUS.PPP,BRA,Brazil,2019,2.21644520759583,,,2
PA.NUS.PPP,BRA,Brazil,2020,2.26491117477417,,,2
PA.NUS.PPP,BRA,Brazil,2021,2.37927412986755,,,2
PA.NUS.PPP,BRA,Brazil,2022,2.41165555900142,,,2
PA.NUS.PPP,BRA,Brazil,2023,2.44559278607045,,,2
PA.NUS.PPP,BRA,Brazil,2024,2.48371015372826,,,2
PA.NUS.PPP,BRA,Brazil,2025,2.55440835439356,,,2
PA.NUS.PPP,BRB,Barbados,1990,1.63577879862184,,,2
PA.NUS.PPP,BRB,Barbados,1991,1.65339692601282,,,2
PA.NUS.PPP,BRB,Barbados,1992,1.65086764756395,,,2
PA.NUS.PPP,BRB,Barbados,1993,1.69642546226098,,,2
PA.NUS.PPP,BRB,Barbados,1994,1.69766527986265,,,2
PA.NUS.PPP,BRB,Barbados,1995,1.67969805116567,,,2
PA.NUS.PPP,BRB,Barbados,1996,1.69137078597246,,,2
PA.NUS.PPP,BRB,Barbados,1997,1.67794365382588,,,2
PA.NUS.PPP,BRB,Barbados,1998,1.80370814484099,,,2
PA.NUS.PPP,BRB,Barbados,1999,1.85739025738052,,,2
PA.NUS.PPP,BRB,Barbados,2000,1.79222263356272,,,2
PA.NUS.PPP,BRB,Barbados,2001,1.79228747250973,,,2
PA.NUS.PPP,BRB,Barbados,2002,1.78088402236651,,,2
PA.NUS.PPP,BRB,Barbados,2003,1.76589213887868,,,2
PA.NUS.PPP,BRB,Barbados,2004,1.8198729152862,,,2
PA.NUS.PPP,BRB,Barbados,2005,1.88220146640531,,,2
PA.NUS.PPP,BRB,Barbados,2006,1.90068924201435,,,2
PA.NUS.PPP,BRB,Barbados,2007,2.00992743808385,,,2
PA.NUS.PPP,BRB,Barbados,2008,2.00756557021579,,,2
PA.NUS.PPP,BRB,Barbados,2009,1.9587518401057,,,2
PA.NUS.PPP,BRB,Barbados,2010,2.00923712144201,,,2
PA.NUS.PPP,BRB,Barbados,2011,2.01888704299927,,,2
PA.NUS.PPP,BRB,Barbados,2012,2.12232563534746,,,2
PA.NUS.PPP,BRB,Barbados,2013,2.1447779998279,,,2
PA.NUS.PPP,BRB,Barbados,2014,2.17185445575247,,,2
PA.NUS.PPP,BRB,Barbados,2015,2.12912761290443,,,2
PA.NUS.PPP,BRB,Barbados,2016,2.11681498966242,,,2
PA.NUS.PPP,BRB,Barbados,2017,2.20044374465942,,,2
PA.NUS.PPP,BRB,Barbados,2018,2.16222667694092,,,2
PA.NUS.PPP,BRB,Barbados,2019,2.1943838596344,,,2
PA.NUS.PPP,BRB,Barbados,2020,2.31882476806641,,,2
PA.NUS.PPP,BRB,Barbados,2021,2.38420343399048,,,2
PA.NUS.PPP,BRB,Barbados,2022,2.22239316630984,,,2
PA.NUS.PPP,BRB,Barbados,2023,2.20778988896636,,,2
PA.NUS.PPP,BRB,Barbados,2024,2.19214431755276,,,2
PA.NUS.PPP,BRB,Barbados,2025,2.19085217304192,,,2
PA.NUS.PPP,BRN,Brunei Darussalam,1990,0.610851171103445,,,2
PA.NUS.PPP,BRN,Brunei Darussalam,1991,0.569400423541882,,,2
PA.NUS.PPP,BRN,Brunei Darussalam,1992,0.545601880919939,,,2
PA.NUS.PPP,BRN,Brunei Darussalam,1993,0.521550960094792,,,2
PA.NUS.PPP,BRN,Brunei Darussalam,1994,0.498357639495867,,,2
PA.NUS.PPP,BRN,Brunei Darussalam,1995,0.532084027289739,,,2
PA.NUS.PPP,BRN,Brunei Darussalam,1996,0.517473594348674,,,2
PA.NUS.PPP,BRN,Brunei Darussalam,1997,0.512241123165646,,,2
PA.NUS.PPP,BRN,Brunei Darussalam,1998,0.435687224254646,,,2
PA.NUS.PPP,BRN,Brunei Darussalam,1999,0.474312064940664,,,2
PA.NUS.PPP,BRN,Brunei Darussalam,2000,0.474829327040094,,,2
PA.NUS.PPP,BRN,Brunei Darussalam,2001,0.44127956515254,,,2
PA.NUS.PPP,BRN,Brunei Darussalam,2002,0.43393875674222,,,2
PA.NUS.PPP,BRN,Brunei Darussalam,2003,0.45238858924303,,,2
PA.NUS.PPP,BRN,Brunei Darussalam,2004,0.513416282781626,,,2
PA.NUS.PPP,BRN,Brunei Darussalam,2005,0.599876338253036,,,2
PA.NUS.PPP,BRN,Brunei Darussalam,2006,0.639799772145151,,,2
PA.NUS.PPP,BRN,Brunei Darussalam,2007,0.652181179843816,,,2
PA.NUS.PPP,BRN,Brunei Darussalam,2008,0.742362440971147,,,2
PA.NUS.PPP,BRN,Brunei Darussalam,2009,0.577416893910284,,,2
PA.NUS.PPP,BRN,Brunei Darussalam,2010,0.598894488397046,,,2
PA.NUS.PPP,BRN,Brunei Darussalam,2011,0.70520681142807,,,2
PA.NUS.PPP,BRN,Brunei Darussalam,2012,0.672622863568453,,,2
PA.NUS.PPP,BRN,Brunei Darussalam,2013,0.661425097248016,,,2
PA.NUS.PPP,BRN,Brunei Darussalam,2014,0.639973852632925,,,2
PA.NUS.PPP,BRN,Brunei Darussalam,2015,0.671476413971766,,,2
PA.NUS.PPP,BRN,Brunei Darussalam,2016,0.649816136215978,,,2
PA.NUS.PPP,BRN,Brunei Darussalam,2017,0.627636611461639,,,2
PA.NUS.PPP,BRN,Brunei Darussalam,2018,0.641614973545074,,,2
PA.NUS.PPP,BRN,Brunei Darussalam,2019,0.598504781723022,,,2
PA.NUS.PPP,BRN,Brunei Darussalam,2020,0.530513346195221,,,2
PA.NUS.PPP,BRN,Brunei Darussalam,2021,0.532498598098755,,,2
PA.NUS.PPP,BRN,Brunei Darussalam,2022,0.617629885034512,,,2
PA.NUS.PPP,BRN,Brunei Darussalam,2023,0.519074549641412,,,2
PA.NUS.PPP,BRN,Brunei Darussalam,2024,0.492102974111551,,,2
PA.NUS.PPP,BRN,Brunei Darussalam,2025,0.456019597784343,,,2
PA.NUS.PPP,BTN,Bhutan,1990,5.66474521043314,,,2
PA.NUS.PPP,BTN,Bhutan,1991,5.96937325165765,,,2
PA.NUS.PPP,BTN,Bhutan,1992,6.35716712801327,,,2
PA.NUS.PPP,BTN,Bhutan,1993,6.73865344723762,,,2
PA.NUS.PPP,BTN,Bhutan,1994,7.41202638420718,,,2
PA.NUS.PPP,BTN,Bhutan,1995,7.86124126668544,,,2
PA.NUS.PPP,BTN,Bhutan,1996,8.34619571093917,,,2
PA.NUS.PPP,BTN,Bhutan,1997,9.26368137984263,,,2
PA.NUS.PPP,BTN,Bhutan,1998,10.1405829583026,,,2
PA.NUS.PPP,BTN,Bhutan,1999,10.6160555961131,,,2
PA.NUS.PPP,BTN,Bhutan,2000,11.143924859537,,,2
PA.NUS.PPP,BTN,Bhutan,2001,11.4802141494863,,,2
PA.NUS.PPP,BTN,Bhutan,2002,11.8884435724604,,,2
PA.NUS.PPP,BTN,Bhutan,2003,12.0808040967664,,,2
PA.NUS.PPP,BTN,Bhutan,2004,12.2757167525758,,,2
PA.NUS.PPP,BTN,Bhutan,2005,12.6737069645616,,,2
PA.NUS.PPP,BTN,Bhutan,2006,13.1029454490347,,,2
PA.NUS.PPP,BTN,Bhutan,2007,13.3554024696545,,,2
PA.NUS.PPP,BTN,Bhutan,2008,13.8375216109326,,,2
PA.NUS.PPP,BTN,Bhutan,2009,14.3611306416385,,,2
PA.NUS.PPP,BTN,Bhutan,2010,15.3701847843215,,,2
PA.NUS.PPP,BTN,Bhutan,2011,16.3968048095703,,,2
PA.NUS.PPP,BTN,Bhutan,2012,17.1400516003125,,,2
PA.NUS.PPP,BTN,Bhutan,2013,18.1194232386187,,,2
PA.NUS.PPP,BTN,Bhutan,2014,18.6523909843043,,,2
PA.NUS.PPP,BTN,Bhutan,2015,18.5540349498169,,,2
PA.NUS.PPP,BTN,Bhutan,2016,18.7895935012333,,,2
PA.NUS.PPP,BTN,Bhutan,2017,19.1576099395752,,,2
PA.NUS.PPP,BTN,Bhutan,2018,19.4274578094482,,,2
PA.NUS.PPP,BTN,Bhutan,2019,19.5122108459473,,,2
PA.NUS.PPP,BTN,Bhutan,2020,18.9579467773438,,,2
PA.NUS.PPP,BTN,Bhutan,2021,19.6103916168213,,,2
PA.NUS.PPP,BTN,Bhutan,2022,19.369153778128,,,2
PA.NUS.PPP,BTN,Bhutan,2023,19.5005312048098,,,2
PA.NUS.PPP,BTN,Bhutan,2024,19.9161085202988,,,2
PA.NUS.PPP,BTN,Bhutan,2025,19.9848946493305,,,2
PA.NUS.PPP,BWA,Botswana,1990,0.865828972401491,,,2
PA.NUS.PPP,BWA,Botswana,1991,0.88086973280117,,,2
PA.NUS.PPP,BWA,Botswana,1992,0.91842361181906,,,2
PA.NUS.PPP,BWA,Botswana,1993,1.01436906407738,,,2
PA.NUS.PPP,BWA,Botswana,1994,1.0871540746226,,,2
PA.NUS.PPP,BWA,Botswana,1995,1.14101952911537,,,2
PA.NUS.PPP,BWA,Botswana,1996,1.30104377743559,,,2
PA.NUS.PPP,BWA,Botswana,1997,1.34281758810683,,,2
PA.NUS.PPP,BWA,Botswana,1998,1.46024862154991,,,2
PA.NUS.PPP,BWA,Botswana,1999,1.64484193010645,,,2
PA.NUS.PPP,BWA,Botswana,2000,1.83633535593967,,,2
PA.NUS.PPP,BWA,Botswana,2001,1.94518711812353,,,2
PA.NUS.PPP,BWA,Botswana,2002,1.93816472378534,,,2
PA.NUS.PPP,BWA,Botswana,2003,1.96258357131938,,,2
PA.NUS.PPP,BWA,Botswana,2004,2.10381479868903,,,2
PA.NUS.PPP,BWA,Botswana,2005,2.35545658040182,,,2
PA.NUS.PPP,BWA,Botswana,2006,2.4557515678525,,,2
PA.NUS.PPP,BWA,Botswana,2007,2.53513044704966,,,2
PA.NUS.PPP,BWA,Botswana,2008,2.72032855141446,,,2
PA.NUS.PPP,BWA,Botswana,2009,3.1121460730955,,,2
PA.NUS.PPP,BWA,Botswana,2010,3.31109057548552,,,2
PA.NUS.PPP,BWA,Botswana,2011,3.65465807914734,,,2
PA.NUS.PPP,BWA,Botswana,2012,3.95658512784439,,,2
PA.NUS.PPP,BWA,Botswana,2013,4.11087054651643,,,2
PA.NUS.PPP,BWA,Botswana,2014,4.26111911097054,,,2
PA.NUS.PPP,BWA,Botswana,2015,4.39801690629992,,,2
PA.NUS.PPP,BWA,Botswana,2016,4.53364620382533,,,2
PA.NUS.PPP,BWA,Botswana,2017,4.68247842788696,,,2
PA.NUS.PPP,BWA,Botswana,2018,4.78663778305054,,,2
PA.NUS.PPP,BWA,Botswana,2019,4.83345651626587,,,2
PA.NUS.PPP,BWA,Botswana,2020,4.73711633682251,,,2
PA.NUS.PPP,BWA,Botswana,2021,4.81988048553467,,,2
PA.NUS.PPP,BWA,Botswana,2022,5.15760054333812,,,2
PA.NUS.PPP,BWA,Botswana,2023,5.06067038467414,,,2
PA.NUS.PPP,BWA,Botswana,2024,5.03362466866926,,,2
PA.NUS.PPP,BWA,Botswana,2025,5.07409138676734,,,2
PA.NUS.PPP,CAF,Central African Republic,1990,220.156772507555,,,2
PA.NUS.PPP,CAF,Central African Republic,1991,212.124903062226,,,2
PA.NUS.PPP,CAF,Central African Republic,1992,213.169761952369,,,2
PA.NUS.PPP,CAF,Central African Republic,1993,201.085227623362,,,2
PA.NUS.PPP,CAF,Central African Republic,1994,244.945232207643,,,2
PA.NUS.PPP,CAF,Central African Republic,1995,263.661687914854,,,2
PA.NUS.PPP,CAF,Central African Republic,1996,249.747740620028,,,2
PA.NUS.PPP,CAF,Central African Republic,1997,247.535495265465,,,2
PA.NUS.PPP,CAF,Central African Republic,1998,243.77066222061,,,2
PA.NUS.PPP,CAF,Central African Republic,1999,250.187600188594,,,2
PA.NUS.PPP,CAF,Central African Republic,2000,265.456943410817,,,2
PA.NUS.PPP,CAF,Central African Republic,2001,260.717086821796,,,2
PA.NUS.PPP,CAF,Central African Republic,2002,250.638280460309,,,2
PA.NUS.PPP,CAF,Central African Republic,2003,249.070423143313,,,2
PA.NUS.PPP,CAF,Central African Republic,2004,231.779476355897,,,2
PA.NUS.PPP,CAF,Central African Republic,2005,234.145876340015,,,2
PA.NUS.PPP,CAF,Central African Republic,2006,234.714204555633,,,2
PA.NUS.PPP,CAF,Central African Republic,2007,232.723708541198,,,2
PA.NUS.PPP,CAF,Central African Republic,2008,244.483247540606,,,2
PA.NUS.PPP,CAF,Central African Republic,2009,244.713712747197,,,2
PA.NUS.PPP,CAF,Central African Republic,2010,251.957359885892,,,2
PA.NUS.PPP,CAF,Central African Republic,2011,256.761352539063,,,2
PA.NUS.PPP,CAF,Central African Republic,2012,261.701440157196,,,2
PA.NUS.PPP,CAF,Central African Republic,2013,253.518099981081,,,2
PA.NUS.PPP,CAF,Central African Republic,2014,289.523862798561,,,2
PA.NUS.PPP,CAF,Central African Republic,2015,281.678445462478,,,2
PA.NUS.PPP,CAF,Central African Republic,2016,277.77130437401,,,2
PA.NUS.PPP,CAF,Central African Republic,2017,284.033508300781,,,2
PA.NUS.PPP,CAF,Central African Republic,2018,279.155090332031,,,2
PA.NUS.PPP,CAF,Central African Republic,2019,267.258697509766,,,2
PA.NUS.PPP,CAF,Central African Republic,2020,249.863265991211,,,2
PA.NUS.PPP,CAF,Central African Republic,2021,241.880676269531,,,2
PA.NUS.PPP,CAF,Central African Republic,2022,239.410836307084,,,2
PA.NUS.PPP,CAF,Central African Republic,2023,239.121299090532,,,2
PA.NUS.PPP,CAF,Central African Republic,2024,247.420911394064,,,2
PA.NUS.PPP,CAF,Central African Republic,2025,246.31590787299,,,2
PA.NUS.PPP,CAN,Canada,1990,1.241789,,,2
PA.NUS.PPP,CAN,Canada,1991,1.237884,,,2
PA.NUS.PPP,CAN,Canada,1992,1.228105,,,2
PA.NUS.PPP,CAN,Canada,1993,1.215133,,,2
PA.NUS.PPP,CAN,Canada,1994,1.207048,,,2
PA.NUS.PPP,CAN,Canada,1995,1.209018,,,2
PA.NUS.PPP,CAN,Canada,1996,1.207172,,,2
PA.NUS.PPP,CAN,Canada,1997,1.200327,,,2
PA.NUS.PPP,CAN,Canada,1998,1.184866,,,2
PA.NUS.PPP,CAN,Canada,1999,1.19081,,,2
PA.NUS.PPP,CAN,Canada,2000,1.228197,,,2
PA.NUS.PPP,CAN,Canada,2001,1.220053,,,2
PA.NUS.PPP,CAN,Canada,2002,1.229333,,,2
PA.NUS.PPP,CAN,Canada,2003,1.225777,,,2
PA.NUS.PPP,CAN,Canada,2004,1.232603,,,2
PA.NUS.PPP,CAN,Canada,2005,1.213644,,,2
PA.NUS.PPP,CAN,Canada,2006,1.205262,,,2
PA.NUS.PPP,CAN,Canada,2007,1.212177,,,2
PA.NUS.PPP,CAN,Canada,2008,1.23439,,,2
PA.NUS.PPP,CAN,Canada,2009,1.202269,,,2
PA.NUS.PPP,CAN,Canada,2010,1.221672,,,2
PA.NUS.PPP,CAN,Canada,2011,1.239904,,,2
PA.NUS.PPP,CAN,Canada,2012,1.244607,,,2
PA.NUS.PPP,CAN,Canada,2013,1.224,,,2
PA.NUS.PPP,CAN,Canada,2014,1.230358,,,2
PA.NUS.PPP,CAN,Canada,2015,1.248042,,,2
PA.NUS.PPP,CAN,Canada,2016,1.207045,,,2
PA.NUS.PPP,CAN,Canada,2017,1.212304,,,2
PA.NUS.PPP,CAN,Canada,2018,1.206524,,,2
PA.NUS.PPP,CAN,Canada,2019,1.21786,,,2
PA.NUS.PPP,CAN,Canada,2020,1.201689,,,2
PA.NUS.PPP,CAN,Canada,2021,1.163492,,,2
PA.NUS.PPP,CAN,Canada,2022,1.145083,,,2
PA.NUS.PPP,CAN,Canada,2023,1.139727,,,2
PA.NUS.PPP,CAN,Canada,2024,1.150472,,,2
PA.NUS.PPP,CAN,Canada,2025,1.166683,,,2
PA.NUS.PPP,CHE,Switzerland,1990,1.932927,,,2
PA.NUS.PPP,CHE,Switzerland,1991,1.970833,,,2
PA.NUS.PPP,CHE,Switzerland,1992,1.96786,,,2
PA.NUS.PPP,CHE,Switzerland,1993,1.966931,,,2
PA.NUS.PPP,CHE,Switzerland,1994,1.948616,,,2
PA.NUS.PPP,CHE,Switzerland,1995,1.922675,,,2
PA.NUS.PPP,CHE,Switzerland,1996,1.887199,,,2
PA.NUS.PPP,CHE,Switzerland,1997,1.844032,,,2
PA.NUS.PPP,CHE,Switzerland,1998,1.827602,,,2
PA.NUS.PPP,CHE,Switzerland,1999,1.802836,,,2
PA.NUS.PPP,CHE,Switzerland,2000,1.78866,,,2
PA.NUS.PPP,CHE,Switzerland,2001,1.768621,,,2
PA.NUS.PPP,CHE,Switzerland,2002,1.70976,,,2
PA.NUS.PPP,CHE,Switzerland,2003,1.715154,,,2
PA.NUS.PPP,CHE,Switzerland,2004,1.691758,,,2
PA.NUS.PPP,CHE,Switzerland,2005,1.686548,,,2
PA.NUS.PPP,CHE,Switzerland,2006,1.598858,,,2
PA.NUS.PPP,CHE,Switzerland,2007,1.531784,,,2
PA.NUS.PPP,CHE,Switzerland,2008,1.493049,,,2
PA.NUS.PPP,CHE,Switzerland,2009,1.470105,,,2
PA.NUS.PPP,CHE,Switzerland,2010,1.466316,,,2
PA.NUS.PPP,CHE,Switzerland,2011,1.397498,,,2
PA.NUS.PPP,CHE,Switzerland,2012,1.354072,,,2
PA.NUS.PPP,CHE,Switzerland,2013,1.312477,,,2
PA.NUS.PPP,CHE,Switzerland,2014,1.281761,,,2
PA.NUS.PPP,CHE,Switzerland,2015,1.235456,,,2
PA.NUS.PPP,CHE,Switzerland,2016,1.201964,,,2
PA.NUS.PPP,CHE,Switzerland,2017,1.187726,,,2
PA.NUS.PPP,CHE,Switzerland,2018,1.178866,,,2
PA.NUS.PPP,CHE,Switzerland,2019,1.133809,,,2
PA.NUS.PPP,CHE,Switzerland,2020,1.104751,,,2
PA.NUS.PPP,CHE,Switzerland,2021,1.056712,,,2
PA.NUS.PPP,CHE,Switzerland,2022,0.986913,,,2
PA.NUS.PPP,CHE,Switzerland,2023,0.999013,,,2
PA.NUS.PPP,CHE,Switzerland,2024,0.972889,,,2
PA.NUS.PPP,CHE,Switzerland,2025,0.930746,,,2
PA.NUS.PPP,CHL,Chile,1990,170.542989,,,2
PA.NUS.PPP,CHL,Chile,1991,199.967239,,,2
PA.NUS.PPP,CHL,Chile,1992,218.526017,,,2
PA.NUS.PPP,CHL,Chile,1993,236.178634,,,2
PA.NUS.PPP,CHL,Chile,1994,260.379019,,,2
PA.NUS.PPP,CHL,Chile,1995,278.809422,,,2
PA.NUS.PPP,CHL,Chile,1996,278.469518,,,2
PA.NUS.PPP,CHL,Chile,1997,282.866287,,,2
PA.NUS.PPP,CHL,Chile,1998,281.901592,,,2
PA.NUS.PPP,CHL,Chile,1999,284.049363,,,2
PA.NUS.PPP,CHL,Chile,2000,290.423477,,,2
PA.NUS.PPP,CHL,Chile,2001,296.176351,,,2
PA.NUS.PPP,CHL,Chile,2002,301.387054,,,2
PA.NUS.PPP,CHL,Chile,2003,308.261553,,,2
PA.NUS.PPP,CHL,Chile,2004,321.276779,,,2
PA.NUS.PPP,CHL,Chile,2005,333.69,,,2
PA.NUS.PPP,CHL,Chile,2006,318.574722,,,2
PA.NUS.PPP,CHL,Chile,2007,323.878962,,,2
PA.NUS.PPP,CHL,Chile,2008,340.400833,,,2
PA.NUS.PPP,CHL,Chile,2009,354.325885,,,2
PA.NUS.PPP,CHL,Chile,2010,359.83702,,,2
PA.NUS.PPP,CHL,Chile,2011,348.016847,,,2
PA.NUS.PPP,CHL,Chile,2012,347.228507,,,2
PA.NUS.PPP,CHL,Chile,2013,349.680536,,,2
PA.NUS.PPP,CHL,Chile,2014,367.213907,,,2
PA.NUS.PPP,CHL,Chile,2015,391.178861,,,2
PA.NUS.PPP,CHL,Chile,2016,397.250703,,,2
PA.NUS.PPP,CHL,Chile,2017,397.689401,,,2
PA.NUS.PPP,CHL,Chile,2018,396.229413,,,2
PA.NUS.PPP,CHL,Chile,2019,397.674408,,,2
PA.NUS.PPP,CHL,Chile,2020,409.841785,,,2
PA.NUS.PPP,CHL,Chile,2021,423.013786,,,2
PA.NUS.PPP,CHL,Chile,2022,434.952253,,,2
PA.NUS.PPP,CHL,Chile,2023,432.562121,,,2
PA.NUS.PPP,CHL,Chile,2024,435.778953,,,2
PA.NUS.PPP,CHL,Chile,2025,453.188563,,,2
PA.NUS.PPP,CHN,China,1990,1.68138031325695,,,2
PA.NUS.PPP,CHN,China,1991,1.73555725318461,,,2
PA.NUS.PPP,CHN,China,1992,1.83606687362384,,,2
PA.NUS.PPP,CHN,China,1993,2.06595316265907,,,2
PA.NUS.PPP,CHN,China,1994,2.44005654538894,,,2
PA.NUS.PPP,CHN,China,1995,2.71619403070758,,,2
PA.NUS.PPP,CHN,China,1996,2.84097018645773,,,2
PA.NUS.PPP,CHN,China,1997,2.83883076081784,,,2
PA.NUS.PPP,CHN,China,1998,2.78400826799875,,,2
PA.NUS.PPP,CHN,China,1999,2.71157273349344,,,2
PA.NUS.PPP,CHN,China,2000,2.7075074692589,,,2
PA.NUS.PPP,CHN,China,2001,2.70617279812984,,,2
PA.NUS.PPP,CHN,China,2002,2.68206917193165,,,2
PA.NUS.PPP,CHN,China,2003,2.69975552975113,,,2
PA.NUS.PPP,CHN,China,2004,2.81260365367291,,,2
PA.NUS.PPP,CHN,China,2005,2.8294478920532,,,2
PA.NUS.PPP,CHN,China,2006,2.85511340501385,,,2
PA.NUS.PPP,CHN,China,2007,2.99976477213936,,,2
PA.NUS.PPP,CHN,China,2008,3.17432717767417,,,2
PA.NUS.PPP,CHN,China,2009,3.15218463239564,,,2
PA.NUS.PPP,CHN,China,2010,3.33024995137699,,,2
PA.NUS.PPP,CHN,China,2011,3.5244677066803,,,2
PA.NUS.PPP,CHN,China,2012,3.54027676875805,,,2
PA.NUS.PPP,CHN,China,2013,3.62119296067598,,,2
PA.NUS.PPP,CHN,China,2014,3.69370698094559,,,2
PA.NUS.PPP,CHN,China,2015,3.78151493601969,,,2
PA.NUS.PPP,CHN,China,2016,3.87428963630967,,,2
PA.NUS.PPP,CHN,China,2017,4.04005241394043,,,2
PA.NUS.PPP,CHN,China,2018,4.0940899848938,,,2
PA.NUS.PPP,CHN,China,2019,4.05960941314697,,,2
PA.NUS.PPP,CHN,China,2020,4.01465654373169,,,2
PA.NUS.PPP,CHN,China,2021,3.98740887641907,,,2
PA.NUS.PPP,CHN,China,2022,3.79465455813661,,,2
PA.NUS.PPP,CHN,China,2023,3.64070923693376,,,2
PA.NUS.PPP,CHN,China,2024,3.52537888953537,,,2
PA.NUS.PPP,CHN,China,2025,3.39768588417447,,,2
PA.NUS.PPP,CIV,Cote d'Ivoire,1990,133.16279093829,,,2
PA.NUS.PPP,CIV,Cote d'Ivoire,1991,129.661407603539,,,2
PA.NUS.PPP,CIV,Cote d'Ivoire,1992,126.742229222607,,,2
PA.NUS.PPP,CIV,Cote d'Ivoire,1993,131.426946699943,,,2
PA.NUS.PPP,CIV,Cote d'Ivoire,1994,188.368696030215,,,2
PA.NUS.PPP,CIV,Cote d'Ivoire,1995,204.876124852821,,,2
PA.NUS.PPP,CIV,Cote d'Ivoire,1996,211.218364480379,,,2
PA.NUS.PPP,CIV,Cote d'Ivoire,1997,215.780220539088,,,2
PA.NUS.PPP,CIV,Cote d'Ivoire,1998,224.877757039606,,,2
PA.NUS.PPP,CIV,Cote d'Ivoire,1999,220.019413113521,,,2
PA.NUS.PPP,CIV,Cote d'Ivoire,2000,218.590461369312,,,2
PA.NUS.PPP,CIV,Cote d'Ivoire,2001,228.476099963493,,,2
PA.NUS.PPP,CIV,Cote d'Ivoire,2002,235.288813107143,,,2
PA.NUS.PPP,CIV,Cote d'Ivoire,2003,238.297129111551,,,2
PA.NUS.PPP,CIV,Cote d'Ivoire,2004,226.247701127679,,,2
PA.NUS.PPP,CIV,Cote d'Ivoire,2005,222.224137544355,,,2
PA.NUS.PPP,CIV,Cote d'Ivoire,2006,218.506961758529,,,2
PA.NUS.PPP,CIV,Cote d'Ivoire,2007,219.313877489216,,,2
PA.NUS.PPP,CIV,Cote d'Ivoire,2008,226.729055544724,,,2
PA.NUS.PPP,CIV,Cote d'Ivoire,2009,228.06080705609,,,2
PA.NUS.PPP,CIV,Cote d'Ivoire,2010,228.738872839426,,,2
PA.NUS.PPP,CIV,Cote d'Ivoire,2011,236.910583496094,,,2
PA.NUS.PPP,CIV,Cote d'Ivoire,2012,240.008982097851,,,2
PA.NUS.PPP,CIV,Cote d'Ivoire,2013,243.763112885742,,,2
PA.NUS.PPP,CIV,Cote d'Ivoire,2014,241.335175375635,,,2
PA.NUS.PPP,CIV,Cote d'Ivoire,2015,243.635291074975,,,2
PA.NUS.PPP,CIV,Cote d'Ivoire,2016,243.626233914782,,,2
PA.NUS.PPP,CIV,Cote d'Ivoire,2017,243.185577392578,,,2
PA.NUS.PPP,CIV,Cote d'Ivoire,2018,239.319000244141,,,2
PA.NUS.PPP,CIV,Cote d'Ivoire,2019,227.483108520508,,,2
PA.NUS.PPP,CIV,Cote d'Ivoire,2020,226.308700561523,,,2
PA.NUS.PPP,CIV,Cote d'Ivoire,2021,225.288803100586,,,2
PA.NUS.PPP,CIV,Cote d'Ivoire,2022,216.639012486547,,,2
PA.NUS.PPP,CIV,Cote d'Ivoire,2023,217.061473748726,,,2
PA.NUS.PPP,CIV,Cote d'Ivoire,2024,215.360126120377,,,2
PA.NUS.PPP,CIV,Cote d'Ivoire,2025,216.221332210196,,,2
PA.NUS.PPP,CMR,Cameroon,1990,164.477217341973,,,2
PA.NUS.PPP,CMR,Cameroon,1991,164.774572891231,,,2
PA.NUS.PPP,CMR,Cameroon,1992,159.044894403427,,,2
PA.NUS.PPP,CMR,Cameroon,1993,217.196861749045,,,2
PA.NUS.PPP,CMR,Cameroon,1994,233.111069052393,,,2
PA.NUS.PPP,CMR,Cameroon,1995,239.723563322862,,,2
PA.NUS.PPP,CMR,Cameroon,1996,236.380205169378,,,2
PA.NUS.PPP,CMR,Cameroon,1997,246.696088715043,,,2
PA.NUS.PPP,CMR,Cameroon,1998,246.554605578655,,,2
PA.NUS.PPP,CMR,Cameroon,1999,240.39198734521,,,2
PA.NUS.PPP,CMR,Cameroon,2000,238.667458231356,,,2
PA.NUS.PPP,CMR,Cameroon,2001,239.175523228313,,,2
PA.NUS.PPP,CMR,Cameroon,2002,242.049987161334,,,2
PA.NUS.PPP,CMR,Cameroon,2003,241.999190721877,,,2
PA.NUS.PPP,CMR,Cameroon,2004,235.990752095368,,,2
PA.NUS.PPP,CMR,Cameroon,2005,231.921682643054,,,2
PA.NUS.PPP,CMR,Cameroon,2006,230.157447626094,,,2
PA.NUS.PPP,CMR,Cameroon,2007,225.185978494021,,,2
PA.NUS.PPP,CMR,Cameroon,2008,231.844405997534,,,2
PA.NUS.PPP,CMR,Cameroon,2009,238.726535134827,,,2
PA.NUS.PPP,CMR,Cameroon,2010,237.483317194075,,,2
PA.NUS.PPP,CMR,Cameroon,2011,238.707077026367,,,2
PA.NUS.PPP,CMR,Cameroon,2012,241.808186611456,,,2
PA.NUS.PPP,CMR,Cameroon,2013,240.315622778342,,,2
PA.NUS.PPP,CMR,Cameroon,2014,237.978546205408,,,2
PA.NUS.PPP,CMR,Cameroon,2015,239.178321644092,,,2
PA.NUS.PPP,CMR,Cameroon,2016,235.558761961864,,,2
PA.NUS.PPP,CMR,Cameroon,2017,230.585388183594,,,2
PA.NUS.PPP,CMR,Cameroon,2018,223.165771484375,,,2
PA.NUS.PPP,CMR,Cameroon,2019,214.872512817383,,,2
PA.NUS.PPP,CMR,Cameroon,2020,205.106994628906,,,2
PA.NUS.PPP,CMR,Cameroon,2021,193.458953857422,,,2
PA.NUS.PPP,CMR,Cameroon,2022,192.950622210837,,,2
PA.NUS.PPP,CMR,Cameroon,2023,192.713580718878,,,2
PA.NUS.PPP,CMR,Cameroon,2024,198.248434490013,,,2
PA.NUS.PPP,CMR,Cameroon,2025,198.309241557697,,,2
PA.NUS.PPP,COD,"Congo, Dem. Rep.",1990,6.84282020800285e-10,,,2
PA.NUS.PPP,COD,"Congo, Dem. Rep.",1991,1.61400467509849e-08,,,2
PA.NUS.PPP,COD,"Congo, Dem. Rep.",1992,6.24164697994877e-07,,,2
PA.NUS.PPP,COD,"Congo, Dem. Rep.",1993,1.07165610065929e-05,,,2
PA.NUS.PPP,COD,"Congo, Dem. Rep.",1994,0.00281890683528381,,,2
PA.NUS.PPP,COD,"Congo, Dem. Rep.",1995,0.0156386029608339,,,2
PA.NUS.PPP,COD,"Congo, Dem. Rep.",1996,0.113366937630353,,,2
PA.NUS.PPP,COD,"Congo, Dem. Rep.",1997,0.326136171155569,,,2
PA.NUS.PPP,COD,"Congo, Dem. Rep.",1998,0.409381280847714,,,2
PA.NUS.PPP,COD,"Congo, Dem. Rep.",1999,2.18749220111905,,,2
PA.NUS.PPP,COD,"Congo, Dem. Rep.",2000,58.39838322539,,,2
PA.NUS.PPP,COD,"Congo, Dem. Rep.",2001,98.8385360899694,,,2
PA.NUS.PPP,COD,"Congo, Dem. Rep.",2002,128.197406385785,,,2
PA.NUS.PPP,COD,"Congo, Dem. Rep.",2003,142.580678547145,,,2
PA.NUS.PPP,COD,"Congo, Dem. Rep.",2004,147.685207524311,,,2
PA.NUS.PPP,COD,"Congo, Dem. Rep.",2005,195.996394927524,,,2
PA.NUS.PPP,COD,"Congo, Dem. Rep.",2006,219.486079160217,,,2
PA.NUS.PPP,COD,"Congo, Dem. Rep.",2007,257.720193237953,,,2
PA.NUS.PPP,COD,"Congo, Dem. Rep.",2008,315.015752984152,,,2
PA.NUS.PPP,COD,"Congo, Dem. Rep.",2009,369.194114001546,,,2
PA.NUS.PPP,COD,"Congo, Dem. Rep.",2010,487.825744923104,,,2
PA.NUS.PPP,COD,"Congo, Dem. Rep.",2011,532.063415527344,,,2
PA.NUS.PPP,COD,"Congo, Dem. Rep.",2012,582.024507188232,,,2
PA.NUS.PPP,COD,"Congo, Dem. Rep.",2013,556.551543305972,,,2
PA.NUS.PPP,COD,"Congo, Dem. Rep.",2014,526.671156137783,,,2
PA.NUS.PPP,COD,"Congo, Dem. Rep.",2015,504.318397710934,,,2
PA.NUS.PPP,COD,"Congo, Dem. Rep.",2016,488.937875394933,,,2
PA.NUS.PPP,COD,"Congo, Dem. Rep.",2017,637.266418457031,,,2
PA.NUS.PPP,COD,"Congo, Dem. Rep.",2018,801.573486328125,,,2
PA.NUS.PPP,COD,"Congo, Dem. Rep.",2019,786.309387207031,,,2
PA.NUS.PPP,COD,"Congo, Dem. Rep.",2020,827.004272460938,,,2
PA.NUS.PPP,COD,"Congo, Dem. Rep.",2021,845.45068359375,,,2
PA.NUS.PPP,COD,"Congo, Dem. Rep.",2022,868.155795457513,,,2
PA.NUS.PPP,COD,"Congo, Dem. Rep.",2023,931.662587387676,,,2
PA.NUS.PPP,COD,"Congo, Dem. Rep.",2024,1072.67152838377,,,2
PA.NUS.PPP,COD,"Congo, Dem. Rep.",2025,1124.85430376458,,,2
PA.NUS.PPP,COG,"Congo, Rep.",1990,101.71225316357,,,2
PA.NUS.PPP,COG,"Congo, Rep.",1991,96.9283319348805,,,2
PA.NUS.PPP,COG,"Congo, Rep.",1992,93.2815163392372,,,2
PA.NUS.PPP,COG,"Congo, Rep.",1993,90.0912079864706,,,2
PA.NUS.PPP,COG,"Congo, Rep.",1994,120.626654172276,,,2
PA.NUS.PPP,COG,"Congo, Rep.",1995,122.161700024508,,,2
PA.NUS.PPP,COG,"Congo, Rep.",1996,141.549502169431,,,2
PA.NUS.PPP,COG,"Congo, Rep.",1997,146.058057047115,,,2
PA.NUS.PPP,COG,"Congo, Rep.",1998,118.115764470213,,,2
PA.NUS.PPP,COG,"Congo, Rep.",1999,150.65710513641,,,2
PA.NUS.PPP,COG,"Congo, Rep.",2000,216.619478576365,,,2
PA.NUS.PPP,COG,"Congo, Rep.",2001,182.34883490765,,,2
PA.NUS.PPP,COG,"Congo, Rep.",2002,176.436113000544,,,2
PA.NUS.PPP,COG,"Congo, Rep.",2003,165.664135131711,,,2
PA.NUS.PPP,COG,"Congo, Rep.",2004,188.440374365154,,,2
PA.NUS.PPP,COG,"Congo, Rep.",2005,221.682994462119,,,2
PA.NUS.PPP,COG,"Congo, Rep.",2006,239.524639367214,,,2
PA.NUS.PPP,COG,"Congo, Rep.",2007,248.924862667342,,,2
PA.NUS.PPP,COG,"Congo, Rep.",2008,283.952023772,,,2
PA.NUS.PPP,COG,"Congo, Rep.",2009,222.480697966431,,,2
PA.NUS.PPP,COG,"Congo, Rep.",2010,284.472213289165,,,2
PA.NUS.PPP,COG,"Congo, Rep.",2011,309.251190185547,,,2
PA.NUS.PPP,COG,"Congo, Rep.",2012,314.549869469477,,,2
PA.NUS.PPP,COG,"Congo, Rep.",2013,313.026339563483,,,2
PA.NUS.PPP,COG,"Congo, Rep.",2014,310.148249007748,,,2
PA.NUS.PPP,COG,"Congo, Rep.",2015,305.860507611743,,,2
PA.NUS.PPP,COG,"Congo, Rep.",2016,308.857562222479,,,2
PA.NUS.PPP,COG,"Congo, Rep.",2017,288.932281494141,,,2
PA.NUS.PPP,COG,"Congo, Rep.",2018,267.577697753906,,,2
PA.NUS.PPP,COG,"Congo, Rep.",2019,254.912139892578,,,2
PA.NUS.PPP,COG,"Congo, Rep.",2020,240.513336181641,,,2
PA.NUS.PPP,COG,"Congo, Rep.",2021,222.775375366211,,,2
PA.NUS.PPP,COG,"Congo, Rep.",2022,245.962099614342,,,2
PA.NUS.PPP,COG,"Congo, Rep.",2023,219.236211132934,,,2
PA.NUS.PPP,COG,"Congo, Rep.",2024,214.901854344569,,,2
PA.NUS.PPP,COG,"Congo, Rep.",2025,201.890946598546,,,2
PA.NUS.PPP,COL,Colombia,1990,174.354299548646,,,2
PA.NUS.PPP,COL,Colombia,1991,214.196312569631,,,2
PA.NUS.PPP,COL,Colombia,1992,256.888475194215,,,2
PA.NUS.PPP,COL,Colombia,1993,313.277922448146,,,2
PA.NUS.PPP,COL,Colombia,1994,374.504581289573,,,2
PA.NUS.PPP,COL,Colombia,1995,435.961524759226,,,2
PA.NUS.PPP,COL,Colombia,1996,500.341098642684,,,2
PA.NUS.PPP,COL,Colombia,1997,574.687614965737,,,2
PA.NUS.PPP,COL,Colombia,1998,652.255996420018,,,2
PA.NUS.PPP,COL,Colombia,1999,724.339766494795,,,2
PA.NUS.PPP,COL,Colombia,2000,787.293628319141,,,2
PA.NUS.PPP,COL,Colombia,2001,820.145815684687,,,2
PA.NUS.PPP,COL,Colombia,2002,855.794677408643,,,2
PA.NUS.PPP,COL,Colombia,2003,896.536569602033,,,2
PA.NUS.PPP,COL,Colombia,2004,936.644438007486,,,2
PA.NUS.PPP,COL,Colombia,2005,951.336268585121,,,2
PA.NUS.PPP,COL,Colombia,2006,976.473795213379,,,2
PA.NUS.PPP,COL,Colombia,2007,1000.17301984435,,,2
PA.NUS.PPP,COL,Colombia,2008,1056.60247011251,,,2
PA.NUS.PPP,COL,Colombia,2009,1092.80496647837,,,2
PA.NUS.PPP,COL,Colombia,2010,1120.7641710374,,,2
PA.NUS.PPP,COL,Colombia,2011,1168.24304199219,,,2
PA.NUS.PPP,COL,Colombia,2012,1205.59526002976,,,2
PA.NUS.PPP,COL,Colombia,2013,1210.71288646609,,,2
PA.NUS.PPP,COL,Colombia,2014,1226.73296705297,,,2
PA.NUS.PPP,COL,Colombia,2015,1285.02792440792,,,2
PA.NUS.PPP,COL,Colombia,2016,1298.142605,,,2
PA.NUS.PPP,COL,Colombia,2017,1328.016627,,,2
PA.NUS.PPP,COL,Colombia,2018,1322.160543,,,2
PA.NUS.PPP,COL,Colombia,2019,1312.630441,,,2
PA.NUS.PPP,COL,Colombia,2020,1270.743624,,,2
PA.NUS.PPP,COL,Colombia,2021,1340.326407,,,2
PA.NUS.PPP,COL,Colombia,2022,1363.444291,,,2
PA.NUS.PPP,COL,Colombia,2023,1425.433859,,,2
PA.NUS.PPP,COL,Colombia,2024,1443.718515,,,2
PA.NUS.PPP,COL,Colombia,2025,1532.719303,,,2
PA.NUS.PPP,COM,Comoros,1990,159.014581936623,,,2
PA.NUS.PPP,COM,Comoros,1991,169.437985226623,,,2
PA.NUS.PPP,COM,Comoros,1992,157.779700027077,,,2
PA.NUS.PPP,COM,Comoros,1993,157.544028148929,,,2
PA.NUS.PPP,COM,Comoros,1994,173.86055404645,,,2
PA.NUS.PPP,COM,Comoros,1995,180.830622196646,,,2
PA.NUS.PPP,COM,Comoros,1996,182.792606431123,,,2
PA.NUS.PPP,COM,Comoros,1997,181.521059274801,,,2
PA.NUS.PPP,COM,Comoros,1998,181.947990886251,,,2
PA.NUS.PPP,COM,Comoros,1999,186.325482648563,,,2
PA.NUS.PPP,COM,Comoros,2000,193.798550076665,,,2
PA.NUS.PPP,COM,Comoros,2001,203.558086061816,,,2
PA.NUS.PPP,COM,Comoros,2002,208.105077256846,,,2
PA.NUS.PPP,COM,Comoros,2003,214.141390847911,,,2
PA.NUS.PPP,COM,Comoros,2004,209.443144836392,,,2
PA.NUS.PPP,COM,Comoros,2005,202.248733627001,,,2
PA.NUS.PPP,COM,Comoros,2006,207.872233348779,,,2
PA.NUS.PPP,COM,Comoros,2007,212.579451892592,,,2
PA.NUS.PPP,COM,Comoros,2008,215.118850160418,,,2
PA.NUS.PPP,COM,Comoros,2009,215.908329490171,,,2
PA.NUS.PPP,COM,Comoros,2010,216.889467422878,,,2
PA.NUS.PPP,COM,Comoros,2011,218.977584838867,,,2
PA.NUS.PPP,COM,Comoros,2012,213.038716896775,,,2
PA.NUS.PPP,COM,Comoros,2013,209.675469170528,,,2
PA.NUS.PPP,COM,Comoros,2014,203.678765355994,,,2
PA.NUS.PPP,COM,Comoros,2015,199.850769960143,,,2
PA.NUS.PPP,COM,Comoros,2016,193.337098291326,,,2
PA.NUS.PPP,COM,Comoros,2017,185.247711181641,,,2
PA.NUS.PPP,COM,Comoros,2018,194.22834777832,,,2
PA.NUS.PPP,COM,Comoros,2019,201.542678833008,,,2
PA.NUS.PPP,COM,Comoros,2020,201.675567626953,,,2
PA.NUS.PPP,COM,Comoros,2021,191.480773925781,,,2
PA.NUS.PPP,COM,Comoros,2022,193.032390816478,,,2
PA.NUS.PPP,COM,Comoros,2023,201.286540985159,,,2
PA.NUS.PPP,COM,Comoros,2024,208.61077096406,,,2
PA.NUS.PPP,COM,Comoros,2025,211.662236779844,,,2
PA.NUS.PPP,CPV,Cabo Verde,1990,56.1968403166056,,,2
PA.NUS.PPP,CPV,Cabo Verde,1991,56.963625928052,,,2
PA.NUS.PPP,CPV,Cabo Verde,1992,53.4021346723021,,,2
PA.NUS.PPP,CPV,Cabo Verde,1993,77.9115144879999,,,2
PA.NUS.PPP,CPV,Cabo Verde,1994,54.0291772692208,,,2
PA.NUS.PPP,CPV,Cabo Verde,1995,52.101004543359,,,2
PA.NUS.PPP,CPV,Cabo Verde,1996,54.1148999431365,,,2
PA.NUS.PPP,CPV,Cabo Verde,1997,52.7531816463015,,,2
PA.NUS.PPP,CPV,Cabo Verde,1998,51.9916199799917,,,2
PA.NUS.PPP,CPV,Cabo Verde,1999,55.1685733455198,,,2
PA.NUS.PPP,CPV,Cabo Verde,2000,53.298718344467,,,2
PA.NUS.PPP,CPV,Cabo Verde,2001,54.8122440466518,,,2
PA.NUS.PPP,CPV,Cabo Verde,2002,53.7774622265964,,,2
PA.NUS.PPP,CPV,Cabo Verde,2003,55.331487091711,,,2
PA.NUS.PPP,CPV,Cabo Verde,2004,50.4704013627644,,,2
PA.NUS.PPP,CPV,Cabo Verde,2005,48.0576896040634,,,2
PA.NUS.PPP,CPV,Cabo Verde,2006,48.7830661941872,,,2
PA.NUS.PPP,CPV,Cabo Verde,2007,48.1447714118377,,,2
PA.NUS.PPP,CPV,Cabo Verde,2008,48.9883991430321,,,2
PA.NUS.PPP,CPV,Cabo Verde,2009,49.6397376078105,,,2
PA.NUS.PPP,CPV,Cabo Verde,2010,49.3646654943724,,,2
PA.NUS.PPP,CPV,Cabo Verde,2011,49.6954612731934,,,2
PA.NUS.PPP,CPV,Cabo Verde,2012,51.0533171999662,,,2
PA.NUS.PPP,CPV,Cabo Verde,2013,51.6779810862798,,,2
PA.NUS.PPP,CPV,Cabo Verde,2014,51.5741783033941,,,2
PA.NUS.PPP,CPV,Cabo Verde,2015,50.1083685967126,,,2
PA.NUS.PPP,CPV,Cabo Verde,2016,48.9434198790022,,,2
PA.NUS.PPP,CPV,Cabo Verde,2017,47.9817543029785,,,2
PA.NUS.PPP,CPV,Cabo Verde,2018,50.6804847717285,,,2
PA.NUS.PPP,CPV,Cabo Verde,2019,49.9072380065918,,,2
PA.NUS.PPP,CPV,Cabo Verde,2020,49.9931755065918,,,2
PA.NUS.PPP,CPV,Cabo Verde,2021,48.1704940795898,,,2
PA.NUS.PPP,CPV,Cabo Verde,2022,47.8245198587809,,,2
PA.NUS.PPP,CPV,Cabo Verde,2023,47.6210423510559,,,2
PA.NUS.PPP,CPV,Cabo Verde,2024,47.1140706960402,,,2
PA.NUS.PPP,CPV,Cabo Verde,2025,46.629436004152,,,2
PA.NUS.PPP,CRI,Costa Rica,1990,33.2962896518244,,,2
PA.NUS.PPP,CRI,Costa Rica,1991,53.0691592310866,,,2
PA.NUS.PPP,CRI,Costa Rica,1992,62.1233942748277,,,2
PA.NUS.PPP,CRI,Costa Rica,1993,67.0177859783668,,,2
PA.NUS.PPP,CRI,Costa Rica,1994,75.8991946012488,,,2
PA.NUS.PPP,CRI,Costa Rica,1995,90.1276362354277,,,2
PA.NUS.PPP,CRI,Costa Rica,1996,101.849808756124,,,2
PA.NUS.PPP,CRI,Costa Rica,1997,114.821216520882,,,2
PA.NUS.PPP,CRI,Costa Rica,1998,127.179609964612,,,2
PA.NUS.PPP,CRI,Costa Rica,1999,139.326102280198,,,2
PA.NUS.PPP,CRI,Costa Rica,2000,149.128231471695,,,2
PA.NUS.PPP,CRI,Costa Rica,2001,160.021703551585,,,2
PA.NUS.PPP,CRI,Costa Rica,2002,172.994520162571,,,2
PA.NUS.PPP,CRI,Costa Rica,2003,187.709409414457,,,2
PA.NUS.PPP,CRI,Costa Rica,2004,207.197548825548,,,2
PA.NUS.PPP,CRI,Costa Rica,2005,227.04203967787,,,2
PA.NUS.PPP,CRI,Costa Rica,2006,248.84782406017,,,2
PA.NUS.PPP,CRI,Costa Rica,2007,267.764192250442,,,2
PA.NUS.PPP,CRI,Costa Rica,2008,292.71326471615,,,2
PA.NUS.PPP,CRI,Costa Rica,2009,319.141940844374,,,2
PA.NUS.PPP,CRI,Costa Rica,2010,336.211433377635,,,2
PA.NUS.PPP,CRI,Costa Rica,2011,344.546020507813,,,2
PA.NUS.PPP,CRI,Costa Rica,2012,352.113803045082,,,2
PA.NUS.PPP,CRI,Costa Rica,2013,354.455999978722,,,2
PA.NUS.PPP,CRI,Costa Rica,2014,358.296647355548,,,2
PA.NUS.PPP,CRI,Costa Rica,2015,357.331417946744,,,2
PA.NUS.PPP,CRI,Costa Rica,2016,343.013617,,,2
PA.NUS.PPP,CRI,Costa Rica,2017,340.991882,,,2
PA.NUS.PPP,CRI,Costa Rica,2018,337.901936,,,2
PA.NUS.PPP,CRI,Costa Rica,2019,324.21736,,,2
PA.NUS.PPP,CRI,Costa Rica,2020,328.024138,,,2
PA.NUS.PPP,CRI,Costa Rica,2021,334.118676,,,2
PA.NUS.PPP,CRI,Costa Rica,2022,336.220387,,,2
PA.NUS.PPP,CRI,Costa Rica,2023,318.841763,,,2
PA.NUS.PPP,CRI,Costa Rica,2024,307.792355,,,2
PA.NUS.PPP,CRI,Costa Rica,2025,297.351768,,,2
PA.NUS.PPP,CUB,Cuba,2011,0.321938711455632,,,2
PA.NUS.PPP,CUW,Curacao,2000,1.29531765855456,,,2
PA.NUS.PPP,CUW,Curacao,2001,1.28946898296077,,,2
PA.NUS.PPP,CUW,Curacao,2002,1.27494327144052,,,2
PA.NUS.PPP,CUW,Curacao,2003,1.27051341737432,,,2
PA.NUS.PPP,CUW,Curacao,2004,1.25431682516795,,,2
PA.NUS.PPP,CUW,Curacao,2005,1.26604748100156,,,2
PA.NUS.PPP,CUW,Curacao,2006,1.26661445735037,,,2
PA.NUS.PPP,CUW,Curacao,2007,1.27019985286406,,,2
PA.NUS.PPP,CUW,Curacao,2008,1.33217650497932,,,2
PA.NUS.PPP,CUW,Curacao,2009,1.3478424223278,,,2
PA.NUS.PPP,CUW,Curacao,2010,1.36867906633526,,,2
PA.NUS.PPP,CUW,Curacao,2011,1.32462167739868,,,2
PA.NUS.PPP,CUW,Curacao,2012,1.41239514780732,,,2
PA.NUS.PPP,CUW,Curacao,2013,1.42218204432352,,,2
PA.NUS.PPP,CUW,Curacao,2014,1.44264700268815,,,2
PA.NUS.PPP,CUW,Curacao,2015,1.44180680115009,,,2
PA.NUS.PPP,CUW,Curacao,2016,1.43384853460778,,,2
PA.NUS.PPP,CUW,Curacao,2017,1.3937920331955,,,2
PA.NUS.PPP,CUW,Curacao,2018,1.38988649845123,,,2
PA.NUS.PPP,CUW,Curacao,2019,1.35468888282776,,,2
PA.NUS.PPP,CUW,Curacao,2020,1.34318399429321,,,2
PA.NUS.PPP,CUW,Curacao,2021,1.27898454666138,,,2
PA.NUS.PPP,CUW,Curacao,2022,1.25373988912354,,,2
PA.NUS.PPP,CUW,Curacao,2023,1.23806318994228,,,2
PA.NUS.PPP,CUW,Curacao,2024,1.24831756717631,,,2
PA.NUS.PPP,CYM,Cayman Islands,2006,0.965154729116643,,,2
PA.NUS.PPP,CYM,Cayman Islands,2007,0.968571370077069,,,2
PA.NUS.PPP,CYM,Cayman Islands,2008,0.979223982576638,,,2
PA.NUS.PPP,CYM,Cayman Islands,2009,0.979161648367449,,,2
PA.NUS.PPP,CYM,Cayman Islands,2010,0.965408125219036,,,2
PA.NUS.PPP,CYM,Cayman Islands,2011,0.941537916660309,,,2
PA.NUS.PPP,CYM,Cayman Islands,2012,0.966905039582432,,,2
PA.NUS.PPP,CYM,Cayman Islands,2013,0.983444532595933,,,2
PA.NUS.PPP,CYM,Cayman Islands,2014,0.99439360585177,,,2
PA.NUS.PPP,CYM,Cayman Islands,2015,0.994372223398472,,,2
PA.NUS.PPP,CYM,Cayman Islands,2016,0.987132743486325,,,2
PA.NUS.PPP,CYM,Cayman Islands,2017,0.980794370174408,,,2
PA.NUS.PPP,CYM,Cayman Islands,2018,0.973204851150513,,,2
PA.NUS.PPP,CYM,Cayman Islands,2019,1.01165902614594,,,2
PA.NUS.PPP,CYM,Cayman Islands,2020,1.03776144981384,,,2
PA.NUS.PPP,CYM,Cayman Islands,2021,0.971421658992767,,,2
PA.NUS.PPP,CYM,Cayman Islands,2022,0.942267065860845,,,2
PA.NUS.PPP,CYM,Cayman Islands,2023,0.943347350241178,,,2
PA.NUS.PPP,CYM,Cayman Islands,2024,0.94261799236714,,,2
PA.NUS.PPP,CYP,Cyprus,1990,0.564130062655229,,,2
PA.NUS.PPP,CYP,Cyprus,1991,0.566892246722828,,,2
PA.NUS.PPP,CYP,Cyprus,1992,0.587746491803503,,,2
PA.NUS.PPP,CYP,Cyprus,1993,0.601714155671265,,,2
PA.NUS.PPP,CYP,Cyprus,1994,0.620188151460113,,,2
PA.NUS.PPP,CYP,Cyprus,1995,0.690052172114698,,,2
PA.NUS.PPP,CYP,Cyprus,1996,0.696649843250175,,,2
PA.NUS.PPP,CYP,Cyprus,1997,0.70204391672134,,,2
PA.NUS.PPP,CYP,Cyprus,1998,0.711199164196462,,,2
PA.NUS.PPP,CYP,Cyprus,1999,0.72075051429198,,,2
PA.NUS.PPP,CYP,Cyprus,2000,0.716853586240031,,,2
PA.NUS.PPP,CYP,Cyprus,2001,0.711704676989568,,,2
PA.NUS.PPP,CYP,Cyprus,2002,0.710504987722444,,,2
PA.NUS.PPP,CYP,Cyprus,2003,0.736584168240343,,,2
PA.NUS.PPP,CYP,Cyprus,2004,0.733714101438258,,,2
PA.NUS.PPP,CYP,Cyprus,2005,0.722891336628442,,,2
PA.NUS.PPP,CYP,Cyprus,2006,0.70998907368103,,,2
PA.NUS.PPP,CYP,Cyprus,2007,0.694102519024728,,,2
PA.NUS.PPP,CYP,Cyprus,2008,0.693813620623383,,,2
PA.NUS.PPP,CYP,Cyprus,2009,0.681747519747932,,,2
PA.NUS.PPP,CYP,Cyprus,2010,0.700335215840558,,,2
PA.NUS.PPP,CYP,Cyprus,2011,0.698624580297421,,,2
PA.NUS.PPP,CYP,Cyprus,2012,0.706853594264073,,,2
PA.NUS.PPP,CYP,Cyprus,2013,0.687316812097362,,,2
PA.NUS.PPP,CYP,Cyprus,2014,0.679712129164818,,,2
PA.NUS.PPP,CYP,Cyprus,2015,0.663141303524495,,,2
PA.NUS.PPP,CYP,Cyprus,2016,0.622324985448911,,,2
PA.NUS.PPP,CYP,Cyprus,2017,0.615186013732083,,,2
PA.NUS.PPP,CYP,Cyprus,2018,0.612439734649843,,,2
PA.NUS.PPP,CYP,Cyprus,2019,0.588099667675781,,,2
PA.NUS.PPP,CYP,Cyprus,2020,0.578548839742278,,,2
PA.NUS.PPP,CYP,Cyprus,2021,0.584657651965893,,,2
PA.NUS.PPP,CYP,Cyprus,2022,0.564764471384137,,,2
PA.NUS.PPP,CYP,Cyprus,2023,0.565698600025777,,,2
PA.NUS.PPP,CYP,Cyprus,2024,0.567094524089419,,,2
PA.NUS.PPP,CYP,Cyprus,2025,0.572620273384741,,,2
PA.NUS.PPP,CZE,Czechia,1990,5.546441,,,2
PA.NUS.PPP,CZE,Czechia,1991,7.30673,,,2
PA.NUS.PPP,CZE,Czechia,1992,8.026724,,,2
PA.NUS.PPP,CZE,Czechia,1993,9.488143,,,2
PA.NUS.PPP,CZE,Czechia,1994,10.436331,,,2
PA.NUS.PPP,CZE,Czechia,1995,11.152963,,,2
PA.NUS.PPP,CZE,Czechia,1996,12.071769,,,2
PA.NUS.PPP,CZE,Czechia,1997,12.902515,,,2
PA.NUS.PPP,CZE,Czechia,1998,13.986306,,,2
PA.NUS.PPP,CZE,Czechia,1999,14.22935,,,2
PA.NUS.PPP,CZE,Czechia,2000,14.327536,,,2
PA.NUS.PPP,CZE,Czechia,2001,14.32359,,,2
PA.NUS.PPP,CZE,Czechia,2002,14.458321,,,2
PA.NUS.PPP,CZE,Czechia,2003,14.177038,,,2
PA.NUS.PPP,CZE,Czechia,2004,14.427652,,,2
PA.NUS.PPP,CZE,Czechia,2005,14.562493,,,2
PA.NUS.PPP,CZE,Czechia,2006,14.41772,,,2
PA.NUS.PPP,CZE,Czechia,2007,14.256061,,,2
PA.NUS.PPP,CZE,Czechia,2008,13.916713,,,2
PA.NUS.PPP,CZE,Czechia,2009,13.631732,,,2
PA.NUS.PPP,CZE,Czechia,2010,13.675892,,,2
PA.NUS.PPP,CZE,Czechia,2011,13.345305,,,2
PA.NUS.PPP,CZE,Czechia,2012,13.297699,,,2
PA.NUS.PPP,CZE,Czechia,2013,12.785271,,,2
PA.NUS.PPP,CZE,Czechia,2014,12.70321,,,2
PA.NUS.PPP,CZE,Czechia,2015,12.93798,,,2
PA.NUS.PPP,CZE,Czechia,2016,12.576343,,,2
PA.NUS.PPP,CZE,Czechia,2017,12.424986,,,2
PA.NUS.PPP,CZE,Czechia,2018,12.371528,,,2
PA.NUS.PPP,CZE,Czechia,2019,12.097428,,,2
PA.NUS.PPP,CZE,Czechia,2020,12.150267,,,2
PA.NUS.PPP,CZE,Czechia,2021,12.56189,,,2
PA.NUS.PPP,CZE,Czechia,2022,12.476407,,,2
PA.NUS.PPP,CZE,Czechia,2023,12.576104,,,2
PA.NUS.PPP,CZE,Czechia,2024,12.823227,,,2
PA.NUS.PPP,CZE,Czechia,2025,12.993503,,,2
PA.NUS.PPP,DEU,Germany,1990,0.949917,,,2
PA.NUS.PPP,DEU,Germany,1991,0.947191,,,2
PA.NUS.PPP,DEU,Germany,1992,0.97527,,,2
PA.NUS.PPP,DEU,Germany,1993,0.988747,,,2
PA.NUS.PPP,DEU,Germany,1994,0.986893,,,2
PA.NUS.PPP,DEU,Germany,1995,0.98437,,,2
PA.NUS.PPP,DEU,Germany,1996,0.974116,,,2
PA.NUS.PPP,DEU,Germany,1997,0.972834,,,2
PA.NUS.PPP,DEU,Germany,1998,0.96865,,,2
PA.NUS.PPP,DEU,Germany,1999,0.954119,,,2
PA.NUS.PPP,DEU,Germany,2000,0.94289,,,2
PA.NUS.PPP,DEU,Germany,2001,0.929791,,,2
PA.NUS.PPP,DEU,Germany,2002,0.913257,,,2
PA.NUS.PPP,DEU,Germany,2003,0.896001,,,2
PA.NUS.PPP,DEU,Germany,2004,0.875155,,,2
PA.NUS.PPP,DEU,Germany,2005,0.872721,,,2
PA.NUS.PPP,DEU,Germany,2006,0.847761,,,2
PA.NUS.PPP,DEU,Germany,2007,0.837143,,,2
PA.NUS.PPP,DEU,Germany,2008,0.820401,,,2
PA.NUS.PPP,DEU,Germany,2009,0.810708,,,2
PA.NUS.PPP,DEU,Germany,2010,0.805269,,,2
PA.NUS.PPP,DEU,Germany,2011,0.788739,,,2
PA.NUS.PPP,DEU,Germany,2012,0.787246,,,2
PA.NUS.PPP,DEU,Germany,2013,0.774784,,,2
PA.NUS.PPP,DEU,Germany,2014,0.768937,,,2
PA.NUS.PPP,DEU,Germany,2015,0.778122,,,2
PA.NUS.PPP,DEU,Germany,2016,0.752608,,,2
PA.NUS.PPP,DEU,Germany,2017,0.744783,,,2
PA.NUS.PPP,DEU,Germany,2018,0.735448,,,2
PA.NUS.PPP,DEU,Germany,2019,0.717745,,,2
PA.NUS.PPP,DEU,Germany,2020,0.706836,,,2
PA.NUS.PPP,DEU,Germany,2021,0.706697,,,2
PA.NUS.PPP,DEU,Germany,2022,0.688423,,,2
PA.NUS.PPP,DEU,Germany,2023,0.701054,,,2
PA.NUS.PPP,DEU,Germany,2024,0.700862,,,2
PA.NUS.PPP,DEU,Germany,2025,0.709983,,,2
PA.NUS.PPP,DJI,Djibouti,2011,93.5718231201172,,,2
PA.NUS.PPP,DJI,Djibouti,2012,97.2389704439934,,,2
PA.NUS.PPP,DJI,Djibouti,2013,98.0625647854076,,,2
PA.NUS.PPP,DJI,Djibouti,2014,98.9317078461664,,,2
PA.NUS.PPP,DJI,Djibouti,2015,99.0363704788697,,,2
PA.NUS.PPP,DJI,Djibouti,2016,100.676858452801,,,2
PA.NUS.PPP,DJI,Djibouti,2017,99.5235977172852,,,2
PA.NUS.PPP,DJI,Djibouti,2018,95.0324554443359,,,2
PA.NUS.PPP,DJI,Djibouti,2019,93.4095001220703,,,2
PA.NUS.PPP,DJI,Djibouti,2020,91.4775085449219,,,2
PA.NUS.PPP,DJI,Djibouti,2021,90.2278900146484,,,2
PA.NUS.PPP,DJI,Djibouti,2022,84.1120953065497,,,2
PA.NUS.PPP,DJI,Djibouti,2023,83.0952297717628,,,2
PA.NUS.PPP,DJI,Djibouti,2024,80.7241255864859,,,2
PA.NUS.PPP,DJI,Djibouti,2025,82.1238304290602,,,2
PA.NUS.PPP,DMA,Dominica,1990,1.85680569081551,,,2
PA.NUS.PPP,DMA,Dominica,1991,1.93347818126269,,,2
PA.NUS.PPP,DMA,Dominica,1992,1.97332835111698,,,2
PA.NUS.PPP,DMA,Dominica,1993,1.97929204277493,,,2
PA.NUS.PPP,DMA,Dominica,1994,2.08596126558105,,,2
PA.NUS.PPP,DMA,Dominica,1995,2.05914000556624,,,2
PA.NUS.PPP,DMA,Dominica,1996,2.08814104640225,,,2
PA.NUS.PPP,DMA,Dominica,1997,2.08240199936937,,,2
PA.NUS.PPP,DMA,Dominica,1998,2.11156612218434,,,2
PA.NUS.PPP,DMA,Dominica,1999,2.13491259345668,,,2
PA.NUS.PPP,DMA,Dominica,2000,2.05040712873114,,,2
PA.NUS.PPP,DMA,Dominica,2001,2.04705144369214,,,2
PA.NUS.PPP,DMA,Dominica,2002,2.06747409978753,,,2
PA.NUS.PPP,DMA,Dominica,2003,1.9066017209054,,,2
PA.NUS.PPP,DMA,Dominica,2004,1.89534734917837,,,2
PA.NUS.PPP,DMA,Dominica,2005,1.7969333307548,,,2
PA.NUS.PPP,DMA,Dominica,2006,1.77726294517783,,,2
PA.NUS.PPP,DMA,Dominica,2007,1.75279454911504,,,2
PA.NUS.PPP,DMA,Dominica,2008,1.73284234625834,,,2
PA.NUS.PPP,DMA,Dominica,2009,1.87125633378672,,,2
PA.NUS.PPP,DMA,Dominica,2010,1.8659644063363,,,2
PA.NUS.PPP,DMA,Dominica,2011,1.87042951583862,,,2
PA.NUS.PPP,DMA,Dominica,2012,1.86128993196714,,,2
PA.NUS.PPP,DMA,Dominica,2013,1.87129929470071,,,2
PA.NUS.PPP,DMA,Dominica,2014,1.81703136092294,,,2
PA.NUS.PPP,DMA,Dominica,2015,1.84929405183459,,,2
PA.NUS.PPP,DMA,Dominica,2016,1.83599159643013,,,2
PA.NUS.PPP,DMA,Dominica,2017,1.7490713596344,,,2
PA.NUS.PPP,DMA,Dominica,2018,1.65106189250946,,,2
PA.NUS.PPP,DMA,Dominica,2019,1.59957265853882,,,2
PA.NUS.PPP,DMA,Dominica,2020,1.48380184173584,,,2
PA.NUS.PPP,DMA,Dominica,2021,1.43059825897217,,,2
PA.NUS.PPP,DMA,Dominica,2022,1.33910035210054,,,2
PA.NUS.PPP,DMA,Dominica,2023,1.31829730267515,,,2
PA.NUS.PPP,DMA,Dominica,2024,1.31702390769821,,,2
PA.NUS.PPP,DMA,Dominica,2025,1.30631128267932,,,2
PA.NUS.PPP,DNK,Denmark,1990,9.129245,,,2
PA.NUS.PPP,DNK,Denmark,1991,9.05875,,,2
PA.NUS.PPP,DNK,Denmark,1992,9.003617,,,2
PA.NUS.PPP,DNK,Denmark,1993,8.845925,,,2
PA.NUS.PPP,DNK,Denmark,1994,8.796778,,,2
PA.NUS.PPP,DNK,Denmark,1995,8.726335,,,2
PA.NUS.PPP,DNK,Denmark,1996,8.707294,,,2
PA.NUS.PPP,DNK,Denmark,1997,8.699084,,,2
PA.NUS.PPP,DNK,Denmark,1998,8.661173,,,2
PA.NUS.PPP,DNK,Denmark,1999,8.752578,,,2
PA.NUS.PPP,DNK,Denmark,2000,8.668343,,,2
PA.NUS.PPP,DNK,Denmark,2001,8.692759,,,2
PA.NUS.PPP,DNK,Denmark,2002,8.561606,,,2
PA.NUS.PPP,DNK,Denmark,2003,8.64848,,,2
PA.NUS.PPP,DNK,Denmark,2004,8.46072,,,2
PA.NUS.PPP,DNK,Denmark,2005,8.569438,,,2
PA.NUS.PPP,DNK,Denmark,2006,8.28893,,,2
PA.NUS.PPP,DNK,Denmark,2007,8.160889,,,2
PA.NUS.PPP,DNK,Denmark,2008,7.944128,,,2
PA.NUS.PPP,DNK,Denmark,2009,7.727334,,,2
PA.NUS.PPP,DNK,Denmark,2010,7.592996,,,2
PA.NUS.PPP,DNK,Denmark,2011,7.466492,,,2
PA.NUS.PPP,DNK,Denmark,2012,7.564136,,,2
PA.NUS.PPP,DNK,Denmark,2013,7.354846,,,2
PA.NUS.PPP,DNK,Denmark,2014,7.328674,,,2
PA.NUS.PPP,DNK,Denmark,2015,7.305357,,,2
PA.NUS.PPP,DNK,Denmark,2016,7.079856,,,2
PA.NUS.PPP,DNK,Denmark,2017,6.871679,,,2
PA.NUS.PPP,DNK,Denmark,2018,6.765997,,,2
PA.NUS.PPP,DNK,Denmark,2019,6.538391,,,2
PA.NUS.PPP,DNK,Denmark,2020,6.365057,,,2
PA.NUS.PPP,DNK,Denmark,2021,6.288268,,,2
PA.NUS.PPP,DNK,Denmark,2022,6.105718,,,2
PA.NUS.PPP,DNK,Denmark,2023,6.054859,,,2
PA.NUS.PPP,DNK,Denmark,2024,6.050211,,,2
PA.NUS.PPP,DNK,Denmark,2025,6.124666,,,2
PA.NUS.PPP,DOM,Dominican Republic,1990,2.97056482161485,,,2
PA.NUS.PPP,DOM,Dominican Republic,1991,4.5470957899521,,,2
PA.NUS.PPP,DOM,Dominican Republic,1992,4.69263946571099,,,2
PA.NUS.PPP,DOM,Dominican Republic,1993,4.81234124698947,,,2
PA.NUS.PPP,DOM,Dominican Republic,1994,5.18964444247863,,,2
PA.NUS.PPP,DOM,Dominican Republic,1995,5.57293805480871,,,2
PA.NUS.PPP,DOM,Dominican Republic,1996,5.6744708570373,,,2
PA.NUS.PPP,DOM,Dominican Republic,1997,6.10469705453896,,,2
PA.NUS.PPP,DOM,Dominican Republic,1998,6.4300495987086,,,2
PA.NUS.PPP,DOM,Dominican Republic,1999,6.58240291209944,,,2
PA.NUS.PPP,DOM,Dominican Republic,2000,6.901198091426,,,2
PA.NUS.PPP,DOM,Dominican Republic,2001,7.15624134296996,,,2
PA.NUS.PPP,DOM,Dominican Republic,2002,7.53503679419181,,,2
PA.NUS.PPP,DOM,Dominican Republic,2003,9.86204068260978,,,2
PA.NUS.PPP,DOM,Dominican Republic,2004,13.9393651415419,,,2
PA.NUS.PPP,DOM,Dominican Republic,2005,14.2964961460628,,,2
PA.NUS.PPP,DOM,Dominican Republic,2006,14.7902927180441,,,2
PA.NUS.PPP,DOM,Dominican Republic,2007,15.4994873925642,,,2
PA.NUS.PPP,DOM,Dominican Republic,2008,16.7663253528122,,,2
PA.NUS.PPP,DOM,Dominican Republic,2009,17.2345209333456,,,2
PA.NUS.PPP,DOM,Dominican Republic,2010,17.9384455771322,,,2
PA.NUS.PPP,DOM,Dominican Republic,2011,18.9759788513184,,,2
PA.NUS.PPP,DOM,Dominican Republic,2012,20.0792028925987,,,2
PA.NUS.PPP,DOM,Dominican Republic,2013,20.6603647216369,,,2
PA.NUS.PPP,DOM,Dominican Republic,2014,21.0117121817115,,,2
PA.NUS.PPP,DOM,Dominican Republic,2015,20.6937523694375,,,2
PA.NUS.PPP,DOM,Dominican Republic,2016,20.2578266034366,,,2
PA.NUS.PPP,DOM,Dominican Republic,2017,20.916202545166,,,2
PA.NUS.PPP,DOM,Dominican Republic,2018,21.6887969970703,,,2
PA.NUS.PPP,DOM,Dominican Republic,2019,21.2349720001221,,,2
PA.NUS.PPP,DOM,Dominican Republic,2020,21.22900390625,,,2
PA.NUS.PPP,DOM,Dominican Republic,2021,22.1248188018799,,,2
PA.NUS.PPP,DOM,Dominican Republic,2022,22.6285555055915,,,2
PA.NUS.PPP,DOM,Dominican Republic,2023,23.083954310056,,,2
PA.NUS.PPP,DOM,Dominican Republic,2024,23.4869920360294,,,2
PA.NUS.PPP,DOM,Dominican Republic,2025,23.8682512750234,,,2
PA.NUS.PPP,DZA,Algeria,1990,3.12681665634229,,,2
PA.NUS.PPP,DZA,Algeria,1991,4.6513865732226,,,2
PA.NUS.PPP,DZA,Algeria,1992,5.54489484253776,,,2
PA.NUS.PPP,DZA,Algeria,1993,6.15447384084536,,,2
PA.NUS.PPP,DZA,Algeria,1994,7.77797484291376,,,2
PA.NUS.PPP,DZA,Algeria,1995,9.79531244502773,,,2
PA.NUS.PPP,DZA,Algeria,1996,11.9299241801165,,,2
PA.NUS.PPP,DZA,Algeria,1997,12.5488545959568,,,2
PA.NUS.PPP,DZA,Algeria,1998,12.0208407320577,,,2
PA.NUS.PPP,DZA,Algeria,1999,13.1399208560912,,,2
PA.NUS.PPP,DZA,Algeria,2000,15.7627365672012,,,2
PA.NUS.PPP,DZA,Algeria,2001,15.3426466349049,,,2
PA.NUS.PPP,DZA,Algeria,2002,15.3152804319651,,,2
PA.NUS.PPP,DZA,Algeria,2003,16.3618099806415,,,2
PA.NUS.PPP,DZA,Algeria,2004,17.7571596026845,,,2
PA.NUS.PPP,DZA,Algeria,2005,19.3456532938304,,,2
PA.NUS.PPP,DZA,Algeria,2006,20.7902076617105,,,2
PA.NUS.PPP,DZA,Algeria,2007,21.6780653055546,,,2
PA.NUS.PPP,DZA,Algeria,2008,24.4836017445776,,,2
PA.NUS.PPP,DZA,Algeria,2009,22.5392250138469,,,2
PA.NUS.PPP,DZA,Algeria,2010,25.7329052252255,,,2
PA.NUS.PPP,DZA,Algeria,2011,29.475887298584,,,2
PA.NUS.PPP,DZA,Algeria,2012,32.3948569326334,,,2
PA.NUS.PPP,DZA,Algeria,2013,33.0246550356372,,,2
PA.NUS.PPP,DZA,Algeria,2014,33.4217802011761,,,2
PA.NUS.PPP,DZA,Algeria,2015,34.1662413875974,,,2
PA.NUS.PPP,DZA,Algeria,2016,36.0388086573497,,,2
PA.NUS.PPP,DZA,Algeria,2017,37.458251953125,,,2
PA.NUS.PPP,DZA,Algeria,2018,38.8773498535156,,,2
PA.NUS.PPP,DZA,Algeria,2019,38.3893852233887,,,2
PA.NUS.PPP,DZA,Algeria,2020,37.4388656616211,,,2
PA.NUS.PPP,DZA,Algeria,2021,38.7630996704102,,,2
PA.NUS.PPP,DZA,Algeria,2022,44.4838083963006,,,2
PA.NUS.PPP,DZA,Algeria,2023,43.326166802351,,,2
PA.NUS.PPP,DZA,Algeria,2024,43.703532115018,,,2
PA.NUS.PPP,DZA,Algeria,2025,42.8460510517715,,,2
PA.NUS.PPP,ECU,Ecuador,1990,0.300494875902852,,,2
PA.NUS.PPP,ECU,Ecuador,1991,0.310689981470041,,,2
PA.NUS.PPP,ECU,Ecuador,1992,0.31683937633078,,,2
PA.NUS.PPP,ECU,Ecuador,1993,0.31767951022978,,,2
PA.NUS.PPP,ECU,Ecuador,1994,0.357721081603256,,,2
PA.NUS.PPP,ECU,Ecuador,1995,0.368673324809589,,,2
PA.NUS.PPP,ECU,Ecuador,1996,0.367440163426433,,,2
PA.NUS.PPP,ECU,Ecuador,1997,0.386518349333816,,,2
PA.NUS.PPP,ECU,Ecuador,1998,0.36776442231113,,,2
PA.NUS.PPP,ECU,Ecuador,1999,0.267260408758327,,,2
PA.NUS.PPP,ECU,Ecuador,2000,0.241180552163667,,,2
PA.NUS.PPP,ECU,Ecuador,2001,0.29860658390303,,,2
PA.NUS.PPP,ECU,Ecuador,2002,0.327812034085673,,,2
PA.NUS.PPP,ECU,Ecuador,2003,0.357621399032299,,,2
PA.NUS.PPP,ECU,Ecuador,2004,0.37051222526465,,,2
PA.NUS.PPP,ECU,Ecuador,2005,0.390082400796789,,,2
PA.NUS.PPP,ECU,Ecuador,2006,0.411397442598804,,,2
PA.NUS.PPP,ECU,Ecuador,2007,0.428837853000729,,,2
PA.NUS.PPP,ECU,Ecuador,2008,0.484237289199021,,,2
PA.NUS.PPP,ECU,Ecuador,2009,0.467941972910594,,,2
PA.NUS.PPP,ECU,Ecuador,2010,0.503995944305429,,,2
PA.NUS.PPP,ECU,Ecuador,2011,0.527572333812714,,,2
PA.NUS.PPP,ECU,Ecuador,2012,0.549960871952422,,,2
PA.NUS.PPP,ECU,Ecuador,2013,0.540855147379124,,,2
PA.NUS.PPP,ECU,Ecuador,2014,0.541231103859059,,,2
PA.NUS.PPP,ECU,Ecuador,2015,0.549392960000155,,,2
PA.NUS.PPP,ECU,Ecuador,2016,0.543826095333172,,,2
PA.NUS.PPP,ECU,Ecuador,2017,0.528539717197418,,,2
PA.NUS.PPP,ECU,Ecuador,2018,0.517270743846893,,,2
PA.NUS.PPP,ECU,Ecuador,2019,0.494702249765396,,,2
PA.NUS.PPP,ECU,Ecuador,2020,0.473994910717011,,,2
PA.NUS.PPP,ECU,Ecuador,2021,0.448739469051361,,,2
PA.NUS.PPP,ECU,Ecuador,2022,0.428779242654727,,,2
PA.NUS.PPP,ECU,Ecuador,2023,0.422329283911314,,,2
PA.NUS.PPP,ECU,Ecuador,2024,0.430740974308494,,,2
PA.NUS.PPP,ECU,Ecuador,2025,0.425220703426529,,,2
PA.NUS.PPP,EGY,"Egypt, Arab Rep.",1990,0.460036472457643,,,2
PA.NUS.PPP,EGY,"Egypt, Arab Rep.",1991,0.516743317149525,,,2
PA.NUS.PPP,EGY,"Egypt, Arab Rep.",1992,0.597943488717907,,,2
PA.NUS.PPP,EGY,"Egypt, Arab Rep.",1993,0.633332732497365,,,2
PA.NUS.PPP,EGY,"Egypt, Arab Rep.",1994,0.672483347815794,,,2
PA.NUS.PPP,EGY,"Egypt, Arab Rep.",1995,0.7337600486674,,,2
PA.NUS.PPP,EGY,"Egypt, Arab Rep.",1996,0.771783729831489,,,2
PA.NUS.PPP,EGY,"Egypt, Arab Rep.",1997,0.833631687497435,,,2
PA.NUS.PPP,EGY,"Egypt, Arab Rep.",1998,0.843967730683599,,,2
PA.NUS.PPP,EGY,"Egypt, Arab Rep.",1999,0.839842868263719,,,2
PA.NUS.PPP,EGY,"Egypt, Arab Rep.",2000,0.853633230356826,,,2
PA.NUS.PPP,EGY,"Egypt, Arab Rep.",2001,0.850427545494167,,,2
PA.NUS.PPP,EGY,"Egypt, Arab Rep.",2002,0.863923181803219,,,2
PA.NUS.PPP,EGY,"Egypt, Arab Rep.",2003,0.904615562126923,,,2
PA.NUS.PPP,EGY,"Egypt, Arab Rep.",2004,0.983730007399745,,,2
PA.NUS.PPP,EGY,"Egypt, Arab Rep.",2005,1.0130817732074,,,2
PA.NUS.PPP,EGY,"Egypt, Arab Rep.",2006,1.05510660113741,,,2
PA.NUS.PPP,EGY,"Egypt, Arab Rep.",2007,1.156667958715,,,2
PA.NUS.PPP,EGY,"Egypt, Arab Rep.",2008,1.27329484145645,,,2
PA.NUS.PPP,EGY,"Egypt, Arab Rep.",2009,1.40704141399742,,,2
PA.NUS.PPP,EGY,"Egypt, Arab Rep.",2010,1.53064743066604,,,2
PA.NUS.PPP,EGY,"Egypt, Arab Rep.",2011,1.67461729049683,,,2
PA.NUS.PPP,EGY,"Egypt, Arab Rep.",2012,1.73812182135184,,,2
PA.NUS.PPP,EGY,"Egypt, Arab Rep.",2013,1.85652273086132,,,2
PA.NUS.PPP,EGY,"Egypt, Arab Rep.",2014,2.12936870268238,,,2
PA.NUS.PPP,EGY,"Egypt, Arab Rep.",2015,2.25048568402486,,,2
PA.NUS.PPP,EGY,"Egypt, Arab Rep.",2016,2.49919886929529,,,2
PA.NUS.PPP,EGY,"Egypt, Arab Rep.",2017,3.16914701461792,,,2
PA.NUS.PPP,EGY,"Egypt, Arab Rep.",2018,3.58117437362671,,,2
PA.NUS.PPP,EGY,"Egypt, Arab Rep.",2019,3.89337968826294,,,2
PA.NUS.PPP,EGY,"Egypt, Arab Rep.",2020,3.69509267807007,,,2
PA.NUS.PPP,EGY,"Egypt, Arab Rep.",2021,3.8546199798584,,,2
PA.NUS.PPP,EGY,"Egypt, Arab Rep.",2022,3.97385404919073,,,2
PA.NUS.PPP,EGY,"Egypt, Arab Rep.",2023,4.78237501847469,,,2
PA.NUS.PPP,EGY,"Egypt, Arab Rep.",2024,6.23876003840203,,,2
PA.NUS.PPP,EGY,"Egypt, Arab Rep.",2025,7.58370974796763,,,2
PA.NUS.PPP,ERI,Eritrea,1992,1.06249161416466,,,2
PA.NUS.PPP,ERI,Eritrea,1993,1.0235344509527,,,2
PA.NUS.PPP,ERI,Eritrea,1994,1.22411015122166,,,2
PA.NUS.PPP,ERI,Eritrea,1995,1.3344552292172,,,2
PA.NUS.PPP,ERI,Eritrea,1996,1.42938614307456,,,2
PA.NUS.PPP,ERI,Eritrea,1997,1.45991599907571,,,2
PA.NUS.PPP,ERI,Eritrea,1998,1.57519915055871,,,2
PA.NUS.PPP,ERI,Eritrea,1999,1.5892319204323,,,2
PA.NUS.PPP,ERI,Eritrea,2000,1.94218944755412,,,2
PA.NUS.PPP,ERI,Eritrea,2001,2.1858011226335,,,2
PA.NUS.PPP,ERI,Eritrea,2002,2.49993009512358,,,2
PA.NUS.PPP,ERI,Eritrea,2003,2.98774829492708,,,2
PA.NUS.PPP,ERI,Eritrea,2004,3.63104650843245,,,2
PA.NUS.PPP,ERI,Eritrea,2005,3.78906190065453,,,2
PA.NUS.PPP,ERI,Eritrea,2006,4.09451946789363,,,2
PA.NUS.PPP,ERI,Eritrea,2007,4.27705996417702,,,2
PA.NUS.PPP,ERI,Eritrea,2008,4.87080329805048,,,2
PA.NUS.PPP,ERI,Eritrea,2009,6.26924232719157,,,2
PA.NUS.PPP,ERI,Eritrea,2010,5.18879838711628,,,2
PA.NUS.PPP,ERI,Eritrea,2011,6.0772179935858,,,2
PA.NUS.PPP,ERI,Eritrea,2012,6.37545049576222,,,2
PA.NUS.PPP,ERI,Eritrea,2013,6.06140894105022,,,2
PA.NUS.PPP,ERI,Eritrea,2014,6.02877801055876,,,2
PA.NUS.PPP,ERI,Eritrea,2015,5.77168411573234,,,2
PA.NUS.PPP,ERI,Eritrea,2016,5.74096300770369,,,2
PA.NUS.PPP,ERI,Eritrea,2017,5.39268779754639,,,2
PA.NUS.PPP,ERI,Eritrea,2018,4.96084139586241,,,2
PA.NUS.PPP,ERI,Eritrea,2019,4.69091466303122,,,2
PA.NUS.PPP,ERI,Eritrea,2020,5.01428809751443,,,2
PA.NUS.PPP,ERI,Eritrea,2021,4.93847894668579,,,2
PA.NUS.PPP,ESP,Spain,1990,0.617949,,,2
PA.NUS.PPP,ESP,Spain,1991,0.639188,,,2
PA.NUS.PPP,ESP,Spain,1992,0.666885,,,2
PA.NUS.PPP,ESP,Spain,1993,0.681001,,,2
PA.NUS.PPP,ESP,Spain,1994,0.692634,,,2
PA.NUS.PPP,ESP,Spain,1995,0.711877,,,2
PA.NUS.PPP,ESP,Spain,1996,0.722245,,,2
PA.NUS.PPP,ESP,Spain,1997,0.723644,,,2
PA.NUS.PPP,ESP,Spain,1998,0.723781,,,2
PA.NUS.PPP,ESP,Spain,1999,0.73921,,,2
PA.NUS.PPP,ESP,Spain,2000,0.739619,,,2
PA.NUS.PPP,ESP,Spain,2001,0.747598,,,2
PA.NUS.PPP,ESP,Spain,2002,0.742312,,,2
PA.NUS.PPP,ESP,Spain,2003,0.759318,,,2
PA.NUS.PPP,ESP,Spain,2004,0.765976,,,2
PA.NUS.PPP,ESP,Spain,2005,0.769508,,,2
PA.NUS.PPP,ESP,Spain,2006,0.736159,,,2
PA.NUS.PPP,ESP,Spain,2007,0.73227,,,2
PA.NUS.PPP,ESP,Spain,2008,0.725862,,,2
PA.NUS.PPP,ESP,Spain,2009,0.718327,,,2
PA.NUS.PPP,ESP,Spain,2010,0.727131,,,2
PA.NUS.PPP,ESP,Spain,2011,0.714129,,,2
PA.NUS.PPP,ESP,Spain,2012,0.694976,,,2
PA.NUS.PPP,ESP,Spain,2013,0.6748,,,2
PA.NUS.PPP,ESP,Spain,2014,0.662359,,,2
PA.NUS.PPP,ESP,Spain,2015,0.66474,,,2
PA.NUS.PPP,ESP,Spain,2016,0.642644,,,2
PA.NUS.PPP,ESP,Spain,2017,0.630839,,,2
PA.NUS.PPP,ESP,Spain,2018,0.631798,,,2
PA.NUS.PPP,ESP,Spain,2019,0.604131,,,2
PA.NUS.PPP,ESP,Spain,2020,0.606275,,,2
PA.NUS.PPP,ESP,Spain,2021,0.58847,,,2
PA.NUS.PPP,ESP,Spain,2022,0.55926,,,2
PA.NUS.PPP,ESP,Spain,2023,0.556506,,,2
PA.NUS.PPP,ESP,Spain,2024,0.562107,,,2
PA.NUS.PPP,ESP,Spain,2025,0.570991,,,2
PA.NUS.PPP,EST,Estonia,1990,0.0045159522586121,,,2
PA.NUS.PPP,EST,Estonia,1991,0.0101592046177188,,,2
PA.NUS.PPP,EST,Estonia,1992,0.096710479140308,,,2
PA.NUS.PPP,EST,Estonia,1993,0.174588,,,2
PA.NUS.PPP,EST,Estonia,1994,0.238747,,,2
PA.NUS.PPP,EST,Estonia,1995,0.307408,,,2
PA.NUS.PPP,EST,Estonia,1996,0.377198,,,2
PA.NUS.PPP,EST,Estonia,1997,0.409474,,,2
PA.NUS.PPP,EST,Estonia,1998,0.435394,,,2
PA.NUS.PPP,EST,Estonia,1999,0.462332,,,2
PA.NUS.PPP,EST,Estonia,2000,0.46876,,,2
PA.NUS.PPP,EST,Estonia,2001,0.487921,,,2
PA.NUS.PPP,EST,Estonia,2002,0.486245,,,2
PA.NUS.PPP,EST,Estonia,2003,0.485808,,,2
PA.NUS.PPP,EST,Estonia,2004,0.493701,,,2
PA.NUS.PPP,EST,Estonia,2005,0.503328,,,2
PA.NUS.PPP,EST,Estonia,2006,0.520905,,,2
PA.NUS.PPP,EST,Estonia,2007,0.551077,,,2
PA.NUS.PPP,EST,Estonia,2008,0.545055,,,2
PA.NUS.PPP,EST,Estonia,2009,0.516865,,,2
PA.NUS.PPP,EST,Estonia,2010,0.512242,,,2
PA.NUS.PPP,EST,Estonia,2011,0.5116,,,2
PA.NUS.PPP,EST,Estonia,2012,0.521063,,,2
PA.NUS.PPP,EST,Estonia,2013,0.522424,,,2
PA.NUS.PPP,EST,Estonia,2014,0.52689,,,2
PA.NUS.PPP,EST,Estonia,2015,0.53758,,,2
PA.NUS.PPP,EST,Estonia,2016,0.527849,,,2
PA.NUS.PPP,EST,Estonia,2017,0.534908,,,2
PA.NUS.PPP,EST,Estonia,2018,0.538757,,,2
PA.NUS.PPP,EST,Estonia,2019,0.52869,,,2
PA.NUS.PPP,EST,Estonia,2020,0.515202,,,2
PA.NUS.PPP,EST,Estonia,2021,0.5341,,,2
PA.NUS.PPP,EST,Estonia,2022,0.560333,,,2
PA.NUS.PPP,EST,Estonia,2023,0.572987,,,2
PA.NUS.PPP,EST,Estonia,2024,0.576166,,,2
PA.NUS.PPP,EST,Estonia,2025,0.584555,,,2
PA.NUS.PPP,ETH,Ethiopia,1990,1.30103354999105,,,2
PA.NUS.PPP,ETH,Ethiopia,1991,1.49864521536657,,,2
PA.NUS.PPP,ETH,Ethiopia,1992,1.6928407982536,,,2
PA.NUS.PPP,ETH,Ethiopia,1993,1.87484978408862,,,2
PA.NUS.PPP,ETH,Ethiopia,1994,1.88945945481846,,,2
PA.NUS.PPP,ETH,Ethiopia,1995,2.08580824434276,,,2
PA.NUS.PPP,ETH,Ethiopia,1996,2.05320682245251,,,2
PA.NUS.PPP,ETH,Ethiopia,1997,2.02257169200624,,,2
PA.NUS.PPP,ETH,Ethiopia,1998,1.99709025190693,,,2
PA.NUS.PPP,ETH,Ethiopia,1999,2.01299419504164,,,2
PA.NUS.PPP,ETH,Ethiopia,2000,2.10225756341616,,,2
PA.NUS.PPP,ETH,Ethiopia,2001,1.93763603549094,,,2
PA.NUS.PPP,ETH,Ethiopia,2002,1.83888957550276,,,2
PA.NUS.PPP,ETH,Ethiopia,2003,2.03353031000399,,,2
PA.NUS.PPP,ETH,Ethiopia,2004,2.05773476068033,,,2
PA.NUS.PPP,ETH,Ethiopia,2005,2.19221082771198,,,2
PA.NUS.PPP,ETH,Ethiopia,2006,2.37230468748906,,,2
PA.NUS.PPP,ETH,Ethiopia,2007,2.70747675798704,,,2
PA.NUS.PPP,ETH,Ethiopia,2008,3.46146586303349,,,2
PA.NUS.PPP,ETH,Ethiopia,2009,4.27094342989242,,,2
PA.NUS.PPP,ETH,Ethiopia,2010,4.28061851026844,,,2
PA.NUS.PPP,ETH,Ethiopia,2011,5.03550291061401,,,2
PA.NUS.PPP,ETH,Ethiopia,2012,6.61676879404236,,,2
PA.NUS.PPP,ETH,Ethiopia,2013,7.02923105524662,,,2
PA.NUS.PPP,ETH,Ethiopia,2014,7.0664702105877,,,2
PA.NUS.PPP,ETH,Ethiopia,2015,7.65418596878957,,,2
PA.NUS.PPP,ETH,Ethiopia,2016,7.91032495172366,,,2
PA.NUS.PPP,ETH,Ethiopia,2017,8.33639240264893,,,2
PA.NUS.PPP,ETH,Ethiopia,2018,9.31989192962646,,,2
PA.NUS.PPP,ETH,Ethiopia,2019,10.3675975799561,,,2
PA.NUS.PPP,ETH,Ethiopia,2020,11.7911653518677,,,2
PA.NUS.PPP,ETH,Ethiopia,2021,13.7311124801636,,,2
PA.NUS.PPP,ETH,Ethiopia,2022,17.2633656192497,,,2
PA.NUS.PPP,ETH,Ethiopia,2023,22.1265402742069,,,2
PA.NUS.PPP,ETH,Ethiopia,2024,27.1045539967632,,,2
PA.NUS.PPP,ETH,Ethiopia,2025,30.7650224136466,,,2
PA.NUS.PPP,FIN,Finland,1990,1.005162,,,2
PA.NUS.PPP,FIN,Finland,1991,0.987025,,,2
PA.NUS.PPP,FIN,Finland,1992,0.973657,,,2
PA.NUS.PPP,FIN,Finland,1993,0.967904,,,2
PA.NUS.PPP,FIN,Finland,1994,0.965154,,,2
PA.NUS.PPP,FIN,Finland,1995,0.985051,,,2
PA.NUS.PPP,FIN,Finland,1996,0.991636,,,2
PA.NUS.PPP,FIN,Finland,1997,0.989122,,,2
PA.NUS.PPP,FIN,Finland,1998,0.991466,,,2
PA.NUS.PPP,FIN,Finland,1999,0.992037,,,2
PA.NUS.PPP,FIN,Finland,2000,0.983787,,,2
PA.NUS.PPP,FIN,Finland,2001,1.002749,,,2
PA.NUS.PPP,FIN,Finland,2002,0.998133,,,2
PA.NUS.PPP,FIN,Finland,2003,1.002074,,,2
PA.NUS.PPP,FIN,Finland,2004,0.973313,,,2
PA.NUS.PPP,FIN,Finland,2005,0.979424,,,2
PA.NUS.PPP,FIN,Finland,2006,0.953073,,,2
PA.NUS.PPP,FIN,Finland,2007,0.934638,,,2
PA.NUS.PPP,FIN,Finland,2008,0.912125,,,2
PA.NUS.PPP,FIN,Finland,2009,0.896061,,,2
PA.NUS.PPP,FIN,Finland,2010,0.900732,,,2
PA.NUS.PPP,FIN,Finland,2011,0.898068,,,2
PA.NUS.PPP,FIN,Finland,2012,0.908495,,,2
PA.NUS.PPP,FIN,Finland,2013,0.905357,,,2
PA.NUS.PPP,FIN,Finland,2014,0.90721,,,2
PA.NUS.PPP,FIN,Finland,2015,0.907748,,,2
PA.NUS.PPP,FIN,Finland,2016,0.880895,,,2
PA.NUS.PPP,FIN,Finland,2017,0.863657,,,2
PA.NUS.PPP,FIN,Finland,2018,0.853746,,,2
PA.NUS.PPP,FIN,Finland,2019,0.826328,,,2
PA.NUS.PPP,FIN,Finland,2020,0.802112,,,2
PA.NUS.PPP,FIN,Finland,2021,0.790539,,,2
PA.NUS.PPP,FIN,Finland,2022,0.770918,,,2
PA.NUS.PPP,FIN,Finland,2023,0.770345,,,2
PA.NUS.PPP,FIN,Finland,2024,0.753945,,,2
PA.NUS.PPP,FIN,Finland,2025,0.754195,,,2
PA.NUS.PPP,FJI,Fiji,1990,0.647576255792932,,,2
PA.NUS.PPP,FJI,Fiji,1991,0.663933376821585,,,2
PA.NUS.PPP,FJI,Fiji,1992,0.690079570872333,,,2
PA.NUS.PPP,FJI,Fiji,1993,0.722888207589353,,,2
PA.NUS.PPP,FJI,Fiji,1994,0.713636452136212,,,2
PA.NUS.PPP,FJI,Fiji,1995,0.706882377899916,,,2
PA.NUS.PPP,FJI,Fiji,1996,0.714085658618594,,,2
PA.NUS.PPP,FJI,Fiji,1997,0.725075921296385,,,2
PA.NUS.PPP,FJI,Fiji,1998,0.770420750684214,,,2
PA.NUS.PPP,FJI,Fiji,1999,0.810810333514459,,,2
PA.NUS.PPP,FJI,Fiji,2000,0.7554291583858,,,2
PA.NUS.PPP,FJI,Fiji,2001,0.762770598004213,,,2
PA.NUS.PPP,FJI,Fiji,2002,0.775632810393564,,,2
PA.NUS.PPP,FJI,Fiji,2003,0.819204423873736,,,2
PA.NUS.PPP,FJI,Fiji,2004,0.815254911335836,,,2
PA.NUS.PPP,FJI,Fiji,2005,0.842998294946533,,,2
PA.NUS.PPP,FJI,Fiji,2006,0.848419537115228,,,2
PA.NUS.PPP,FJI,Fiji,2007,0.851023189825567,,,2
PA.NUS.PPP,FJI,Fiji,2008,0.852955313245334,,,2
PA.NUS.PPP,FJI,Fiji,2009,0.8595159897885,,,2
PA.NUS.PPP,FJI,Fiji,2010,0.885114981409079,,,2
PA.NUS.PPP,FJI,Fiji,2011,0.948667109012604,,,2
PA.NUS.PPP,FJI,Fiji,2012,0.929814843632577,,,2
PA.NUS.PPP,FJI,Fiji,2013,0.93485934843799,,,2
PA.NUS.PPP,FJI,Fiji,2014,0.932632883062748,,,2
PA.NUS.PPP,FJI,Fiji,2015,0.911280753973239,,,2
PA.NUS.PPP,FJI,Fiji,2016,0.937498468146302,,,2
PA.NUS.PPP,FJI,Fiji,2017,0.939452171325684,,,2
PA.NUS.PPP,FJI,Fiji,2018,0.960431039333344,,,2
PA.NUS.PPP,FJI,Fiji,2019,0.972497940063477,,,2
PA.NUS.PPP,FJI,Fiji,2020,0.935144364833832,,,2
PA.NUS.PPP,FJI,Fiji,2021,0.910048425197601,,,2
PA.NUS.PPP,FJI,Fiji,2022,0.918217936754945,,,2
PA.NUS.PPP,FJI,Fiji,2023,0.909830706289817,,,2
PA.NUS.PPP,FJI,Fiji,2024,0.942012332041687,,,2
PA.NUS.PPP,FJI,Fiji,2025,0.934666867351328,,,2
PA.NUS.PPP,FRA,France,1990,1.025418,,,2
PA.NUS.PPP,FRA,France,1991,1.016227,,,2
PA.NUS.PPP,FRA,France,1992,1.013658,,,2
PA.NUS.PPP,FRA,France,1993,1.005612,,,2
PA.NUS.PPP,FRA,France,1994,0.993971,,,2
PA.NUS.PPP,FRA,France,1995,0.98476,,,2
PA.NUS.PPP,FRA,France,1996,0.981183,,,2
PA.NUS.PPP,FRA,France,1997,0.969165,,,2
PA.NUS.PPP,FRA,France,1998,0.961518,,,2
PA.NUS.PPP,FRA,France,1999,0.952721,,,2
PA.NUS.PPP,FRA,France,2000,0.930052,,,2
PA.NUS.PPP,FRA,France,2001,0.911776,,,2
PA.NUS.PPP,FRA,France,2002,0.900678,,,2
PA.NUS.PPP,FRA,France,2003,0.929961,,,2
PA.NUS.PPP,FRA,France,2004,0.935225,,,2
PA.NUS.PPP,FRA,France,2005,0.916458,,,2
PA.NUS.PPP,FRA,France,2006,0.894884,,,2
PA.NUS.PPP,FRA,France,2007,0.888602,,,2
PA.NUS.PPP,FRA,France,2008,0.881874,,,2
PA.NUS.PPP,FRA,France,2009,0.862542,,,2
PA.NUS.PPP,FRA,France,2010,0.854875,,,2
PA.NUS.PPP,FRA,France,2011,0.841361,,,2
PA.NUS.PPP,FRA,France,2012,0.844301,,,2
PA.NUS.PPP,FRA,France,2013,0.811643,,,2
PA.NUS.PPP,FRA,France,2014,0.807565,,,2
PA.NUS.PPP,FRA,France,2015,0.808694,,,2
PA.NUS.PPP,FRA,France,2016,0.780044,,,2
PA.NUS.PPP,FRA,France,2017,0.770109,,,2
PA.NUS.PPP,FRA,France,2018,0.756166,,,2
PA.NUS.PPP,FRA,France,2019,0.705954,,,2
PA.NUS.PPP,FRA,France,2020,0.693052,,,2
PA.NUS.PPP,FRA,France,2021,0.703945,,,2
PA.NUS.PPP,FRA,France,2022,0.682729,,,2
PA.NUS.PPP,FRA,France,2023,0.678524,,,2
PA.NUS.PPP,FRA,France,2024,0.681239,,,2
PA.NUS.PPP,FRA,France,2025,0.677618,,,2
PA.NUS.PPP,FRO,Faroe Islands,2008,6.35256798523733,,,2
PA.NUS.PPP,FRO,Faroe Islands,2009,6.41429591368997,,,2
PA.NUS.PPP,FRO,Faroe Islands,2010,6.77763396381815,,,2
PA.NUS.PPP,FRO,Faroe Islands,2011,6.57741153207814,,,2
PA.NUS.PPP,FRO,Faroe Islands,2012,6.30218838864158,,,2
PA.NUS.PPP,FRO,Faroe Islands,2013,6.29068301504234,,,2
PA.NUS.PPP,FRO,Faroe Islands,2014,6.34819151314729,,,2
PA.NUS.PPP,FRO,Faroe Islands,2015,6.59667124946978,,,2
PA.NUS.PPP,FRO,Faroe Islands,2016,7.04860647301933,,,2
PA.NUS.PPP,FRO,Faroe Islands,2017,6.95062971115112,,,2
PA.NUS.PPP,FRO,Faroe Islands,2018,6.69964343061627,,,2
PA.NUS.PPP,FRO,Faroe Islands,2019,6.76000199752143,,,2
PA.NUS.PPP,FRO,Faroe Islands,2020,6.60500877907687,,,2
PA.NUS.PPP,FRO,Faroe Islands,2021,6.37792730331421,,,2
PA.NUS.PPP,FRO,Faroe Islands,2022,6.30552160356804,,,2
PA.NUS.PPP,FRO,Faroe Islands,2023,6.25954159690578,,,2
PA.NUS.PPP,FRO,Faroe Islands,2024,6.22980312304618,,,2
PA.NUS.PPP,FSM,"Micronesia, Fed. Sts.",1990,0.868915823080393,,,2
PA.NUS.PPP,FSM,"Micronesia, Fed. Sts.",1991,0.88336876925372,,,2
PA.NUS.PPP,FSM,"Micronesia, Fed. Sts.",1992,0.889860827098985,,,2
PA.NUS.PPP,FSM,"Micronesia, Fed. Sts.",1993,0.895440631976591,,,2
PA.NUS.PPP,FSM,"Micronesia, Fed. Sts.",1994,0.89964735719576,,,2
PA.NUS.PPP,FSM,"Micronesia, Fed. Sts.",1995,0.894288451661804,,,2
PA.NUS.PPP,FSM,"Micronesia, Fed. Sts.",1996,0.894567810153697,,,2
PA.NUS.PPP,FSM,"Micronesia, Fed. Sts.",1997,0.88503663258565,,,2
PA.NUS.PPP,FSM,"Micronesia, Fed. Sts.",1998,0.90153633208029,,,2
PA.NUS.PPP,FSM,"Micronesia, Fed. Sts.",1999,0.881787822741595,,,2
PA.NUS.PPP,FSM,"Micronesia, Fed. Sts.",2000,0.871261854105906,,,2
PA.NUS.PPP,FSM,"Micronesia, Fed. Sts.",2001,0.861520528497758,,,2
PA.NUS.PPP,FSM,"Micronesia, Fed. Sts.",2002,0.849119460019057,,,2
PA.NUS.PPP,FSM,"Micronesia, Fed. Sts.",2003,0.829602803280067,,,2
PA.NUS.PPP,FSM,"Micronesia, Fed. Sts.",2004,0.815758879542625,,,2
PA.NUS.PPP,FSM,"Micronesia, Fed. Sts.",2005,0.807300850535689,,,2
PA.NUS.PPP,FSM,"Micronesia, Fed. Sts.",2006,0.79595078321184,,,2
PA.NUS.PPP,FSM,"Micronesia, Fed. Sts.",2007,0.797491071827761,,,2
PA.NUS.PPP,FSM,"Micronesia, Fed. Sts.",2008,0.828121722914707,,,2
PA.NUS.PPP,FSM,"Micronesia, Fed. Sts.",2009,0.862301503763916,,,2
PA.NUS.PPP,FSM,"Micronesia, Fed. Sts.",2010,0.882988437562147,,,2
PA.NUS.PPP,FSM,"Micronesia, Fed. Sts.",2011,0.879293960153449,,,2
PA.NUS.PPP,FSM,"Micronesia, Fed. Sts.",2012,0.92300947913154,,,2
PA.NUS.PPP,FSM,"Micronesia, Fed. Sts.",2013,0.913381545379715,,,2
PA.NUS.PPP,FSM,"Micronesia, Fed. Sts.",2014,0.927239741793669,,,2
PA.NUS.PPP,FSM,"Micronesia, Fed. Sts.",2015,0.86897160859895,,,2
PA.NUS.PPP,FSM,"Micronesia, Fed. Sts.",2016,0.890945112539156,,,2
PA.NUS.PPP,FSM,"Micronesia, Fed. Sts.",2017,0.946637692424728,,,2
PA.NUS.PPP,FSM,"Micronesia, Fed. Sts.",2018,1.00594447145015,,,2
PA.NUS.PPP,FSM,"Micronesia, Fed. Sts.",2019,0.957243657272113,,,2
PA.NUS.PPP,FSM,"Micronesia, Fed. Sts.",2020,0.910429814068035,,,2
PA.NUS.PPP,FSM,"Micronesia, Fed. Sts.",2021,0.886870916030328,,,2
PA.NUS.PPP,FSM,"Micronesia, Fed. Sts.",2022,0.906163876973741,,,2
PA.NUS.PPP,FSM,"Micronesia, Fed. Sts.",2023,0.921787754114453,,,2
PA.NUS.PPP,FSM,"Micronesia, Fed. Sts.",2024,0.954938228573462,,,2
PA.NUS.PPP,FSM,"Micronesia, Fed. Sts.",2025,0.95865080658499,,,2
PA.NUS.PPP,GAB,Gabon,1990,146.779135691824,,,2
PA.NUS.PPP,GAB,Gabon,1991,125.840384272725,,,2
PA.NUS.PPP,GAB,Gabon,1992,123.299694807913,,,2
PA.NUS.PPP,GAB,Gabon,1993,119.831119770011,,,2
PA.NUS.PPP,GAB,Gabon,1994,171.9429127614,,,2
PA.NUS.PPP,GAB,Gabon,1995,170.667070134005,,,2
PA.NUS.PPP,GAB,Gabon,1996,190.329606196144,,,2
PA.NUS.PPP,GAB,Gabon,1997,188.874110289709,,,2
PA.NUS.PPP,GAB,Gabon,1998,153.55445700063,,,2
PA.NUS.PPP,GAB,Gabon,1999,180.469784090146,,,2
PA.NUS.PPP,GAB,Gabon,2000,226.042263388713,,,2
PA.NUS.PPP,GAB,Gabon,2001,207.242305539473,,,2
PA.NUS.PPP,GAB,Gabon,2002,205.817508311669,,,2
PA.NUS.PPP,GAB,Gabon,2003,201.394475769265,,,2
PA.NUS.PPP,GAB,Gabon,2004,211.349932921739,,,2
PA.NUS.PPP,GAB,Gabon,2005,246.103135914203,,,2
PA.NUS.PPP,GAB,Gabon,2006,262.300026630725,,,2
PA.NUS.PPP,GAB,Gabon,2007,266.187190317151,,,2
PA.NUS.PPP,GAB,Gabon,2008,314.637406563173,,,2
PA.NUS.PPP,GAB,Gabon,2009,256.188039632467,,,2
PA.NUS.PPP,GAB,Gabon,2010,295.038285881166,,,2
PA.NUS.PPP,GAB,Gabon,2011,325.732543945313,,,2
PA.NUS.PPP,GAB,Gabon,2012,324.672801964038,,,2
PA.NUS.PPP,GAB,Gabon,2013,313.33587842154,,,2
PA.NUS.PPP,GAB,Gabon,2014,305.866491635978,,,2
PA.NUS.PPP,GAB,Gabon,2015,291.221671949243,,,2
PA.NUS.PPP,GAB,Gabon,2016,282.679241786938,,,2
PA.NUS.PPP,GAB,Gabon,2017,271.626159667969,,,2
PA.NUS.PPP,GAB,Gabon,2018,274.421081542969,,,2
PA.NUS.PPP,GAB,Gabon,2019,273.352203369141,,,2
PA.NUS.PPP,GAB,Gabon,2020,262.635467529297,,,2
PA.NUS.PPP,GAB,Gabon,2021,244.922546386719,,,2
PA.NUS.PPP,GAB,Gabon,2022,262.405459108734,,,2
PA.NUS.PPP,GAB,Gabon,2023,227.844268825763,,,2
PA.NUS.PPP,GAB,Gabon,2024,231.6583571757,,,2
PA.NUS.PPP,GAB,Gabon,2025,216.420044727798,,,2
PA.NUS.PPP,GBR,United Kingdom,1990,0.651578,,,2
PA.NUS.PPP,GBR,United Kingdom,1991,0.672007,,,2
PA.NUS.PPP,GBR,United Kingdom,1992,0.672865,,,2
PA.NUS.PPP,GBR,United Kingdom,1993,0.66872,,,2
PA.NUS.PPP,GBR,United Kingdom,1994,0.65686,,,2
PA.NUS.PPP,GBR,United Kingdom,1995,0.712913,,,2
PA.NUS.PPP,GBR,United Kingdom,1996,0.712844,,,2
PA.NUS.PPP,GBR,United Kingdom,1997,0.708637,,,2
PA.NUS.PPP,GBR,United Kingdom,1998,0.720671,,,2
PA.NUS.PPP,GBR,United Kingdom,1999,0.725819,,,2
PA.NUS.PPP,GBR,United Kingdom,2000,0.704372,,,2
PA.NUS.PPP,GBR,United Kingdom,2001,0.694551,,,2
PA.NUS.PPP,GBR,United Kingdom,2002,0.689877,,,2
PA.NUS.PPP,GBR,United Kingdom,2003,0.695928,,,2
PA.NUS.PPP,GBR,United Kingdom,2004,0.687912,,,2
PA.NUS.PPP,GBR,United Kingdom,2005,0.707619,,,2
PA.NUS.PPP,GBR,United Kingdom,2006,0.69664,,,2
PA.NUS.PPP,GBR,United Kingdom,2007,0.709103,,,2
PA.NUS.PPP,GBR,United Kingdom,2008,0.701691,,,2
PA.NUS.PPP,GBR,United Kingdom,2009,0.709725,,,2
PA.NUS.PPP,GBR,United Kingdom,2010,0.702443,,,2
PA.NUS.PPP,GBR,United Kingdom,2011,0.706052,,,2
PA.NUS.PPP,GBR,United Kingdom,2012,0.701634,,,2
PA.NUS.PPP,GBR,United Kingdom,2013,0.695248,,,2
PA.NUS.PPP,GBR,United Kingdom,2014,0.698444,,,2
PA.NUS.PPP,GBR,United Kingdom,2015,0.692551,,,2
PA.NUS.PPP,GBR,United Kingdom,2016,0.688603,,,2
PA.NUS.PPP,GBR,United Kingdom,2017,0.684601,,,2
PA.NUS.PPP,GBR,United Kingdom,2018,0.687714,,,2
PA.NUS.PPP,GBR,United Kingdom,2019,0.669665,,,2
PA.NUS.PPP,GBR,United Kingdom,2020,0.653446,,,2
PA.NUS.PPP,GBR,United Kingdom,2021,0.668934,,,2
PA.NUS.PPP,GBR,United Kingdom,2022,0.633175,,,2
PA.NUS.PPP,GBR,United Kingdom,2023,0.660709,,,2
PA.NUS.PPP,GBR,United Kingdom,2024,0.664153,,,2
PA.NUS.PPP,GBR,United Kingdom,2025,0.677133,,,2
PA.NUS.PPP,GEO,Georgia,1990,5.42012608653277e-07,,,2
PA.NUS.PPP,GEO,Georgia,1991,8.48037495120885e-07,,,2
PA.NUS.PPP,GEO,Georgia,1992,1.17546927518972e-05,,,2
PA.NUS.PPP,GEO,Georgia,1993,0.0017848911427569,,,2
PA.NUS.PPP,GEO,Georgia,1994,0.107326982270467,,,2
PA.NUS.PPP,GEO,Georgia,1995,0.27619343478463,,,2
PA.NUS.PPP,GEO,Georgia,1996,0.38793798574064,,,2
PA.NUS.PPP,GEO,Georgia,1997,0.406283489439613,,,2
PA.NUS.PPP,GEO,Georgia,1998,0.429652156305944,,,2
PA.NUS.PPP,GEO,Georgia,1999,0.464873912701654,,,2
PA.NUS.PPP,GEO,Georgia,2000,0.475842923421307,,,2
PA.NUS.PPP,GEO,Georgia,2001,0.49037465377975,,,2
PA.NUS.PPP,GEO,Georgia,2002,0.511452353477603,,,2
PA.NUS.PPP,GEO,Georgia,2003,0.518733334809136,,,2
PA.NUS.PPP,GEO,Georgia,2004,0.547752183368209,,,2
PA.NUS.PPP,GEO,Georgia,2005,0.573243106047758,,,2
PA.NUS.PPP,GEO,Georgia,2006,0.60306903660421,,,2
PA.NUS.PPP,GEO,Georgia,2007,0.642750864213563,,,2
PA.NUS.PPP,GEO,Georgia,2008,0.691090327023834,,,2
PA.NUS.PPP,GEO,Georgia,2009,0.672184335918192,,,2
PA.NUS.PPP,GEO,Georgia,2010,0.75846868355388,,,2
PA.NUS.PPP,GEO,Georgia,2011,0.811295330524445,,,2
PA.NUS.PPP,GEO,Georgia,2012,0.743673981829331,,,2
PA.NUS.PPP,GEO,Georgia,2013,0.725892425915326,,,2
PA.NUS.PPP,GEO,Georgia,2014,0.724575737652637,,,2
PA.NUS.PPP,GEO,Georgia,2015,0.755844016936428,,,2
PA.NUS.PPP,GEO,Georgia,2016,0.75056031815742,,,2
PA.NUS.PPP,GEO,Georgia,2017,0.80830192565918,,,2
PA.NUS.PPP,GEO,Georgia,2018,0.810541391372681,,,2
PA.NUS.PPP,GEO,Georgia,2019,0.797049462795258,,,2
PA.NUS.PPP,GEO,Georgia,2020,0.796508133411407,,,2
PA.NUS.PPP,GEO,Georgia,2021,0.865621149539948,,,2
PA.NUS.PPP,GEO,Georgia,2022,0.873888015814541,,,2
PA.NUS.PPP,GEO,Georgia,2023,0.867549901216465,,,2
PA.NUS.PPP,GEO,Georgia,2024,0.887666169870326,,,2
PA.NUS.PPP,GEO,Georgia,2025,0.903514180711349,,,2
PA.NUS.PPP,GHA,Ghana,1990,0.0172229476531372,,,2
PA.NUS.PPP,GHA,Ghana,1991,0.019998353868997,,,2
PA.NUS.PPP,GHA,Ghana,1992,0.0217329251852238,,,2
PA.NUS.PPP,GHA,Ghana,1993,0.0279716767885835,,,2
PA.NUS.PPP,GHA,Ghana,1994,0.035638294557521,,,2
PA.NUS.PPP,GHA,Ghana,1995,0.0499319978149189,,,2
PA.NUS.PPP,GHA,Ghana,1996,0.068568451773213,,,2
PA.NUS.PPP,GHA,Ghana,1997,0.0805220550953174,,,2
PA.NUS.PPP,GHA,Ghana,1998,0.0932023603911411,,,2
PA.NUS.PPP,GHA,Ghana,1999,0.104741619302452,,,2
PA.NUS.PPP,GHA,Ghana,2000,0.130311081157497,,,2
PA.NUS.PPP,GHA,Ghana,2001,0.171814001935954,,,2
PA.NUS.PPP,GHA,Ghana,2002,0.207790472699698,,,2
PA.NUS.PPP,GHA,Ghana,2003,0.26225770370444,,,2
PA.NUS.PPP,GHA,Ghana,2004,0.292038898703269,,,2
PA.NUS.PPP,GHA,Ghana,2005,0.32553187318178,,,2
PA.NUS.PPP,GHA,Ghana,2006,0.35617906063167,,,2
PA.NUS.PPP,GHA,Ghana,2007,0.40263068743152,,,2
PA.NUS.PPP,GHA,Ghana,2008,0.471694217106667,,,2
PA.NUS.PPP,GHA,Ghana,2009,0.542248034001112,,,2
PA.NUS.PPP,GHA,Ghana,2010,0.624646347440148,,,2
PA.NUS.PPP,GHA,Ghana,2011,0.697181165218353,,,2
PA.NUS.PPP,GHA,Ghana,2012,0.760881671213248,,,2
PA.NUS.PPP,GHA,Ghana,2013,0.871647762186301,,,2
PA.NUS.PPP,GHA,Ghana,2014,1.02569231218683,,,2
PA.NUS.PPP,GHA,Ghana,2015,1.2319478577983,,,2
PA.NUS.PPP,GHA,Ghana,2016,1.49273430727059,,,2
PA.NUS.PPP,GHA,Ghana,2017,1.69359111785889,,,2
PA.NUS.PPP,GHA,Ghana,2018,1.81923377513885,,,2
PA.NUS.PPP,GHA,Ghana,2019,1.90021753311157,,,2
PA.NUS.PPP,GHA,Ghana,2020,2.03251671791077,,,2
PA.NUS.PPP,GHA,Ghana,2021,2.14874577522278,,,2
PA.NUS.PPP,GHA,Ghana,2022,2.57145102292101,,,2
PA.NUS.PPP,GHA,Ghana,2023,3.47419917524807,,,2
PA.NUS.PPP,GHA,Ghana,2024,4.26723310217426,,,2
PA.NUS.PPP,GHA,Ghana,2025,4.75008975177416,,,2
PA.NUS.PPP,GIN,Guinea,1990,458.161746195402,,,2
PA.NUS.PPP,GIN,Guinea,1991,557.59616778618,,,2
PA.NUS.PPP,GIN,Guinea,1992,688.117870084561,,,2
PA.NUS.PPP,GIN,Guinea,1993,676.713799069377,,,2
PA.NUS.PPP,GIN,Guinea,1994,672.02814879719,,,2
PA.NUS.PPP,GIN,Guinea,1995,697.40050141814,,,2
PA.NUS.PPP,GIN,Guinea,1996,695.450038847442,,,2
PA.NUS.PPP,GIN,Guinea,1997,693.465226351112,,,2
PA.NUS.PPP,GIN,Guinea,1998,708.557220763507,,,2
PA.NUS.PPP,GIN,Guinea,1999,728.207863618759,,,2
PA.NUS.PPP,GIN,Guinea,2000,756.939700137642,,,2
PA.NUS.PPP,GIN,Guinea,2001,753.243795993838,,,2
PA.NUS.PPP,GIN,Guinea,2002,744.927493655598,,,2
PA.NUS.PPP,GIN,Guinea,2003,846.73346344844,,,2
PA.NUS.PPP,GIN,Guinea,2004,960.790733633506,,,2
PA.NUS.PPP,GIN,Guinea,2005,1186.74944817492,,,2
PA.NUS.PPP,GIN,Guinea,2006,1583.93198080143,,,2
PA.NUS.PPP,GIN,Guinea,2007,1752.17467935732,,,2
PA.NUS.PPP,GIN,Guinea,2008,2006.22358081005,,,2
PA.NUS.PPP,GIN,Guinea,2009,2029.23845254135,,,2
PA.NUS.PPP,GIN,Guinea,2010,2327.7103186553,,,2
PA.NUS.PPP,GIN,Guinea,2011,2485.90087890625,,,2
PA.NUS.PPP,GIN,Guinea,2012,2729.40340394865,,,2
PA.NUS.PPP,GIN,Guinea,2013,2806.85647759278,,,2
PA.NUS.PPP,GIN,Guinea,2014,2865.0392114501,,,2
PA.NUS.PPP,GIN,Guinea,2015,2899.10785161767,,,2
PA.NUS.PPP,GIN,Guinea,2016,2831.13495412508,,,2
PA.NUS.PPP,GIN,Guinea,2017,2819.40551757813,,,2
PA.NUS.PPP,GIN,Guinea,2018,2956.56860351563,,,2
PA.NUS.PPP,GIN,Guinea,2019,3049.65771484375,,,2
PA.NUS.PPP,GIN,Guinea,2020,3024.84619140625,,,2
PA.NUS.PPP,GIN,Guinea,2021,3108.34375,,,2
PA.NUS.PPP,GIN,Guinea,2022,2983.35938744689,,,2
PA.NUS.PPP,GIN,Guinea,2023,3052.18339989862,,,2
PA.NUS.PPP,GIN,Guinea,2024,3181.20500097004,,,2
PA.NUS.PPP,GIN,Guinea,2025,3286.09262410062,,,2
PA.NUS.PPP,GMB,"Gambia, The",1990,2.36222850443498,,,2
PA.NUS.PPP,GMB,"Gambia, The",1991,2.47360934900172,,,2
PA.NUS.PPP,GMB,"Gambia, The",1992,2.59069223184023,,,2
PA.NUS.PPP,GMB,"Gambia, The",1993,2.66084335022503,,,2
PA.NUS.PPP,GMB,"Gambia, The",1994,2.7036261718519,,,2
PA.NUS.PPP,GMB,"Gambia, The",1995,2.7530546694629,,,2
PA.NUS.PPP,GMB,"Gambia, The",1996,2.78227872567018,,,2
PA.NUS.PPP,GMB,"Gambia, The",1997,2.84027252432298,,,2
PA.NUS.PPP,GMB,"Gambia, The",1998,2.87941746381445,,,2
PA.NUS.PPP,GMB,"Gambia, The",1999,2.9624837765487,,,2
PA.NUS.PPP,GMB,"Gambia, The",2000,2.96108712412271,,,2
PA.NUS.PPP,GMB,"Gambia, The",2001,3.33391117070973,,,2
PA.NUS.PPP,GMB,"Gambia, The",2002,3.81156857295277,,,2
PA.NUS.PPP,GMB,"Gambia, The",2003,4.76159185104773,,,2
PA.NUS.PPP,GMB,"Gambia, The",2004,9.00440432979574,,,2
PA.NUS.PPP,GMB,"Gambia, The",2005,9.08982079052625,,,2
PA.NUS.PPP,GMB,"Gambia, The",2006,8.93280652913098,,,2
PA.NUS.PPP,GMB,"Gambia, The",2007,9.08114266832039,,,2
PA.NUS.PPP,GMB,"Gambia, The",2008,9.13006786077572,,,2
PA.NUS.PPP,GMB,"Gambia, The",2009,9.48364242446811,,,2
PA.NUS.PPP,GMB,"Gambia, The",2010,9.89863380257085,,,2
PA.NUS.PPP,GMB,"Gambia, The",2011,10.1419715881348,,,2
PA.NUS.PPP,GMB,"Gambia, The",2012,10.7593017516153,,,2
PA.NUS.PPP,GMB,"Gambia, The",2013,11.7161744085834,,,2
PA.NUS.PPP,GMB,"Gambia, The",2014,12.2586085125174,,,2
PA.NUS.PPP,GMB,"Gambia, The",2015,13.231134230546,,,2
PA.NUS.PPP,GMB,"Gambia, The",2016,14.0085076067416,,,2
PA.NUS.PPP,GMB,"Gambia, The",2017,14.6875677108765,,,2
PA.NUS.PPP,GMB,"Gambia, The",2018,14.7201194763184,,,2
PA.NUS.PPP,GMB,"Gambia, The",2019,15.2599792480469,,,2
PA.NUS.PPP,GMB,"Gambia, The",2020,14.6587619781494,,,2
PA.NUS.PPP,GMB,"Gambia, The",2021,14.7418222427368,,,2
PA.NUS.PPP,GMB,"Gambia, The",2022,14.97642146813,,,2
PA.NUS.PPP,GMB,"Gambia, The",2023,16.4233646342791,,,2
PA.NUS.PPP,GMB,"Gambia, The",2024,16.9545354395068,,,2
PA.NUS.PPP,GMB,"Gambia, The",2025,17.7935316169312,,,2
PA.NUS.PPP,GNB,Guinea-Bissau,1990,26.5738155494081,,,2
PA.NUS.PPP,GNB,Guinea-Bissau,1991,43.1564690778736,,,2
PA.NUS.PPP,GNB,Guinea-Bissau,1992,69.613661984352,,,2
PA.NUS.PPP,GNB,Guinea-Bissau,1993,101.362722769529,,,2
PA.NUS.PPP,GNB,Guinea-Bissau,1994,122.317312266934,,,2
PA.NUS.PPP,GNB,Guinea-Bissau,1995,173.394353333115,,,2
PA.NUS.PPP,GNB,Guinea-Bissau,1996,237.082966212969,,,2
PA.NUS.PPP,GNB,Guinea-Bissau,1997,312.627708902039,,,2
PA.NUS.PPP,GNB,Guinea-Bissau,1998,341.120737035778,,,2
PA.NUS.PPP,GNB,Guinea-Bissau,1999,294.577173239488,,,2
PA.NUS.PPP,GNB,Guinea-Bissau,2000,221.995171146721,,,2
PA.NUS.PPP,GNB,Guinea-Bissau,2001,225.274235401606,,,2
PA.NUS.PPP,GNB,Guinea-Bissau,2002,229.312349758167,,,2
PA.NUS.PPP,GNB,Guinea-Bissau,2003,223.590177005978,,,2
PA.NUS.PPP,GNB,Guinea-Bissau,2004,205.801473355008,,,2
PA.NUS.PPP,GNB,Guinea-Bissau,2005,205.759485281514,,,2
PA.NUS.PPP,GNB,Guinea-Bissau,2006,191.134053661797,,,2
PA.NUS.PPP,GNB,Guinea-Bissau,2007,197.239756668216,,,2
PA.NUS.PPP,GNB,Guinea-Bissau,2008,218.20869155687,,,2
PA.NUS.PPP,GNB,Guinea-Bissau,2009,208.57530343543,,,2
PA.NUS.PPP,GNB,Guinea-Bissau,2010,216.81758268515,,,2
PA.NUS.PPP,GNB,Guinea-Bissau,2011,230.39176940918,,,2
PA.NUS.PPP,GNB,Guinea-Bissau,2012,231.436308045981,,,2
PA.NUS.PPP,GNB,Guinea-Bissau,2013,228.249067705342,,,2
PA.NUS.PPP,GNB,Guinea-Bissau,2014,221.127199651877,,,2
PA.NUS.PPP,GNB,Guinea-Bissau,2015,220.453013565298,,,2
PA.NUS.PPP,GNB,Guinea-Bissau,2016,220.773659150318,,,2
PA.NUS.PPP,GNB,Guinea-Bissau,2017,218.427780151367,,,2
PA.NUS.PPP,GNB,Guinea-Bissau,2018,218.222854614258,,,2
PA.NUS.PPP,GNB,Guinea-Bissau,2019,211.497299194336,,,2
PA.NUS.PPP,GNB,Guinea-Bissau,2020,208.34016418457,,,2
PA.NUS.PPP,GNB,Guinea-Bissau,2021,203.716125488281,,,2
PA.NUS.PPP,GNB,Guinea-Bissau,2022,197.397962018897,,,2
PA.NUS.PPP,GNB,Guinea-Bissau,2023,197.932848260615,,,2
PA.NUS.PPP,GNB,Guinea-Bissau,2024,195.690135293345,,,2
PA.NUS.PPP,GNB,Guinea-Bissau,2025,198.582744438309,,,2
PA.NUS.PPP,GNQ,Equatorial Guinea,1990,140.016403637528,,,2
PA.NUS.PPP,GNQ,Equatorial Guinea,1991,140.247053150791,,,2
PA.NUS.PPP,GNQ,Equatorial Guinea,1992,115.972913932132,,,2
PA.NUS.PPP,GNQ,Equatorial Guinea,1993,110.236662516025,,,2
PA.NUS.PPP,GNQ,Equatorial Guinea,1994,134.403898676324,,,2
PA.NUS.PPP,GNQ,Equatorial Guinea,1995,141.75507677927,,,2
PA.NUS.PPP,GNQ,Equatorial Guinea,1996,140.349691900506,,,2
PA.NUS.PPP,GNQ,Equatorial Guinea,1997,119.831246672626,,,2
PA.NUS.PPP,GNQ,Equatorial Guinea,1998,81.0940293169645,,,2
PA.NUS.PPP,GNQ,Equatorial Guinea,1999,111.273891016538,,,2
PA.NUS.PPP,GNQ,Equatorial Guinea,2000,159.472589162812,,,2
PA.NUS.PPP,GNQ,Equatorial Guinea,2001,137.289940638588,,,2
PA.NUS.PPP,GNQ,Equatorial Guinea,2002,133.049213856133,,,2
PA.NUS.PPP,GNQ,Equatorial Guinea,2003,131.302577697322,,,2
PA.NUS.PPP,GNQ,Equatorial Guinea,2004,149.502353155568,,,2
PA.NUS.PPP,GNQ,Equatorial Guinea,2005,206.676453013438,,,2
PA.NUS.PPP,GNQ,Equatorial Guinea,2006,226.510347435106,,,2
PA.NUS.PPP,GNQ,Equatorial Guinea,2007,227.234575731369,,,2
PA.NUS.PPP,GNQ,Equatorial Guinea,2008,267.170405898847,,,2
PA.NUS.PPP,GNQ,Equatorial Guinea,2009,210.221587084232,,,2
PA.NUS.PPP,GNQ,Equatorial Guinea,2010,259.42770814686,,,2
PA.NUS.PPP,GNQ,Equatorial Guinea,2011,297.509490966797,,,2
PA.NUS.PPP,GNQ,Equatorial Guinea,2012,294.449643532044,,,2
PA.NUS.PPP,GNQ,Equatorial Guinea,2013,288.524323974565,,,2
PA.NUS.PPP,GNQ,Equatorial Guinea,2014,282.488476354166,,,2
PA.NUS.PPP,GNQ,Equatorial Guinea,2015,275.256840579949,,,2
PA.NUS.PPP,GNQ,Equatorial Guinea,2016,265.282044557899,,,2
PA.NUS.PPP,GNQ,Equatorial Guinea,2017,245.970474243164,,,2
PA.NUS.PPP,GNQ,Equatorial Guinea,2018,244.417373657227,,,2
PA.NUS.PPP,GNQ,Equatorial Guinea,2019,242.327987670898,,,2
PA.NUS.PPP,GNQ,Equatorial Guinea,2020,242.573852539063,,,2
PA.NUS.PPP,GNQ,Equatorial Guinea,2021,228.967514038086,,,2
PA.NUS.PPP,GNQ,Equatorial Guinea,2022,261.006197061617,,,2
PA.NUS.PPP,GNQ,Equatorial Guinea,2023,242.255040389526,,,2
PA.NUS.PPP,GNQ,Equatorial Guinea,2024,248.739563790205,,,2
PA.NUS.PPP,GNQ,Equatorial Guinea,2025,238.615174467719,,,2
PA.NUS.PPP,GRC,Greece,1990,0.335502,,,2
PA.NUS.PPP,GRC,Greece,1991,0.388744,,,2
PA.NUS.PPP,GRC,Greece,1992,0.43633,,,2
PA.NUS.PPP,GRC,Greece,1993,0.487726,,,2
PA.NUS.PPP,GRC,Greece,1994,0.530927,,,2
PA.NUS.PPP,GRC,Greece,1995,0.570943,,,2
PA.NUS.PPP,GRC,Greece,1996,0.601375,,,2
PA.NUS.PPP,GRC,Greece,1997,0.627141,,,2
PA.NUS.PPP,GRC,Greece,1998,0.647877,,,2
PA.NUS.PPP,GRC,Greece,1999,0.67328,,,2
PA.NUS.PPP,GRC,Greece,2000,0.669545,,,2
PA.NUS.PPP,GRC,Greece,2001,0.668523,,,2
PA.NUS.PPP,GRC,Greece,2002,0.662967,,,2
PA.NUS.PPP,GRC,Greece,2003,0.685131,,,2
PA.NUS.PPP,GRC,Greece,2004,0.694587,,,2
PA.NUS.PPP,GRC,Greece,2005,0.708976,,,2
PA.NUS.PPP,GRC,Greece,2006,0.692607,,,2
PA.NUS.PPP,GRC,Greece,2007,0.71818,,,2
PA.NUS.PPP,GRC,Greece,2008,0.707951,,,2
PA.NUS.PPP,GRC,Greece,2009,0.704086,,,2
PA.NUS.PPP,GRC,Greece,2010,0.722182,,,2
PA.NUS.PPP,GRC,Greece,2011,0.713163,,,2
PA.NUS.PPP,GRC,Greece,2012,0.684663,,,2
PA.NUS.PPP,GRC,Greece,2013,0.631286,,,2
PA.NUS.PPP,GRC,Greece,2014,0.611135,,,2
PA.NUS.PPP,GRC,Greece,2015,0.60907,,,2
PA.NUS.PPP,GRC,Greece,2016,0.58858,,,2
PA.NUS.PPP,GRC,Greece,2017,0.575041,,,2
PA.NUS.PPP,GRC,Greece,2018,0.564857,,,2
PA.NUS.PPP,GRC,Greece,2019,0.540972,,,2
PA.NUS.PPP,GRC,Greece,2020,0.530251,,,2
PA.NUS.PPP,GRC,Greece,2021,0.520812,,,2
PA.NUS.PPP,GRC,Greece,2022,0.502755,,,2
PA.NUS.PPP,GRC,Greece,2023,0.506626,,,2
PA.NUS.PPP,GRC,Greece,2024,0.515086,,,2
PA.NUS.PPP,GRC,Greece,2025,0.526872,,,2
PA.NUS.PPP,GRD,Grenada,1990,1.65263602573622,,,2
PA.NUS.PPP,GRD,Grenada,1991,1.70519875109756,,,2
PA.NUS.PPP,GRD,Grenada,1992,1.73408685828926,,,2
PA.NUS.PPP,GRD,Grenada,1993,1.72583908801797,,,2
PA.NUS.PPP,GRD,Grenada,1994,1.7436755880495,,,2
PA.NUS.PPP,GRD,Grenada,1995,1.76001068888237,,,2
PA.NUS.PPP,GRD,Grenada,1996,1.77456908027309,,,2
PA.NUS.PPP,GRD,Grenada,1997,1.77562029483496,,,2
PA.NUS.PPP,GRD,Grenada,1998,1.7864015687348,,,2
PA.NUS.PPP,GRD,Grenada,1999,1.78122972339592,,,2
PA.NUS.PPP,GRD,Grenada,2000,1.78867075944069,,,2
PA.NUS.PPP,GRD,Grenada,2001,1.78679005383045,,,2
PA.NUS.PPP,GRD,Grenada,2002,1.76599604927713,,,2
PA.NUS.PPP,GRD,Grenada,2003,1.73047003468951,,,2
PA.NUS.PPP,GRD,Grenada,2004,1.71938273445786,,,2
PA.NUS.PPP,GRD,Grenada,2005,1.70861798664849,,,2
PA.NUS.PPP,GRD,Grenada,2006,1.73428858748961,,,2
PA.NUS.PPP,GRD,Grenada,2007,1.72770640309205,,,2
PA.NUS.PPP,GRD,Grenada,2008,1.82807050817953,,,2
PA.NUS.PPP,GRD,Grenada,2009,1.81668457273947,,,2
PA.NUS.PPP,GRD,Grenada,2010,1.80348339013611,,,2
PA.NUS.PPP,GRD,Grenada,2011,1.77099478244781,,,2
PA.NUS.PPP,GRD,Grenada,2012,1.81088910884056,,,2
PA.NUS.PPP,GRD,Grenada,2013,1.79000290518369,,,2
PA.NUS.PPP,GRD,Grenada,2014,1.76332675424059,,,2
PA.NUS.PPP,GRD,Grenada,2015,1.77640442684524,,,2
PA.NUS.PPP,GRD,Grenada,2016,1.78124296159634,,,2
PA.NUS.PPP,GRD,Grenada,2017,1.75041949748993,,,2
PA.NUS.PPP,GRD,Grenada,2018,1.70418763160706,,,2
PA.NUS.PPP,GRD,Grenada,2019,1.71770310401917,,,2
PA.NUS.PPP,GRD,Grenada,2020,1.68615663051605,,,2
PA.NUS.PPP,GRD,Grenada,2021,1.69825077056885,,,2
PA.NUS.PPP,GRD,Grenada,2022,1.6114828054419,,,2
PA.NUS.PPP,GRD,Grenada,2023,1.62322133398798,,,2
PA.NUS.PPP,GRD,Grenada,2024,1.56397530306305,,,2
PA.NUS.PPP,GRD,Grenada,2025,1.53137011170231,,,2
PA.NUS.PPP,GRL,Greenland,1990,5.5399932486698,,,2
PA.NUS.PPP,GRL,Greenland,1991,5.5316048333896,,,2
PA.NUS.PPP,GRL,Greenland,1992,5.49195205286214,,,2
PA.NUS.PPP,GRL,Greenland,1993,5.42069110930475,,,2
PA.NUS.PPP,GRL,Greenland,1994,5.33222661595194,,,2
PA.NUS.PPP,GRL,Greenland,1995,5.33009489956895,,,2
PA.NUS.PPP,GRL,Greenland,1996,5.2855689012718,,,2
PA.NUS.PPP,GRL,Greenland,1997,5.22177571147441,,,2
PA.NUS.PPP,GRL,Greenland,1998,5.21426562249663,,,2
PA.NUS.PPP,GRL,Greenland,1999,5.19603168506132,,,2
PA.NUS.PPP,GRL,Greenland,2000,5.18815104983854,,,2
PA.NUS.PPP,GRL,Greenland,2001,5.24652969270142,,,2
PA.NUS.PPP,GRL,Greenland,2002,5.32655944965436,,,2
PA.NUS.PPP,GRL,Greenland,2003,5.56467815108233,,,2
PA.NUS.PPP,GRL,Greenland,2004,5.38977957633998,,,2
PA.NUS.PPP,GRL,Greenland,2005,5.05716881923088,,,2
PA.NUS.PPP,GRL,Greenland,2006,5.01569188479526,,,2
PA.NUS.PPP,GRL,Greenland,2007,4.88106791517809,,,2
PA.NUS.PPP,GRL,Greenland,2008,4.69238655154128,,,2
PA.NUS.PPP,GRL,Greenland,2009,4.92192326205371,,,2
PA.NUS.PPP,GRL,Greenland,2010,4.96142488453074,,,2
PA.NUS.PPP,GRL,Greenland,2011,5.00133169533115,,,2
PA.NUS.PPP,GRL,Greenland,2012,5.07906362585446,,,2
PA.NUS.PPP,GRL,Greenland,2013,5.04737585716883,,,2
PA.NUS.PPP,GRL,Greenland,2014,5.01010184738356,,,2
PA.NUS.PPP,GRL,Greenland,2015,5.36832327144233,,,2
PA.NUS.PPP,GRL,Greenland,2016,5.5059188858133,,,2
PA.NUS.PPP,GRL,Greenland,2017,5.5857400894165,,,2
PA.NUS.PPP,GRL,Greenland,2018,5.5727136828431,,,2
PA.NUS.PPP,GRL,Greenland,2019,5.53253136418962,,,2
PA.NUS.PPP,GRL,Greenland,2020,5.51685943709696,,,2
PA.NUS.PPP,GRL,Greenland,2021,5.2741265296936,,,2
PA.NUS.PPP,GRL,Greenland,2022,5.19997209139189,,,2
PA.NUS.PPP,GRL,Greenland,2023,5.10788380262313,,,2
PA.NUS.PPP,GTM,Guatemala,1990,1.0018998404469,,,2
PA.NUS.PPP,GTM,Guatemala,1991,1.28869558132507,,,2
PA.NUS.PPP,GTM,Guatemala,1992,1.37163430785762,,,2
PA.NUS.PPP,GTM,Guatemala,1993,1.53421508962974,,,2
PA.NUS.PPP,GTM,Guatemala,1994,1.67822658317243,,,2
PA.NUS.PPP,GTM,Guatemala,1995,1.78624031802571,,,2
PA.NUS.PPP,GTM,Guatemala,1996,1.91024372190978,,,2
PA.NUS.PPP,GTM,Guatemala,1997,2.03292234372619,,,2
PA.NUS.PPP,GTM,Guatemala,1998,2.20135915319014,,,2
PA.NUS.PPP,GTM,Guatemala,1999,2.28007662975168,,,2
PA.NUS.PPP,GTM,Guatemala,2000,2.3818548176859,,,2
PA.NUS.PPP,GTM,Guatemala,2001,2.50626115979948,,,2
PA.NUS.PPP,GTM,Guatemala,2002,2.62756338729531,,,2
PA.NUS.PPP,GTM,Guatemala,2003,2.69190130904841,,,2
PA.NUS.PPP,GTM,Guatemala,2004,2.77931931226587,,,2
PA.NUS.PPP,GTM,Guatemala,2005,2.84757870213258,,,2
PA.NUS.PPP,GTM,Guatemala,2006,2.89999496869695,,,2
PA.NUS.PPP,GTM,Guatemala,2007,3.02440093756339,,,2
PA.NUS.PPP,GTM,Guatemala,2008,3.24637302448729,,,2
PA.NUS.PPP,GTM,Guatemala,2009,3.34263143722076,,,2
PA.NUS.PPP,GTM,Guatemala,2010,3.47216481062683,,,2
PA.NUS.PPP,GTM,Guatemala,2011,3.63653254508972,,,2
PA.NUS.PPP,GTM,Guatemala,2012,3.54711441145588,,,2
PA.NUS.PPP,GTM,Guatemala,2013,3.5143247804835,,,2
PA.NUS.PPP,GTM,Guatemala,2014,3.46321590831435,,,2
PA.NUS.PPP,GTM,Guatemala,2015,3.33602577933495,,,2
PA.NUS.PPP,GTM,Guatemala,2016,3.35347846470893,,,2
PA.NUS.PPP,GTM,Guatemala,2017,3.32418703342023,,,2
PA.NUS.PPP,GTM,Guatemala,2018,3.29055680271627,,,2
PA.NUS.PPP,GTM,Guatemala,2019,3.22869804185546,,,2
PA.NUS.PPP,GTM,Guatemala,2020,3.15825575504794,,,2
PA.NUS.PPP,GTM,Guatemala,2021,3.21316480636597,,,2
PA.NUS.PPP,GTM,Guatemala,2022,3.19080092519734,,,2
PA.NUS.PPP,GTM,Guatemala,2023,3.27732812819395,,,2
PA.NUS.PPP,GTM,Guatemala,2024,3.31562389582393,,,2
PA.NUS.PPP,GTM,Guatemala,2025,3.33451157924276,,,2
PA.NUS.PPP,GUY,Guyana,1990,17.2742806232408,,,2
PA.NUS.PPP,GUY,Guyana,1991,39.1893799269404,,,2
PA.NUS.PPP,GUY,Guyana,1992,42.6462259217913,,,2
PA.NUS.PPP,GUY,Guyana,1993,48.7203106331237,,,2
PA.NUS.PPP,GUY,Guyana,1994,56.0598282324528,,,2
PA.NUS.PPP,GUY,Guyana,1995,61.1925237963686,,,2
PA.NUS.PPP,GUY,Guyana,1996,62.4543525970561,,,2
PA.NUS.PPP,GUY,Guyana,1997,62.2817116491148,,,2
PA.NUS.PPP,GUY,Guyana,1998,63.418794269139,,,2
PA.NUS.PPP,GUY,Guyana,1999,69.544243327415,,,2
PA.NUS.PPP,GUY,Guyana,2000,72.4825855707344,,,2
PA.NUS.PPP,GUY,Guyana,2001,71.1146768709438,,,2
PA.NUS.PPP,GUY,Guyana,2002,71.8602885484161,,,2
PA.NUS.PPP,GUY,Guyana,2003,73.7941357408305,,,2
PA.NUS.PPP,GUY,Guyana,2004,76.7305132297639,,,2
PA.NUS.PPP,GUY,Guyana,2005,80.0761633967145,,,2
PA.NUS.PPP,GUY,Guyana,2006,82.0519384094089,,,2
PA.NUS.PPP,GUY,Guyana,2007,90.0273880968541,,,2
PA.NUS.PPP,GUY,Guyana,2008,96.7648999744447,,,2
PA.NUS.PPP,GUY,Guyana,2009,97.2807009361905,,,2
PA.NUS.PPP,GUY,Guyana,2010,99.9304939513635,,,2
PA.NUS.PPP,GUY,Guyana,2011,100.269470214844,,,2
PA.NUS.PPP,GUY,Guyana,2012,104.698057163854,,,2
PA.NUS.PPP,GUY,Guyana,2013,101.90793237296,,,2
PA.NUS.PPP,GUY,Guyana,2014,101.375412205949,,,2
PA.NUS.PPP,GUY,Guyana,2015,102.094796608881,,,2
PA.NUS.PPP,GUY,Guyana,2016,105.270612299159,,,2
PA.NUS.PPP,GUY,Guyana,2017,104.212295532227,,,2
PA.NUS.PPP,GUY,Guyana,2018,100.972465515137,,,2
PA.NUS.PPP,GUY,Guyana,2019,100.869819641113,,,2
PA.NUS.PPP,GUY,Guyana,2020,83.9942855834961,,,2
PA.NUS.PPP,GUY,Guyana,2021,89.9150695800781,,,2
PA.NUS.PPP,GUY,Guyana,2022,94.0685987686788,,,2
PA.NUS.PPP,GUY,Guyana,2023,77.9339679099584,,,2
PA.NUS.PPP,GUY,Guyana,2024,77.0796036657078,,,2
PA.NUS.PPP,GUY,Guyana,2025,69.0331367456556,,,2
PA.NUS.PPP,HKG,"Hong Kong SAR, China",1990,5.75560879584341,,,2
PA.NUS.PPP,HKG,"Hong Kong SAR, China",1991,6.07621041251752,,,2
PA.NUS.PPP,HKG,"Hong Kong SAR, China",1992,6.52892551317074,,,2
PA.NUS.PPP,HKG,"Hong Kong SAR, China",1993,6.92706280773142,,,2
PA.NUS.PPP,HKG,"Hong Kong SAR, China",1994,7.21097253679181,,,2
PA.NUS.PPP,HKG,"Hong Kong SAR, China",1995,7.35525434014001,,,2
PA.NUS.PPP,HKG,"Hong Kong SAR, China",1996,7.64799679135092,,,2
PA.NUS.PPP,HKG,"Hong Kong SAR, China",1997,7.95142334372178,,,2
PA.NUS.PPP,HKG,"Hong Kong SAR, China",1998,7.9589722180181,,,2
PA.NUS.PPP,HKG,"Hong Kong SAR, China",1999,7.52648969736795,,,2
PA.NUS.PPP,HKG,"Hong Kong SAR, China",2000,7.10996946119049,,,2
PA.NUS.PPP,HKG,"Hong Kong SAR, China",2001,6.83004578942292,,,2
PA.NUS.PPP,HKG,"Hong Kong SAR, China",2002,6.49673621443817,,,2
PA.NUS.PPP,HKG,"Hong Kong SAR, China",2003,5.98820145585682,,,2
PA.NUS.PPP,HKG,"Hong Kong SAR, China",2004,5.62199372240795,,,2
PA.NUS.PPP,HKG,"Hong Kong SAR, China",2005,5.44289777156787,,,2
PA.NUS.PPP,HKG,"Hong Kong SAR, China",2006,5.25182907768579,,,2
PA.NUS.PPP,HKG,"Hong Kong SAR, China",2007,5.27372313562501,,,2
PA.NUS.PPP,HKG,"Hong Kong SAR, China",2008,5.24033780971852,,,2
PA.NUS.PPP,HKG,"Hong Kong SAR, China",2009,5.18865962108716,,,2
PA.NUS.PPP,HKG,"Hong Kong SAR, China",2010,5.1402326879187,,,2
PA.NUS.PPP,HKG,"Hong Kong SAR, China",2011,5.23263931274414,,,2
PA.NUS.PPP,HKG,"Hong Kong SAR, China",2012,5.46310859628999,,,2
PA.NUS.PPP,HKG,"Hong Kong SAR, China",2013,5.56565885386855,,,2
PA.NUS.PPP,HKG,"Hong Kong SAR, China",2014,5.73436990761836,,,2
PA.NUS.PPP,HKG,"Hong Kong SAR, China",2015,5.86912301261529,,,2
PA.NUS.PPP,HKG,"Hong Kong SAR, China",2016,5.98074194926428,,,2
PA.NUS.PPP,HKG,"Hong Kong SAR, China",2017,6.07040023803711,,,2
PA.NUS.PPP,HKG,"Hong Kong SAR, China",2018,6.24729061126709,,,2
PA.NUS.PPP,HKG,"Hong Kong SAR, China",2019,6.18961668014526,,,2
PA.NUS.PPP,HKG,"Hong Kong SAR, China",2020,6.14700174331665,,,2
PA.NUS.PPP,HKG,"Hong Kong SAR, China",2021,5.87204074859619,,,2
PA.NUS.PPP,HKG,"Hong Kong SAR, China",2022,5.57469182190402,,,2
PA.NUS.PPP,HKG,"Hong Kong SAR, China",2023,5.53125165022491,,,2
PA.NUS.PPP,HKG,"Hong Kong SAR, China",2024,5.62173577880171,,,2
PA.NUS.PPP,HKG,"Hong Kong SAR, China",2025,5.52457295433365,,,2
PA.NUS.PPP,HND,Honduras,1990,5.70952763320423,,,2
PA.NUS.PPP,HND,Honduras,1991,5.61195499653389,,,2
PA.NUS.PPP,HND,Honduras,1992,5.79941603557671,,,2
PA.NUS.PPP,HND,Honduras,1993,6.00589389370471,,,2
PA.NUS.PPP,HND,Honduras,1994,5.76217423367143,,,2
PA.NUS.PPP,HND,Honduras,1995,5.87531283042013,,,2
PA.NUS.PPP,HND,Honduras,1996,5.95019503529658,,,2
PA.NUS.PPP,HND,Honduras,1997,6.15822346112781,,,2
PA.NUS.PPP,HND,Honduras,1998,6.21976717528239,,,2
PA.NUS.PPP,HND,Honduras,1999,6.04325983948836,,,2
PA.NUS.PPP,HND,Honduras,2000,6.26659638211708,,,2
PA.NUS.PPP,HND,Honduras,2001,6.62405671032399,,,2
PA.NUS.PPP,HND,Honduras,2002,6.8574351456075,,,2
PA.NUS.PPP,HND,Honduras,2003,7.11199251897768,,,2
PA.NUS.PPP,HND,Honduras,2004,7.37260141713191,,,2
PA.NUS.PPP,HND,Honduras,2005,7.66881302938687,,,2
PA.NUS.PPP,HND,Honduras,2006,7.83730241898352,,,2
PA.NUS.PPP,HND,Honduras,2007,8.1361345375803,,,2
PA.NUS.PPP,HND,Honduras,2008,8.60420319097106,,,2
PA.NUS.PPP,HND,Honduras,2009,9.20596526175553,,,2
PA.NUS.PPP,HND,Honduras,2010,9.52073594740516,,,2
PA.NUS.PPP,HND,Honduras,2011,10.0565614700317,,,2
PA.NUS.PPP,HND,Honduras,2012,10.323428360612,,,2
PA.NUS.PPP,HND,Honduras,2013,10.2382117842005,,,2
PA.NUS.PPP,HND,Honduras,2014,10.2576082952577,,,2
PA.NUS.PPP,HND,Honduras,2015,10.2860294736705,,,2
PA.NUS.PPP,HND,Honduras,2016,10.1593988234018,,,2
PA.NUS.PPP,HND,Honduras,2017,10.0832586288452,,,2
PA.NUS.PPP,HND,Honduras,2018,10.4576015472412,,,2
PA.NUS.PPP,HND,Honduras,2019,10.6014041900635,,,2
PA.NUS.PPP,HND,Honduras,2020,10.5345764160156,,,2
PA.NUS.PPP,HND,Honduras,2021,10.5899238586426,,,2
PA.NUS.PPP,HND,Honduras,2022,10.8074212481727,,,2
PA.NUS.PPP,HND,Honduras,2023,11.0520529000976,,,2
PA.NUS.PPP,HND,Honduras,2024,11.2912473033807,,,2
PA.NUS.PPP,HND,Honduras,2025,11.8640844280338,,,2
PA.NUS.PPP,HRV,Croatia,1990,0.00084036820060033,,,2
PA.NUS.PPP,HRV,Croatia,1991,0.00162002902496837,,,2
PA.NUS.PPP,HRV,Croatia,1992,0.0110059097726278,,,2
PA.NUS.PPP,HRV,Croatia,1993,0.16844670513884,,,2
PA.NUS.PPP,HRV,Croatia,1994,0.349243593558366,,,2
PA.NUS.PPP,HRV,Croatia,1995,0.422482271811966,,,2
PA.NUS.PPP,HRV,Croatia,1996,0.431510223530479,,,2
PA.NUS.PPP,HRV,Croatia,1997,0.454404857087362,,,2
PA.NUS.PPP,HRV,Croatia,1998,0.484959047474992,,,2
PA.NUS.PPP,HRV,Croatia,1999,0.497225742591732,,,2
PA.NUS.PPP,HRV,Croatia,2000,0.502447517686668,,,2
PA.NUS.PPP,HRV,Croatia,2001,0.514052349840653,,,2
PA.NUS.PPP,HRV,Croatia,2002,0.514876699671397,,,2
PA.NUS.PPP,HRV,Croatia,2003,0.528810096781116,,,2
PA.NUS.PPP,HRV,Croatia,2004,0.532017700731362,,,2
PA.NUS.PPP,HRV,Croatia,2005,0.543301347866968,,,2
PA.NUS.PPP,HRV,Croatia,2006,0.519602266099119,,,2
PA.NUS.PPP,HRV,Croatia,2007,0.512946714510898,,,2
PA.NUS.PPP,HRV,Croatia,2008,0.513954410250092,,,2
PA.NUS.PPP,HRV,Croatia,2009,0.509746430783773,,,2
PA.NUS.PPP,HRV,Croatia,2010,0.514247599938894,,,2
PA.NUS.PPP,HRV,Croatia,2011,0.498061358852654,,,2
PA.NUS.PPP,HRV,Croatia,2012,0.486316401227128,,,2
PA.NUS.PPP,HRV,Croatia,2013,0.474499984040339,,,2
PA.NUS.PPP,HRV,Croatia,2014,0.470301429076063,,,2
PA.NUS.PPP,HRV,Croatia,2015,0.466173586897839,,,2
PA.NUS.PPP,HRV,Croatia,2016,0.448868107019075,,,2
PA.NUS.PPP,HRV,Croatia,2017,0.441259811543299,,,2
PA.NUS.PPP,HRV,Croatia,2018,0.439450664962738,,,2
PA.NUS.PPP,HRV,Croatia,2019,0.42046941270084,,,2
PA.NUS.PPP,HRV,Croatia,2020,0.410332855869259,,,2
PA.NUS.PPP,HRV,Croatia,2021,0.407277953564341,,,2
PA.NUS.PPP,HRV,Croatia,2022,0.416285914711201,,,2
PA.NUS.PPP,HRV,Croatia,2023,0.429571541796623,,,2
PA.NUS.PPP,HRV,Croatia,2024,0.448418364962435,,,2
PA.NUS.PPP,HRV,Croatia,2025,0.470813052018898,,,2
PA.NUS.PPP,HTI,Haiti,1990,1.76739076335849,,,2
PA.NUS.PPP,HTI,Haiti,1991,1.95934962085204,,,2
PA.NUS.PPP,HTI,Haiti,1992,2.31623017906933,,,2
PA.NUS.PPP,HTI,Haiti,1993,2.67748395803972,,,2
PA.NUS.PPP,HTI,Haiti,1994,4.10811231479148,,,2
PA.NUS.PPP,HTI,Haiti,1995,4.66607277665933,,,2
PA.NUS.PPP,HTI,Haiti,1996,5.03932947084939,,,2
PA.NUS.PPP,HTI,Haiti,1997,5.58438469628339,,,2
PA.NUS.PPP,HTI,Haiti,1998,6.30413930567578,,,2
PA.NUS.PPP,HTI,Haiti,1999,6.65325857953573,,,2
PA.NUS.PPP,HTI,Haiti,2000,7.22519146614538,,,2
PA.NUS.PPP,HTI,Haiti,2001,8.00222340712746,,,2
PA.NUS.PPP,HTI,Haiti,2002,8.68516130774171,,,2
PA.NUS.PPP,HTI,Haiti,2003,10.0488371848514,,,2
PA.NUS.PPP,HTI,Haiti,2004,11.6746160076247,,,2
PA.NUS.PPP,HTI,Haiti,2005,12.4598265549217,,,2
PA.NUS.PPP,HTI,Haiti,2006,13.7210504563579,,,2
PA.NUS.PPP,HTI,Haiti,2007,13.9084785855134,,,2
PA.NUS.PPP,HTI,Haiti,2008,15.3751355577544,,,2
PA.NUS.PPP,HTI,Haiti,2009,17.0536929823265,,,2
PA.NUS.PPP,HTI,Haiti,2010,18.0947103317847,,,2
PA.NUS.PPP,HTI,Haiti,2011,18.4949626922607,,,2
PA.NUS.PPP,HTI,Haiti,2012,20.0001761591942,,,2
PA.NUS.PPP,HTI,Haiti,2013,20.66374718957,,,2
PA.NUS.PPP,HTI,Haiti,2014,21.1849011772733,,,2
PA.NUS.PPP,HTI,Haiti,2015,22.6450678685725,,,2
PA.NUS.PPP,HTI,Haiti,2016,24.4649311750741,,,2
PA.NUS.PPP,HTI,Haiti,2017,27.4248027801514,,,2
PA.NUS.PPP,HTI,Haiti,2018,30.6184539794922,,,2
PA.NUS.PPP,HTI,Haiti,2019,35.1456756591797,,,2
PA.NUS.PPP,HTI,Haiti,2020,41.5539588928223,,,2
PA.NUS.PPP,HTI,Haiti,2021,47.4995269775391,,,2
PA.NUS.PPP,HTI,Haiti,2022,57.6759375340431,,,2
PA.NUS.PPP,HTI,Haiti,2023,72.6227604240472,,,2
PA.NUS.PPP,HTI,Haiti,2024,85.9464526212732,,,2
PA.NUS.PPP,HTI,Haiti,2025,112.359715746475,,,2
PA.NUS.PPP,HUN,Hungary,1990,22.9099595444692,,,2
PA.NUS.PPP,HUN,Hungary,1991,30.075264,,,2
PA.NUS.PPP,HUN,Hungary,1992,35.729972,,,2
PA.NUS.PPP,HUN,Hungary,1993,42.329415,,,2
PA.NUS.PPP,HUN,Hungary,1994,49.522462,,,2
PA.NUS.PPP,HUN,Hungary,1995,61.472314,,,2
PA.NUS.PPP,HUN,Hungary,1996,73.855397,,,2
PA.NUS.PPP,HUN,Hungary,1997,87.377995,,,2
PA.NUS.PPP,HUN,Hungary,1998,97.816595,,,2
PA.NUS.PPP,HUN,Hungary,1999,104.545883,,,2
PA.NUS.PPP,HUN,Hungary,2000,110.049076,,,2
PA.NUS.PPP,HUN,Hungary,2001,114.41857,,,2
PA.NUS.PPP,HUN,Hungary,2002,118.141282,,,2
PA.NUS.PPP,HUN,Hungary,2003,122.020996,,,2
PA.NUS.PPP,HUN,Hungary,2004,128.395563,,,2
PA.NUS.PPP,HUN,Hungary,2005,130.929945,,,2
PA.NUS.PPP,HUN,Hungary,2006,131.519432,,,2
PA.NUS.PPP,HUN,Hungary,2007,134.041265,,,2
PA.NUS.PPP,HUN,Hungary,2008,131.005355,,,2
PA.NUS.PPP,HUN,Hungary,2009,127.627536,,,2
PA.NUS.PPP,HUN,Hungary,2010,126.446576,,,2
PA.NUS.PPP,HUN,Hungary,2011,124.271836,,,2
PA.NUS.PPP,HUN,Hungary,2012,125.623608,,,2
PA.NUS.PPP,HUN,Hungary,2013,124.979432,,,2
PA.NUS.PPP,HUN,Hungary,2014,129.414974,,,2
PA.NUS.PPP,HUN,Hungary,2015,132.55351,,,2
PA.NUS.PPP,HUN,Hungary,2016,132.033797,,,2
PA.NUS.PPP,HUN,Hungary,2017,136.036522,,,2
PA.NUS.PPP,HUN,Hungary,2018,139.092451,,,2
PA.NUS.PPP,HUN,Hungary,2019,138.79714,,,2
PA.NUS.PPP,HUN,Hungary,2020,141.838435,,,2
PA.NUS.PPP,HUN,Hungary,2021,148.351175,,,2
PA.NUS.PPP,HUN,Hungary,2022,155.230128,,,2
PA.NUS.PPP,HUN,Hungary,2023,169.087073,,,2
PA.NUS.PPP,HUN,Hungary,2024,175.578089,,,2
PA.NUS.PPP,HUN,Hungary,2025,183.57556,,,2
PA.NUS.PPP,IDN,Indonesia,1990,350.176983086282,,,2
PA.NUS.PPP,IDN,Indonesia,1991,368.417935900236,,,2
PA.NUS.PPP,IDN,Indonesia,1992,386.464428214204,,,2
PA.NUS.PPP,IDN,Indonesia,1993,449.820131955825,,,2
PA.NUS.PPP,IDN,Indonesia,1994,474.665668148349,,,2
PA.NUS.PPP,IDN,Indonesia,1995,510.861176252744,,,2
PA.NUS.PPP,IDN,Indonesia,1996,545.204681977847,,,2
PA.NUS.PPP,IDN,Indonesia,1997,603.340127603814,,,2
PA.NUS.PPP,IDN,Indonesia,1998,1045.72870794496,,,2
PA.NUS.PPP,IDN,Indonesia,1999,1177.15845260329,,,2
PA.NUS.PPP,IDN,Indonesia,2000,1386.45158487915,,,2
PA.NUS.PPP,IDN,Indonesia,2001,1549.75899105326,,,2
PA.NUS.PPP,IDN,Indonesia,2002,1616.02070691722,,,2
PA.NUS.PPP,IDN,Indonesia,2003,1671.69419374265,,,2
PA.NUS.PPP,IDN,Indonesia,2004,1767.11688011046,,,2
PA.NUS.PPP,IDN,Indonesia,2005,1958.95419045259,,,2
PA.NUS.PPP,IDN,Indonesia,2006,2168.0609222104,,,2
PA.NUS.PPP,IDN,Indonesia,2007,2348.52612063667,,,2
PA.NUS.PPP,IDN,Indonesia,2008,2722.32644194473,,,2
PA.NUS.PPP,IDN,Indonesia,2009,2929.52347946029,,,2
PA.NUS.PPP,IDN,Indonesia,2010,3336.15075047282,,,2
PA.NUS.PPP,IDN,Indonesia,2011,3512.75390625,,,2
PA.NUS.PPP,IDN,Indonesia,2012,3577.51892380765,,,2
PA.NUS.PPP,IDN,Indonesia,2013,3781.77823687054,,,2
PA.NUS.PPP,IDN,Indonesia,2014,4056.66266202967,,,2
PA.NUS.PPP,IDN,Indonesia,2015,4390.64649743196,,,2
PA.NUS.PPP,IDN,Indonesia,2016,4566.57066796941,,,2
PA.NUS.PPP,IDN,Indonesia,2017,4756.1689453125,,,2
PA.NUS.PPP,IDN,Indonesia,2018,4833.59912109375,,,2
PA.NUS.PPP,IDN,Indonesia,2019,4847.4453125,,,2
PA.NUS.PPP,IDN,Indonesia,2020,4791.0068359375,,,2
PA.NUS.PPP,IDN,Indonesia,2021,4808.42919921875,,,2
PA.NUS.PPP,IDN,Indonesia,2022,4918.70420995171,,,2
PA.NUS.PPP,IDN,Indonesia,2023,4815.77343325049,,,2
PA.NUS.PPP,IDN,Indonesia,2024,4740.937043293,,,2
PA.NUS.PPP,IDN,Indonesia,2025,4720.99750025346,,,2
PA.NUS.PPP,IND,India,1990,5.49548841099049,,,2
PA.NUS.PPP,IND,India,1991,6.0467290594668,,,2
PA.NUS.PPP,IND,India,1992,6.44202320594129,,,2
PA.NUS.PPP,IND,India,1993,6.91345031603857,,,2
PA.NUS.PPP,IND,India,1994,7.44446172370012,,,2
PA.NUS.PPP,IND,India,1995,7.95239418872014,,,2
PA.NUS.PPP,IND,India,1996,8.4009872069532,,,2
PA.NUS.PPP,IND,India,1997,8.79341997557107,,,2
PA.NUS.PPP,IND,India,1998,9.39223158546742,,,2
PA.NUS.PPP,IND,India,1999,9.54534638142216,,,2
PA.NUS.PPP,IND,India,2000,9.67413340555159,,,2
PA.NUS.PPP,IND,India,2001,9.76533140562836,,,2
PA.NUS.PPP,IND,India,2002,9.97319728795462,,,2
PA.NUS.PPP,IND,India,2003,10.1583819921029,,,2
PA.NUS.PPP,IND,India,2004,10.458746483246,,,2
PA.NUS.PPP,IND,India,2005,10.7108919435023,,,2
PA.NUS.PPP,IND,India,2006,11.2633636132263,,,2
PA.NUS.PPP,IND,India,2007,11.7278022158895,,,2
PA.NUS.PPP,IND,India,2008,12.5639813422269,,,2
PA.NUS.PPP,IND,India,2009,13.3660920634206,,,2
PA.NUS.PPP,IND,India,2010,14.5956322636061,,,2
PA.NUS.PPP,IND,India,2011,15.5495491027832,,,2
PA.NUS.PPP,IND,India,2012,16.1356633063104,,,2
PA.NUS.PPP,IND,India,2013,17.2883428104744,,,2
PA.NUS.PPP,IND,India,2014,18.3007666190468,,,2
PA.NUS.PPP,IND,India,2015,19.1154412106207,,,2
PA.NUS.PPP,IND,India,2016,19.7442391048838,,,2
PA.NUS.PPP,IND,India,2017,20.4555778503418,,,2
PA.NUS.PPP,IND,India,2018,20.4745960235596,,,2
PA.NUS.PPP,IND,India,2019,20.2395000457764,,,2
PA.NUS.PPP,IND,India,2020,20.3193664550781,,,2
PA.NUS.PPP,IND,India,2021,20.7278957366943,,,2
PA.NUS.PPP,IND,India,2022,20.4927049140107,,,2
PA.NUS.PPP,IND,India,2023,20.4553387219722,,,2
PA.NUS.PPP,IND,India,2024,20.4522424138694,,,2
PA.NUS.PPP,IND,India,2025,20.0886288014602,,,2
PA.NUS.PPP,IRL,Ireland,1990,0.783812,,,2
PA.NUS.PPP,IRL,Ireland,1991,0.77183,,,2
PA.NUS.PPP,IRL,Ireland,1992,0.775855,,,2
PA.NUS.PPP,IRL,Ireland,1993,0.797117,,,2
PA.NUS.PPP,IRL,Ireland,1994,0.793677,,,2
PA.NUS.PPP,IRL,Ireland,1995,0.800964,,,2
PA.NUS.PPP,IRL,Ireland,1996,0.807329,,,2
PA.NUS.PPP,IRL,Ireland,1997,0.834408,,,2
PA.NUS.PPP,IRL,Ireland,1998,0.863303,,,2
PA.NUS.PPP,IRL,Ireland,1999,0.913882,,,2
PA.NUS.PPP,IRL,Ireland,2000,0.943627,,,2
PA.NUS.PPP,IRL,Ireland,2001,0.969447,,,2
PA.NUS.PPP,IRL,Ireland,2002,0.981997,,,2
PA.NUS.PPP,IRL,Ireland,2003,1.004008,,,2
PA.NUS.PPP,IRL,Ireland,2004,0.991257,,,2
PA.NUS.PPP,IRL,Ireland,2005,1.011707,,,2
PA.NUS.PPP,IRL,Ireland,2006,0.978447,,,2
PA.NUS.PPP,IRL,Ireland,2007,0.95761,,,2
PA.NUS.PPP,IRL,Ireland,2008,0.944447,,,2
PA.NUS.PPP,IRL,Ireland,2009,0.900841,,,2
PA.NUS.PPP,IRL,Ireland,2010,0.849744,,,2
PA.NUS.PPP,IRL,Ireland,2011,0.831513,,,2
PA.NUS.PPP,IRL,Ireland,2012,0.823072,,,2
PA.NUS.PPP,IRL,Ireland,2013,0.811228,,,2
PA.NUS.PPP,IRL,Ireland,2014,0.819041,,,2
PA.NUS.PPP,IRL,Ireland,2015,0.809686,,,2
PA.NUS.PPP,IRL,Ireland,2016,0.794289,,,2
PA.NUS.PPP,IRL,Ireland,2017,0.794405,,,2
PA.NUS.PPP,IRL,Ireland,2018,0.792214,,,2
PA.NUS.PPP,IRL,Ireland,2019,0.794143,,,2
PA.NUS.PPP,IRL,Ireland,2020,0.775446,,,2
PA.NUS.PPP,IRL,Ireland,2021,0.751895,,,2
PA.NUS.PPP,IRL,Ireland,2022,0.721422,,,2
PA.NUS.PPP,IRL,Ireland,2023,0.740333,,,2
PA.NUS.PPP,IRL,Ireland,2024,0.740894,,,2
PA.NUS.PPP,IRL,Ireland,2025,0.750891,,,2
PA.NUS.PPP,IRN,"Iran, Islamic Rep.",1990,96.6739217701494,,,2
PA.NUS.PPP,IRN,"Iran, Islamic Rep.",1991,117.466494541528,,,2
PA.NUS.PPP,IRN,"Iran, Islamic Rep.",1992,148.547776803131,,,2
PA.NUS.PPP,IRN,"Iran, Islamic Rep.",1993,217.512630092714,,,2
PA.NUS.PPP,IRN,"Iran, Islamic Rep.",1994,285.227721222995,,,2
PA.NUS.PPP,IRN,"Iran, Islamic Rep.",1995,385.35625213578,,,2
PA.NUS.PPP,IRN,"Iran, Islamic Rep.",1996,487.542748835653,,,2
PA.NUS.PPP,IRN,"Iran, Islamic Rep.",1997,553.700531047219,,,2
PA.NUS.PPP,IRN,"Iran, Islamic Rep.",1998,598.915041155609,,,2
PA.NUS.PPP,IRN,"Iran, Islamic Rep.",1999,777.811313643886,,,2
PA.NUS.PPP,IRN,"Iran, Islamic Rep.",2000,950.190258479443,,,2
PA.NUS.PPP,IRN,"Iran, Islamic Rep.",2001,1066.84780260202,,,2
PA.NUS.PPP,IRN,"Iran, Islamic Rep.",2002,1347.60735138273,,,2
PA.NUS.PPP,IRN,"Iran, Islamic Rep.",2003,1495.11607436932,,,2
PA.NUS.PPP,IRN,"Iran, Islamic Rep.",2004,1815.70702561496,,,2
PA.NUS.PPP,IRN,"Iran, Islamic Rep.",2005,2115.53436461834,,,2
PA.NUS.PPP,IRN,"Iran, Islamic Rep.",2006,2351.51718081877,,,2
PA.NUS.PPP,IRN,"Iran, Islamic Rep.",2007,2814.6762934561,,,2
PA.NUS.PPP,IRN,"Iran, Islamic Rep.",2008,3297.8030925461,,,2
PA.NUS.PPP,IRN,"Iran, Islamic Rep.",2009,3428.30798308108,,,2
PA.NUS.PPP,IRN,"Iran, Islamic Rep.",2010,3925.1119545006,,,2
PA.NUS.PPP,IRN,"Iran, Islamic Rep.",2011,4758.86962890625,,,2
PA.NUS.PPP,IRN,"Iran, Islamic Rep.",2012,6093.5625,,,2
PA.NUS.PPP,IRN,"Iran, Islamic Rep.",2013,8503.8466796875,,,2
PA.NUS.PPP,IRN,"Iran, Islamic Rep.",2014,9758.5537109375,,,2
PA.NUS.PPP,IRN,"Iran, Islamic Rep.",2015,10701.5615234375,,,2
PA.NUS.PPP,IRN,"Iran, Islamic Rep.",2016,11796.810546875,,,2
PA.NUS.PPP,IRN,"Iran, Islamic Rep.",2017,13061.294921875,,,2
PA.NUS.PPP,IRN,"Iran, Islamic Rep.",2018,16923.19921875,,,2
PA.NUS.PPP,IRN,"Iran, Islamic Rep.",2019,23549.041015625,,,2
PA.NUS.PPP,IRN,"Iran, Islamic Rep.",2020,32954.5859375,,,2
PA.NUS.PPP,IRN,"Iran, Islamic Rep.",2021,50488.171875,,,2
PA.NUS.PPP,IRN,"Iran, Islamic Rep.",2022,71211.4312451727,,,2
PA.NUS.PPP,IRN,"Iran, Islamic Rep.",2023,94280.2670719049,,,2
PA.NUS.PPP,IRN,"Iran, Islamic Rep.",2024,118096.561683588,,,2
PA.NUS.PPP,IRN,"Iran, Islamic Rep.",2025,147937.809998602,,,2
PA.NUS.PPP,IRQ,Iraq,1995,69.9271396272273,,,2
PA.NUS.PPP,IRQ,Iraq,1996,60.0559009686002,,,2
PA.NUS.PPP,IRQ,Iraq,1997,113.056724013853,,,2
PA.NUS.PPP,IRQ,Iraq,1998,93.9676162110795,,,2
PA.NUS.PPP,IRQ,Iraq,1999,158.582506302407,,,2
PA.NUS.PPP,IRQ,Iraq,2000,193.444033357328,,,2
PA.NUS.PPP,IRQ,Iraq,2001,152.95389485158,,,2
PA.NUS.PPP,IRQ,Iraq,2002,162.915273797009,,,2
PA.NUS.PPP,IRQ,Iraq,2003,181.897770051504,,,2
PA.NUS.PPP,IRQ,Iraq,2004,207.795278075233,,,2
PA.NUS.PPP,IRQ,Iraq,2005,273.714727148813,,,2
PA.NUS.PPP,IRQ,Iraq,2006,326.740929380693,,,2
PA.NUS.PPP,IRQ,Iraq,2007,364.055977295882,,,2
PA.NUS.PPP,IRQ,Iraq,2008,464.953060518186,,,2
PA.NUS.PPP,IRQ,Iraq,2009,371.894865460118,,,2
PA.NUS.PPP,IRQ,Iraq,2010,428.374128932184,,,2
PA.NUS.PPP,IRQ,Iraq,2011,523.340209960938,,,2
PA.NUS.PPP,IRQ,Iraq,2012,524.502670462541,,,2
PA.NUS.PPP,IRQ,Iraq,2013,528.635410131546,,,2
PA.NUS.PPP,IRQ,Iraq,2014,553.360835974816,,,2
PA.NUS.PPP,IRQ,Iraq,2015,555.267500826667,,,2
PA.NUS.PPP,IRQ,Iraq,2016,563.814832515689,,,2
PA.NUS.PPP,IRQ,Iraq,2017,552.902282714844,,,2
PA.NUS.PPP,IRQ,Iraq,2018,554.960876464844,,,2
PA.NUS.PPP,IRQ,Iraq,2019,547.339233398438,,,2
PA.NUS.PPP,IRQ,Iraq,2020,484.264739990234,,,2
PA.NUS.PPP,IRQ,Iraq,2021,554.465393066406,,,2
PA.NUS.PPP,IRQ,Iraq,2022,657.110311889676,,,2
PA.NUS.PPP,IRQ,Iraq,2023,535.22554911293,,,2
PA.NUS.PPP,IRQ,Iraq,2024,545.082245539464,,,2
PA.NUS.PPP,IRQ,Iraq,2025,492.933552332882,,,2
PA.NUS.PPP,ISL,Iceland,1990,67.297073,,,2
PA.NUS.PPP,ISL,Iceland,1991,70.541136,,,2
PA.NUS.PPP,ISL,Iceland,1992,71.348377,,,2
PA.NUS.PPP,ISL,Iceland,1993,70.973079,,,2
PA.NUS.PPP,ISL,Iceland,1994,71.298412,,,2
PA.NUS.PPP,ISL,Iceland,1995,71.927537,,,2
PA.NUS.PPP,ISL,Iceland,1996,74.118791,,,2
PA.NUS.PPP,ISL,Iceland,1997,73.660811,,,2
PA.NUS.PPP,ISL,Iceland,1998,76.658219,,,2
PA.NUS.PPP,ISL,Iceland,1999,79.246596,,,2
PA.NUS.PPP,ISL,Iceland,2000,84.704674,,,2
PA.NUS.PPP,ISL,Iceland,2001,88.304268,,,2
PA.NUS.PPP,ISL,Iceland,2002,91.105413,,,2
PA.NUS.PPP,ISL,Iceland,2003,92.614881,,,2
PA.NUS.PPP,ISL,Iceland,2004,93.296591,,,2
PA.NUS.PPP,ISL,Iceland,2005,95.840665,,,2
PA.NUS.PPP,ISL,Iceland,2006,101.655098,,,2
PA.NUS.PPP,ISL,Iceland,2007,107.340386,,,2
PA.NUS.PPP,ISL,Iceland,2008,114.527003,,,2
PA.NUS.PPP,ISL,Iceland,2009,121.915984,,,2
PA.NUS.PPP,ISL,Iceland,2010,132.91871,,,2
PA.NUS.PPP,ISL,Iceland,2011,135.152004,,,2
PA.NUS.PPP,ISL,Iceland,2012,136.96767,,,2
PA.NUS.PPP,ISL,Iceland,2013,137.022617,,,2
PA.NUS.PPP,ISL,Iceland,2014,138.547869,,,2
PA.NUS.PPP,ISL,Iceland,2015,141.974926,,,2
PA.NUS.PPP,ISL,Iceland,2016,140.02995,,,2
PA.NUS.PPP,ISL,Iceland,2017,138.277175,,,2
PA.NUS.PPP,ISL,Iceland,2018,140.970278,,,2
PA.NUS.PPP,ISL,Iceland,2019,138.667852,,,2
PA.NUS.PPP,ISL,Iceland,2020,143.25338,,,2
PA.NUS.PPP,ISL,Iceland,2021,142.588157,,,2
PA.NUS.PPP,ISL,Iceland,2022,134.899492,,,2
PA.NUS.PPP,ISL,Iceland,2023,137.850321,,,2
PA.NUS.PPP,ISL,Iceland,2024,141.758111,,,2
PA.NUS.PPP,ISL,Iceland,2025,151.367985,,,2
PA.NUS.PPP,ISR,Israel,1990,1.70674,,,2
PA.NUS.PPP,ISR,Israel,1991,1.983234,,,2
PA.NUS.PPP,ISR,Israel,1992,2.172858,,,2
PA.NUS.PPP,ISR,Israel,1993,2.357943,,,2
PA.NUS.PPP,ISR,Israel,1994,2.598105,,,2
PA.NUS.PPP,ISR,Israel,1995,2.775539,,,2
PA.NUS.PPP,ISR,Israel,1996,2.978542,,,2
PA.NUS.PPP,ISR,Israel,1997,3.169283,,,2
PA.NUS.PPP,ISR,Israel,1998,3.346311,,,2
PA.NUS.PPP,ISR,Israel,1999,3.504641,,,2
PA.NUS.PPP,ISR,Israel,2000,3.434893,,,2
PA.NUS.PPP,ISR,Israel,2001,3.416906,,,2
PA.NUS.PPP,ISR,Israel,2002,3.462676,,,2
PA.NUS.PPP,ISR,Israel,2003,3.621458,,,2
PA.NUS.PPP,ISR,Israel,2004,3.535081,,,2
PA.NUS.PPP,ISR,Israel,2005,3.716937,,,2
PA.NUS.PPP,ISR,Israel,2006,3.804289,,,2
PA.NUS.PPP,ISR,Israel,2007,3.732781,,,2
PA.NUS.PPP,ISR,Israel,2008,3.867205,,,2
PA.NUS.PPP,ISR,Israel,2009,3.991334,,,2
PA.NUS.PPP,ISR,Israel,2010,3.990703,,,2
PA.NUS.PPP,ISR,Israel,2011,3.944763,,,2
PA.NUS.PPP,ISR,Israel,2012,3.955358,,,2
PA.NUS.PPP,ISR,Israel,2013,3.839566,,,2
PA.NUS.PPP,ISR,Israel,2014,3.940387,,,2
PA.NUS.PPP,ISR,Israel,2015,3.923925,,,2
PA.NUS.PPP,ISR,Israel,2016,3.788511,,,2
PA.NUS.PPP,ISR,Israel,2017,3.751633,,,2
PA.NUS.PPP,ISR,Israel,2018,3.784664,,,2
PA.NUS.PPP,ISR,Israel,2019,3.816864,,,2
PA.NUS.PPP,ISR,Israel,2020,3.746701,,,2
PA.NUS.PPP,ISR,Israel,2021,3.657664,,,2
PA.NUS.PPP,ISR,Israel,2022,3.442983,,,2
PA.NUS.PPP,ISR,Israel,2023,3.456822,,,2
PA.NUS.PPP,ISR,Israel,2024,3.50198,,,2
PA.NUS.PPP,ISR,Israel,2025,3.487723,,,2
PA.NUS.PPP,ITA,Italy,1990,0.691461,,,2
PA.NUS.PPP,ITA,Italy,1991,0.71955,,,2
PA.NUS.PPP,ITA,Italy,1992,0.734248,,,2
PA.NUS.PPP,ITA,Italy,1993,0.745119,,,2
PA.NUS.PPP,ITA,Italy,1994,0.755385,,,2
PA.NUS.PPP,ITA,Italy,1995,0.776313,,,2
PA.NUS.PPP,ITA,Italy,1996,0.797664,,,2
PA.NUS.PPP,ITA,Italy,1997,0.804166,,,2
PA.NUS.PPP,ITA,Italy,1998,0.799785,,,2
PA.NUS.PPP,ITA,Italy,1999,0.806447,,,2
PA.NUS.PPP,ITA,Italy,2000,0.805086,,,2
PA.NUS.PPP,ITA,Italy,2001,0.816362,,,2
PA.NUS.PPP,ITA,Italy,2002,0.823489,,,2
PA.NUS.PPP,ITA,Italy,2003,0.833524,,,2
PA.NUS.PPP,ITA,Italy,2004,0.851953,,,2
PA.NUS.PPP,ITA,Italy,2005,0.855139,,,2
PA.NUS.PPP,ITA,Italy,2006,0.823022,,,2
PA.NUS.PPP,ITA,Italy,2007,0.809227,,,2
PA.NUS.PPP,ITA,Italy,2008,0.783694,,,2
PA.NUS.PPP,ITA,Italy,2009,0.770943,,,2
PA.NUS.PPP,ITA,Italy,2010,0.773348,,,2
PA.NUS.PPP,ITA,Italy,2011,0.758687,,,2
PA.NUS.PPP,ITA,Italy,2012,0.747731,,,2
PA.NUS.PPP,ITA,Italy,2013,0.737299,,,2
PA.NUS.PPP,ITA,Italy,2014,0.739644,,,2
PA.NUS.PPP,ITA,Italy,2015,0.738694,,,2
PA.NUS.PPP,ITA,Italy,2016,0.700544,,,2
PA.NUS.PPP,ITA,Italy,2017,0.689895,,,2
PA.NUS.PPP,ITA,Italy,2018,0.681219,,,2
PA.NUS.PPP,ITA,Italy,2019,0.647298,,,2
PA.NUS.PPP,ITA,Italy,2020,0.632292,,,2
PA.NUS.PPP,ITA,Italy,2021,0.625356,,,2
PA.NUS.PPP,ITA,Italy,2022,0.59129,,,2
PA.NUS.PPP,ITA,Italy,2023,0.601949,,,2
PA.NUS.PPP,ITA,Italy,2024,0.599627,,,2
PA.NUS.PPP,ITA,Italy,2025,0.610275,,,2
PA.NUS.PPP,JAM,Jamaica,1990,2.74536892773952,,,2
PA.NUS.PPP,JAM,Jamaica,1991,4.06649918420079,,,2
PA.NUS.PPP,JAM,Jamaica,1992,6.36285169001947,,,2
PA.NUS.PPP,JAM,Jamaica,1993,9.49771781950972,,,2
PA.NUS.PPP,JAM,Jamaica,1994,12.1918755808752,,,2
PA.NUS.PPP,JAM,Jamaica,1995,14.9491873987451,,,2
PA.NUS.PPP,JAM,Jamaica,1996,17.4509287461062,,,2
PA.NUS.PPP,JAM,Jamaica,1997,18.803479773667,,,2
PA.NUS.PPP,JAM,Jamaica,1998,20.143992947319,,,2
PA.NUS.PPP,JAM,Jamaica,1999,21.2366443944223,,,2
PA.NUS.PPP,JAM,Jamaica,2000,22.9647877153406,,,2
PA.NUS.PPP,JAM,Jamaica,2001,24.2125421516919,,,2
PA.NUS.PPP,JAM,Jamaica,2002,26.0078127625606,,,2
PA.NUS.PPP,JAM,Jamaica,2003,28.4689093869673,,,2
PA.NUS.PPP,JAM,Jamaica,2004,31.2882441410212,,,2
PA.NUS.PPP,JAM,Jamaica,2005,33.8163174557271,,,2
PA.NUS.PPP,JAM,Jamaica,2006,35.7072957643627,,,2
PA.NUS.PPP,JAM,Jamaica,2007,38.7011371682492,,,2
PA.NUS.PPP,JAM,Jamaica,2008,43.1132395361197,,,2
PA.NUS.PPP,JAM,Jamaica,2009,47.84364606641,,,2
PA.NUS.PPP,JAM,Jamaica,2010,51.9064085889204,,,2
PA.NUS.PPP,JAM,Jamaica,2011,53.8049468994141,,,2
PA.NUS.PPP,JAM,Jamaica,2012,56.6069358389909,,,2
PA.NUS.PPP,JAM,Jamaica,2013,59.6113221385822,,,2
PA.NUS.PPP,JAM,Jamaica,2014,63.1997713041459,,,2
PA.NUS.PPP,JAM,Jamaica,2015,65.9062696407354,,,2
PA.NUS.PPP,JAM,Jamaica,2016,66.675524485405,,,2
PA.NUS.PPP,JAM,Jamaica,2017,68.5327301025391,,,2
PA.NUS.PPP,JAM,Jamaica,2018,71.6331405639648,,,2
PA.NUS.PPP,JAM,Jamaica,2019,74.1321411132813,,,2
PA.NUS.PPP,JAM,Jamaica,2020,77.2810134887695,,,2
PA.NUS.PPP,JAM,Jamaica,2021,81.3269805908203,,,2
PA.NUS.PPP,JAM,Jamaica,2022,85.5366556074584,,,2
PA.NUS.PPP,JAM,Jamaica,2023,91.8329135889699,,,2
PA.NUS.PPP,JAM,Jamaica,2024,93.9657613558653,,,2
PA.NUS.PPP,JAM,Jamaica,2025,95.7950373528488,,,2
PA.NUS.PPP,JOR,Jordan,1990,0.18185298644952,,,2
PA.NUS.PPP,JOR,Jordan,1991,0.185465084318011,,,2
PA.NUS.PPP,JOR,Jordan,1992,0.193552211982693,,,2
PA.NUS.PPP,JOR,Jordan,1993,0.194684091563409,,,2
PA.NUS.PPP,JOR,Jordan,1994,0.203693531607431,,,2
PA.NUS.PPP,JOR,Jordan,1995,0.203270376089569,,,2
PA.NUS.PPP,JOR,Jordan,1996,0.203701151252535,,,2
PA.NUS.PPP,JOR,Jordan,1997,0.202742186787593,,,2
PA.NUS.PPP,JOR,Jordan,1998,0.212527124794171,,,2
PA.NUS.PPP,JOR,Jordan,1999,0.208779520160143,,,2
PA.NUS.PPP,JOR,Jordan,2000,0.203310075228063,,,2
PA.NUS.PPP,JOR,Jordan,2001,0.20037176027738,,,2
PA.NUS.PPP,JOR,Jordan,2002,0.199129751017153,,,2
PA.NUS.PPP,JOR,Jordan,2003,0.19946747499517,,,2
PA.NUS.PPP,JOR,Jordan,2004,0.200256090230118,,,2
PA.NUS.PPP,JOR,Jordan,2005,0.198063971403027,,,2
PA.NUS.PPP,JOR,Jordan,2006,0.21260044737186,,,2
PA.NUS.PPP,JOR,Jordan,2007,0.217443367544626,,,2
PA.NUS.PPP,JOR,Jordan,2008,0.263732320726398,,,2
PA.NUS.PPP,JOR,Jordan,2009,0.267085475388194,,,2
PA.NUS.PPP,JOR,Jordan,2010,0.282750902155806,,,2
PA.NUS.PPP,JOR,Jordan,2011,0.290935188531876,,,2
PA.NUS.PPP,JOR,Jordan,2012,0.303982846164697,,,2
PA.NUS.PPP,JOR,Jordan,2013,0.311815298449383,,,2
PA.NUS.PPP,JOR,Jordan,2014,0.32540655643805,,,2
PA.NUS.PPP,JOR,Jordan,2015,0.320099444614723,,,2
PA.NUS.PPP,JOR,Jordan,2016,0.323572037655516,,,2
PA.NUS.PPP,JOR,Jordan,2017,0.311540961265564,,,2
PA.NUS.PPP,JOR,Jordan,2018,0.325495779514313,,,2
PA.NUS.PPP,JOR,Jordan,2019,0.314005553722382,,,2
PA.NUS.PPP,JOR,Jordan,2020,0.298109263181686,,,2
PA.NUS.PPP,JOR,Jordan,2021,0.323472499847412,,,2
PA.NUS.PPP,JOR,Jordan,2022,0.310232058396914,,,2
PA.NUS.PPP,JOR,Jordan,2023,0.304214246597533,,,2
PA.NUS.PPP,JOR,Jordan,2024,0.302314065193508,,,2
PA.NUS.PPP,JOR,Jordan,2025,0.300588436411238,,,2
PA.NUS.PPP,JPN,Japan,1990,187.619696,,,2
PA.NUS.PPP,JPN,Japan,1991,186.75359,,,2
PA.NUS.PPP,JPN,Japan,1992,185.65514,,,2
PA.NUS.PPP,JPN,Japan,1993,182.314711,,,2
PA.NUS.PPP,JPN,Japan,1994,178.836771,,,2
PA.NUS.PPP,JPN,Japan,1995,174.247214,,,2
PA.NUS.PPP,JPN,Japan,1996,170.351722,,,2
PA.NUS.PPP,JPN,Japan,1997,168.308686,,,2
PA.NUS.PPP,JPN,Japan,1998,166.393737,,,2
PA.NUS.PPP,JPN,Japan,1999,162.03574,,,2
PA.NUS.PPP,JPN,Japan,2000,154.687365,,,2
PA.NUS.PPP,JPN,Japan,2001,149.639771,,,2
PA.NUS.PPP,JPN,Japan,2002,143.774205,,,2
PA.NUS.PPP,JPN,Japan,2003,139.581668,,,2
PA.NUS.PPP,JPN,Japan,2004,134.397629,,,2
PA.NUS.PPP,JPN,Japan,2005,129.551955,,,2
PA.NUS.PPP,JPN,Japan,2006,124.459311,,,2
PA.NUS.PPP,JPN,Japan,2007,120.321744,,,2
PA.NUS.PPP,JPN,Japan,2008,116.845814,,,2
PA.NUS.PPP,JPN,Japan,2009,115.232346,,,2
PA.NUS.PPP,JPN,Japan,2010,111.707557,,,2
PA.NUS.PPP,JPN,Japan,2011,107.454281,,,2
PA.NUS.PPP,JPN,Japan,2012,104.273972,,,2
PA.NUS.PPP,JPN,Japan,2013,101.302673,,,2
PA.NUS.PPP,JPN,Japan,2014,103.052076,,,2
PA.NUS.PPP,JPN,Japan,2015,103.469437,,,2
PA.NUS.PPP,JPN,Japan,2016,105.519502,,,2
PA.NUS.PPP,JPN,Japan,2017,105.101901,,,2
PA.NUS.PPP,JPN,Japan,2018,104.158636,,,2
PA.NUS.PPP,JPN,Japan,2019,103.231509,,,2
PA.NUS.PPP,JPN,Japan,2020,100.742048,,,2
PA.NUS.PPP,JPN,Japan,2021,99.211289,,,2
PA.NUS.PPP,JPN,Japan,2022,94.922107,,,2
PA.NUS.PPP,JPN,Japan,2023,93.831737,,,2
PA.NUS.PPP,JPN,Japan,2024,94.462599,,,2
PA.NUS.PPP,JPN,Japan,2025,97.08005,,,2
PA.NUS.PPP,KAZ,Kazakhstan,1990,0.000686289282573416,,,2
PA.NUS.PPP,KAZ,Kazakhstan,1991,0.00130349195025132,,,2
PA.NUS.PPP,KAZ,Kazakhstan,1992,0.0200370973708978,,,2
PA.NUS.PPP,KAZ,Kazakhstan,1993,0.262957766997701,,,2
PA.NUS.PPP,KAZ,Kazakhstan,1994,4.23967068240905,,,2
PA.NUS.PPP,KAZ,Kazakhstan,1995,10.8336722467394,,,2
PA.NUS.PPP,KAZ,Kazakhstan,1996,14.777391543836,,,2
PA.NUS.PPP,KAZ,Kazakhstan,1997,16.8709016223816,,,2
PA.NUS.PPP,KAZ,Kazakhstan,1998,17.6281577805975,,,2
PA.NUS.PPP,KAZ,Kazakhstan,1999,19.6905611615486,,,2
PA.NUS.PPP,KAZ,Kazakhstan,2000,22.6097623924453,,,2
PA.NUS.PPP,KAZ,Kazakhstan,2001,24.3576489521031,,,2
PA.NUS.PPP,KAZ,Kazakhstan,2002,25.3768234264825,,,2
PA.NUS.PPP,KAZ,Kazakhstan,2003,27.8066964025706,,,2
PA.NUS.PPP,KAZ,Kazakhstan,2004,31.4467385967767,,,2
PA.NUS.PPP,KAZ,Kazakhstan,2005,35.9408788722456,,,2
PA.NUS.PPP,KAZ,Kazakhstan,2006,42.3798277688647,,,2
PA.NUS.PPP,KAZ,Kazakhstan,2007,47.6687161257487,,,2
PA.NUS.PPP,KAZ,Kazakhstan,2008,56.5591641899303,,,2
PA.NUS.PPP,KAZ,Kazakhstan,2009,58.8494307579092,,,2
PA.NUS.PPP,KAZ,Kazakhstan,2010,69.5052662275366,,,2
PA.NUS.PPP,KAZ,Kazakhstan,2011,82.0900955200195,,,2
PA.NUS.PPP,KAZ,Kazakhstan,2012,83.8739423586594,,,2
PA.NUS.PPP,KAZ,Kazakhstan,2013,86.32041979476,,,2
PA.NUS.PPP,KAZ,Kazakhstan,2014,92.951476814048,,,2
PA.NUS.PPP,KAZ,Kazakhstan,2015,100.548503768533,,,2
PA.NUS.PPP,KAZ,Kazakhstan,2016,111.098913040409,,,2
PA.NUS.PPP,KAZ,Kazakhstan,2017,121.613784790039,,,2
PA.NUS.PPP,KAZ,Kazakhstan,2018,130.108551025391,,,2
PA.NUS.PPP,KAZ,Kazakhstan,2019,126.168754577637,,,2
PA.NUS.PPP,KAZ,Kazakhstan,2020,124.875175476074,,,2
PA.NUS.PPP,KAZ,Kazakhstan,2021,129.063003540039,,,2
PA.NUS.PPP,KAZ,Kazakhstan,2022,144.313196719951,,,2
PA.NUS.PPP,KAZ,Kazakhstan,2023,152.415361023158,,,2
PA.NUS.PPP,KAZ,Kazakhstan,2024,162.098669079355,,,2
PA.NUS.PPP,KAZ,Kazakhstan,2025,172.827127700445,,,2
PA.NUS.PPP,KEN,Kenya,1990,8.46445381887982,,,2
PA.NUS.PPP,KEN,Kenya,1991,9.21362841734919,,,2
PA.NUS.PPP,KEN,Kenya,1992,10.7106688041591,,,2
PA.NUS.PPP,KEN,Kenya,1993,13.1514169690049,,,2
PA.NUS.PPP,KEN,Kenya,1994,15.0675936100461,,,2
PA.NUS.PPP,KEN,Kenya,1995,16.4141846444111,,,2
PA.NUS.PPP,KEN,Kenya,1996,17.5885370906229,,,2
PA.NUS.PPP,KEN,Kenya,1997,19.2675652209895,,,2
PA.NUS.PPP,KEN,Kenya,1998,20.3741002437314,,,2
PA.NUS.PPP,KEN,Kenya,1999,20.9323640985434,,,2
PA.NUS.PPP,KEN,Kenya,2000,21.7131743434279,,,2
PA.NUS.PPP,KEN,Kenya,2001,21.5690798972101,,,2
PA.NUS.PPP,KEN,Kenya,2002,21.4372303361052,,,2
PA.NUS.PPP,KEN,Kenya,2003,22.3249969516831,,,2
PA.NUS.PPP,KEN,Kenya,2004,23.2897814850122,,,2
PA.NUS.PPP,KEN,Kenya,2005,23.6881674718639,,,2
PA.NUS.PPP,KEN,Kenya,2006,24.7688720437731,,,2
PA.NUS.PPP,KEN,Kenya,2007,26.0759880122086,,,2
PA.NUS.PPP,KEN,Kenya,2008,29.4592130640191,,,2
PA.NUS.PPP,KEN,Kenya,2009,32.6858710061636,,,2
PA.NUS.PPP,KEN,Kenya,2010,32.8227669739364,,,2
PA.NUS.PPP,KEN,Kenya,2011,35.3961219787598,,,2
PA.NUS.PPP,KEN,Kenya,2012,38.1491624407889,,,2
PA.NUS.PPP,KEN,Kenya,2013,38.0067807273639,,,2
PA.NUS.PPP,KEN,Kenya,2014,38.8071942493241,,,2
PA.NUS.PPP,KEN,Kenya,2015,39.7461923763189,,,2
PA.NUS.PPP,KEN,Kenya,2016,40.2768851704376,,,2
PA.NUS.PPP,KEN,Kenya,2017,41.2794494628906,,,2
PA.NUS.PPP,KEN,Kenya,2018,42.1700057983398,,,2
PA.NUS.PPP,KEN,Kenya,2019,42.6559524536133,,,2
PA.NUS.PPP,KEN,Kenya,2020,42.8165397644043,,,2
PA.NUS.PPP,KEN,Kenya,2021,42.3316535949707,,,2
PA.NUS.PPP,KEN,Kenya,2022,42.2702192058264,,,2
PA.NUS.PPP,KEN,Kenya,2023,42.969527633291,,,2
PA.NUS.PPP,KEN,Kenya,2024,43.2560168752789,,,2
PA.NUS.PPP,KEN,Kenya,2025,43.5471478663385,,,2
PA.NUS.PPP,KGZ,Kyrgyz Republic,1990,0.0038316342602778,,,2
PA.NUS.PPP,KGZ,Kyrgyz Republic,1991,0.00870132563273732,,,2
PA.NUS.PPP,KGZ,Kyrgyz Republic,1992,0.0791289213143944,,,2
PA.NUS.PPP,KGZ,Kyrgyz Republic,1993,0.6604449347846,,,2
PA.NUS.PPP,KGZ,Kyrgyz Republic,1994,1.81624383797577,,,2
PA.NUS.PPP,KGZ,Kyrgyz Republic,1995,2.52665482548753,,,2
PA.NUS.PPP,KGZ,Kyrgyz Republic,1996,3.35816796479143,,,2
PA.NUS.PPP,KGZ,Kyrgyz Republic,1997,3.93869430017144,,,2
PA.NUS.PPP,KGZ,Kyrgyz Republic,1998,4.24848229109436,,,2
PA.NUS.PPP,KGZ,Kyrgyz Republic,1999,5.7632698174968,,,2
PA.NUS.PPP,KGZ,Kyrgyz Republic,2000,7.16634242545567,,,2
PA.NUS.PPP,KGZ,Kyrgyz Republic,2001,7.52246585750168,,,2
PA.NUS.PPP,KGZ,Kyrgyz Republic,2002,7.55737679567287,,,2
PA.NUS.PPP,KGZ,Kyrgyz Republic,2003,7.70561633787296,,,2
PA.NUS.PPP,KGZ,Kyrgyz Republic,2004,7.88717958902723,,,2
PA.NUS.PPP,KGZ,Kyrgyz Republic,2005,8.19255305161117,,,2
PA.NUS.PPP,KGZ,Kyrgyz Republic,2006,8.69386181732999,,,2
PA.NUS.PPP,KGZ,Kyrgyz Republic,2007,9.7237667356433,,,2
PA.NUS.PPP,KGZ,Kyrgyz Republic,2008,11.6593556897776,,,2
PA.NUS.PPP,KGZ,Kyrgyz Republic,2009,12.0554901813113,,,2
PA.NUS.PPP,KGZ,Kyrgyz Republic,2010,13.1058527549152,,,2
PA.NUS.PPP,KGZ,Kyrgyz Republic,2011,15.7278079986572,,,2
PA.NUS.PPP,KGZ,Kyrgyz Republic,2012,15.3066004681555,,,2
PA.NUS.PPP,KGZ,Kyrgyz Republic,2013,15.3713027671433,,,2
PA.NUS.PPP,KGZ,Kyrgyz Republic,2014,16.0463237607682,,,2
PA.NUS.PPP,KGZ,Kyrgyz Republic,2015,17.1601710682343,,,2
PA.NUS.PPP,KGZ,Kyrgyz Republic,2016,16.754661356211,,,2
PA.NUS.PPP,KGZ,Kyrgyz Republic,2017,16.9797916412354,,,2
PA.NUS.PPP,KGZ,Kyrgyz Republic,2018,18.4928894042969,,,2
PA.NUS.PPP,KGZ,Kyrgyz Republic,2019,18.709680557251,,,2
PA.NUS.PPP,KGZ,Kyrgyz Republic,2020,18.3638648986816,,,2
PA.NUS.PPP,KGZ,Kyrgyz Republic,2021,19.9189929962158,,,2
PA.NUS.PPP,KGZ,Kyrgyz Republic,2022,22.2518617475837,,,2
PA.NUS.PPP,KGZ,Kyrgyz Republic,2023,25.7192364470372,,,2
PA.NUS.PPP,KGZ,Kyrgyz Republic,2024,26.7014758852856,,,2
PA.NUS.PPP,KGZ,Kyrgyz Republic,2025,29.1935664341276,,,2
PA.NUS.PPP,KHM,Cambodia,1990,73.2412829325629,,,2
PA.NUS.PPP,KHM,Cambodia,1991,146.961781267844,,,2
PA.NUS.PPP,KHM,Cambodia,1992,252.058867004542,,,2
PA.NUS.PPP,KHM,Cambodia,1993,510.66565531919,,,2
PA.NUS.PPP,KHM,Cambodia,1994,799.810277387504,,,2
PA.NUS.PPP,KHM,Cambodia,1995,846.088688846252,,,2
PA.NUS.PPP,KHM,Cambodia,1996,856.073652207512,,,2
PA.NUS.PPP,KHM,Cambodia,1997,892.097762529544,,,2
PA.NUS.PPP,KHM,Cambodia,1998,973.557428382305,,,2
PA.NUS.PPP,KHM,Cambodia,1999,972.083429980132,,,2
PA.NUS.PPP,KHM,Cambodia,2000,909.837301664654,,,2
PA.NUS.PPP,KHM,Cambodia,2001,946.728408984239,,,2
PA.NUS.PPP,KHM,Cambodia,2002,950.821724738334,,,2
PA.NUS.PPP,KHM,Cambodia,2003,962.9270042953,,,2
PA.NUS.PPP,KHM,Cambodia,2004,1008.06569574082,,,2
PA.NUS.PPP,KHM,Cambodia,2005,1055.77596874352,,,2
PA.NUS.PPP,KHM,Cambodia,2006,1093.80879875829,,,2
PA.NUS.PPP,KHM,Cambodia,2007,1156.54528258853,,,2
PA.NUS.PPP,KHM,Cambodia,2008,1268.44459210644,,,2
PA.NUS.PPP,KHM,Cambodia,2009,1270.13840082538,,,2
PA.NUS.PPP,KHM,Cambodia,2010,1333.50662885188,,,2
PA.NUS.PPP,KHM,Cambodia,2011,1371.2353515625,,,2
PA.NUS.PPP,KHM,Cambodia,2012,1342.42968410045,,,2
PA.NUS.PPP,KHM,Cambodia,2013,1351.39792921377,,,2
PA.NUS.PPP,KHM,Cambodia,2014,1403.65131683703,,,2
PA.NUS.PPP,KHM,Cambodia,2015,1419.62490608612,,,2
PA.NUS.PPP,KHM,Cambodia,2016,1431.95643542498,,,2
PA.NUS.PPP,KHM,Cambodia,2017,1464.89099121094,,,2
PA.NUS.PPP,KHM,Cambodia,2018,1468.92175292969,,,2
PA.NUS.PPP,KHM,Cambodia,2019,1468.90258789063,,,2
PA.NUS.PPP,KHM,Cambodia,2020,1433.76916503906,,,2
PA.NUS.PPP,KHM,Cambodia,2021,1426.95983886719,,,2
PA.NUS.PPP,KHM,Cambodia,2022,1378.68596342675,,,2
PA.NUS.PPP,KHM,Cambodia,2023,1343.02092677806,,,2
PA.NUS.PPP,KHM,Cambodia,2024,1340.8205322666,,,2
PA.NUS.PPP,KHM,Cambodia,2025,1349.49224235827,,,2
PA.NUS.PPP,KIR,Kiribati,1990,0.524738713166559,,,2
PA.NUS.PPP,KIR,Kiribati,1991,0.608646336460435,,,2
PA.NUS.PPP,KIR,Kiribati,1992,0.759094954265817,,,2
PA.NUS.PPP,KIR,Kiribati,1993,0.768577973631398,,,2
PA.NUS.PPP,KIR,Kiribati,1994,0.780130031334908,,,2
PA.NUS.PPP,KIR,Kiribati,1995,0.750321980844982,,,2
PA.NUS.PPP,KIR,Kiribati,1996,0.829244931383847,,,2
PA.NUS.PPP,KIR,Kiribati,1997,0.836486803765479,,,2
PA.NUS.PPP,KIR,Kiribati,1998,0.87386479670859,,,2
PA.NUS.PPP,KIR,Kiribati,1999,0.901370624569125,,,2
PA.NUS.PPP,KIR,Kiribati,2000,0.890213187946272,,,2
PA.NUS.PPP,KIR,Kiribati,2001,0.873423480047635,,,2
PA.NUS.PPP,KIR,Kiribati,2002,0.928963313513554,,,2
PA.NUS.PPP,KIR,Kiribati,2003,0.996981444343458,,,2
PA.NUS.PPP,KIR,Kiribati,2004,0.932949679858932,,,2
PA.NUS.PPP,KIR,Kiribati,2005,0.941075660456565,,,2
PA.NUS.PPP,KIR,Kiribati,2006,0.86329139889015,,,2
PA.NUS.PPP,KIR,Kiribati,2007,0.902001288945393,,,2
PA.NUS.PPP,KIR,Kiribati,2008,0.969045847501194,,,2
PA.NUS.PPP,KIR,Kiribati,2009,0.982352916133718,,,2
PA.NUS.PPP,KIR,Kiribati,2010,0.962228715133838,,,2
PA.NUS.PPP,KIR,Kiribati,2011,0.961621381691926,,,2
PA.NUS.PPP,KIR,Kiribati,2012,0.938924380875571,,,2
PA.NUS.PPP,KIR,Kiribati,2013,0.895707674252653,,,2
PA.NUS.PPP,KIR,Kiribati,2014,0.924431628871582,,,2
PA.NUS.PPP,KIR,Kiribati,2015,0.944684861003046,,,2
PA.NUS.PPP,KIR,Kiribati,2016,0.951855795724369,,,2
PA.NUS.PPP,KIR,Kiribati,2017,0.944675912536428,,,2
PA.NUS.PPP,KIR,Kiribati,2018,0.960446416261646,,,2
PA.NUS.PPP,KIR,Kiribati,2019,0.911646299153458,,,2
PA.NUS.PPP,KIR,Kiribati,2020,0.937517740517453,,,2
PA.NUS.PPP,KIR,Kiribati,2021,0.97877842181364,,,2
PA.NUS.PPP,KIR,Kiribati,2022,0.89469854215867,,,2
PA.NUS.PPP,KIR,Kiribati,2023,0.939254719016737,,,2
PA.NUS.PPP,KIR,Kiribati,2024,1.03691322245715,,,2
PA.NUS.PPP,KIR,Kiribati,2025,1.00874671689262,,,2
PA.NUS.PPP,KNA,St. Kitts and Nevis,1990,1.48641500427334,,,2
PA.NUS.PPP,KNA,St. Kitts and Nevis,1991,1.48724040385895,,,2
PA.NUS.PPP,KNA,St. Kitts and Nevis,1992,1.53113193974424,,,2
PA.NUS.PPP,KNA,St. Kitts and Nevis,1993,1.52545621698353,,,2
PA.NUS.PPP,KNA,St. Kitts and Nevis,1994,1.5872438201683,,,2
PA.NUS.PPP,KNA,St. Kitts and Nevis,1995,1.56682846580987,,,2
PA.NUS.PPP,KNA,St. Kitts and Nevis,1996,1.5485961441289,,,2
PA.NUS.PPP,KNA,St. Kitts and Nevis,1997,1.59716968071436,,,2
PA.NUS.PPP,KNA,St. Kitts and Nevis,1998,1.62364573584855,,,2
PA.NUS.PPP,KNA,St. Kitts and Nevis,1999,1.64549801987048,,,2
PA.NUS.PPP,KNA,St. Kitts and Nevis,2000,1.63813671209555,,,2
PA.NUS.PPP,KNA,St. Kitts and Nevis,2001,1.66512042425298,,,2
PA.NUS.PPP,KNA,St. Kitts and Nevis,2002,1.69663474426549,,,2
PA.NUS.PPP,KNA,St. Kitts and Nevis,2003,1.69156146486723,,,2
PA.NUS.PPP,KNA,St. Kitts and Nevis,2004,1.71050603500109,,,2
PA.NUS.PPP,KNA,St. Kitts and Nevis,2005,1.63157415705902,,,2
PA.NUS.PPP,KNA,St. Kitts and Nevis,2006,1.8070155672281,,,2
PA.NUS.PPP,KNA,St. Kitts and Nevis,2007,1.87061816524174,,,2
PA.NUS.PPP,KNA,St. Kitts and Nevis,2008,1.86013526869088,,,2
PA.NUS.PPP,KNA,St. Kitts and Nevis,2009,1.90548287253445,,,2
PA.NUS.PPP,KNA,St. Kitts and Nevis,2010,1.8944369304808,,,2
PA.NUS.PPP,KNA,St. Kitts and Nevis,2011,1.96119391918182,,,2
PA.NUS.PPP,KNA,St. Kitts and Nevis,2012,2.01793695370612,,,2
PA.NUS.PPP,KNA,St. Kitts and Nevis,2013,2.03725888609456,,,2
PA.NUS.PPP,KNA,St. Kitts and Nevis,2014,2.04040925302396,,,2
PA.NUS.PPP,KNA,St. Kitts and Nevis,2015,2.04214786936031,,,2
PA.NUS.PPP,KNA,St. Kitts and Nevis,2016,2.04667573482668,,,2
PA.NUS.PPP,KNA,St. Kitts and Nevis,2017,2.05065178871155,,,2
PA.NUS.PPP,KNA,St. Kitts and Nevis,2018,2.00792121887207,,,2
PA.NUS.PPP,KNA,St. Kitts and Nevis,2019,1.96132147312164,,,2
PA.NUS.PPP,KNA,St. Kitts and Nevis,2020,1.86340057849884,,,2
PA.NUS.PPP,KNA,St. Kitts and Nevis,2021,1.84317195415497,,,2
PA.NUS.PPP,KNA,St. Kitts and Nevis,2022,1.78031609721974,,,2
PA.NUS.PPP,KNA,St. Kitts and Nevis,2023,1.79247081385822,,,2
PA.NUS.PPP,KNA,St. Kitts and Nevis,2024,1.85383769695909,,,2
PA.NUS.PPP,KNA,St. Kitts and Nevis,2025,1.85174655680503,,,2
PA.NUS.PPP,KOR,"Korea, Rep.",1990,562.81864,,,2
PA.NUS.PPP,KOR,"Korea, Rep.",1991,593.748987,,,2
PA.NUS.PPP,KOR,"Korea, Rep.",1992,625.494825,,,2
PA.NUS.PPP,KOR,"Korea, Rep.",1993,649.240687,,,2
PA.NUS.PPP,KOR,"Korea, Rep.",1994,687.121498,,,2
PA.NUS.PPP,KOR,"Korea, Rep.",1995,720.334889,,,2
PA.NUS.PPP,KOR,"Korea, Rep.",1996,735.559277,,,2
PA.NUS.PPP,KOR,"Korea, Rep.",1997,751.005864,,,2
PA.NUS.PPP,KOR,"Korea, Rep.",1998,776.066263,,,2
PA.NUS.PPP,KOR,"Korea, Rep.",1999,754.89297,,,2
PA.NUS.PPP,KOR,"Korea, Rep.",2000,747.251482,,,2
PA.NUS.PPP,KOR,"Korea, Rep.",2001,756.670946,,,2
PA.NUS.PPP,KOR,"Korea, Rep.",2002,769.77179,,,2
PA.NUS.PPP,KOR,"Korea, Rep.",2003,790.859569,,,2
PA.NUS.PPP,KOR,"Korea, Rep.",2004,795.262864,,,2
PA.NUS.PPP,KOR,"Korea, Rep.",2005,788.920135,,,2
PA.NUS.PPP,KOR,"Korea, Rep.",2006,771.744441,,,2
PA.NUS.PPP,KOR,"Korea, Rep.",2007,770.254981,,,2
PA.NUS.PPP,KOR,"Korea, Rep.",2008,785.717886,,,2
PA.NUS.PPP,KOR,"Korea, Rep.",2009,828.190489,,,2
PA.NUS.PPP,KOR,"Korea, Rep.",2010,840.493838,,,2
PA.NUS.PPP,KOR,"Korea, Rep.",2011,854.585723,,,2
PA.NUS.PPP,KOR,"Korea, Rep.",2012,854.887268,,,2
PA.NUS.PPP,KOR,"Korea, Rep.",2013,869.081422,,,2
PA.NUS.PPP,KOR,"Korea, Rep.",2014,871.878106,,,2
PA.NUS.PPP,KOR,"Korea, Rep.",2015,857.483387,,,2
PA.NUS.PPP,KOR,"Korea, Rep.",2016,858.809687,,,2
PA.NUS.PPP,KOR,"Korea, Rep.",2017,872.624771,,,2
PA.NUS.PPP,KOR,"Korea, Rep.",2018,854.871397,,,2
PA.NUS.PPP,KOR,"Korea, Rep.",2019,847.547829,,,2
PA.NUS.PPP,KOR,"Korea, Rep.",2020,829.359157,,,2
PA.NUS.PPP,KOR,"Korea, Rep.",2021,829.867766,,,2
PA.NUS.PPP,KOR,"Korea, Rep.",2022,810.157015,,,2
PA.NUS.PPP,KOR,"Korea, Rep.",2023,811.048042,,,2
PA.NUS.PPP,KOR,"Korea, Rep.",2024,809.26722,,,2
PA.NUS.PPP,KOR,"Korea, Rep.",2025,816.329274,,,2
PA.NUS.PPP,KWT,Kuwait,1990,0.102395901120344,,,2
PA.NUS.PPP,KWT,Kuwait,1991,0.099013609330411,,,2
PA.NUS.PPP,KWT,Kuwait,1992,0.098582963327011,,,2
PA.NUS.PPP,KWT,Kuwait,1993,0.0891871848466628,,,2
PA.NUS.PPP,KWT,Kuwait,1994,0.0821964159651482,,,2
PA.NUS.PPP,KWT,Kuwait,1995,0.0844134705029518,,,2
PA.NUS.PPP,KWT,Kuwait,1996,0.0957531848040698,,,2
PA.NUS.PPP,KWT,Kuwait,1997,0.0896914008308643,,,2
PA.NUS.PPP,KWT,Kuwait,1998,0.0734780487123829,,,2
PA.NUS.PPP,KWT,Kuwait,1999,0.0855590115793141,,,2
PA.NUS.PPP,KWT,Kuwait,2000,0.100833117065299,,,2
PA.NUS.PPP,KWT,Kuwait,2001,0.0910010391631465,,,2
PA.NUS.PPP,KWT,Kuwait,2002,0.0942218341387117,,,2
PA.NUS.PPP,KWT,Kuwait,2003,0.0969441778422477,,,2
PA.NUS.PPP,KWT,Kuwait,2004,0.105140636234052,,,2
PA.NUS.PPP,KWT,Kuwait,2005,0.124138509974638,,,2
PA.NUS.PPP,KWT,Kuwait,2006,0.139905159087282,,,2
PA.NUS.PPP,KWT,Kuwait,2007,0.142082012073217,,,2
PA.NUS.PPP,KWT,Kuwait,2008,0.165411693478658,,,2
PA.NUS.PPP,KWT,Kuwait,2009,0.136176323870825,,,2
PA.NUS.PPP,KWT,Kuwait,2010,0.149479849816432,,,2
PA.NUS.PPP,KWT,Kuwait,2011,0.171689406037331,,,2
PA.NUS.PPP,KWT,Kuwait,2012,0.177855683979551,,,2
PA.NUS.PPP,KWT,Kuwait,2013,0.183309784165492,,,2
PA.NUS.PPP,KWT,Kuwait,2014,0.184760306448633,,,2
PA.NUS.PPP,KWT,Kuwait,2015,0.198600794503785,,,2
PA.NUS.PPP,KWT,Kuwait,2016,0.197206610920341,,,2
PA.NUS.PPP,KWT,Kuwait,2017,0.189230144023895,,,2
PA.NUS.PPP,KWT,Kuwait,2018,0.188494756817818,,,2
PA.NUS.PPP,KWT,Kuwait,2019,0.18986764550209,,,2
PA.NUS.PPP,KWT,Kuwait,2020,0.186391651630402,,,2
PA.NUS.PPP,KWT,Kuwait,2021,0.202588081359863,,,2
PA.NUS.PPP,KWT,Kuwait,2022,0.222487093571873,,,2
PA.NUS.PPP,KWT,Kuwait,2023,0.1972847490244,,,2
PA.NUS.PPP,KWT,Kuwait,2024,0.189696382555312,,,2
PA.NUS.PPP,KWT,Kuwait,2025,0.175361574871678,,,2
PA.NUS.PPP,LAO,Lao PDR,1990,140.383475057126,,,2
PA.NUS.PPP,LAO,Lao PDR,1991,153.405788741856,,,2
PA.NUS.PPP,LAO,Lao PDR,1992,158.977815655973,,,2
PA.NUS.PPP,LAO,Lao PDR,1993,172.662962941507,,,2
PA.NUS.PPP,LAO,Lao PDR,1994,182.07145253185,,,2
PA.NUS.PPP,LAO,Lao PDR,1995,213.4377566073,,,2
PA.NUS.PPP,LAO,Lao PDR,1996,238.368574366002,,,2
PA.NUS.PPP,LAO,Lao PDR,1997,279.676728065584,,,2
PA.NUS.PPP,LAO,Lao PDR,1998,510.281159294278,,,2
PA.NUS.PPP,LAO,Lao PDR,1999,1147.07594841785,,,2
PA.NUS.PPP,LAO,Lao PDR,2000,1399.81669931957,,,2
PA.NUS.PPP,LAO,Lao PDR,2001,1490.39441641512,,,2
PA.NUS.PPP,LAO,Lao PDR,2002,1560.31721601945,,,2
PA.NUS.PPP,LAO,Lao PDR,2003,1735.90897714426,,,2
PA.NUS.PPP,LAO,Lao PDR,2004,1871.16774604661,,,2
PA.NUS.PPP,LAO,Lao PDR,2005,1971.04156100809,,,2
PA.NUS.PPP,LAO,Lao PDR,2006,2118.67802561402,,,2
PA.NUS.PPP,LAO,Lao PDR,2007,2216.22801132584,,,2
PA.NUS.PPP,LAO,Lao PDR,2008,2367.05598978061,,,2
PA.NUS.PPP,LAO,Lao PDR,2009,2283.56756321705,,,2
PA.NUS.PPP,LAO,Lao PDR,2010,2463.63722305414,,,2
PA.NUS.PPP,LAO,Lao PDR,2011,2666.53491210938,,,2
PA.NUS.PPP,LAO,Lao PDR,2012,2618.47939086938,,,2
PA.NUS.PPP,LAO,Lao PDR,2013,2719.06547284056,,,2
PA.NUS.PPP,LAO,Lao PDR,2014,2747.66571723553,,,2
PA.NUS.PPP,LAO,Lao PDR,2015,2832.49758055387,,,2
PA.NUS.PPP,LAO,Lao PDR,2016,2775.05374890645,,,2
PA.NUS.PPP,LAO,Lao PDR,2017,2808.07495117188,,,2
PA.NUS.PPP,LAO,Lao PDR,2018,2855.97534179688,,,2
PA.NUS.PPP,LAO,Lao PDR,2019,2902.38134765625,,,2
PA.NUS.PPP,LAO,Lao PDR,2020,2953.51440429688,,,2
PA.NUS.PPP,LAO,Lao PDR,2021,3031.69677734375,,,2
PA.NUS.PPP,LAO,Lao PDR,2022,3276.84900579848,,,2
PA.NUS.PPP,LAO,Lao PDR,2023,3931.63306336066,,,2
PA.NUS.PPP,LAO,Lao PDR,2024,4375.37070071078,,,2
PA.NUS.PPP,LAO,Lao PDR,2025,4577.46196269632,,,2
PA.NUS.PPP,LBN,Lebanon,1990,183.521536527546,,,2
PA.NUS.PPP,LBN,Lebanon,1991,262.115678070758,,,2
PA.NUS.PPP,LBN,Lebanon,1992,505.974572208867,,,2
PA.NUS.PPP,LBN,Lebanon,1993,616.553627001327,,,2
PA.NUS.PPP,LBN,Lebanon,1994,651.195009557169,,,2
PA.NUS.PPP,LBN,Lebanon,1995,705.934905036234,,,2
PA.NUS.PPP,LBN,Lebanon,1996,705.292581757249,,,2
PA.NUS.PPP,LBN,Lebanon,1997,773.394292233055,,,2
PA.NUS.PPP,LBN,Lebanon,1998,795.527977353934,,,2
PA.NUS.PPP,LBN,Lebanon,1999,790.803780771913,,,2
PA.NUS.PPP,LBN,Lebanon,2000,757.141205057595,,,2
PA.NUS.PPP,LBN,Lebanon,2001,729.174896585442,,,2
PA.NUS.PPP,LBN,Lebanon,2002,753.351915036984,,,2
PA.NUS.PPP,LBN,Lebanon,2003,750.448103666299,,,2
PA.NUS.PPP,LBN,Lebanon,2004,721.773487489574,,,2
PA.NUS.PPP,LBN,Lebanon,2005,692.396966336946,,,2
PA.NUS.PPP,LBN,Lebanon,2006,677.599116197111,,,2
PA.NUS.PPP,LBN,Lebanon,2007,680.394143614282,,,2
PA.NUS.PPP,LBN,Lebanon,2008,717.819861240868,,,2
PA.NUS.PPP,LBN,Lebanon,2009,786.79156055807,,,2
PA.NUS.PPP,LBN,Lebanon,2010,781.84236333314,,,2
PA.NUS.PPP,LBN,Lebanon,2011,788.751806458703,,,2
PA.NUS.PPP,LBN,Lebanon,2012,786.13391986052,,,2
PA.NUS.PPP,LBN,Lebanon,2013,754.172472755552,,,2
PA.NUS.PPP,LBN,Lebanon,2014,707.768888257175,,,2
PA.NUS.PPP,LBN,Lebanon,2015,682.218128383862,,,2
PA.NUS.PPP,LBN,Lebanon,2016,643.812344730719,,,2
PA.NUS.PPP,LBN,Lebanon,2017,619.012889525663,,,2
PA.NUS.PPP,LBN,Lebanon,2018,629.079223632813,,,2
PA.NUS.PPP,LBN,Lebanon,2019,637.468505859375,,,2
PA.NUS.PPP,LBN,Lebanon,2020,1261.38049316406,,,2
PA.NUS.PPP,LBN,Lebanon,2021,4099.5078125,,,2
PA.NUS.PPP,LBN,Lebanon,2022,8119.57915962761,,,2
PA.NUS.PPP,LBN,Lebanon,2023,23717.2420473074,,,2
PA.NUS.PPP,LBN,Lebanon,2024,33594.2483818204,,,2
PA.NUS.PPP,LBR,Liberia,1990,0.219786316024099,,,2
PA.NUS.PPP,LBR,Liberia,1991,0.224384438552714,,,2
PA.NUS.PPP,LBR,Liberia,1992,0.21705242250299,,,2
PA.NUS.PPP,LBR,Liberia,1993,0.227029938198824,,,2
PA.NUS.PPP,LBR,Liberia,1994,0.234163374202947,,,2
PA.NUS.PPP,LBR,Liberia,1995,0.244287065944353,,,2
PA.NUS.PPP,LBR,Liberia,1996,0.253006770028582,,,2
PA.NUS.PPP,LBR,Liberia,1997,0.223824032861282,,,2
PA.NUS.PPP,LBR,Liberia,1998,0.206580668578447,,,2
PA.NUS.PPP,LBR,Liberia,1999,0.205567584711217,,,2
PA.NUS.PPP,LBR,Liberia,2000,0.309184508707449,,,2
PA.NUS.PPP,LBR,Liberia,2001,0.304553124715276,,,2
PA.NUS.PPP,LBR,Liberia,2002,0.295716114809382,,,2
PA.NUS.PPP,LBR,Liberia,2003,0.334972680211,,,2
PA.NUS.PPP,LBR,Liberia,2004,0.381192700630704,,,2
PA.NUS.PPP,LBR,Liberia,2005,0.371415035241303,,,2
PA.NUS.PPP,LBR,Liberia,2006,0.39321718311993,,,2
PA.NUS.PPP,LBR,Liberia,2007,0.428853876652703,,,2
PA.NUS.PPP,LBR,Liberia,2008,0.493647428347712,,,2
PA.NUS.PPP,LBR,Liberia,2009,0.477262520007966,,,2
PA.NUS.PPP,LBR,Liberia,2010,0.502238238507926,,,2
PA.NUS.PPP,LBR,Liberia,2011,0.545838707946248,,,2
PA.NUS.PPP,LBR,Liberia,2012,0.551767136741416,,,2
PA.NUS.PPP,LBR,Liberia,2013,0.522556696267726,,,2
PA.NUS.PPP,LBR,Liberia,2014,0.498116480600281,,,2
PA.NUS.PPP,LBR,Liberia,2015,0.516691387802859,,,2
PA.NUS.PPP,LBR,Liberia,2016,0.479498014061403,,,2
PA.NUS.PPP,LBR,Liberia,2017,0.419995359707115,,,2
PA.NUS.PPP,LBR,Liberia,2018,0.384615516378917,,,2
PA.NUS.PPP,LBR,Liberia,2019,0.346489368061895,,,2
PA.NUS.PPP,LBR,Liberia,2020,0.371666181394607,,,2
PA.NUS.PPP,LBR,Liberia,2021,0.433967147111521,,,2
PA.NUS.PPP,LBR,Liberia,2022,0.44026199757583,,,2
PA.NUS.PPP,LBR,Liberia,2023,0.444982686863957,,,2
PA.NUS.PPP,LBR,Liberia,2024,0.45443232675685,,,2
PA.NUS.PPP,LBR,Liberia,2025,0.462031881161655,,,2
PA.NUS.PPP,LBY,Libya,1990,0.107222870585997,,,2
PA.NUS.PPP,LBY,Libya,1991,0.0983975756408235,,,2
PA.NUS.PPP,LBY,Libya,1992,0.105053297984113,,,2
PA.NUS.PPP,LBY,Libya,1993,0.104297821420638,,,2
PA.NUS.PPP,LBY,Libya,1994,0.106995893421254,,,2
PA.NUS.PPP,LBY,Libya,1995,0.114845510498355,,,2
PA.NUS.PPP,LBY,Libya,1996,0.125933185413212,,,2
PA.NUS.PPP,LBY,Libya,1997,0.136686385477153,,,2
PA.NUS.PPP,LBY,Libya,1998,0.126209290792931,,,2
PA.NUS.PPP,LBY,Libya,1999,0.161755763396412,,,2
PA.NUS.PPP,LBY,Libya,2000,0.17922068185666,,,2
PA.NUS.PPP,LBY,Libya,2001,0.187867274709778,,,2
PA.NUS.PPP,LBY,Libya,2002,0.235397968030587,,,2
PA.NUS.PPP,LBY,Libya,2003,0.263995061515406,,,2
PA.NUS.PPP,LBY,Libya,2004,0.315196148780513,,,2
PA.NUS.PPP,LBY,Libya,2005,0.39292304948116,,,2
PA.NUS.PPP,LBY,Libya,2006,0.456180529503578,,,2
PA.NUS.PPP,LBY,Libya,2007,0.454981898569302,,,2
PA.NUS.PPP,LBY,Libya,2008,0.552215654561617,,,2
PA.NUS.PPP,LBY,Libya,2009,0.412461171357242,,,2
PA.NUS.PPP,LBY,Libya,2010,0.486070534838911,,,2
PA.NUS.PPP,LBY,Libya,2011,0.592176242072255,,,2
PA.NUS.PPP,LBY,Libya,2012,0.704332749231924,,,2
PA.NUS.PPP,LBY,Libya,2013,0.718589882406511,,,2
PA.NUS.PPP,LBY,Libya,2014,0.648675125903312,,,2
PA.NUS.PPP,LBY,Libya,2015,0.575411507630909,,,2
PA.NUS.PPP,LBY,Libya,2016,0.616923073831624,,,2
PA.NUS.PPP,LBY,Libya,2017,0.77058482170105,,,2
PA.NUS.PPP,LBY,Libya,2018,0.809508691865281,,,2
PA.NUS.PPP,LBY,Libya,2019,0.860261435847223,,,2
PA.NUS.PPP,LBY,Libya,2020,0.8430191214172,,,2
PA.NUS.PPP,LBY,Libya,2021,1.76263952255249,,,2
PA.NUS.PPP,LBY,Libya,2022,2.34945239292898,,,2
PA.NUS.PPP,LBY,Libya,2023,2.09293419877127,,,2
PA.NUS.PPP,LBY,Libya,2024,2.21602051230224,,,2
PA.NUS.PPP,LBY,Libya,2025,2.07074496071786,,,2
PA.NUS.PPP,LCA,St. Lucia,1990,1.601670198154,,,2
PA.NUS.PPP,LCA,St. Lucia,1991,1.63421289261859,,,2
PA.NUS.PPP,LCA,St. Lucia,1992,1.6256858970036,,,2
PA.NUS.PPP,LCA,St. Lucia,1993,1.60399360592373,,,2
PA.NUS.PPP,LCA,St. Lucia,1994,1.61095884619527,,,2
PA.NUS.PPP,LCA,St. Lucia,1995,1.65779738564858,,,2
PA.NUS.PPP,LCA,St. Lucia,1996,1.62143075571955,,,2
PA.NUS.PPP,LCA,St. Lucia,1997,1.63974921833919,,,2
PA.NUS.PPP,LCA,St. Lucia,1998,1.66093237700031,,,2
PA.NUS.PPP,LCA,St. Lucia,1999,1.67595771423071,,,2
PA.NUS.PPP,LCA,St. Lucia,2000,1.70445271677217,,,2
PA.NUS.PPP,LCA,St. Lucia,2001,1.65171422657016,,,2
PA.NUS.PPP,LCA,St. Lucia,2002,1.63313566581995,,,2
PA.NUS.PPP,LCA,St. Lucia,2003,1.68518820275192,,,2
PA.NUS.PPP,LCA,St. Lucia,2004,1.65267960497173,,,2
PA.NUS.PPP,LCA,St. Lucia,2005,1.71295494427194,,,2
PA.NUS.PPP,LCA,St. Lucia,2006,1.74771421863335,,,2
PA.NUS.PPP,LCA,St. Lucia,2007,1.76271634782867,,,2
PA.NUS.PPP,LCA,St. Lucia,2008,1.77319759081684,,,2
PA.NUS.PPP,LCA,St. Lucia,2009,1.76793978802361,,,2
PA.NUS.PPP,LCA,St. Lucia,2010,1.84143327708096,,,2
PA.NUS.PPP,LCA,St. Lucia,2011,1.82969319820404,,,2
PA.NUS.PPP,LCA,St. Lucia,2012,1.8598540066806,,,2
PA.NUS.PPP,LCA,St. Lucia,2013,1.84571845119126,,,2
PA.NUS.PPP,LCA,St. Lucia,2014,1.88300091358507,,,2
PA.NUS.PPP,LCA,St. Lucia,2015,1.94412526193526,,,2
PA.NUS.PPP,LCA,St. Lucia,2016,1.87649162213908,,,2
PA.NUS.PPP,LCA,St. Lucia,2017,1.89693486690521,,,2
PA.NUS.PPP,LCA,St. Lucia,2018,1.80317461490631,,,2
PA.NUS.PPP,LCA,St. Lucia,2019,1.70198357105255,,,2
PA.NUS.PPP,LCA,St. Lucia,2020,1.52291166782379,,,2
PA.NUS.PPP,LCA,St. Lucia,2021,1.47842586040497,,,2
PA.NUS.PPP,LCA,St. Lucia,2022,1.4339047001878,,,2
PA.NUS.PPP,LCA,St. Lucia,2023,1.40035911208423,,,2
PA.NUS.PPP,LCA,St. Lucia,2024,1.39179859388796,,,2
PA.NUS.PPP,LCA,St. Lucia,2025,1.38850270829587,,,2
PA.NUS.PPP,LKA,Sri Lanka,1990,9.9564797929583,,,2
PA.NUS.PPP,LKA,Sri Lanka,1991,10.6539616319827,,,2
PA.NUS.PPP,LKA,Sri Lanka,1992,11.3961277204209,,,2
PA.NUS.PPP,LKA,Sri Lanka,1993,12.2326132505899,,,2
PA.NUS.PPP,LKA,Sri Lanka,1994,13.1470945487713,,,2
PA.NUS.PPP,LKA,Sri Lanka,1995,14.0751152329721,,,2
PA.NUS.PPP,LKA,Sri Lanka,1996,15.3172616054484,,,2
PA.NUS.PPP,LKA,Sri Lanka,1997,16.4014120262144,,,2
PA.NUS.PPP,LKA,Sri Lanka,1998,17.7135874742424,,,2
PA.NUS.PPP,LKA,Sri Lanka,1999,18.1934953739805,,,2
PA.NUS.PPP,LKA,Sri Lanka,2000,19.0851973333627,,,2
PA.NUS.PPP,LKA,Sri Lanka,2001,19.626003812318,,,2
PA.NUS.PPP,LKA,Sri Lanka,2002,20.8933001334571,,,2
PA.NUS.PPP,LKA,Sri Lanka,2003,22.2812822121219,,,2
PA.NUS.PPP,LKA,Sri Lanka,2004,23.6075401508297,,,2
PA.NUS.PPP,LKA,Sri Lanka,2005,25.2746694759337,,,2
PA.NUS.PPP,LKA,Sri Lanka,2006,27.2835221174518,,,2
PA.NUS.PPP,LKA,Sri Lanka,2007,30.2903320288937,,,2
PA.NUS.PPP,LKA,Sri Lanka,2008,34.5697800870986,,,2
PA.NUS.PPP,LKA,Sri Lanka,2009,36.3780696645711,,,2
PA.NUS.PPP,LKA,Sri Lanka,2010,38.5646153341546,,,2
PA.NUS.PPP,LKA,Sri Lanka,2011,39.2888870239258,,,2
PA.NUS.PPP,LKA,Sri Lanka,2012,41.431210180091,,,2
PA.NUS.PPP,LKA,Sri Lanka,2013,42.9053136384704,,,2
PA.NUS.PPP,LKA,Sri Lanka,2014,44.2462388515779,,,2
PA.NUS.PPP,LKA,Sri Lanka,2015,45.112389125597,,,2
PA.NUS.PPP,LKA,Sri Lanka,2016,46.1923261027497,,,2
PA.NUS.PPP,LKA,Sri Lanka,2017,49.2740936279297,,,2
PA.NUS.PPP,LKA,Sri Lanka,2018,49.967601776123,,,2
PA.NUS.PPP,LKA,Sri Lanka,2019,51.7085876464844,,,2
PA.NUS.PPP,LKA,Sri Lanka,2020,55.1600952148438,,,2
PA.NUS.PPP,LKA,Sri Lanka,2021,55.5265464782715,,,2
PA.NUS.PPP,LKA,Sri Lanka,2022,76.4444863013164,,,2
PA.NUS.PPP,LKA,Sri Lanka,2023,86.1123421783246,,,2
PA.NUS.PPP,LKA,Sri Lanka,2024,87.4611408490596,,,2
PA.NUS.PPP,LKA,Sri Lanka,2025,88.2137716979226,,,2
PA.NUS.PPP,LSO,Lesotho,1990,1.11599913383109,,,2
PA.NUS.PPP,LSO,Lesotho,1991,1.27193629186336,,,2
PA.NUS.PPP,LSO,Lesotho,1992,1.41694133765055,,,2
PA.NUS.PPP,LSO,Lesotho,1993,1.54051186426084,,,2
PA.NUS.PPP,LSO,Lesotho,1994,1.62545120777037,,,2
PA.NUS.PPP,LSO,Lesotho,1995,1.79611846003662,,,2
PA.NUS.PPP,LSO,Lesotho,1996,1.86969261179692,,,2
PA.NUS.PPP,LSO,Lesotho,1997,2.00376519566946,,,2
PA.NUS.PPP,LSO,Lesotho,1998,2.17810449366541,,,2
PA.NUS.PPP,LSO,Lesotho,1999,2.32234816628963,,,2
PA.NUS.PPP,LSO,Lesotho,2000,2.41397981504496,,,2
PA.NUS.PPP,LSO,Lesotho,2001,2.63167977661042,,,2
PA.NUS.PPP,LSO,Lesotho,2002,2.95956919752126,,,2
PA.NUS.PPP,LSO,Lesotho,2003,2.97305018370765,,,2
PA.NUS.PPP,LSO,Lesotho,2004,3.1731459967404,,,2
PA.NUS.PPP,LSO,Lesotho,2005,3.25890497412678,,,2
PA.NUS.PPP,LSO,Lesotho,2006,3.45577090808653,,,2
PA.NUS.PPP,LSO,Lesotho,2007,3.13977594998151,,,2
PA.NUS.PPP,LSO,Lesotho,2008,3.59546664559001,,,2
PA.NUS.PPP,LSO,Lesotho,2009,3.6572243934168,,,2
PA.NUS.PPP,LSO,Lesotho,2010,3.80615874702408,,,2
PA.NUS.PPP,LSO,Lesotho,2011,4.0807523727417,,,2
PA.NUS.PPP,LSO,Lesotho,2012,4.36468076897065,,,2
PA.NUS.PPP,LSO,Lesotho,2013,4.37566525905606,,,2
PA.NUS.PPP,LSO,Lesotho,2014,4.59576909047178,,,2
PA.NUS.PPP,LSO,Lesotho,2015,4.71398973377014,,,2
PA.NUS.PPP,LSO,Lesotho,2016,4.96202179071875,,,2
PA.NUS.PPP,LSO,Lesotho,2017,5.44063329696655,,,2
PA.NUS.PPP,LSO,Lesotho,2018,5.88551568984985,,,2
PA.NUS.PPP,LSO,Lesotho,2019,6.08720636367798,,,2
PA.NUS.PPP,LSO,Lesotho,2020,5.90795993804932,,,2
PA.NUS.PPP,LSO,Lesotho,2021,6.19413948059082,,,2
PA.NUS.PPP,LSO,Lesotho,2022,6.10262912306225,,,2
PA.NUS.PPP,LSO,Lesotho,2023,5.90385253090393,,,2
PA.NUS.PPP,LSO,Lesotho,2024,6.10623212210523,,,2
PA.NUS.PPP,LSO,Lesotho,2025,6.11792216885233,,,2
PA.NUS.PPP,LTU,Lithuania,1990,0.00130105471787626,,,2
PA.NUS.PPP,LTU,Lithuania,1991,0.00413210137539915,,,2
PA.NUS.PPP,LTU,Lithuania,1992,0.0421095481809926,,,2
PA.NUS.PPP,LTU,Lithuania,1993,0.167086160656833,,,2
PA.NUS.PPP,LTU,Lithuania,1994,0.26442416318235,,,2
PA.NUS.PPP,LTU,Lithuania,1995,0.35753,,,2
PA.NUS.PPP,LTU,Lithuania,1996,0.41852,,,2
PA.NUS.PPP,LTU,Lithuania,1997,0.459753,,,2
PA.NUS.PPP,LTU,Lithuania,1998,0.46962,,,2
PA.NUS.PPP,LTU,Lithuania,1999,0.45757,,,2
PA.NUS.PPP,LTU,Lithuania,2000,0.451206,,,2
PA.NUS.PPP,LTU,Lithuania,2001,0.435396,,,2
PA.NUS.PPP,LTU,Lithuania,2002,0.428975,,,2
PA.NUS.PPP,LTU,Lithuania,2003,0.418733,,,2
PA.NUS.PPP,LTU,Lithuania,2004,0.4302,,,2
PA.NUS.PPP,LTU,Lithuania,2005,0.452736,,,2
PA.NUS.PPP,LTU,Lithuania,2006,0.472836,,,2
PA.NUS.PPP,LTU,Lithuania,2007,0.500053,,,2
PA.NUS.PPP,LTU,Lithuania,2008,0.526487,,,2
PA.NUS.PPP,LTU,Lithuania,2009,0.500042,,,2
PA.NUS.PPP,LTU,Lithuania,2010,0.477139,,,2
PA.NUS.PPP,LTU,Lithuania,2011,0.475902,,,2
PA.NUS.PPP,LTU,Lithuania,2012,0.477778,,,2
PA.NUS.PPP,LTU,Lithuania,2013,0.473156,,,2
PA.NUS.PPP,LTU,Lithuania,2014,0.471783,,,2
PA.NUS.PPP,LTU,Lithuania,2015,0.477254,,,2
PA.NUS.PPP,LTU,Lithuania,2016,0.470119,,,2
PA.NUS.PPP,LTU,Lithuania,2017,0.475054,,,2
PA.NUS.PPP,LTU,Lithuania,2018,0.44662,,,2
PA.NUS.PPP,LTU,Lithuania,2019,0.431815,,,2
PA.NUS.PPP,LTU,Lithuania,2020,0.433452,,,2
PA.NUS.PPP,LTU,Lithuania,2021,0.439956,,,2
PA.NUS.PPP,LTU,Lithuania,2022,0.467686,,,2
PA.NUS.PPP,LTU,Lithuania,2023,0.490897,,,2
PA.NUS.PPP,LTU,Lithuania,2024,0.49104,,,2
PA.NUS.PPP,LTU,Lithuania,2025,0.513169,,,2
PA.NUS.PPP,LUX,Luxembourg,1990,0.925669,,,2
PA.NUS.PPP,LUX,Luxembourg,1991,0.91171,,,2
PA.NUS.PPP,LUX,Luxembourg,1992,0.924637,,,2
PA.NUS.PPP,LUX,Luxembourg,1993,0.957176,,,2
PA.NUS.PPP,LUX,Luxembourg,1994,0.970363,,,2
PA.NUS.PPP,LUX,Luxembourg,1995,0.9726,,,2
PA.NUS.PPP,LUX,Luxembourg,1996,0.974669,,,2
PA.NUS.PPP,LUX,Luxembourg,1997,0.973501,,,2
PA.NUS.PPP,LUX,Luxembourg,1998,0.964339,,,2
PA.NUS.PPP,LUX,Luxembourg,1999,0.95763,,,2
PA.NUS.PPP,LUX,Luxembourg,2000,0.955527,,,2
PA.NUS.PPP,LUX,Luxembourg,2001,0.963467,,,2
PA.NUS.PPP,LUX,Luxembourg,2002,0.956996,,,2
PA.NUS.PPP,LUX,Luxembourg,2003,0.964785,,,2
PA.NUS.PPP,LUX,Luxembourg,2004,0.951309,,,2
PA.NUS.PPP,LUX,Luxembourg,2005,0.946363,,,2
PA.NUS.PPP,LUX,Luxembourg,2006,0.916892,,,2
PA.NUS.PPP,LUX,Luxembourg,2007,0.921242,,,2
PA.NUS.PPP,LUX,Luxembourg,2008,0.900045,,,2
PA.NUS.PPP,LUX,Luxembourg,2009,0.902561,,,2
PA.NUS.PPP,LUX,Luxembourg,2010,0.925902,,,2
PA.NUS.PPP,LUX,Luxembourg,2011,0.905099,,,2
PA.NUS.PPP,LUX,Luxembourg,2012,0.90679,,,2
PA.NUS.PPP,LUX,Luxembourg,2013,0.895254,,,2
PA.NUS.PPP,LUX,Luxembourg,2014,0.884138,,,2
PA.NUS.PPP,LUX,Luxembourg,2015,0.881261,,,2
PA.NUS.PPP,LUX,Luxembourg,2016,0.851894,,,2
PA.NUS.PPP,LUX,Luxembourg,2017,0.84831,,,2
PA.NUS.PPP,LUX,Luxembourg,2018,0.848866,,,2
PA.NUS.PPP,LUX,Luxembourg,2019,0.829429,,,2
PA.NUS.PPP,LUX,Luxembourg,2020,0.838162,,,2
PA.NUS.PPP,LUX,Luxembourg,2021,0.834326,,,2
PA.NUS.PPP,LUX,Luxembourg,2022,0.799672,,,2
PA.NUS.PPP,LUX,Luxembourg,2023,0.807471,,,2
PA.NUS.PPP,LUX,Luxembourg,2024,0.815579,,,2
PA.NUS.PPP,LUX,Luxembourg,2025,0.832451,,,2
PA.NUS.PPP,LVA,Latvia,1990,0.00473184476190281,,,2
PA.NUS.PPP,LVA,Latvia,1991,0.0120186541053668,,,2
PA.NUS.PPP,LVA,Latvia,1992,0.121327090026546,,,2
PA.NUS.PPP,LVA,Latvia,1993,0.182154328471009,,,2
PA.NUS.PPP,LVA,Latvia,1994,0.243,,,2
PA.NUS.PPP,LVA,Latvia,1995,0.293533,,,2
PA.NUS.PPP,LVA,Latvia,1996,0.325126,,,2
PA.NUS.PPP,LVA,Latvia,1997,0.3389,,,2
PA.NUS.PPP,LVA,Latvia,1998,0.350859,,,2
PA.NUS.PPP,LVA,Latvia,1999,0.351555,,,2
PA.NUS.PPP,LVA,Latvia,2000,0.360441,,,2
PA.NUS.PPP,LVA,Latvia,2001,0.355485,,,2
PA.NUS.PPP,LVA,Latvia,2002,0.368027,,,2
PA.NUS.PPP,LVA,Latvia,2003,0.392029,,,2
PA.NUS.PPP,LVA,Latvia,2004,0.414921,,,2
PA.NUS.PPP,LVA,Latvia,2005,0.456306,,,2
PA.NUS.PPP,LVA,Latvia,2006,0.518014,,,2
PA.NUS.PPP,LVA,Latvia,2007,0.601736,,,2
PA.NUS.PPP,LVA,Latvia,2008,0.614849,,,2
PA.NUS.PPP,LVA,Latvia,2009,0.555156,,,2
PA.NUS.PPP,LVA,Latvia,2010,0.515944,,,2
PA.NUS.PPP,LVA,Latvia,2011,0.524959,,,2
PA.NUS.PPP,LVA,Latvia,2012,0.534295,,,2
PA.NUS.PPP,LVA,Latvia,2013,0.53284,,,2
PA.NUS.PPP,LVA,Latvia,2014,0.530341,,,2
PA.NUS.PPP,LVA,Latvia,2015,0.532607,,,2
PA.NUS.PPP,LVA,Latvia,2016,0.519544,,,2
PA.NUS.PPP,LVA,Latvia,2017,0.519926,,,2
PA.NUS.PPP,LVA,Latvia,2018,0.489931,,,2
PA.NUS.PPP,LVA,Latvia,2019,0.479802,,,2
PA.NUS.PPP,LVA,Latvia,2020,0.469668,,,2
PA.NUS.PPP,LVA,Latvia,2021,0.464112,,,2
PA.NUS.PPP,LVA,Latvia,2022,0.473591,,,2
PA.NUS.PPP,LVA,Latvia,2023,0.490918,,,2
PA.NUS.PPP,LVA,Latvia,2024,0.496528,,,2
PA.NUS.PPP,LVA,Latvia,2025,0.504702,,,2
PA.NUS.PPP,MAC,"Macao SAR, China",1990,2.78285743414543,,,2
PA.NUS.PPP,MAC,"Macao SAR, China",1991,3.00546463635167,,,2
PA.NUS.PPP,MAC,"Macao SAR, China",1992,3.37162125804951,,,2
PA.NUS.PPP,MAC,"Macao SAR, China",1993,3.60764341623685,,,2
PA.NUS.PPP,MAC,"Macao SAR, China",1994,3.77074377053494,,,2
PA.NUS.PPP,MAC,"Macao SAR, China",1995,3.99556530324229,,,2
PA.NUS.PPP,MAC,"Macao SAR, China",1996,4.01270469163696,,,2
PA.NUS.PPP,MAC,"Macao SAR, China",1997,4.01016706029993,,,2
PA.NUS.PPP,MAC,"Macao SAR, China",1998,3.88812880143651,,,2
PA.NUS.PPP,MAC,"Macao SAR, China",1999,3.78841301181827,,,2
PA.NUS.PPP,MAC,"Macao SAR, China",2000,3.63994855241031,,,2
PA.NUS.PPP,MAC,"Macao SAR, China",2001,3.50727496223481,,,2
PA.NUS.PPP,MAC,"Macao SAR, China",2002,3.40759503798258,,,2
PA.NUS.PPP,MAC,"Macao SAR, China",2003,3.34322843009753,,,2
PA.NUS.PPP,MAC,"Macao SAR, China",2004,3.31846884900333,,,2
PA.NUS.PPP,MAC,"Macao SAR, China",2005,3.39666075798911,,,2
PA.NUS.PPP,MAC,"Macao SAR, China",2006,3.55018304273516,,,2
PA.NUS.PPP,MAC,"Macao SAR, China",2007,3.75923326305551,,,2
PA.NUS.PPP,MAC,"Macao SAR, China",2008,4.05964132454629,,,2
PA.NUS.PPP,MAC,"Macao SAR, China",2009,4.07132759717714,,,2
PA.NUS.PPP,MAC,"Macao SAR, China",2010,4.2158165888046,,,2
PA.NUS.PPP,MAC,"Macao SAR, China",2011,4.43978691101074,,,2
PA.NUS.PPP,MAC,"Macao SAR, China",2012,4.56529092788696,,,2
PA.NUS.PPP,MAC,"Macao SAR, China",2013,4.64387083053589,,,2
PA.NUS.PPP,MAC,"Macao SAR, China",2014,4.86066198348999,,,2
PA.NUS.PPP,MAC,"Macao SAR, China",2015,5.13702344894409,,,2
PA.NUS.PPP,MAC,"Macao SAR, China",2016,5.11785411834717,,,2
PA.NUS.PPP,MAC,"Macao SAR, China",2017,5.15491628646851,,,2
PA.NUS.PPP,MAC,"Macao SAR, China",2018,5.21224677706722,,,2
PA.NUS.PPP,MAC,"Macao SAR, China",2019,5.24346445546162,,,2
PA.NUS.PPP,MAC,"Macao SAR, China",2020,5.16255477876926,,,2
PA.NUS.PPP,MAC,"Macao SAR, China",2021,4.89717441121879,,,2
PA.NUS.PPP,MAC,"Macao SAR, China",2022,4.62511122407843,,,2
PA.NUS.PPP,MAC,"Macao SAR, China",2023,4.65530980538132,,,2
PA.NUS.PPP,MAC,"Macao SAR, China",2024,4.5514424540232,,,2
PA.NUS.PPP,MAC,"Macao SAR, China",2025,4.44773830276597,,,2
PA.NUS.PPP,MAR,Morocco,1990,4.05760644529843,,,2
PA.NUS.PPP,MAR,Morocco,1991,4.13667323495434,,,2
PA.NUS.PPP,MAR,Morocco,1992,4.23006182136716,,,2
PA.NUS.PPP,MAR,Morocco,1993,4.25752625368148,,,2
PA.NUS.PPP,MAR,Morocco,1994,4.19583806786735,,,2
PA.NUS.PPP,MAR,Morocco,1995,4.41947463251377,,,2
PA.NUS.PPP,MAR,Morocco,1996,4.35891938813972,,,2
PA.NUS.PPP,MAR,Morocco,1997,4.31559535860022,,,2
PA.NUS.PPP,MAR,Morocco,1998,4.28433305548647,,,2
PA.NUS.PPP,MAR,Morocco,1999,4.2194754477458,,,2
PA.NUS.PPP,MAR,Morocco,2000,4.05308184094761,,,2
PA.NUS.PPP,MAR,Morocco,2001,3.98818734486134,,,2
PA.NUS.PPP,MAR,Morocco,2002,3.96484292201608,,,2
PA.NUS.PPP,MAR,Morocco,2003,3.92153334820017,,,2
PA.NUS.PPP,MAR,Morocco,2004,3.8537281997919,,,2
PA.NUS.PPP,MAR,Morocco,2005,3.76968403306463,,,2
PA.NUS.PPP,MAR,Morocco,2006,3.70976664726719,,,2
PA.NUS.PPP,MAR,Morocco,2007,3.72646399163187,,,2
PA.NUS.PPP,MAR,Morocco,2008,3.83262308057706,,,2
PA.NUS.PPP,MAR,Morocco,2009,3.79189055850309,,,2
PA.NUS.PPP,MAR,Morocco,2010,3.77061925605333,,,2
PA.NUS.PPP,MAR,Morocco,2011,3.67227602005005,,,2
PA.NUS.PPP,MAR,Morocco,2012,3.73609431938819,,,2
PA.NUS.PPP,MAR,Morocco,2013,3.76664991847204,,,2
PA.NUS.PPP,MAR,Morocco,2014,3.99033881576507,,,2
PA.NUS.PPP,MAR,Morocco,2015,3.93905564348165,,,2
PA.NUS.PPP,MAR,Morocco,2016,3.92247208626026,,,2
PA.NUS.PPP,MAR,Morocco,2017,3.93708610534668,,,2
PA.NUS.PPP,MAR,Morocco,2018,4.21316242218018,,,2
PA.NUS.PPP,MAR,Morocco,2019,4.19297552108765,,,2
PA.NUS.PPP,MAR,Morocco,2020,4.02811050415039,,,2
PA.NUS.PPP,MAR,Morocco,2021,3.94628071784973,,,2
PA.NUS.PPP,MAR,Morocco,2022,3.78015279034762,,,2
PA.NUS.PPP,MAR,Morocco,2023,3.90232278078571,,,2
PA.NUS.PPP,MAR,Morocco,2024,3.95879057156767,,,2
PA.NUS.PPP,MAR,Morocco,2025,3.93179684727296,,,2
PA.NUS.PPP,MDA,Moldova,1990,0.000742998243887025,,,2
PA.NUS.PPP,MDA,Moldova,1991,0.00172361940761611,,,2
PA.NUS.PPP,MDA,Moldova,1992,0.0176110194087579,,,2
PA.NUS.PPP,MDA,Moldova,1993,0.165229824098779,,,2
PA.NUS.PPP,MDA,Moldova,1994,0.60898987065643,,,2
PA.NUS.PPP,MDA,Moldova,1995,0.827546376336372,,,2
PA.NUS.PPP,MDA,Moldova,1996,1.0390125324256,,,2
PA.NUS.PPP,MDA,Moldova,1997,1.14910394450783,,,2
PA.NUS.PPP,MDA,Moldova,1998,1.24384985825765,,,2
PA.NUS.PPP,MDA,Moldova,1999,1.71441342243977,,,2
PA.NUS.PPP,MDA,Moldova,2000,2.13458861633365,,,2
PA.NUS.PPP,MDA,Moldova,2001,2.33995584148102,,,2
PA.NUS.PPP,MDA,Moldova,2002,2.53058751547013,,,2
PA.NUS.PPP,MDA,Moldova,2003,2.85050599947218,,,2
PA.NUS.PPP,MDA,Moldova,2004,2.99757107729658,,,2
PA.NUS.PPP,MDA,Moldova,2005,3.17802297143856,,,2
PA.NUS.PPP,MDA,Moldova,2006,3.49662439478488,,,2
PA.NUS.PPP,MDA,Moldova,2007,3.94598545737977,,,2
PA.NUS.PPP,MDA,Moldova,2008,4.22927629508138,,,2
PA.NUS.PPP,MDA,Moldova,2009,4.29453798200479,,,2
PA.NUS.PPP,MDA,Moldova,2010,4.71271123378651,,,2
PA.NUS.PPP,MDA,Moldova,2011,4.99565410614014,,,2
PA.NUS.PPP,MDA,Moldova,2012,5.02543016268202,,,2
PA.NUS.PPP,MDA,Moldova,2013,5.01984434962592,,,2
PA.NUS.PPP,MDA,Moldova,2014,5.34262221232369,,,2
PA.NUS.PPP,MDA,Moldova,2015,5.62562628482252,,,2
PA.NUS.PPP,MDA,Moldova,2016,5.49348894436303,,,2
PA.NUS.PPP,MDA,Moldova,2017,5.67734336853027,,,2
PA.NUS.PPP,MDA,Moldova,2018,5.88437271118164,,,2
PA.NUS.PPP,MDA,Moldova,2019,5.77169275283813,,,2
PA.NUS.PPP,MDA,Moldova,2020,5.60316753387451,,,2
PA.NUS.PPP,MDA,Moldova,2021,5.94675874710083,,,2
PA.NUS.PPP,MDA,Moldova,2022,6.60201760913882,,,2
PA.NUS.PPP,MDA,Moldova,2023,6.95793675236067,,,2
PA.NUS.PPP,MDA,Moldova,2024,7.22563302713785,,,2
PA.NUS.PPP,MDA,Moldova,2025,7.48976511532315,,,2
PA.NUS.PPP,MDG,Madagascar,1990,83.5874706879376,,,2
PA.NUS.PPP,MDG,Madagascar,1991,87.7581775794364,,,2
PA.NUS.PPP,MDG,Madagascar,1992,98.3020020826235,,,2
PA.NUS.PPP,MDG,Madagascar,1993,105.618781815953,,,2
PA.NUS.PPP,MDG,Madagascar,1994,143.732814346192,,,2
PA.NUS.PPP,MDG,Madagascar,1995,209.814648837007,,,2
PA.NUS.PPP,MDG,Madagascar,1996,246.758175139773,,,2
PA.NUS.PPP,MDG,Madagascar,1997,253.471502630645,,,2
PA.NUS.PPP,MDG,Madagascar,1998,266.220050135119,,,2
PA.NUS.PPP,MDG,Madagascar,1999,281.377226249226,,,2
PA.NUS.PPP,MDG,Madagascar,2000,306.979871263394,,,2
PA.NUS.PPP,MDG,Madagascar,2001,323.988091132004,,,2
PA.NUS.PPP,MDG,Madagascar,2002,371.665684219599,,,2
PA.NUS.PPP,MDG,Madagascar,2003,358.25931674612,,,2
PA.NUS.PPP,MDG,Madagascar,2004,397.566368992667,,,2
PA.NUS.PPP,MDG,Madagascar,2005,456.26866325773,,,2
PA.NUS.PPP,MDG,Madagascar,2006,490.269772665033,,,2
PA.NUS.PPP,MDG,Madagascar,2007,526.445784666138,,,2
PA.NUS.PPP,MDG,Madagascar,2008,555.160760673552,,,2
PA.NUS.PPP,MDG,Madagascar,2009,589.989789701144,,,2
PA.NUS.PPP,MDG,Madagascar,2010,642.470282668792,,,2
PA.NUS.PPP,MDG,Madagascar,2011,694.862670898438,,,2
PA.NUS.PPP,MDG,Madagascar,2012,740.111744430289,,,2
PA.NUS.PPP,MDG,Madagascar,2013,771.836097011191,,,2
PA.NUS.PPP,MDG,Madagascar,2014,814.719408889882,,,2
PA.NUS.PPP,MDG,Madagascar,2015,872.87177670225,,,2
PA.NUS.PPP,MDG,Madagascar,2016,923.495121945439,,,2
PA.NUS.PPP,MDG,Madagascar,2017,990.840393066406,,,2
PA.NUS.PPP,MDG,Madagascar,2018,1079.08020019531,,,2
PA.NUS.PPP,MDG,Madagascar,2019,1121.69445800781,,,2
PA.NUS.PPP,MDG,Madagascar,2020,1145.66564941406,,,2
PA.NUS.PPP,MDG,Madagascar,2021,1173.85522460938,,,2
PA.NUS.PPP,MDG,Madagascar,2022,1202.91523559392,,,2
PA.NUS.PPP,MDG,Madagascar,2023,1257.99067013858,,,2
PA.NUS.PPP,MDG,Madagascar,2024,1318.76161308914,,,2
PA.NUS.PPP,MDG,Madagascar,2025,1390.29172218468,,,2
PA.NUS.PPP,MDV,Maldives,1990,2.01883642487833,,,2
PA.NUS.PPP,MDV,Maldives,1991,2.34834031659389,,,2
PA.NUS.PPP,MDV,Maldives,1992,2.58630327891021,,,2
PA.NUS.PPP,MDV,Maldives,1993,2.80821081125961,,,2
PA.NUS.PPP,MDV,Maldives,1994,2.97937157724529,,,2
PA.NUS.PPP,MDV,Maldives,1995,2.94058799160083,,,2
PA.NUS.PPP,MDV,Maldives,1996,3.0221824180407,,,2
PA.NUS.PPP,MDV,Maldives,1997,3.09277117390965,,,2
PA.NUS.PPP,MDV,Maldives,1998,3.02359482562443,,,2
PA.NUS.PPP,MDV,Maldives,1999,3.06349223779425,,,2
PA.NUS.PPP,MDV,Maldives,2000,3.056518915996,,,2
PA.NUS.PPP,MDV,Maldives,2001,4.51050523289823,,,2
PA.NUS.PPP,MDV,Maldives,2002,4.46358273734099,,,2
PA.NUS.PPP,MDV,Maldives,2003,4.3975608115876,,,2
PA.NUS.PPP,MDV,Maldives,2004,4.70936055695595,,,2
PA.NUS.PPP,MDV,Maldives,2005,4.98436919734616,,,2
PA.NUS.PPP,MDV,Maldives,2006,5.29560493167686,,,2
PA.NUS.PPP,MDV,Maldives,2007,5.70836033378994,,,2
PA.NUS.PPP,MDV,Maldives,2008,6.248350398144,,,2
PA.NUS.PPP,MDV,Maldives,2009,6.99479804332148,,,2
PA.NUS.PPP,MDV,Maldives,2010,7.14189196038868,,,2
PA.NUS.PPP,MDV,Maldives,2011,7.86162567138672,,,2
PA.NUS.PPP,MDV,Maldives,2012,8.15743739228754,,,2
PA.NUS.PPP,MDV,Maldives,2013,8.25308459829475,,,2
PA.NUS.PPP,MDV,Maldives,2014,8.18359007226739,,,2
PA.NUS.PPP,MDV,Maldives,2015,8.29124510008011,,,2
PA.NUS.PPP,MDV,Maldives,2016,8.14523104981474,,,2
PA.NUS.PPP,MDV,Maldives,2017,8.18050575256348,,,2
PA.NUS.PPP,MDV,Maldives,2018,8.02824115753174,,,2
PA.NUS.PPP,MDV,Maldives,2019,7.82544136047363,,,2
PA.NUS.PPP,MDV,Maldives,2020,8.47108268737793,,,2
PA.NUS.PPP,MDV,Maldives,2021,8.21066951751709,,,2
PA.NUS.PPP,MDV,Maldives,2022,7.9270865484415,,,2
PA.NUS.PPP,MDV,Maldives,2023,7.8077103546363,,,2
PA.NUS.PPP,MDV,Maldives,2024,7.85244534917178,,,2
PA.NUS.PPP,MDV,Maldives,2025,7.88991987219358,,,2
PA.NUS.PPP,MEX,Mexico,1990,1.34958,,,2
PA.NUS.PPP,MEX,Mexico,1991,1.608955,,,2
PA.NUS.PPP,MEX,Mexico,1992,1.799806,,,2
PA.NUS.PPP,MEX,Mexico,1993,2.084434,,,2
PA.NUS.PPP,MEX,Mexico,1994,2.211486,,,2
PA.NUS.PPP,MEX,Mexico,1995,3.006706,,,2
PA.NUS.PPP,MEX,Mexico,1996,3.740912,,,2
PA.NUS.PPP,MEX,Mexico,1997,4.329651,,,2
PA.NUS.PPP,MEX,Mexico,1998,4.95442,,,2
PA.NUS.PPP,MEX,Mexico,1999,5.63367,,,2
PA.NUS.PPP,MEX,Mexico,2000,6.078239,,,2
PA.NUS.PPP,MEX,Mexico,2001,6.32917,,,2
PA.NUS.PPP,MEX,Mexico,2002,6.553697,,,2
PA.NUS.PPP,MEX,Mexico,2003,6.647339,,,2
PA.NUS.PPP,MEX,Mexico,2004,6.998731,,,2
PA.NUS.PPP,MEX,Mexico,2005,7.126862,,,2
PA.NUS.PPP,MEX,Mexico,2006,7.130489,,,2
PA.NUS.PPP,MEX,Mexico,2007,7.367817,,,2
PA.NUS.PPP,MEX,Mexico,2008,7.469532,,,2
PA.NUS.PPP,MEX,Mexico,2009,7.493426,,,2
PA.NUS.PPP,MEX,Mexico,2010,7.727203,,,2
PA.NUS.PPP,MEX,Mexico,2011,7.673013,,,2
PA.NUS.PPP,MEX,Mexico,2012,7.858708,,,2
PA.NUS.PPP,MEX,Mexico,2013,7.884359,,,2
PA.NUS.PPP,MEX,Mexico,2014,8.045318,,,2
PA.NUS.PPP,MEX,Mexico,2015,8.327595,,,2
PA.NUS.PPP,MEX,Mexico,2016,8.446043,,,2
PA.NUS.PPP,MEX,Mexico,2017,8.913552,,,2
PA.NUS.PPP,MEX,Mexico,2018,9.276363,,,2
PA.NUS.PPP,MEX,Mexico,2019,9.528366,,,2
PA.NUS.PPP,MEX,Mexico,2020,9.814966,,,2
PA.NUS.PPP,MEX,Mexico,2021,10.060857,,,2
PA.NUS.PPP,MEX,Mexico,2022,9.92278,,,2
PA.NUS.PPP,MEX,Mexico,2023,9.751268,,,2
PA.NUS.PPP,MEX,Mexico,2024,9.916562,,,2
PA.NUS.PPP,MEX,Mexico,2025,10.328951,,,2
PA.NUS.PPP,MHL,Marshall Islands,1990,0.836403169044484,,,2
PA.NUS.PPP,MHL,Marshall Islands,1991,0.849854014081464,,,2
PA.NUS.PPP,MHL,Marshall Islands,1992,0.855961869820456,,,2
PA.NUS.PPP,MHL,Marshall Islands,1993,0.861508832842115,,,2
PA.NUS.PPP,MHL,Marshall Islands,1994,0.86563769157173,,,2
PA.NUS.PPP,MHL,Marshall Islands,1995,0.871660891157022,,,2
PA.NUS.PPP,MHL,Marshall Islands,1996,0.87992290513621,,,2
PA.NUS.PPP,MHL,Marshall Islands,1997,0.916485507478223,,,2
PA.NUS.PPP,MHL,Marshall Islands,1998,0.930597636291573,,,2
PA.NUS.PPP,MHL,Marshall Islands,1999,0.940664588283349,,,2
PA.NUS.PPP,MHL,Marshall Islands,2000,0.909565842321716,,,2
PA.NUS.PPP,MHL,Marshall Islands,2001,0.886705598715042,,,2
PA.NUS.PPP,MHL,Marshall Islands,2002,0.908263626822416,,,2
PA.NUS.PPP,MHL,Marshall Islands,2003,0.899107661800157,,,2
PA.NUS.PPP,MHL,Marshall Islands,2004,0.89103012465365,,,2
PA.NUS.PPP,MHL,Marshall Islands,2005,0.881310478413904,,,2
PA.NUS.PPP,MHL,Marshall Islands,2006,0.885602446954632,,,2
PA.NUS.PPP,MHL,Marshall Islands,2007,0.873960895832514,,,2
PA.NUS.PPP,MHL,Marshall Islands,2008,0.90358985936327,,,2
PA.NUS.PPP,MHL,Marshall Islands,2009,0.893481549211871,,,2
PA.NUS.PPP,MHL,Marshall Islands,2010,0.891188317524241,,,2
PA.NUS.PPP,MHL,Marshall Islands,2011,0.938595164408269,,,2
PA.NUS.PPP,MHL,Marshall Islands,2012,0.978994260216101,,,2
PA.NUS.PPP,MHL,Marshall Islands,2013,0.956541869535584,,,2
PA.NUS.PPP,MHL,Marshall Islands,2014,0.95011774020954,,,2
PA.NUS.PPP,MHL,Marshall Islands,2015,0.91253253634229,,,2
PA.NUS.PPP,MHL,Marshall Islands,2016,0.968749495773015,,,2
PA.NUS.PPP,MHL,Marshall Islands,2017,0.973199812870247,,,2
PA.NUS.PPP,MHL,Marshall Islands,2018,0.928503481734597,,,2
PA.NUS.PPP,MHL,Marshall Islands,2019,0.875481425661518,,,2
PA.NUS.PPP,MHL,Marshall Islands,2020,0.922454940074902,,,2
PA.NUS.PPP,MHL,Marshall Islands,2021,0.932999594999854,,,2
PA.NUS.PPP,MHL,Marshall Islands,2022,0.868723631908151,,,2
PA.NUS.PPP,MHL,Marshall Islands,2023,0.903555645265736,,,2
PA.NUS.PPP,MHL,Marshall Islands,2024,0.92137924629206,,,2
PA.NUS.PPP,MHL,Marshall Islands,2025,0.946982695755452,,,2
PA.NUS.PPP,MKD,North Macedonia,1990,0.0482052550312596,,,2
PA.NUS.PPP,MKD,North Macedonia,1991,0.090422354123579,,,2
PA.NUS.PPP,MKD,North Macedonia,1992,1.21265624560625,,,2
PA.NUS.PPP,MKD,North Macedonia,1993,6.42194533573905,,,2
PA.NUS.PPP,MKD,North Macedonia,1994,15.83779403204,,,2
PA.NUS.PPP,MKD,North Macedonia,1995,18.1638888545551,,,2
PA.NUS.PPP,MKD,North Macedonia,1996,18.3483368961688,,,2
PA.NUS.PPP,MKD,North Macedonia,1997,18.7460305071651,,,2
PA.NUS.PPP,MKD,North Macedonia,1998,18.7503664603164,,,2
PA.NUS.PPP,MKD,North Macedonia,1999,19.0392100262278,,,2
PA.NUS.PPP,MKD,North Macedonia,2000,19.9395102197773,,,2
PA.NUS.PPP,MKD,North Macedonia,2001,20.4978854655565,,,2
PA.NUS.PPP,MKD,North Macedonia,2002,20.0150575572325,,,2
PA.NUS.PPP,MKD,North Macedonia,2003,20.1020155579399,,,2
PA.NUS.PPP,MKD,North Macedonia,2004,19.2637031626822,,,2
PA.NUS.PPP,MKD,North Macedonia,2005,19.293512049373,,,2
PA.NUS.PPP,MKD,North Macedonia,2006,18.8895745119123,,,2
PA.NUS.PPP,MKD,North Macedonia,2007,19.5099551632709,,,2
PA.NUS.PPP,MKD,North Macedonia,2008,19.2637451176543,,,2
PA.NUS.PPP,MKD,North Macedonia,2009,18.3550719228043,,,2
PA.NUS.PPP,MKD,North Macedonia,2010,18.7355706856242,,,2
PA.NUS.PPP,MKD,North Macedonia,2011,19.2895855072451,,,2
PA.NUS.PPP,MKD,North Macedonia,2012,19.003566371532,,,2
PA.NUS.PPP,MKD,North Macedonia,2013,19.1053627860484,,,2
PA.NUS.PPP,MKD,North Macedonia,2014,18.9958754996894,,,2
PA.NUS.PPP,MKD,North Macedonia,2015,19.4406528729439,,,2
PA.NUS.PPP,MKD,North Macedonia,2016,18.9585827114539,,,2
PA.NUS.PPP,MKD,North Macedonia,2017,18.9702456915544,,,2
PA.NUS.PPP,MKD,North Macedonia,2018,18.9510429115661,,,2
PA.NUS.PPP,MKD,North Macedonia,2019,18.2560495268278,,,2
PA.NUS.PPP,MKD,North Macedonia,2020,18.0631496616247,,,2
PA.NUS.PPP,MKD,North Macedonia,2021,17.9306733247551,,,2
PA.NUS.PPP,MKD,North Macedonia,2022,18.4009528003725,,,2
PA.NUS.PPP,MKD,North Macedonia,2023,19.4832195643769,,,2
PA.NUS.PPP,MKD,North Macedonia,2024,19.5755543274224,,,2
PA.NUS.PPP,MKD,North Macedonia,2025,20.453219828119,,,2
PA.NUS.PPP,MLI,Mali,1990,100.79631895004,,,2
PA.NUS.PPP,MLI,Mali,1991,98.7319596141071,,,2
PA.NUS.PPP,MLI,Mali,1992,98.1791188246911,,,2
PA.NUS.PPP,MLI,Mali,1993,97.0415623482322,,,2
PA.NUS.PPP,MLI,Mali,1994,128.978821971263,,,2
PA.NUS.PPP,MLI,Mali,1995,143.218057511501,,,2
PA.NUS.PPP,MLI,Mali,1996,150.36666532152,,,2
PA.NUS.PPP,MLI,Mali,1997,147.77698013959,,,2
PA.NUS.PPP,MLI,Mali,1998,157.941951324747,,,2
PA.NUS.PPP,MLI,Mali,1999,163.023082391071,,,2
PA.NUS.PPP,MLI,Mali,2000,159.501753764431,,,2
PA.NUS.PPP,MLI,Mali,2001,162.681094716822,,,2
PA.NUS.PPP,MLI,Mali,2002,165.9317754365,,,2
PA.NUS.PPP,MLI,Mali,2003,149.433230597456,,,2
PA.NUS.PPP,MLI,Mali,2004,150.879610619495,,,2
PA.NUS.PPP,MLI,Mali,2005,163.396558183233,,,2
PA.NUS.PPP,MLI,Mali,2006,167.429963092011,,,2
PA.NUS.PPP,MLI,Mali,2007,173.342419885731,,,2
PA.NUS.PPP,MLI,Mali,2008,180.707582215751,,,2
PA.NUS.PPP,MLI,Mali,2009,190.439758228449,,,2
PA.NUS.PPP,MLI,Mali,2010,196.068070045057,,,2
PA.NUS.PPP,MLI,Mali,2011,216.09016418457,,,2
PA.NUS.PPP,MLI,Mali,2012,223.834359917224,,,2
PA.NUS.PPP,MLI,Mali,2013,216.317130287908,,,2
PA.NUS.PPP,MLI,Mali,2014,214.218045678152,,,2
PA.NUS.PPP,MLI,Mali,2015,212.641464424885,,,2
PA.NUS.PPP,MLI,Mali,2016,204.213906627892,,,2
PA.NUS.PPP,MLI,Mali,2017,205.839202880859,,,2
PA.NUS.PPP,MLI,Mali,2018,206.166381835938,,,2
PA.NUS.PPP,MLI,Mali,2019,201.951385498047,,,2
PA.NUS.PPP,MLI,Mali,2020,201.444030761719,,,2
PA.NUS.PPP,MLI,Mali,2021,203.722534179688,,,2
PA.NUS.PPP,MLI,Mali,2022,202.180196191091,,,2
PA.NUS.PPP,MLI,Mali,2023,198.940004319109,,,2
PA.NUS.PPP,MLI,Mali,2024,199.570439584459,,,2
PA.NUS.PPP,MLI,Mali,2025,198.243965775836,,,2
PA.NUS.PPP,MLT,Malta,1990,0.569260919550498,,,2
PA.NUS.PPP,MLT,Malta,1991,0.569090556317672,,,2
PA.NUS.PPP,MLT,Malta,1992,0.57618793475525,,,2
PA.NUS.PPP,MLT,Malta,1993,0.578913137193364,,,2
PA.NUS.PPP,MLT,Malta,1994,0.58699894675635,,,2
PA.NUS.PPP,MLT,Malta,1995,0.579437922344297,,,2
PA.NUS.PPP,MLT,Malta,1996,0.576241981510842,,,2
PA.NUS.PPP,MLT,Malta,1997,0.57513132491799,,,2
PA.NUS.PPP,MLT,Malta,1998,0.580674035881416,,,2
PA.NUS.PPP,MLT,Malta,1999,0.583357651210077,,,2
PA.NUS.PPP,MLT,Malta,2000,0.57985536599123,,,2
PA.NUS.PPP,MLT,Malta,2001,0.588994033743429,,,2
PA.NUS.PPP,MLT,Malta,2002,0.581834593824812,,,2
PA.NUS.PPP,MLT,Malta,2003,0.573941595708155,,,2
PA.NUS.PPP,MLT,Malta,2004,0.566313533453042,,,2
PA.NUS.PPP,MLT,Malta,2005,0.572730754500684,,,2
PA.NUS.PPP,MLT,Malta,2006,0.571740147831264,,,2
PA.NUS.PPP,MLT,Malta,2007,0.568002407764144,,,2
PA.NUS.PPP,MLT,Malta,2008,0.57155039445608,,,2
PA.NUS.PPP,MLT,Malta,2009,0.56917580483655,,,2
PA.NUS.PPP,MLT,Malta,2010,0.572637321110708,,,2
PA.NUS.PPP,MLT,Malta,2011,0.574150785503614,,,2
PA.NUS.PPP,MLT,Malta,2012,0.57973065786394,,,2
PA.NUS.PPP,MLT,Malta,2013,0.577478010720701,,,2
PA.NUS.PPP,MLT,Malta,2014,0.586360138133487,,,2
PA.NUS.PPP,MLT,Malta,2015,0.599701930424113,,,2
PA.NUS.PPP,MLT,Malta,2016,0.583015057972821,,,2
PA.NUS.PPP,MLT,Malta,2017,0.586425670573597,,,2
PA.NUS.PPP,MLT,Malta,2018,0.586718141942658,,,2
PA.NUS.PPP,MLT,Malta,2019,0.563539825632002,,,2
PA.NUS.PPP,MLT,Malta,2020,0.557545637891399,,,2
PA.NUS.PPP,MLT,Malta,2021,0.566569294757016,,,2
PA.NUS.PPP,MLT,Malta,2022,0.55857462393667,,,2
PA.NUS.PPP,MLT,Malta,2023,0.564163853769816,,,2
PA.NUS.PPP,MLT,Malta,2024,0.580520850861783,,,2
PA.NUS.PPP,MLT,Malta,2025,0.58711979275282,,,2
PA.NUS.PPP,MMR,Myanmar,1990,8.65096502583072,,,2
PA.NUS.PPP,MMR,Myanmar,1991,10.355273467482,,,2
PA.NUS.PPP,MMR,Myanmar,1992,12.3261801817519,,,2
PA.NUS.PPP,MMR,Myanmar,1993,16.4054867197848,,,2
PA.NUS.PPP,MMR,Myanmar,1994,19.6091486447024,,,2
PA.NUS.PPP,MMR,Myanmar,1995,22.9710753167983,,,2
PA.NUS.PPP,MMR,Myanmar,1996,27.7549081839325,,,2
PA.NUS.PPP,MMR,Myanmar,1997,36.5049551983236,,,2
PA.NUS.PPP,MMR,Myanmar,1998,49.0318903658313,,,2
PA.NUS.PPP,MMR,Myanmar,1999,59.2938839849027,,,2
PA.NUS.PPP,MMR,Myanmar,2000,59.407861387737,,,2
PA.NUS.PPP,MMR,Myanmar,2001,72.5341817237292,,,2
PA.NUS.PPP,MMR,Myanmar,2002,101.071694268292,,,2
PA.NUS.PPP,MMR,Myanmar,2003,119.429970443514,,,2
PA.NUS.PPP,MMR,Myanmar,2004,120.490696268386,,,2
PA.NUS.PPP,MMR,Myanmar,2005,139.21591512355,,,2
PA.NUS.PPP,MMR,Myanmar,2006,163.817728181107,,,2
PA.NUS.PPP,MMR,Myanmar,2007,197.207772998728,,,2
PA.NUS.PPP,MMR,Myanmar,2008,219.82935160854,,,2
PA.NUS.PPP,MMR,Myanmar,2009,229.140649357781,,,2
PA.NUS.PPP,MMR,Myanmar,2010,242.334452506613,,,2
PA.NUS.PPP,MMR,Myanmar,2011,261.783935546875,,,2
PA.NUS.PPP,MMR,Myanmar,2012,267.487164371942,,,2
PA.NUS.PPP,MMR,Myanmar,2013,278.540663035744,,,2
PA.NUS.PPP,MMR,Myanmar,2014,293.976979060097,,,2
PA.NUS.PPP,MMR,Myanmar,2015,318.935665460928,,,2
PA.NUS.PPP,MMR,Myanmar,2016,347.012266726298,,,2
PA.NUS.PPP,MMR,Myanmar,2017,366.639312744141,,,2
PA.NUS.PPP,MMR,Myanmar,2018,343.601440429688,,,2
PA.NUS.PPP,MMR,Myanmar,2019,350.685333251953,,,2
PA.NUS.PPP,MMR,Myanmar,2020,354.559967041016,,,2
PA.NUS.PPP,MMR,Myanmar,2021,410.472595214844,,,2
PA.NUS.PPP,MMR,Myanmar,2022,406.836690680419,,,2
PA.NUS.PPP,MMR,Myanmar,2023,434.642184750736,,,2
PA.NUS.PPP,MMR,Myanmar,2024,475.178456114576,,,2
PA.NUS.PPP,MMR,Myanmar,2025,520.106449561224,,,2
PA.NUS.PPP,MNE,Montenegro,1997,0.210290888483542,,,2
PA.NUS.PPP,MNE,Montenegro,1998,0.204156943756495,,,2
PA.NUS.PPP,MNE,Montenegro,1999,0.225785996111399,,,2
PA.NUS.PPP,MNE,Montenegro,2000,0.293415263791672,,,2
PA.NUS.PPP,MNE,Montenegro,2001,0.314885045817482,,,2
PA.NUS.PPP,MNE,Montenegro,2002,0.314171086272404,,,2
PA.NUS.PPP,MNE,Montenegro,2003,0.336014706223176,,,2
PA.NUS.PPP,MNE,Montenegro,2004,0.347177479531474,,,2
PA.NUS.PPP,MNE,Montenegro,2005,0.35541119830001,,,2
PA.NUS.PPP,MNE,Montenegro,2006,0.337372166613644,,,2
PA.NUS.PPP,MNE,Montenegro,2007,0.350381256877816,,,2
PA.NUS.PPP,MNE,Montenegro,2008,0.364051816631761,,,2
PA.NUS.PPP,MNE,Montenegro,2009,0.37165893358015,,,2
PA.NUS.PPP,MNE,Montenegro,2010,0.370087991945554,,,2
PA.NUS.PPP,MNE,Montenegro,2011,0.363803083500142,,,2
PA.NUS.PPP,MNE,Montenegro,2012,0.369769750488052,,,2
PA.NUS.PPP,MNE,Montenegro,2013,0.364005781987799,,,2
PA.NUS.PPP,MNE,Montenegro,2014,0.36178582293867,,,2
PA.NUS.PPP,MNE,Montenegro,2015,0.359639818673424,,,2
PA.NUS.PPP,MNE,Montenegro,2016,0.349140092211516,,,2
PA.NUS.PPP,MNE,Montenegro,2017,0.350955040331975,,,2
PA.NUS.PPP,MNE,Montenegro,2018,0.34835296188042,,,2
PA.NUS.PPP,MNE,Montenegro,2019,0.329693213517099,,,2
PA.NUS.PPP,MNE,Montenegro,2020,0.3207246033349,,,2
PA.NUS.PPP,MNE,Montenegro,2021,0.332482720892195,,,2
PA.NUS.PPP,MNE,Montenegro,2022,0.339842811164057,,,2
PA.NUS.PPP,MNE,Montenegro,2023,0.355800655522619,,,2
PA.NUS.PPP,MNE,Montenegro,2024,0.359928547448717,,,2
PA.NUS.PPP,MNE,Montenegro,2025,0.370171163809184,,,2
PA.NUS.PPP,MNG,Mongolia,1990,1.75347873796789,,,2
PA.NUS.PPP,MNG,Mongolia,1991,3.27893678314612,,,2
PA.NUS.PPP,MNG,Mongolia,1992,8.77419337307225,,,2
PA.NUS.PPP,MNG,Mongolia,1993,35.9038155294789,,,2
PA.NUS.PPP,MNG,Mongolia,1994,57.7635633701061,,,2
PA.NUS.PPP,MNG,Mongolia,1995,90.6778323595933,,,2
PA.NUS.PPP,MNG,Mongolia,1996,98.6714628512067,,,2
PA.NUS.PPP,MNG,Mongolia,1997,118.020473089246,,,2
PA.NUS.PPP,MNG,Mongolia,1998,114.454245234658,,,2
PA.NUS.PPP,MNG,Mongolia,1999,125.138051833761,,,2
PA.NUS.PPP,MNG,Mongolia,2000,137.049786707381,,,2
PA.NUS.PPP,MNG,Mongolia,2001,148.036179144431,,,2
PA.NUS.PPP,MNG,Mongolia,2002,155.056058071037,,,2
PA.NUS.PPP,MNG,Mongolia,2003,167.619157350493,,,2
PA.NUS.PPP,MNG,Mongolia,2004,190.475218283199,,,2
PA.NUS.PPP,MNG,Mongolia,2005,221.803224114867,,,2
PA.NUS.PPP,MNG,Mongolia,2006,262.476253211395,,,2
PA.NUS.PPP,MNG,Mongolia,2007,285.269786014334,,,2
PA.NUS.PPP,MNG,Mongolia,2008,339.907567890292,,,2
PA.NUS.PPP,MNG,Mongolia,2009,343.994977265875,,,2
PA.NUS.PPP,MNG,Mongolia,2010,473.017457912379,,,2
PA.NUS.PPP,MNG,Mongolia,2011,533.526977539063,,,2
PA.NUS.PPP,MNG,Mongolia,2012,578.89830197839,,,2
PA.NUS.PPP,MNG,Mongolia,2013,633.386281042917,,,2
PA.NUS.PPP,MNG,Mongolia,2014,688.173608892972,,,2
PA.NUS.PPP,MNG,Mongolia,2015,723.239895521409,,,2
PA.NUS.PPP,MNG,Mongolia,2016,737.07136205792,,,2
PA.NUS.PPP,MNG,Mongolia,2017,801.668823242188,,,2
PA.NUS.PPP,MNG,Mongolia,2018,824.525756835938,,,2
PA.NUS.PPP,MNG,Mongolia,2019,851.149353027344,,,2
PA.NUS.PPP,MNG,Mongolia,2020,822.064819335938,,,2
PA.NUS.PPP,MNG,Mongolia,2021,870.184753417969,,,2
PA.NUS.PPP,MNG,Mongolia,2022,956.317378376053,,,2
PA.NUS.PPP,MNG,Mongolia,2023,1122.94693630791,,,2
PA.NUS.PPP,MNG,Mongolia,2024,1193.60938977542,,,2
PA.NUS.PPP,MNG,Mongolia,2025,1211.65358016366,,,2
PA.NUS.PPP,MOZ,Mozambique,1990,0.84409782077712,,,2
PA.NUS.PPP,MOZ,Mozambique,1991,1.31503022596966,,,2
PA.NUS.PPP,MOZ,Mozambique,1992,1.77186711909316,,,2
PA.NUS.PPP,MOZ,Mozambique,1993,2.47434558965003,,,2
PA.NUS.PPP,MOZ,Mozambique,1994,3.63976664669273,,,2
PA.NUS.PPP,MOZ,Mozambique,1995,5.39957320197057,,,2
PA.NUS.PPP,MOZ,Mozambique,1996,7.89106789107676,,,2
PA.NUS.PPP,MOZ,Mozambique,1997,8.5753081137019,,,2
PA.NUS.PPP,MOZ,Mozambique,1998,9.00224216826463,,,2
PA.NUS.PPP,MOZ,Mozambique,1999,9.67000354119589,,,2
PA.NUS.PPP,MOZ,Mozambique,2000,10.5541556896353,,,2
PA.NUS.PPP,MOZ,Mozambique,2001,11.847509313221,,,2
PA.NUS.PPP,MOZ,Mozambique,2002,12.8132250755322,,,2
PA.NUS.PPP,MOZ,Mozambique,2003,13.0225394331714,,,2
PA.NUS.PPP,MOZ,Mozambique,2004,13.4163231438897,,,2
PA.NUS.PPP,MOZ,Mozambique,2005,13.9621047804082,,,2
PA.NUS.PPP,MOZ,Mozambique,2006,14.5550126946304,,,2
PA.NUS.PPP,MOZ,Mozambique,2007,15.2248825390104,,,2
PA.NUS.PPP,MOZ,Mozambique,2008,15.7067671016416,,,2
PA.NUS.PPP,MOZ,Mozambique,2009,15.8401731348521,,,2
PA.NUS.PPP,MOZ,Mozambique,2010,16.8464577279357,,,2
PA.NUS.PPP,MOZ,Mozambique,2011,16.8935413360596,,,2
PA.NUS.PPP,MOZ,Mozambique,2012,18.0828618847655,,,2
PA.NUS.PPP,MOZ,Mozambique,2013,18.5558662769167,,,2
PA.NUS.PPP,MOZ,Mozambique,2014,18.748299031241,,,2
PA.NUS.PPP,MOZ,Mozambique,2015,18.5234654605181,,,2
PA.NUS.PPP,MOZ,Mozambique,2016,20.1860127645374,,,2
PA.NUS.PPP,MOZ,Mozambique,2017,23.3438453674316,,,2
PA.NUS.PPP,MOZ,Mozambique,2018,23.5512657165527,,,2
PA.NUS.PPP,MOZ,Mozambique,2019,23.3787746429443,,,2
PA.NUS.PPP,MOZ,Mozambique,2020,22.7560958862305,,,2
PA.NUS.PPP,MOZ,Mozambique,2021,22.907154083252,,,2
PA.NUS.PPP,MOZ,Mozambique,2022,23.3430236971618,,,2
PA.NUS.PPP,MOZ,Mozambique,2023,23.6572980592353,,,2
PA.NUS.PPP,MOZ,Mozambique,2024,24.5764633742049,,,2
PA.NUS.PPP,MOZ,Mozambique,2025,23.6620035302763,,,2
PA.NUS.PPP,MRT,Mauritania,1990,3.72670122330232,,,2
PA.NUS.PPP,MRT,Mauritania,1991,3.99089096821786,,,2
PA.NUS.PPP,MRT,Mauritania,1992,4.12601965991746,,,2
PA.NUS.PPP,MRT,Mauritania,1993,4.51063102038251,,,2
PA.NUS.PPP,MRT,Mauritania,1994,4.90621980825623,,,2
PA.NUS.PPP,MRT,Mauritania,1995,4.94203164783438,,,2
PA.NUS.PPP,MRT,Mauritania,1996,4.94330798308597,,,2
PA.NUS.PPP,MRT,Mauritania,1997,5.4463941892735,,,2
PA.NUS.PPP,MRT,Mauritania,1998,6.37964315057094,,,2
PA.NUS.PPP,MRT,Mauritania,1999,6.59097172703902,,,2
PA.NUS.PPP,MRT,Mauritania,2000,6.854338861327,,,2
PA.NUS.PPP,MRT,Mauritania,2001,7.09398062095076,,,2
PA.NUS.PPP,MRT,Mauritania,2002,7.45448431026537,,,2
PA.NUS.PPP,MRT,Mauritania,2003,7.63805445227425,,,2
PA.NUS.PPP,MRT,Mauritania,2004,8.25157759895943,,,2
PA.NUS.PPP,MRT,Mauritania,2005,9.16764425793521,,,2
PA.NUS.PPP,MRT,Mauritania,2006,10.1465594452579,,,2
PA.NUS.PPP,MRT,Mauritania,2007,10.7577013950869,,,2
PA.NUS.PPP,MRT,Mauritania,2008,11.685387300156,,,2
PA.NUS.PPP,MRT,Mauritania,2009,11.5720708526818,,,2
PA.NUS.PPP,MRT,Mauritania,2010,13.9876481442755,,,2
PA.NUS.PPP,MRT,Mauritania,2011,15.884492572772,,,2
PA.NUS.PPP,MRT,Mauritania,2012,15.311570204131,,,2
PA.NUS.PPP,MRT,Mauritania,2013,14.3991643302618,,,2
PA.NUS.PPP,MRT,Mauritania,2014,13.4165954484148,,,2
PA.NUS.PPP,MRT,Mauritania,2015,12.6922364006963,,,2
PA.NUS.PPP,MRT,Mauritania,2016,11.7823023786489,,,2
PA.NUS.PPP,MRT,Mauritania,2017,10.7990684509277,,,2
PA.NUS.PPP,MRT,Mauritania,2018,11.3220472335815,,,2
PA.NUS.PPP,MRT,Mauritania,2019,11.5568342208862,,,2
PA.NUS.PPP,MRT,Mauritania,2020,11.63316822052,,,2
PA.NUS.PPP,MRT,Mauritania,2021,12.035120010376,,,2
PA.NUS.PPP,MRT,Mauritania,2022,11.1671571692448,,,2
PA.NUS.PPP,MRT,Mauritania,2023,11.1785431496469,,,2
PA.NUS.PPP,MRT,Mauritania,2024,11.3284385535821,,,2
PA.NUS.PPP,MRT,Mauritania,2025,11.391685569891,,,2
PA.NUS.PPP,MUS,Mauritius,1990,7.5534853201034,,,2
PA.NUS.PPP,MUS,Mauritius,1991,7.93213697137309,,,2
PA.NUS.PPP,MUS,Mauritius,1992,8.17073541829905,,,2
PA.NUS.PPP,MUS,Mauritius,1993,8.71746284567177,,,2
PA.NUS.PPP,MUS,Mauritius,1994,9.09473933422633,,,2
PA.NUS.PPP,MUS,Mauritius,1995,9.38928242000081,,,2
PA.NUS.PPP,MUS,Mauritius,1996,9.86609894933042,,,2
PA.NUS.PPP,MUS,Mauritius,1997,10.1955029666403,,,2
PA.NUS.PPP,MUS,Mauritius,1998,10.7842741734574,,,2
PA.NUS.PPP,MUS,Mauritius,1999,11.3326392537955,,,2
PA.NUS.PPP,MUS,Mauritius,2000,11.4594943326331,,,2
PA.NUS.PPP,MUS,Mauritius,2001,11.9055748248187,,,2
PA.NUS.PPP,MUS,Mauritius,2002,12.4525050942382,,,2
PA.NUS.PPP,MUS,Mauritius,2003,12.8980846557749,,,2
PA.NUS.PPP,MUS,Mauritius,2004,13.4201373122174,,,2
PA.NUS.PPP,MUS,Mauritius,2005,13.5258798954946,,,2
PA.NUS.PPP,MUS,Mauritius,2006,14.5994099957879,,,2
PA.NUS.PPP,MUS,Mauritius,2007,15.3918779481394,,,2
PA.NUS.PPP,MUS,Mauritius,2008,15.9187815427007,,,2
PA.NUS.PPP,MUS,Mauritius,2009,15.7274785154713,,,2
PA.NUS.PPP,MUS,Mauritius,2010,15.6989821845663,,,2
PA.NUS.PPP,MUS,Mauritius,2011,15.8533592224121,,,2
PA.NUS.PPP,MUS,Mauritius,2012,16.4036140965895,,,2
PA.NUS.PPP,MUS,Mauritius,2013,16.4490495139302,,,2
PA.NUS.PPP,MUS,Mauritius,2014,16.6488607206872,,,2
PA.NUS.PPP,MUS,Mauritius,2015,16.6562911113604,,,2
PA.NUS.PPP,MUS,Mauritius,2016,16.344862941131,,,2
PA.NUS.PPP,MUS,Mauritius,2017,16.5445671081543,,,2
PA.NUS.PPP,MUS,Mauritius,2018,17.128044128418,,,2
PA.NUS.PPP,MUS,Mauritius,2019,16.8357048034668,,,2
PA.NUS.PPP,MUS,Mauritius,2020,16.625394821167,,,2
PA.NUS.PPP,MUS,Mauritius,2021,16.6290760040283,,,2
PA.NUS.PPP,MUS,Mauritius,2022,16.9028689373293,,,2
PA.NUS.PPP,MUS,Mauritius,2023,17.3506531049783,,,2
PA.NUS.PPP,MUS,Mauritius,2024,17.5587586975471,,,2
PA.NUS.PPP,MUS,Mauritius,2025,17.7493221711606,,,2
PA.NUS.PPP,MWI,Malawi,1990,1.46468544115518,,,2
PA.NUS.PPP,MWI,Malawi,1991,1.63637264904572,,,2
PA.NUS.PPP,MWI,Malawi,1992,1.8123242069169,,,2
PA.NUS.PPP,MWI,Malawi,1993,2.26915406984661,,,2
PA.NUS.PPP,MWI,Malawi,1994,2.80318090537425,,,2
PA.NUS.PPP,MWI,Malawi,1995,4.86576616849439,,,2
PA.NUS.PPP,MWI,Malawi,1996,7.27950940748415,,,2
PA.NUS.PPP,MWI,Malawi,1997,8.64707002624355,,,2
PA.NUS.PPP,MWI,Malawi,1998,10.2225530104843,,,2
PA.NUS.PPP,MWI,Malawi,1999,14.0807071633529,,,2
PA.NUS.PPP,MWI,Malawi,2000,17.972980674646,,,2
PA.NUS.PPP,MWI,Malawi,2001,22.0809086562352,,,2
PA.NUS.PPP,MWI,Malawi,2002,35.2594986987358,,,2
PA.NUS.PPP,MWI,Malawi,2003,38.1541966061337,,,2
PA.NUS.PPP,MWI,Malawi,2004,42.6713378666304,,,2
PA.NUS.PPP,MWI,Malawi,2005,45.8181597405504,,,2
PA.NUS.PPP,MWI,Malawi,2006,53.3224144111376,,,2
PA.NUS.PPP,MWI,Malawi,2007,54.0442872585646,,,2
PA.NUS.PPP,MWI,Malawi,2008,59.3666829083203,,,2
PA.NUS.PPP,MWI,Malawi,2009,63.6638792185833,,,2
PA.NUS.PPP,MWI,Malawi,2010,70.5274287772039,,,2
PA.NUS.PPP,MWI,Malawi,2011,78.769287109375,,,2
PA.NUS.PPP,MWI,Malawi,2012,95.0219591977817,,,2
PA.NUS.PPP,MWI,Malawi,2013,116.224777135623,,,2
PA.NUS.PPP,MWI,Malawi,2014,149.438883717352,,,2
PA.NUS.PPP,MWI,Malawi,2015,192.140947084581,,,2
PA.NUS.PPP,MWI,Malawi,2016,229.41508192791,,,2
PA.NUS.PPP,MWI,Malawi,2017,262.308654785156,,,2
PA.NUS.PPP,MWI,Malawi,2018,286.320281982422,,,2
PA.NUS.PPP,MWI,Malawi,2019,298.671356201172,,,2
PA.NUS.PPP,MWI,Malawi,2020,298.386444091797,,,2
PA.NUS.PPP,MWI,Malawi,2021,294.85791015625,,,2
PA.NUS.PPP,MWI,Malawi,2022,322.535332500177,,,2
PA.NUS.PPP,MWI,Malawi,2023,401.327950703585,,,2
PA.NUS.PPP,MWI,Malawi,2024,488.11530168559,,,2
PA.NUS.PPP,MWI,Malawi,2025,619.005548775964,,,2
PA.NUS.PPP,MYS,Malaysia,1990,0.96963202696165,,,2
PA.NUS.PPP,MYS,Malaysia,1991,0.971534935159519,,,2
PA.NUS.PPP,MYS,Malaysia,1992,0.9728209711101,,,2
PA.NUS.PPP,MYS,Malaysia,1993,0.988183895828785,,,2
PA.NUS.PPP,MYS,Malaysia,1994,1.00562001864522,,,2
PA.NUS.PPP,MYS,Malaysia,1995,1.02075633257507,,,2
PA.NUS.PPP,MYS,Malaysia,1996,1.03929218643733,,,2
PA.NUS.PPP,MYS,Malaysia,1997,1.05725220938896,,,2
PA.NUS.PPP,MYS,Malaysia,1998,1.13435647198933,,,2
PA.NUS.PPP,MYS,Malaysia,1999,1.11903660304923,,,2
PA.NUS.PPP,MYS,Malaysia,2000,1.1911478962263,,,2
PA.NUS.PPP,MYS,Malaysia,2001,1.14649003773488,,,2
PA.NUS.PPP,MYS,Malaysia,2002,1.16426968328104,,,2
PA.NUS.PPP,MYS,Malaysia,2003,1.1793932247506,,,2
PA.NUS.PPP,MYS,Malaysia,2004,1.21752595719252,,,2
PA.NUS.PPP,MYS,Malaysia,2005,1.28513541113218,,,2
PA.NUS.PPP,MYS,Malaysia,2006,1.2963193998895,,,2
PA.NUS.PPP,MYS,Malaysia,2007,1.3237335773334,,,2
PA.NUS.PPP,MYS,Malaysia,2008,1.43363299427469,,,2
PA.NUS.PPP,MYS,Malaysia,2009,1.33946525229476,,,2
PA.NUS.PPP,MYS,Malaysia,2010,1.41955052014405,,,2
PA.NUS.PPP,MYS,Malaysia,2011,1.46613442897797,,,2
PA.NUS.PPP,MYS,Malaysia,2012,1.44634167561568,,,2
PA.NUS.PPP,MYS,Malaysia,2013,1.45753049788712,,,2
PA.NUS.PPP,MYS,Malaysia,2014,1.4829363618214,,,2
PA.NUS.PPP,MYS,Malaysia,2015,1.53642074840383,,,2
PA.NUS.PPP,MYS,Malaysia,2016,1.55468238740456,,,2
PA.NUS.PPP,MYS,Malaysia,2017,1.60561609268188,,,2
PA.NUS.PPP,MYS,Malaysia,2018,1.58274710178375,,,2
PA.NUS.PPP,MYS,Malaysia,2019,1.56344366073608,,,2
PA.NUS.PPP,MYS,Malaysia,2020,1.52344620227814,,,2
PA.NUS.PPP,MYS,Malaysia,2021,1.5147716999054,,,2
PA.NUS.PPP,MYS,Malaysia,2022,1.5032290524362,,,2
PA.NUS.PPP,MYS,Malaysia,2023,1.42278837661538,,,2
PA.NUS.PPP,MYS,Malaysia,2024,1.39929497814426,,,2
PA.NUS.PPP,MYS,Malaysia,2025,1.35504364404393,,,2
PA.NUS.PPP,NAM,Namibia,1990,1.42377805127589,,,2
PA.NUS.PPP,NAM,Namibia,1991,1.45965541495493,,,2
PA.NUS.PPP,NAM,Namibia,1992,1.5656782356895,,,2
PA.NUS.PPP,NAM,Namibia,1993,1.68790416761757,,,2
PA.NUS.PPP,NAM,Namibia,1994,1.91161236591427,,,2
PA.NUS.PPP,NAM,Namibia,1995,1.99745645660436,,,2
PA.NUS.PPP,NAM,Namibia,1996,2.25923281696575,,,2
PA.NUS.PPP,NAM,Namibia,1997,2.37891279348238,,,2
PA.NUS.PPP,NAM,Namibia,1998,2.54701328487155,,,2
PA.NUS.PPP,NAM,Namibia,1999,2.68188337870734,,,2
PA.NUS.PPP,NAM,Namibia,2000,2.91832429814138,,,2
PA.NUS.PPP,NAM,Namibia,2001,3.17382184884958,,,2
PA.NUS.PPP,NAM,Namibia,2002,3.43789366124143,,,2
PA.NUS.PPP,NAM,Namibia,2003,3.41418621758756,,,2
PA.NUS.PPP,NAM,Namibia,2004,3.39261388812767,,,2
PA.NUS.PPP,NAM,Namibia,2005,3.47362136212107,,,2
PA.NUS.PPP,NAM,Namibia,2006,3.68667936379995,,,2
PA.NUS.PPP,NAM,Namibia,2007,3.92276264102232,,,2
PA.NUS.PPP,NAM,Namibia,2008,4.27047321030542,,,2
PA.NUS.PPP,NAM,Namibia,2009,4.53907867777532,,,2
PA.NUS.PPP,NAM,Namibia,2010,4.65166902804581,,,2
PA.NUS.PPP,NAM,Namibia,2011,4.73150825500488,,,2
PA.NUS.PPP,NAM,Namibia,2012,5.20011771040599,,,2
PA.NUS.PPP,NAM,Namibia,2013,5.37466118401067,,,2
PA.NUS.PPP,NAM,Namibia,2014,5.62612760005985,,,2
PA.NUS.PPP,NAM,Namibia,2015,5.87619885260804,,,2
PA.NUS.PPP,NAM,Namibia,2016,6.33865336896453,,,2
PA.NUS.PPP,NAM,Namibia,2017,6.92160367965698,,,2
PA.NUS.PPP,NAM,Namibia,2018,7.12966299057007,,,2
PA.NUS.PPP,NAM,Namibia,2019,7.1147084236145,,,2
PA.NUS.PPP,NAM,Namibia,2020,6.82631635665894,,,2
PA.NUS.PPP,NAM,Namibia,2021,6.71698379516602,,,2
PA.NUS.PPP,NAM,Namibia,2022,6.67335305299814,,,2
PA.NUS.PPP,NAM,Namibia,2023,6.93058928484689,,,2
PA.NUS.PPP,NAM,Namibia,2024,7.05363349341884,,,2
PA.NUS.PPP,NAM,Namibia,2025,7.27733758379859,,,2
PA.NUS.PPP,NER,Niger,1990,156.146999783254,,,2
PA.NUS.PPP,NER,Niger,1991,147.050585050061,,,2
PA.NUS.PPP,NER,Niger,1992,136.295138353285,,,2
PA.NUS.PPP,NER,Niger,1993,127.988392971313,,,2
PA.NUS.PPP,NER,Niger,1994,153.150145510093,,,2
PA.NUS.PPP,NER,Niger,1995,156.379412575198,,,2
PA.NUS.PPP,NER,Niger,1996,164.269534552749,,,2
PA.NUS.PPP,NER,Niger,1997,172.775316498224,,,2
PA.NUS.PPP,NER,Niger,1998,181.239987414699,,,2
PA.NUS.PPP,NER,Niger,1999,179.389699898155,,,2
PA.NUS.PPP,NER,Niger,2000,180.991597877591,,,2
PA.NUS.PPP,NER,Niger,2001,185.878433644491,,,2
PA.NUS.PPP,NER,Niger,2002,187.742283131488,,,2
PA.NUS.PPP,NER,Niger,2003,183.760414985259,,,2
PA.NUS.PPP,NER,Niger,2004,179.640763754821,,,2
PA.NUS.PPP,NER,Niger,2005,189.132550556604,,,2
PA.NUS.PPP,NER,Niger,2006,186.219637608699,,,2
PA.NUS.PPP,NER,Niger,2007,194.065545121904,,,2
PA.NUS.PPP,NER,Niger,2008,209.682691995745,,,2
PA.NUS.PPP,NER,Niger,2009,217.12931087396,,,2
PA.NUS.PPP,NER,Niger,2010,221.976991021328,,,2
PA.NUS.PPP,NER,Niger,2011,226.127777099609,,,2
PA.NUS.PPP,NER,Niger,2012,232.257461794201,,,2
PA.NUS.PPP,NER,Niger,2013,239.665186302269,,,2
PA.NUS.PPP,NER,Niger,2014,240.351208944006,,,2
PA.NUS.PPP,NER,Niger,2015,244.950867403413,,,2
PA.NUS.PPP,NER,Niger,2016,250.645662672075,,,2
PA.NUS.PPP,NER,Niger,2017,250.788452148438,,,2
PA.NUS.PPP,NER,Niger,2018,251.85302734375,,,2
PA.NUS.PPP,NER,Niger,2019,231.897216796875,,,2
PA.NUS.PPP,NER,Niger,2020,222.843276977539,,,2
PA.NUS.PPP,NER,Niger,2021,212.888137817383,,,2
PA.NUS.PPP,NER,Niger,2022,207.161840538285,,,2
PA.NUS.PPP,NER,Niger,2023,206.556683343202,,,2
PA.NUS.PPP,NER,Niger,2024,216.50417668186,,,2
PA.NUS.PPP,NER,Niger,2025,207.234045559658,,,2
PA.NUS.PPP,NGA,Nigeria,1990,2.55985133234829,,,2
PA.NUS.PPP,NGA,Nigeria,1991,2.94320564041141,,,2
PA.NUS.PPP,NGA,Nigeria,1992,4.22298785753568,,,2
PA.NUS.PPP,NGA,Nigeria,1993,5.84290443632172,,,2
PA.NUS.PPP,NGA,Nigeria,1994,8.19763959806389,,,2
PA.NUS.PPP,NGA,Nigeria,1995,14.0835080856227,,,2
PA.NUS.PPP,NGA,Nigeria,1996,17.4941069581432,,,2
PA.NUS.PPP,NGA,Nigeria,1997,18.0669396107331,,,2
PA.NUS.PPP,NGA,Nigeria,1998,18.9397864691937,,,2
PA.NUS.PPP,NGA,Nigeria,1999,21.1837373885665,,,2
PA.NUS.PPP,NGA,Nigeria,2000,25.4112675689029,,,2
PA.NUS.PPP,NGA,Nigeria,2001,27.3558590411988,,,2
PA.NUS.PPP,NGA,Nigeria,2002,32.6234542701253,,,2
PA.NUS.PPP,NGA,Nigeria,2003,35.1284178343356,,,2
PA.NUS.PPP,NGA,Nigeria,2004,41.2991518951378,,,2
PA.NUS.PPP,NGA,Nigeria,2005,47.9956597146448,,,2
PA.NUS.PPP,NGA,Nigeria,2006,57.6710459713477,,,2
PA.NUS.PPP,NGA,Nigeria,2007,60.136287623899,,,2
PA.NUS.PPP,NGA,Nigeria,2008,63.6731196433777,,,2
PA.NUS.PPP,NGA,Nigeria,2009,63.7169861164602,,,2
PA.NUS.PPP,NGA,Nigeria,2010,73.2400279635011,,,2
PA.NUS.PPP,NGA,Nigeria,2011,78.7765274047852,,,2
PA.NUS.PPP,NGA,Nigeria,2012,86.6815436772594,,,2
PA.NUS.PPP,NGA,Nigeria,2013,89.9609881455205,,,2
PA.NUS.PPP,NGA,Nigeria,2014,92.3195424739233,,,2
PA.NUS.PPP,NGA,Nigeria,2015,96.1893655294467,,,2
PA.NUS.PPP,NGA,Nigeria,2016,104.499952232403,,,2
PA.NUS.PPP,NGA,Nigeria,2017,114.824493408203,,,2
PA.NUS.PPP,NGA,Nigeria,2018,123.914825439453,,,2
PA.NUS.PPP,NGA,Nigeria,2019,129.647445678711,,,2
PA.NUS.PPP,NGA,Nigeria,2020,134.639099121094,,,2
PA.NUS.PPP,NGA,Nigeria,2021,146.717681884766,,,2
PA.NUS.PPP,NGA,Nigeria,2022,147.997232013642,,,2
PA.NUS.PPP,NGA,Nigeria,2023,158.178769064314,,,2
PA.NUS.PPP,NGA,Nigeria,2024,176.079684596458,,,2
PA.NUS.PPP,NGA,Nigeria,2025,195.022548515709,,,2
PA.NUS.PPP,NIC,Nicaragua,1990,0.0628258825950986,,,2
PA.NUS.PPP,NIC,Nicaragua,1991,1.84238083405344,,,2
PA.NUS.PPP,NIC,Nicaragua,1992,2.22762174985528,,,2
PA.NUS.PPP,NIC,Nicaragua,1993,2.61977290102433,,,2
PA.NUS.PPP,NIC,Nicaragua,1994,2.76454327494372,,,2
PA.NUS.PPP,NIC,Nicaragua,1995,3.07041282157456,,,2
PA.NUS.PPP,NIC,Nicaragua,1996,3.30487711737313,,,2
PA.NUS.PPP,NIC,Nicaragua,1997,3.5665249107779,,,2
PA.NUS.PPP,NIC,Nicaragua,1998,4.02165640761462,,,2
PA.NUS.PPP,NIC,Nicaragua,1999,4.33141008037977,,,2
PA.NUS.PPP,NIC,Nicaragua,2000,4.59828835316429,,,2
PA.NUS.PPP,NIC,Nicaragua,2001,4.82268198926846,,,2
PA.NUS.PPP,NIC,Nicaragua,2002,4.90314633407485,,,2
PA.NUS.PPP,NIC,Nicaragua,2003,5.06454675875827,,,2
PA.NUS.PPP,NIC,Nicaragua,2004,5.37830656799757,,,2
PA.NUS.PPP,NIC,Nicaragua,2005,5.72934803655576,,,2
PA.NUS.PPP,NIC,Nicaragua,2006,5.99524454720807,,,2
PA.NUS.PPP,NIC,Nicaragua,2007,6.40177859043574,,,2
PA.NUS.PPP,NIC,Nicaragua,2008,7.29819736864547,,,2
PA.NUS.PPP,NIC,Nicaragua,2009,7.69130022631539,,,2
PA.NUS.PPP,NIC,Nicaragua,2010,8.06538140365918,,,2
PA.NUS.PPP,NIC,Nicaragua,2011,8.70955848693848,,,2
PA.NUS.PPP,NIC,Nicaragua,2012,9.32214368308719,,,2
PA.NUS.PPP,NIC,Nicaragua,2013,9.63304348170275,,,2
PA.NUS.PPP,NIC,Nicaragua,2014,10.0315089647279,,,2
PA.NUS.PPP,NIC,Nicaragua,2015,10.3769956491351,,,2
PA.NUS.PPP,NIC,Nicaragua,2016,10.3718349580235,,,2
PA.NUS.PPP,NIC,Nicaragua,2017,10.5358943939209,,,2
PA.NUS.PPP,NIC,Nicaragua,2018,10.8195791244507,,,2
PA.NUS.PPP,NIC,Nicaragua,2019,10.8463048934937,,,2
PA.NUS.PPP,NIC,Nicaragua,2020,10.6103572845459,,,2
PA.NUS.PPP,NIC,Nicaragua,2021,10.564323425293,,,2
PA.NUS.PPP,NIC,Nicaragua,2022,10.6898638091211,,,2
PA.NUS.PPP,NIC,Nicaragua,2023,11.4198551277581,,,2
PA.NUS.PPP,NIC,Nicaragua,2024,11.9599866316397,,,2
PA.NUS.PPP,NIC,Nicaragua,2025,12.5185500987327,,,2
PA.NUS.PPP,NLD,Netherlands,1990,0.917489,,,2
PA.NUS.PPP,NLD,Netherlands,1991,0.91514,,,2
PA.NUS.PPP,NLD,Netherlands,1992,0.917081,,,2
PA.NUS.PPP,NLD,Netherlands,1993,0.910157,,,2
PA.NUS.PPP,NLD,Netherlands,1994,0.909511,,,2
PA.NUS.PPP,NLD,Netherlands,1995,0.909226,,,2
PA.NUS.PPP,NLD,Netherlands,1996,0.905128,,,2
PA.NUS.PPP,NLD,Netherlands,1997,0.908615,,,2
PA.NUS.PPP,NLD,Netherlands,1998,0.905892,,,2
PA.NUS.PPP,NLD,Netherlands,1999,0.906357,,,2
PA.NUS.PPP,NLD,Netherlands,2000,0.890247,,,2
PA.NUS.PPP,NLD,Netherlands,2001,0.904914,,,2
PA.NUS.PPP,NLD,Netherlands,2002,0.900863,,,2
PA.NUS.PPP,NLD,Netherlands,2003,0.92557,,,2
PA.NUS.PPP,NLD,Netherlands,2004,0.907889,,,2
PA.NUS.PPP,NLD,Netherlands,2005,0.897139,,,2
PA.NUS.PPP,NLD,Netherlands,2006,0.872108,,,2
PA.NUS.PPP,NLD,Netherlands,2007,0.860036,,,2
PA.NUS.PPP,NLD,Netherlands,2008,0.847775,,,2
PA.NUS.PPP,NLD,Netherlands,2009,0.847927,,,2
PA.NUS.PPP,NLD,Netherlands,2010,0.854289,,,2
PA.NUS.PPP,NLD,Netherlands,2011,0.836065,,,2
PA.NUS.PPP,NLD,Netherlands,2012,0.824408,,,2
PA.NUS.PPP,NLD,Netherlands,2013,0.798166,,,2
PA.NUS.PPP,NLD,Netherlands,2014,0.808798,,,2
PA.NUS.PPP,NLD,Netherlands,2015,0.809978,,,2
PA.NUS.PPP,NLD,Netherlands,2016,0.795448,,,2
PA.NUS.PPP,NLD,Netherlands,2017,0.78215,,,2
PA.NUS.PPP,NLD,Netherlands,2018,0.776747,,,2
PA.NUS.PPP,NLD,Netherlands,2019,0.767329,,,2
PA.NUS.PPP,NLD,Netherlands,2020,0.747828,,,2
PA.NUS.PPP,NLD,Netherlands,2021,0.741535,,,2
PA.NUS.PPP,NLD,Netherlands,2022,0.714036,,,2
PA.NUS.PPP,NLD,Netherlands,2023,0.730695,,,2
PA.NUS.PPP,NLD,Netherlands,2024,0.731421,,,2
PA.NUS.PPP,NLD,Netherlands,2025,0.746769,,,2
PA.NUS.PPP,NOR,Norway,1990,9.576641,,,2
PA.NUS.PPP,NOR,Norway,1991,9.468258,,,2
PA.NUS.PPP,NOR,Norway,1992,9.198073,,,2
PA.NUS.PPP,NOR,Norway,1993,9.191119,,,2
PA.NUS.PPP,NOR,Norway,1994,8.984934,,,2
PA.NUS.PPP,NOR,Norway,1995,9.069835,,,2
PA.NUS.PPP,NOR,Norway,1996,8.973256,,,2
PA.NUS.PPP,NOR,Norway,1997,9.055966,,,2
PA.NUS.PPP,NOR,Norway,1998,9.311803,,,2
PA.NUS.PPP,NOR,Norway,1999,9.283739,,,2
PA.NUS.PPP,NOR,Norway,2000,9.08346,,,2
PA.NUS.PPP,NOR,Norway,2001,9.175302,,,2
PA.NUS.PPP,NOR,Norway,2002,9.05673,,,2
PA.NUS.PPP,NOR,Norway,2003,9.198149,,,2
PA.NUS.PPP,NOR,Norway,2004,9.126614,,,2
PA.NUS.PPP,NOR,Norway,2005,9.005204,,,2
PA.NUS.PPP,NOR,Norway,2006,8.782047,,,2
PA.NUS.PPP,NOR,Norway,2007,8.92124,,,2
PA.NUS.PPP,NOR,Norway,2008,8.859281,,,2
PA.NUS.PPP,NOR,Norway,2009,9.079448,,,2
PA.NUS.PPP,NOR,Norway,2010,9.15383,,,2
PA.NUS.PPP,NOR,Norway,2011,9.082736,,,2
PA.NUS.PPP,NOR,Norway,2012,9.037085,,,2
PA.NUS.PPP,NOR,Norway,2013,9.029349,,,2
PA.NUS.PPP,NOR,Norway,2014,9.278458,,,2
PA.NUS.PPP,NOR,Norway,2015,9.932516,,,2
PA.NUS.PPP,NOR,Norway,2016,10.0419,,,2
PA.NUS.PPP,NOR,Norway,2017,9.74983,,,2
PA.NUS.PPP,NOR,Norway,2018,9.583999,,,2
PA.NUS.PPP,NOR,Norway,2019,9.481152,,,2
PA.NUS.PPP,NOR,Norway,2020,9.588324,,,2
PA.NUS.PPP,NOR,Norway,2021,8.984704,,,2
PA.NUS.PPP,NOR,Norway,2022,8.371497,,,2
PA.NUS.PPP,NOR,Norway,2023,8.918221,,,2
PA.NUS.PPP,NOR,Norway,2024,9.142143,,,2
PA.NUS.PPP,NOR,Norway,2025,9.451661,,,2
PA.NUS.PPP,NPL,Nepal,1990,6.85454384273099,,,2
PA.NUS.PPP,NPL,Nepal,1991,7.46206849172301,,,2
PA.NUS.PPP,NPL,Nepal,1992,8.64473644342613,,,2
PA.NUS.PPP,NPL,Nepal,1993,9.35446768133163,,,2
PA.NUS.PPP,NPL,Nepal,1994,9.59999853689751,,,2
PA.NUS.PPP,NPL,Nepal,1995,9.99531062685215,,,2
PA.NUS.PPP,NPL,Nepal,1996,10.583488574169,,,2
PA.NUS.PPP,NPL,Nepal,1997,11.1613980467457,,,2
PA.NUS.PPP,NPL,Nepal,1998,11.4907510122412,,,2
PA.NUS.PPP,NPL,Nepal,1999,12.3373538417782,,,2
PA.NUS.PPP,NPL,Nepal,2000,12.603636841415,,,2
PA.NUS.PPP,NPL,Nepal,2001,12.7467176998949,,,2
PA.NUS.PPP,NPL,Nepal,2002,13.0455556902547,,,2
PA.NUS.PPP,NPL,Nepal,2003,13.1857655266256,,,2
PA.NUS.PPP,NPL,Nepal,2004,13.3754629262205,,,2
PA.NUS.PPP,NPL,Nepal,2005,13.7624445273762,,,2
PA.NUS.PPP,NPL,Nepal,2006,14.3333487752887,,,2
PA.NUS.PPP,NPL,Nepal,2007,15.0163236748654,,,2
PA.NUS.PPP,NPL,Nepal,2008,15.5604151914022,,,2
PA.NUS.PPP,NPL,Nepal,2009,17.9252578879031,,,2
PA.NUS.PPP,NPL,Nepal,2010,20.392556568015,,,2
PA.NUS.PPP,NPL,Nepal,2011,25.2546119689941,,,2
PA.NUS.PPP,NPL,Nepal,2012,25.8979169211162,,,2
PA.NUS.PPP,NPL,Nepal,2013,26.5807557502062,,,2
PA.NUS.PPP,NPL,Nepal,2014,27.8081906621043,,,2
PA.NUS.PPP,NPL,Nepal,2015,29.4549209427301,,,2
PA.NUS.PPP,NPL,Nepal,2016,31.3487650786609,,,2
PA.NUS.PPP,NPL,Nepal,2017,30.4751052856445,,,2
PA.NUS.PPP,NPL,Nepal,2018,31.1103649139404,,,2
PA.NUS.PPP,NPL,Nepal,2019,31.8753757476807,,,2
PA.NUS.PPP,NPL,Nepal,2020,31.6953372955322,,,2
PA.NUS.PPP,NPL,Nepal,2021,32.4816780090332,,,2
PA.NUS.PPP,NPL,Nepal,2022,32.8239509677297,,,2
PA.NUS.PPP,NPL,Nepal,2023,33.4724567538748,,,2
PA.NUS.PPP,NPL,Nepal,2024,33.8112518665645,,,2
PA.NUS.PPP,NPL,Nepal,2025,33.8982001034302,,,2
PA.NUS.PPP,NRU,Naoero,1990,0.46285882328909,,,2
PA.NUS.PPP,NRU,Naoero,1991,0.512263205850883,,,2
PA.NUS.PPP,NRU,Naoero,1992,0.594127108614367,,,2
PA.NUS.PPP,NRU,Naoero,1993,0.644855676076862,,,2
PA.NUS.PPP,NRU,Naoero,1994,0.608847918127504,,,2
PA.NUS.PPP,NRU,Naoero,1995,0.606888331636805,,,2
PA.NUS.PPP,NRU,Naoero,1996,0.620140150378749,,,2
PA.NUS.PPP,NRU,Naoero,1997,0.646950082722679,,,2
PA.NUS.PPP,NRU,Naoero,1998,0.664925809062975,,,2
PA.NUS.PPP,NRU,Naoero,1999,0.699760983940856,,,2
PA.NUS.PPP,NRU,Naoero,2000,0.722351788141579,,,2
PA.NUS.PPP,NRU,Naoero,2001,0.744516005414791,,,2
PA.NUS.PPP,NRU,Naoero,2002,0.776268621182419,,,2
PA.NUS.PPP,NRU,Naoero,2003,0.80397178286405,,,2
PA.NUS.PPP,NRU,Naoero,2004,0.826990841756106,,,2
PA.NUS.PPP,NRU,Naoero,2005,0.745906254628694,,,2
PA.NUS.PPP,NRU,Naoero,2006,0.650527879376357,,,2
PA.NUS.PPP,NRU,Naoero,2007,0.604406582485251,,,2
PA.NUS.PPP,NRU,Naoero,2008,0.715667387272181,,,2
PA.NUS.PPP,NRU,Naoero,2009,1.07588623952619,,,2
PA.NUS.PPP,NRU,Naoero,2010,0.956671316502283,,,2
PA.NUS.PPP,NRU,Naoero,2011,0.998753796315207,,,2
PA.NUS.PPP,NRU,Naoero,2012,1.17071329256384,,,2
PA.NUS.PPP,NRU,Naoero,2013,1.0378478236208,,,2
PA.NUS.PPP,NRU,Naoero,2014,1.03372847376045,,,2
PA.NUS.PPP,NRU,Naoero,2015,0.935344367200649,,,2
PA.NUS.PPP,NRU,Naoero,2016,1.16891592774687,,,2
PA.NUS.PPP,NRU,Naoero,2017,1.32686419959344,,,2
PA.NUS.PPP,NRU,Naoero,2018,1.52477009597531,,,2
PA.NUS.PPP,NRU,Naoero,2019,1.4309632431572,,,2
PA.NUS.PPP,NRU,Naoero,2020,1.47746155811285,,,2
PA.NUS.PPP,NRU,Naoero,2021,1.41003609186483,,,2
PA.NUS.PPP,NRU,Naoero,2022,1.63892625627759,,,2
PA.NUS.PPP,NRU,Naoero,2023,1.53436035491782,,,2
PA.NUS.PPP,NRU,Naoero,2024,1.57419303217835,,,2
PA.NUS.PPP,NRU,Naoero,2025,1.59287093272538,,,2
PA.NUS.PPP,NZL,New Zealand,1990,1.543486,,,2
PA.NUS.PPP,NZL,New Zealand,1991,1.498887,,,2
PA.NUS.PPP,NZL,New Zealand,1992,1.490943,,,2
PA.NUS.PPP,NZL,New Zealand,1993,1.48904,,,2
PA.NUS.PPP,NZL,New Zealand,1994,1.462929,,,2
PA.NUS.PPP,NZL,New Zealand,1995,1.466538,,,2
PA.NUS.PPP,NZL,New Zealand,1996,1.472926,,,2
PA.NUS.PPP,NZL,New Zealand,1997,1.451281,,,2
PA.NUS.PPP,NZL,New Zealand,1998,1.449162,,,2
PA.NUS.PPP,NZL,New Zealand,1999,1.43466,,,2
PA.NUS.PPP,NZL,New Zealand,2000,1.444868,,,2
PA.NUS.PPP,NZL,New Zealand,2001,1.473448,,,2
PA.NUS.PPP,NZL,New Zealand,2002,1.468962,,,2
PA.NUS.PPP,NZL,New Zealand,2003,1.495284,,,2
PA.NUS.PPP,NZL,New Zealand,2004,1.505044,,,2
PA.NUS.PPP,NZL,New Zealand,2005,1.535,,,2
PA.NUS.PPP,NZL,New Zealand,2006,1.48217,,,2
PA.NUS.PPP,NZL,New Zealand,2007,1.506774,,,2
PA.NUS.PPP,NZL,New Zealand,2008,1.490709,,,2
PA.NUS.PPP,NZL,New Zealand,2009,1.472321,,,2
PA.NUS.PPP,NZL,New Zealand,2010,1.496739,,,2
PA.NUS.PPP,NZL,New Zealand,2011,1.485915,,,2
PA.NUS.PPP,NZL,New Zealand,2012,1.495622,,,2
PA.NUS.PPP,NZL,New Zealand,2013,1.445979,,,2
PA.NUS.PPP,NZL,New Zealand,2014,1.44073,,,2
PA.NUS.PPP,NZL,New Zealand,2015,1.478014,,,2
PA.NUS.PPP,NZL,New Zealand,2016,1.441008,,,2
PA.NUS.PPP,NZL,New Zealand,2017,1.430959,,,2
PA.NUS.PPP,NZL,New Zealand,2018,1.47006,,,2
PA.NUS.PPP,NZL,New Zealand,2019,1.436661,,,2
PA.NUS.PPP,NZL,New Zealand,2020,1.422947,,,2
PA.NUS.PPP,NZL,New Zealand,2021,1.463664,,,2
PA.NUS.PPP,NZL,New Zealand,2022,1.43316,,,2
PA.NUS.PPP,NZL,New Zealand,2023,1.461074,,,2
PA.NUS.PPP,NZL,New Zealand,2024,1.463912,,,2
PA.NUS.PPP,NZL,New Zealand,2025,1.472957,,,2
PA.NUS.PPP,OMN,Oman,1990,0.10783982252085,,,2
PA.NUS.PPP,OMN,Oman,1991,0.0954432799804072,,,2
PA.NUS.PPP,OMN,Oman,1992,0.0945050407818661,,,2
PA.NUS.PPP,OMN,Oman,1993,0.0873434028595813,,,2
PA.NUS.PPP,OMN,Oman,1994,0.0851312479081453,,,2
PA.NUS.PPP,OMN,Oman,1995,0.0848494302148906,,,2
PA.NUS.PPP,OMN,Oman,1996,0.089500587832005,,,2
PA.NUS.PPP,OMN,Oman,1997,0.0860176841034772,,,2
PA.NUS.PPP,OMN,Oman,1998,0.075703482473835,,,2
PA.NUS.PPP,OMN,Oman,1999,0.0827223947898546,,,2
PA.NUS.PPP,OMN,Oman,2000,0.095082260276509,,,2
PA.NUS.PPP,OMN,Oman,2001,0.0886729208183253,,,2
PA.NUS.PPP,OMN,Oman,2002,0.0914137956330084,,,2
PA.NUS.PPP,OMN,Oman,2003,0.0982841585340039,,,2
PA.NUS.PPP,OMN,Oman,2004,0.107670879540499,,,2
PA.NUS.PPP,OMN,Oman,2005,0.127086845018234,,,2
PA.NUS.PPP,OMN,Oman,2006,0.141239907749769,,,2
PA.NUS.PPP,OMN,Oman,2007,0.148596190595468,,,2
PA.NUS.PPP,OMN,Oman,2008,0.193386481669489,,,2
PA.NUS.PPP,OMN,Oman,2009,0.144069749645044,,,2
PA.NUS.PPP,OMN,Oman,2010,0.162801261455317,,,2
PA.NUS.PPP,OMN,Oman,2011,0.184847801923752,,,2
PA.NUS.PPP,OMN,Oman,2012,0.189539291858895,,,2
PA.NUS.PPP,OMN,Oman,2013,0.19185159907722,,,2
PA.NUS.PPP,OMN,Oman,2014,0.201313489093613,,,2
PA.NUS.PPP,OMN,Oman,2015,0.200559125055299,,,2
PA.NUS.PPP,OMN,Oman,2016,0.197362899134665,,,2
PA.NUS.PPP,OMN,Oman,2017,0.203804805874825,,,2
PA.NUS.PPP,OMN,Oman,2018,0.202545270323753,,,2
PA.NUS.PPP,OMN,Oman,2019,0.197977468371391,,,2
PA.NUS.PPP,OMN,Oman,2020,0.183537229895592,,,2
PA.NUS.PPP,OMN,Oman,2021,0.192684262990952,,,2
PA.NUS.PPP,OMN,Oman,2022,0.209564783833864,,,2
PA.NUS.PPP,OMN,Oman,2023,0.192597497388479,,,2
PA.NUS.PPP,OMN,Oman,2024,0.186591473077914,,,2
PA.NUS.PPP,OMN,Oman,2025,0.181339214175172,,,2
PA.NUS.PPP,PAK,Pakistan,1990,6.29803040048103,,,2
PA.NUS.PPP,PAK,Pakistan,1991,6.91396947549225,,,2
PA.NUS.PPP,PAK,Pakistan,1992,7.44952780527766,,,2
PA.NUS.PPP,PAK,Pakistan,1993,7.9202232592016,,,2
PA.NUS.PPP,PAK,Pakistan,1994,8.76495374351323,,,2
PA.NUS.PPP,PAK,Pakistan,1995,9.70155471052732,,,2
PA.NUS.PPP,PAK,Pakistan,1996,10.3249004476829,,,2
PA.NUS.PPP,PAK,Pakistan,1997,11.5082806986944,,,2
PA.NUS.PPP,PAK,Pakistan,1998,12.2368721515419,,,2
PA.NUS.PPP,PAK,Pakistan,1999,12.7734754064475,,,2
PA.NUS.PPP,PAK,Pakistan,2000,12.9553194834026,,,2
PA.NUS.PPP,PAK,Pakistan,2001,13.4318522883704,,,2
PA.NUS.PPP,PAK,Pakistan,2002,13.7449699673721,,,2
PA.NUS.PPP,PAK,Pakistan,2003,13.9577125812755,,,2
PA.NUS.PPP,PAK,Pakistan,2004,14.5778237423032,,,2
PA.NUS.PPP,PAK,Pakistan,2005,14.9199706497059,,,2
PA.NUS.PPP,PAK,Pakistan,2006,15.3417034193448,,,2
PA.NUS.PPP,PAK,Pakistan,2007,16.4802130283552,,,2
PA.NUS.PPP,PAK,Pakistan,2008,17.9343857486721,,,2
PA.NUS.PPP,PAK,Pakistan,2009,20.0301568180793,,,2
PA.NUS.PPP,PAK,Pakistan,2010,21.8851120177154,,,2
PA.NUS.PPP,PAK,Pakistan,2011,24.9616813659668,,,2
PA.NUS.PPP,PAK,Pakistan,2012,26.5898250535484,,,2
PA.NUS.PPP,PAK,Pakistan,2013,28.4243930116936,,,2
PA.NUS.PPP,PAK,Pakistan,2014,30.2479895467861,,,2
PA.NUS.PPP,PAK,Pakistan,2015,31.2534611756898,,,2
PA.NUS.PPP,PAK,Pakistan,2016,32.1021392014357,,,2
PA.NUS.PPP,PAK,Pakistan,2017,33.2462348937988,,,2
PA.NUS.PPP,PAK,Pakistan,2018,34.6823616027832,,,2
PA.NUS.PPP,PAK,Pakistan,2019,37.6706199645996,,,2
PA.NUS.PPP,PAK,Pakistan,2020,40.0747337341309,,,2
PA.NUS.PPP,PAK,Pakistan,2021,43.4407234191895,,,2
PA.NUS.PPP,PAK,Pakistan,2022,46.2084822667212,,,2
PA.NUS.PPP,PAK,Pakistan,2023,56.15218757235,,,2
PA.NUS.PPP,PAK,Pakistan,2024,66.8726408434692,,,2
PA.NUS.PPP,PAK,Pakistan,2025,67.8368115155746,,,2
PA.NUS.PPP,PAN,Panama,1990,0.510099286176858,,,2
PA.NUS.PPP,PAN,Panama,1991,0.495844509710953,,,2
PA.NUS.PPP,PAN,Panama,1992,0.509332551420358,,,2
PA.NUS.PPP,PAN,Panama,1993,0.515225304310711,,,2
PA.NUS.PPP,PAN,Panama,1994,0.52301683620744,,,2
PA.NUS.PPP,PAN,Panama,1995,0.514666832162111,,,2
PA.NUS.PPP,PAN,Panama,1996,0.515252366396672,,,2
PA.NUS.PPP,PAN,Panama,1997,0.514305380488923,,,2
PA.NUS.PPP,PAN,Panama,1998,0.514048337382255,,,2
PA.NUS.PPP,PAN,Panama,1999,0.509798046478631,,,2
PA.NUS.PPP,PAN,Panama,2000,0.490916127226173,,,2
PA.NUS.PPP,PAN,Panama,2001,0.486970836435404,,,2
PA.NUS.PPP,PAN,Panama,2002,0.488702259944675,,,2
PA.NUS.PPP,PAN,Panama,2003,0.484589738624529,,,2
PA.NUS.PPP,PAN,Panama,2004,0.484232497962239,,,2
PA.NUS.PPP,PAN,Panama,2005,0.477378991056594,,,2
PA.NUS.PPP,PAN,Panama,2006,0.473168814869303,,,2
PA.NUS.PPP,PAN,Panama,2007,0.473852902495144,,,2
PA.NUS.PPP,PAN,Panama,2008,0.499653512861707,,,2
PA.NUS.PPP,PAN,Panama,2009,0.528041751709992,,,2
PA.NUS.PPP,PAN,Panama,2010,0.535008643326962,,,2
PA.NUS.PPP,PAN,Panama,2011,0.552960157394409,,,2
PA.NUS.PPP,PAN,Panama,2012,0.568205385260773,,,2
PA.NUS.PPP,PAN,Panama,2013,0.559820488634631,,,2
PA.NUS.PPP,PAN,Panama,2014,0.542055920926051,,,2
PA.NUS.PPP,PAN,Panama,2015,0.516884225192376,,,2
PA.NUS.PPP,PAN,Panama,2016,0.489893443799203,,,2
PA.NUS.PPP,PAN,Panama,2017,0.46803081035614,,,2
PA.NUS.PPP,PAN,Panama,2018,0.497522056102753,,,2
PA.NUS.PPP,PAN,Panama,2019,0.495729207992554,,,2
PA.NUS.PPP,PAN,Panama,2020,0.491933196783066,,,2
PA.NUS.PPP,PAN,Panama,2021,0.501403868198395,,,2
PA.NUS.PPP,PAN,Panama,2022,0.478388581330201,,,2
PA.NUS.PPP,PAN,Panama,2023,0.471743398563755,,,2
PA.NUS.PPP,PAN,Panama,2024,0.462501709276174,,,2
PA.NUS.PPP,PAN,Panama,2025,0.45076892365416,,,2
PA.NUS.PPP,PER,Peru,1990,0.0737618958590963,,,2
PA.NUS.PPP,PER,Peru,1991,0.341077206259703,,,2
PA.NUS.PPP,PER,Peru,1992,0.564446472847716,,,2
PA.NUS.PPP,PER,Peru,1993,0.807131539880948,,,2
PA.NUS.PPP,PER,Peru,1994,1.0011639161999,,,2
PA.NUS.PPP,PER,Peru,1995,1.11375790704193,,,2
PA.NUS.PPP,PER,Peru,1996,1.19969235671521,,,2
PA.NUS.PPP,PER,Peru,1997,1.26524896423242,,,2
PA.NUS.PPP,PER,Peru,1998,1.31838970081498,,,2
PA.NUS.PPP,PER,Peru,1999,1.3381424170782,,,2
PA.NUS.PPP,PER,Peru,2000,1.35462332872182,,,2
PA.NUS.PPP,PER,Peru,2001,1.33082419413875,,,2
PA.NUS.PPP,PER,Peru,2002,1.31188834434943,,,2
PA.NUS.PPP,PER,Peru,2003,1.30969372222573,,,2
PA.NUS.PPP,PER,Peru,2004,1.35547985553516,,,2
PA.NUS.PPP,PER,Peru,2005,1.36031989473074,,,2
PA.NUS.PPP,PER,Peru,2006,1.42065856967078,,,2
PA.NUS.PPP,PER,Peru,2007,1.40380332473503,,,2
PA.NUS.PPP,PER,Peru,2008,1.39246244500993,,,2
PA.NUS.PPP,PER,Peru,2009,1.41248672354535,,,2
PA.NUS.PPP,PER,Peru,2010,1.47522183234021,,,2
PA.NUS.PPP,PER,Peru,2011,1.54290533065796,,,2
PA.NUS.PPP,PER,Peru,2012,1.5985105706211,,,2
PA.NUS.PPP,PER,Peru,2013,1.61455068299601,,,2
PA.NUS.PPP,PER,Peru,2014,1.64340328251833,,,2
PA.NUS.PPP,PER,Peru,2015,1.71067607184917,,,2
PA.NUS.PPP,PER,Peru,2016,1.73893024874345,,,2
PA.NUS.PPP,PER,Peru,2017,1.74423778057098,,,2
PA.NUS.PPP,PER,Peru,2018,1.75371789932251,,,2
PA.NUS.PPP,PER,Peru,2019,1.73128080368042,,,2
PA.NUS.PPP,PER,Peru,2020,1.70620810985565,,,2
PA.NUS.PPP,PER,Peru,2021,1.73354005813599,,,2
PA.NUS.PPP,PER,Peru,2022,1.69146364933462,,,2
PA.NUS.PPP,PER,Peru,2023,1.73971850059984,,,2
PA.NUS.PPP,PER,Peru,2024,1.78990272678921,,,2
PA.NUS.PPP,PER,Peru,2025,1.83592285276037,,,2
PA.NUS.PPP,PHL,Philippines,1990,7.48709549678564,,,2
PA.NUS.PPP,PHL,Philippines,1991,8.42954253753028,,,2
PA.NUS.PPP,PHL,Philippines,1992,8.89132720283952,,,2
PA.NUS.PPP,PHL,Philippines,1993,9.27690030312943,,,2
PA.NUS.PPP,PHL,Philippines,1994,9.99672788201786,,,2
PA.NUS.PPP,PHL,Philippines,1995,10.539723043203,,,2
PA.NUS.PPP,PHL,Philippines,1996,11.1460605831066,,,2
PA.NUS.PPP,PHL,Philippines,1997,11.6430058624665,,,2
PA.NUS.PPP,PHL,Philippines,1998,12.7176415981058,,,2
PA.NUS.PPP,PHL,Philippines,1999,13.3345612497349,,,2
PA.NUS.PPP,PHL,Philippines,2000,13.7976794469821,,,2
PA.NUS.PPP,PHL,Philippines,2001,14.2520402975863,,,2
PA.NUS.PPP,PHL,Philippines,2002,14.6277428659908,,,2
PA.NUS.PPP,PHL,Philippines,2003,14.8024330167932,,,2
PA.NUS.PPP,PHL,Philippines,2004,15.2639476782943,,,2
PA.NUS.PPP,PHL,Philippines,2005,15.6747099538582,,,2
PA.NUS.PPP,PHL,Philippines,2006,15.9830453143522,,,2
PA.NUS.PPP,PHL,Philippines,2007,16.0538547582216,,,2
PA.NUS.PPP,PHL,Philippines,2008,16.8811450381626,,,2
PA.NUS.PPP,PHL,Philippines,2009,17.2370794559191,,,2
PA.NUS.PPP,PHL,Philippines,2010,17.7744813624854,,,2
PA.NUS.PPP,PHL,Philippines,2011,18.0976543426514,,,2
PA.NUS.PPP,PHL,Philippines,2012,18.11736783697,,,2
PA.NUS.PPP,PHL,Philippines,2013,18.5246800349834,,,2
PA.NUS.PPP,PHL,Philippines,2014,19.0280566369191,,,2
PA.NUS.PPP,PHL,Philippines,2015,19.2053500054402,,,2
PA.NUS.PPP,PHL,Philippines,2016,19.2036678961722,,,2
PA.NUS.PPP,PHL,Philippines,2017,19.6985569000244,,,2
PA.NUS.PPP,PHL,Philippines,2018,19.9645137786865,,,2
PA.NUS.PPP,PHL,Philippines,2019,19.7382965087891,,,2
PA.NUS.PPP,PHL,Philippines,2020,19.4414348602295,,,2
PA.NUS.PPP,PHL,Philippines,2021,19.37526512146,,,2
PA.NUS.PPP,PHL,Philippines,2022,19.0815308222484,,,2
PA.NUS.PPP,PHL,Philippines,2023,19.2473611347953,,,2
PA.NUS.PPP,PHL,Philippines,2024,19.3265525181874,,,2
PA.NUS.PPP,PHL,Philippines,2025,19.069580238078,,,2
PA.NUS.PPP,PLW,Palau,1990,0.668055953434097,,,2
PA.NUS.PPP,PLW,Palau,1991,0.671802779995667,,,2
PA.NUS.PPP,PLW,Palau,1992,0.689997540141849,,,2
PA.NUS.PPP,PLW,Palau,1993,0.707554075048274,,,2
PA.NUS.PPP,PLW,Palau,1994,0.710443193239236,,,2
PA.NUS.PPP,PLW,Palau,1995,0.715426485975678,,,2
PA.NUS.PPP,PLW,Palau,1996,0.723020842329685,,,2
PA.NUS.PPP,PLW,Palau,1997,0.726953554196153,,,2
PA.NUS.PPP,PLW,Palau,1998,0.730345992524581,,,2
PA.NUS.PPP,PLW,Palau,1999,0.736379077512053,,,2
PA.NUS.PPP,PLW,Palau,2000,0.766722178549973,,,2
PA.NUS.PPP,PLW,Palau,2001,0.744741674300103,,,2
PA.NUS.PPP,PLW,Palau,2002,0.714435340784234,,,2
PA.NUS.PPP,PLW,Palau,2003,0.68022316517816,,,2
PA.NUS.PPP,PLW,Palau,2004,0.689040302066617,,,2
PA.NUS.PPP,PLW,Palau,2005,0.724670769188777,,,2
PA.NUS.PPP,PLW,Palau,2006,0.720731601272038,,,2
PA.NUS.PPP,PLW,Palau,2007,0.716056982155764,,,2
PA.NUS.PPP,PLW,Palau,2008,0.755341141672787,,,2
PA.NUS.PPP,PLW,Palau,2009,0.739994933700072,,,2
PA.NUS.PPP,PLW,Palau,2010,0.754920947923393,,,2
PA.NUS.PPP,PLW,Palau,2011,0.749237503264511,,,2
PA.NUS.PPP,PLW,Palau,2012,0.793670450339919,,,2
PA.NUS.PPP,PLW,Palau,2013,0.833137165721088,,,2
PA.NUS.PPP,PLW,Palau,2014,0.852369181705679,,,2
PA.NUS.PPP,PLW,Palau,2015,0.897631318886279,,,2
PA.NUS.PPP,PLW,Palau,2016,0.936679464987117,,,2
PA.NUS.PPP,PLW,Palau,2017,0.91088887698573,,,2
PA.NUS.PPP,PLW,Palau,2018,0.888810403042727,,,2
PA.NUS.PPP,PLW,Palau,2019,0.852780840504679,,,2
PA.NUS.PPP,PLW,Palau,2020,0.822319146418128,,,2
PA.NUS.PPP,PLW,Palau,2021,0.813348027157891,,,2
PA.NUS.PPP,PLW,Palau,2022,0.800168476797832,,,2
PA.NUS.PPP,PLW,Palau,2023,0.85065986296197,,,2
PA.NUS.PPP,PLW,Palau,2024,0.862764636970531,,,2
PA.NUS.PPP,PLW,Palau,2025,0.847328995677767,,,2
PA.NUS.PPP,PNG,Papua New Guinea,1990,0.727106172325328,,,2
PA.NUS.PPP,PNG,Papua New Guinea,1991,0.752517472897364,,,2
PA.NUS.PPP,PNG,Papua New Guinea,1992,0.756910838963329,,,2
PA.NUS.PPP,PNG,Papua New Guinea,1993,0.720931423021112,,,2
PA.NUS.PPP,PNG,Papua New Guinea,1994,0.75705655737324,,,2
PA.NUS.PPP,PNG,Papua New Guinea,1995,0.859048525094081,,,2
PA.NUS.PPP,PNG,Papua New Guinea,1996,0.858889198393654,,,2
PA.NUS.PPP,PNG,Papua New Guinea,1997,0.915475410785885,,,2
PA.NUS.PPP,PNG,Papua New Guinea,1998,1.03696670581343,,,2
PA.NUS.PPP,PNG,Papua New Guinea,1999,1.13567651640116,,,2
PA.NUS.PPP,PNG,Papua New Guinea,2000,1.25602615726049,,,2
PA.NUS.PPP,PNG,Papua New Guinea,2001,1.31329538577985,,,2
PA.NUS.PPP,PNG,Papua New Guinea,2002,1.45213889452297,,,2
PA.NUS.PPP,PNG,Papua New Guinea,2003,1.5029056802084,,,2
PA.NUS.PPP,PNG,Papua New Guinea,2004,1.43439020066871,,,2
PA.NUS.PPP,PNG,Papua New Guinea,2005,1.56021327666545,,,2
PA.NUS.PPP,PNG,Papua New Guinea,2006,1.65626594576952,,,2
PA.NUS.PPP,PNG,Papua New Guinea,2007,1.67461741857201,,,2
PA.NUS.PPP,PNG,Papua New Guinea,2008,1.77049848955094,,,2
PA.NUS.PPP,PNG,Papua New Guinea,2009,1.6737867861077,,,2
PA.NUS.PPP,PNG,Papua New Guinea,2010,1.81768878883212,,,2
PA.NUS.PPP,PNG,Papua New Guinea,2011,1.85903340416986,,,2
PA.NUS.PPP,PNG,Papua New Guinea,2012,1.81455909391943,,,2
PA.NUS.PPP,PNG,Papua New Guinea,2013,1.84819213711619,,,2
PA.NUS.PPP,PNG,Papua New Guinea,2014,1.91532790412937,,,2
PA.NUS.PPP,PNG,Papua New Guinea,2015,1.87435315015897,,,2
PA.NUS.PPP,PNG,Papua New Guinea,2016,1.90345749044487,,,2
PA.NUS.PPP,PNG,Papua New Guinea,2017,2.01394900194188,,,2
PA.NUS.PPP,PNG,Papua New Guinea,2018,2.16174458676305,,,2
PA.NUS.PPP,PNG,Papua New Guinea,2019,2.14923557031554,,,2
PA.NUS.PPP,PNG,Papua New Guinea,2020,2.1553805814599,,,2
PA.NUS.PPP,PNG,Papua New Guinea,2021,2.30067387267731,,,2
PA.NUS.PPP,PNG,Papua New Guinea,2022,2.47034741836789,,,2
PA.NUS.PPP,PNG,Papua New Guinea,2023,2.27877414820342,,,2
PA.NUS.PPP,PNG,Papua New Guinea,2024,2.29633236134239,,,2
PA.NUS.PPP,PNG,Papua New Guinea,2025,2.38719956855142,,,2
PA.NUS.PPP,POL,Poland,1990,0.265905,,,2
PA.NUS.PPP,POL,Poland,1991,0.399329,,,2
PA.NUS.PPP,POL,Poland,1992,0.541238,,,2
PA.NUS.PPP,POL,Poland,1993,0.690716,,,2
PA.NUS.PPP,POL,Poland,1994,0.928081,,,2
PA.NUS.PPP,POL,Poland,1995,1.163351,,,2
PA.NUS.PPP,POL,Poland,1996,1.350763,,,2
PA.NUS.PPP,POL,Poland,1997,1.512912,,,2
PA.NUS.PPP,POL,Poland,1998,1.654902,,,2
PA.NUS.PPP,POL,Poland,1999,1.737656,,,2
PA.NUS.PPP,POL,Poland,2000,1.832541,,,2
PA.NUS.PPP,POL,Poland,2001,1.837258,,,2
PA.NUS.PPP,POL,Poland,2002,1.799795,,,2
PA.NUS.PPP,POL,Poland,2003,1.804595,,,2
PA.NUS.PPP,POL,Poland,2004,1.830239,,,2
PA.NUS.PPP,POL,Poland,2005,1.867595,,,2
PA.NUS.PPP,POL,Poland,2006,1.850859,,,2
PA.NUS.PPP,POL,Poland,2007,1.853583,,,2
PA.NUS.PPP,POL,Poland,2008,1.842243,,,2
PA.NUS.PPP,POL,Poland,2009,1.868238,,,2
PA.NUS.PPP,POL,Poland,2010,1.805328,,,2
PA.NUS.PPP,POL,Poland,2011,1.801424,,,2
PA.NUS.PPP,POL,Poland,2012,1.796168,,,2
PA.NUS.PPP,POL,Poland,2013,1.762045,,,2
PA.NUS.PPP,POL,Poland,2014,1.767142,,,2
PA.NUS.PPP,POL,Poland,2015,1.765116,,,2
PA.NUS.PPP,POL,Poland,2016,1.732843,,,2
PA.NUS.PPP,POL,Poland,2017,1.742879,,,2
PA.NUS.PPP,POL,Poland,2018,1.748426,,,2
PA.NUS.PPP,POL,Poland,2019,1.698557,,,2
PA.NUS.PPP,POL,Poland,2020,1.698184,,,2
PA.NUS.PPP,POL,Poland,2021,1.752789,,,2
PA.NUS.PPP,POL,Poland,2022,1.800275,,,2
PA.NUS.PPP,POL,Poland,2023,1.920474,,,2
PA.NUS.PPP,POL,Poland,2024,1.949414,,,2
PA.NUS.PPP,POL,Poland,2025,1.969559,,,2
PA.NUS.PPP,PRI,Puerto Rico (US),1990,0.645231035638531,,,2
PA.NUS.PPP,PRI,Puerto Rico (US),1991,0.643617587876955,,,2
PA.NUS.PPP,PRI,Puerto Rico (US),1992,0.645489851234783,,,2
PA.NUS.PPP,PRI,Puerto Rico (US),1993,0.642438434326747,,,2
PA.NUS.PPP,PRI,Puerto Rico (US),1994,0.648999402490333,,,2
PA.NUS.PPP,PRI,Puerto Rico (US),1995,0.653306037987809,,,2
PA.NUS.PPP,PRI,Puerto Rico (US),1996,0.666655554718275,,,2
PA.NUS.PPP,PRI,Puerto Rico (US),1997,0.664085269992219,,,2
PA.NUS.PPP,PRI,Puerto Rico (US),1998,0.698472151479652,,,2
PA.NUS.PPP,PRI,Puerto Rico (US),1999,0.698869406346687,,,2
PA.NUS.PPP,PRI,Puerto Rico (US),2000,0.70590747385392,,,2
PA.NUS.PPP,PRI,Puerto Rico (US),2001,0.728366497019057,,,2
PA.NUS.PPP,PRI,Puerto Rico (US),2002,0.735508464976453,,,2
PA.NUS.PPP,PRI,Puerto Rico (US),2003,0.753130191858634,,,2
PA.NUS.PPP,PRI,Puerto Rico (US),2004,0.723931263159777,,,2
PA.NUS.PPP,PRI,Puerto Rico (US),2005,0.748180364983985,,,2
PA.NUS.PPP,PRI,Puerto Rico (US),2006,0.765665034380632,,,2
PA.NUS.PPP,PRI,Puerto Rico (US),2007,0.773665590712337,,,2
PA.NUS.PPP,PRI,Puerto Rico (US),2008,0.808848268618122,,,2
PA.NUS.PPP,PRI,Puerto Rico (US),2009,0.843944297871148,,,2
PA.NUS.PPP,PRI,Puerto Rico (US),2010,0.854607173583407,,,2
PA.NUS.PPP,PRI,Puerto Rico (US),2011,0.857175412464289,,,2
PA.NUS.PPP,PRI,Puerto Rico (US),2012,0.86484054405039,,,2
PA.NUS.PPP,PRI,Puerto Rico (US),2013,0.873995487782206,,,2
PA.NUS.PPP,PRI,Puerto Rico (US),2014,0.882221594454939,,,2
PA.NUS.PPP,PRI,Puerto Rico (US),2015,0.90466688850717,,,2
PA.NUS.PPP,PRI,Puerto Rico (US),2016,0.929672822662417,,,2
PA.NUS.PPP,PRI,Puerto Rico (US),2017,0.951732039451599,,,2
PA.NUS.PPP,PRI,Puerto Rico (US),2018,0.910205298541424,,,2
PA.NUS.PPP,PRI,Puerto Rico (US),2019,0.8788661493183,,,2
PA.NUS.PPP,PRI,Puerto Rico (US),2020,0.852639704445258,,,2
PA.NUS.PPP,PRI,Puerto Rico (US),2021,0.804228127002716,,,2
PA.NUS.PPP,PRI,Puerto Rico (US),2022,0.780084451123549,,,2
PA.NUS.PPP,PRI,Puerto Rico (US),2023,0.777191744434403,,,2
PA.NUS.PPP,PRI,Puerto Rico (US),2024,0.781857550769963,,,2
PA.NUS.PPP,PRI,Puerto Rico (US),2025,0.778230137047568,,,2
PA.NUS.PPP,PRT,Portugal,1990,0.475965,,,2
PA.NUS.PPP,PRT,Portugal,1991,0.506832,,,2
PA.NUS.PPP,PRT,Portugal,1992,0.552259,,,2
PA.NUS.PPP,PRT,Portugal,1993,0.579266,,,2
PA.NUS.PPP,PRT,Portugal,1994,0.608431,,,2
PA.NUS.PPP,PRT,Portugal,1995,0.616369,,,2
PA.NUS.PPP,PRT,Portugal,1996,0.628281,,,2
PA.NUS.PPP,PRT,Portugal,1997,0.641109,,,2
PA.NUS.PPP,PRT,Portugal,1998,0.656744,,,2
PA.NUS.PPP,PRT,Portugal,1999,0.660642,,,2
PA.NUS.PPP,PRT,Portugal,2000,0.66089,,,2
PA.NUS.PPP,PRT,Portugal,2001,0.670927,,,2
PA.NUS.PPP,PRT,Portugal,2002,0.672081,,,2
PA.NUS.PPP,PRT,Portugal,2003,0.669845,,,2
PA.NUS.PPP,PRT,Portugal,2004,0.676218,,,2
PA.NUS.PPP,PRT,Portugal,2005,0.664259,,,2
PA.NUS.PPP,PRT,Portugal,2006,0.640297,,,2
PA.NUS.PPP,PRT,Portugal,2007,0.646693,,,2
PA.NUS.PPP,PRT,Portugal,2008,0.636148,,,2
PA.NUS.PPP,PRT,Portugal,2009,0.627021,,,2
PA.NUS.PPP,PRT,Portugal,2010,0.623299,,,2
PA.NUS.PPP,PRT,Portugal,2011,0.623083,,,2
PA.NUS.PPP,PRT,Portugal,2012,0.605398,,,2
PA.NUS.PPP,PRT,Portugal,2013,0.583607,,,2
PA.NUS.PPP,PRT,Portugal,2014,0.578868,,,2
PA.NUS.PPP,PRT,Portugal,2015,0.584947,,,2
PA.NUS.PPP,PRT,Portugal,2016,0.571416,,,2
PA.NUS.PPP,PRT,Portugal,2017,0.575688,,,2
PA.NUS.PPP,PRT,Portugal,2018,0.571227,,,2
PA.NUS.PPP,PRT,Portugal,2019,0.550687,,,2
PA.NUS.PPP,PRT,Portugal,2020,0.542815,,,2
PA.NUS.PPP,PRT,Portugal,2021,0.540472,,,2
PA.NUS.PPP,PRT,Portugal,2022,0.51669,,,2
PA.NUS.PPP,PRT,Portugal,2023,0.513201,,,2
PA.NUS.PPP,PRT,Portugal,2024,0.515993,,,2
PA.NUS.PPP,PRT,Portugal,2025,0.534218,,,2
PA.NUS.PPP,PRY,Paraguay,1990,314.204942683996,,,2
PA.NUS.PPP,PRY,Paraguay,1991,380.27261001719,,,2
PA.NUS.PPP,PRY,Paraguay,1992,424.160108761693,,,2
PA.NUS.PPP,PRY,Paraguay,1993,464.97129231352,,,2
PA.NUS.PPP,PRY,Paraguay,1994,512.491152353517,,,2
PA.NUS.PPP,PRY,Paraguay,1995,557.566430558339,,,2
PA.NUS.PPP,PRY,Paraguay,1996,610.079473057338,,,2
PA.NUS.PPP,PRY,Paraguay,1997,620.194290448157,,,2
PA.NUS.PPP,PRY,Paraguay,1998,713.015714124911,,,2
PA.NUS.PPP,PRY,Paraguay,1999,778.155046968934,,,2
PA.NUS.PPP,PRY,Paraguay,2000,872.503723930106,,,2
PA.NUS.PPP,PRY,Paraguay,2001,972.201432128871,,,2
PA.NUS.PPP,PRY,Paraguay,2002,1129.15853915964,,,2
PA.NUS.PPP,PRY,Paraguay,2003,1274.98966567382,,,2
PA.NUS.PPP,PRY,Paraguay,2004,1388.54555288991,,,2
PA.NUS.PPP,PRY,Paraguay,2005,1520.71993368558,,,2
PA.NUS.PPP,PRY,Paraguay,2006,1605.86993903207,,,2
PA.NUS.PPP,PRY,Paraguay,2007,1761.06784583233,,,2
PA.NUS.PPP,PRY,Paraguay,2008,1938.99526646412,,,2
PA.NUS.PPP,PRY,Paraguay,2009,1997.40949693358,,,2
PA.NUS.PPP,PRY,Paraguay,2010,2065.30355945751,,,2
PA.NUS.PPP,PRY,Paraguay,2011,2126.669921875,,,2
PA.NUS.PPP,PRY,Paraguay,2012,2279.11222687417,,,2
PA.NUS.PPP,PRY,Paraguay,2013,2291.04989447452,,,2
PA.NUS.PPP,PRY,Paraguay,2014,2354.52258242817,,,2
PA.NUS.PPP,PRY,Paraguay,2015,2413.54097564554,,,2
PA.NUS.PPP,PRY,Paraguay,2016,2456.88392018762,,,2
PA.NUS.PPP,PRY,Paraguay,2017,2473.22973632813,,,2
PA.NUS.PPP,PRY,Paraguay,2018,2537.22705078125,,,2
PA.NUS.PPP,PRY,Paraguay,2019,2567.44946289063,,,2
PA.NUS.PPP,PRY,Paraguay,2020,2538.99243164063,,,2
PA.NUS.PPP,PRY,Paraguay,2021,2628.08447265625,,,2
PA.NUS.PPP,PRY,Paraguay,2022,2650.43374354361,,,2
PA.NUS.PPP,PRY,Paraguay,2023,2612.65263745484,,,2
PA.NUS.PPP,PRY,Paraguay,2024,2619.92716517367,,,2
PA.NUS.PPP,PRY,Paraguay,2025,2627.11785121353,,,2
PA.NUS.PPP,PSE,West Bank and Gaza,1994,0.572378605149735,,,2
PA.NUS.PPP,PSE,West Bank and Gaza,1995,0.604270772090384,,,2
PA.NUS.PPP,PSE,West Bank and Gaza,1996,0.608931858619143,,,2
PA.NUS.PPP,PSE,West Bank and Gaza,1997,0.57565700568266,,,2
PA.NUS.PPP,PSE,West Bank and Gaza,1998,0.538677920185938,,,2
PA.NUS.PPP,PSE,West Bank and Gaza,1999,0.515070000812444,,,2
PA.NUS.PPP,PSE,West Bank and Gaza,2000,0.55625140728152,,,2
PA.NUS.PPP,PSE,West Bank and Gaza,2001,0.55676004512339,,,2
PA.NUS.PPP,PSE,West Bank and Gaza,2002,0.556392330728304,,,2
PA.NUS.PPP,PSE,West Bank and Gaza,2003,0.534023315622093,,,2
PA.NUS.PPP,PSE,West Bank and Gaza,2004,0.494793215717326,,,2
PA.NUS.PPP,PSE,West Bank and Gaza,2005,0.480020560568715,,,2
PA.NUS.PPP,PSE,West Bank and Gaza,2006,0.490773991514182,,,2
PA.NUS.PPP,PSE,West Bank and Gaza,2007,0.500621918180374,,,2
PA.NUS.PPP,PSE,West Bank and Gaza,2008,0.574696735519601,,,2
PA.NUS.PPP,PSE,West Bank and Gaza,2009,0.581756174362456,,,2
PA.NUS.PPP,PSE,West Bank and Gaza,2010,0.650619664807244,,,2
PA.NUS.PPP,PSE,West Bank and Gaza,2011,0.67201765050687,,,2
PA.NUS.PPP,PSE,West Bank and Gaza,2012,0.616768787650381,,,2
PA.NUS.PPP,PSE,West Bank and Gaza,2013,0.657377955447451,,,2
PA.NUS.PPP,PSE,West Bank and Gaza,2014,0.62287973923132,,,2
PA.NUS.PPP,PSE,West Bank and Gaza,2015,0.567099536161526,,,2
PA.NUS.PPP,PSE,West Bank and Gaza,2016,0.58190009696282,,,2
PA.NUS.PPP,PSE,West Bank and Gaza,2017,0.592855823160836,,,2
PA.NUS.PPP,PSE,West Bank and Gaza,2018,0.573107484443397,,,2
PA.NUS.PPP,PSE,West Bank and Gaza,2019,0.561863300477572,,,2
PA.NUS.PPP,PSE,West Bank and Gaza,2020,0.542883355404701,,,2
PA.NUS.PPP,PSE,West Bank and Gaza,2021,0.649577372979557,,,2
PA.NUS.PPP,PSE,West Bank and Gaza,2022,0.616648393924754,,,2
PA.NUS.PPP,PSE,West Bank and Gaza,2023,0.583864805636319,,,2
PA.NUS.PPP,PSE,West Bank and Gaza,2024,0.634768249928382,,,2
PA.NUS.PPP,PSE,West Bank and Gaza,2025,0.63425809329856,,,2
PA.NUS.PPP,QAT,Qatar,1990,1.06407848905568,,,2
PA.NUS.PPP,QAT,Qatar,1991,0.978849195824267,,,2
PA.NUS.PPP,QAT,Qatar,1992,0.954878997551674,,,2
PA.NUS.PPP,QAT,Qatar,1993,0.884771318112699,,,2
PA.NUS.PPP,QAT,Qatar,1994,0.880158418029066,,,2
PA.NUS.PPP,QAT,Qatar,1995,0.929042966296339,,,2
PA.NUS.PPP,QAT,Qatar,1996,0.97307975371868,,,2
PA.NUS.PPP,QAT,Qatar,1997,0.917565126296402,,,2
PA.NUS.PPP,QAT,Qatar,1998,0.740573635185382,,,2
PA.NUS.PPP,QAT,Qatar,1999,0.84619829747174,,,2
PA.NUS.PPP,QAT,Qatar,2000,1.09765701899215,,,2
PA.NUS.PPP,QAT,Qatar,2001,1.02032747378895,,,2
PA.NUS.PPP,QAT,Qatar,2002,1.03494258366008,,,2
PA.NUS.PPP,QAT,Qatar,2003,1.1892304686912,,,2
PA.NUS.PPP,QAT,Qatar,2004,1.30988114560422,,,2
PA.NUS.PPP,QAT,Qatar,2005,1.65796980627119,,,2
PA.NUS.PPP,QAT,Qatar,2006,1.74285387468096,,,2
PA.NUS.PPP,QAT,Qatar,2007,1.88302699760052,,,2
PA.NUS.PPP,QAT,Qatar,2008,2.27049878363789,,,2
PA.NUS.PPP,QAT,Qatar,2009,1.71006860778593,,,2
PA.NUS.PPP,QAT,Qatar,2010,1.85174922273486,,,2
PA.NUS.PPP,QAT,Qatar,2011,2.15251445770264,,,2
PA.NUS.PPP,QAT,Qatar,2012,2.18212353240429,,,2
PA.NUS.PPP,QAT,Qatar,2013,2.23079099135058,,,2
PA.NUS.PPP,QAT,Qatar,2014,2.35098046824301,,,2
PA.NUS.PPP,QAT,Qatar,2015,2.44872174938052,,,2
PA.NUS.PPP,QAT,Qatar,2016,2.47916833543127,,,2
PA.NUS.PPP,QAT,Qatar,2017,2.31826210021973,,,2
PA.NUS.PPP,QAT,Qatar,2018,2.35007429122925,,,2
PA.NUS.PPP,QAT,Qatar,2019,2.26322555541992,,,2
PA.NUS.PPP,QAT,Qatar,2020,2.2900722026825,,,2
PA.NUS.PPP,QAT,Qatar,2021,2.23547983169556,,,2
PA.NUS.PPP,QAT,Qatar,2022,2.62710050034016,,,2
PA.NUS.PPP,QAT,Qatar,2023,2.26245627126926,,,2
PA.NUS.PPP,QAT,Qatar,2024,2.17416225674553,,,2
PA.NUS.PPP,QAT,Qatar,2025,2.0482980288714,,,2
PA.NUS.PPP,ROU,Romania,1990,0.000700262302393448,,,2
PA.NUS.PPP,ROU,Romania,1991,0.0019982254385606,,,2
PA.NUS.PPP,ROU,Romania,1992,0.00585835339035278,,,2
PA.NUS.PPP,ROU,Romania,1993,0.0187309187993239,,,2
PA.NUS.PPP,ROU,Romania,1994,0.04383524774617,,,2
PA.NUS.PPP,ROU,Romania,1995,0.0617978854212728,,,2
PA.NUS.PPP,ROU,Romania,1996,0.0876238113960778,,,2
PA.NUS.PPP,ROU,Romania,1997,0.203189993577348,,,2
PA.NUS.PPP,ROU,Romania,1998,0.296545982735108,,,2
PA.NUS.PPP,ROU,Romania,1999,0.438332222718222,,,2
PA.NUS.PPP,ROU,Romania,2000,0.615969559988212,,,2
PA.NUS.PPP,ROU,Romania,2001,0.81353513076986,,,2
PA.NUS.PPP,ROU,Romania,2002,0.978350501770451,,,2
PA.NUS.PPP,ROU,Romania,2003,1.17676965021459,,,2
PA.NUS.PPP,ROU,Romania,2004,1.2688837042571,,,2
PA.NUS.PPP,ROU,Romania,2005,1.40127978797494,,,2
PA.NUS.PPP,ROU,Romania,2006,1.39974582140033,,,2
PA.NUS.PPP,ROU,Romania,2007,1.48763042945363,,,2
PA.NUS.PPP,ROU,Romania,2008,1.56623082222496,,,2
PA.NUS.PPP,ROU,Romania,2009,1.56645116077196,,,2
PA.NUS.PPP,ROU,Romania,2010,1.53807698217306,,,2
PA.NUS.PPP,ROU,Romania,2011,1.55003907818146,,,2
PA.NUS.PPP,ROU,Romania,2012,1.56359476381066,,,2
PA.NUS.PPP,ROU,Romania,2013,1.60622248460594,,,2
PA.NUS.PPP,ROU,Romania,2014,1.62836841799059,,,2
PA.NUS.PPP,ROU,Romania,2015,1.66287389174002,,,2
PA.NUS.PPP,ROU,Romania,2016,1.59691804691257,,,2
PA.NUS.PPP,ROU,Romania,2017,1.6135767602237,,,2
PA.NUS.PPP,ROU,Romania,2018,1.66558332443703,,,2
PA.NUS.PPP,ROU,Romania,2019,1.63679165508918,,,2
PA.NUS.PPP,ROU,Romania,2020,1.61464270254127,,,2
PA.NUS.PPP,ROU,Romania,2021,1.65245949033591,,,2
PA.NUS.PPP,ROU,Romania,2022,1.73151521944736,,,2
PA.NUS.PPP,ROU,Romania,2023,1.81497330738497,,,2
PA.NUS.PPP,ROU,Romania,2024,1.88147960473981,,,2
PA.NUS.PPP,ROU,Romania,2025,1.97967891250975,,,2
PA.NUS.PPP,RUS,Russian Federation,1990,0.000542316525185481,,,2
PA.NUS.PPP,RUS,Russian Federation,1991,0.00119933769538155,,,2
PA.NUS.PPP,RUS,Russian Federation,1992,0.0186494929018428,,,2
PA.NUS.PPP,RUS,Russian Federation,1993,0.179961613174753,,,2
PA.NUS.PPP,RUS,Russian Federation,1994,0.717656757861153,,,2
PA.NUS.PPP,RUS,Russian Federation,1995,1.71517,,,2
PA.NUS.PPP,RUS,Russian Federation,1996,2.455975,,,2
PA.NUS.PPP,RUS,Russian Federation,1997,2.778421,,,2
PA.NUS.PPP,RUS,Russian Federation,1998,3.258399,,,2
PA.NUS.PPP,RUS,Russian Federation,1999,5.539641,,,2
PA.NUS.PPP,RUS,Russian Federation,2000,7.301404,,,2
PA.NUS.PPP,RUS,Russian Federation,2001,8.322817,,,2
PA.NUS.PPP,RUS,Russian Federation,2002,9.273504,,,2
PA.NUS.PPP,RUS,Russian Federation,2003,9.866787,,,2
PA.NUS.PPP,RUS,Russian Federation,2004,11.556843,,,2
PA.NUS.PPP,RUS,Russian Federation,2005,12.736131,,,2
PA.NUS.PPP,RUS,Russian Federation,2006,12.618288,,,2
PA.NUS.PPP,RUS,Russian Federation,2007,13.984503,,,2
PA.NUS.PPP,RUS,Russian Federation,2008,14.341196,,,2
PA.NUS.PPP,RUS,Russian Federation,2009,14.016913,,,2
PA.NUS.PPP,RUS,Russian Federation,2010,15.821142,,,2
PA.NUS.PPP,RUS,Russian Federation,2011,18.443729,,,2
PA.NUS.PPP,RUS,Russian Federation,2012,19.56826,,,2
PA.NUS.PPP,RUS,Russian Federation,2013,19.505592,,,2
PA.NUS.PPP,RUS,Russian Federation,2014,20.998875,,,2
PA.NUS.PPP,RUS,Russian Federation,2015,23.562632,,,2
PA.NUS.PPP,RUS,Russian Federation,2016,24.192337,,,2
PA.NUS.PPP,RUS,Russian Federation,2017,24.124181,,,2
PA.NUS.PPP,RUS,Russian Federation,2018,24.542904,,,2
PA.NUS.PPP,RUS,Russian Federation,2019,23.9342746734619,,,2
PA.NUS.PPP,RUS,Russian Federation,2020,23.1451683044434,,,2
PA.NUS.PPP,RUS,Russian Federation,2021,23.6851463317871,,,2
PA.NUS.PPP,RUS,Russian Federation,2022,26.1434063501628,,,2
PA.NUS.PPP,RUS,Russian Federation,2023,26.8893044156305,,,2
PA.NUS.PPP,RUS,Russian Federation,2024,29.0330725994197,,,2
PA.NUS.PPP,RUS,Russian Federation,2025,29.6122633846497,,,2
PA.NUS.PPP,RWA,Rwanda,1990,61.4633803858178,,,2
PA.NUS.PPP,RWA,Rwanda,1991,68.3581958528478,,,2
PA.NUS.PPP,RWA,Rwanda,1992,71.7029118882273,,,2
PA.NUS.PPP,RWA,Rwanda,1993,79.7579437919748,,,2
PA.NUS.PPP,RWA,Rwanda,1994,91.5153394156095,,,2
PA.NUS.PPP,RWA,Rwanda,1995,135.589242862629,,,2
PA.NUS.PPP,RWA,Rwanda,1996,147.693585969248,,,2
PA.NUS.PPP,RWA,Rwanda,1997,167.87070024422,,,2
PA.NUS.PPP,RWA,Rwanda,1998,169.703951908764,,,2
PA.NUS.PPP,RWA,Rwanda,1999,161.452283030936,,,2
PA.NUS.PPP,RWA,Rwanda,2000,163.047150438526,,,2
PA.NUS.PPP,RWA,Rwanda,2001,158.830670598339,,,2
PA.NUS.PPP,RWA,Rwanda,2002,148.224853251038,,,2
PA.NUS.PPP,RWA,Rwanda,2003,174.951275565795,,,2
PA.NUS.PPP,RWA,Rwanda,2004,189.272262734344,,,2
PA.NUS.PPP,RWA,Rwanda,2005,200.091302762577,,,2
PA.NUS.PPP,RWA,Rwanda,2006,196.153085837705,,,2
PA.NUS.PPP,RWA,Rwanda,2007,215.864213738891,,,2
PA.NUS.PPP,RWA,Rwanda,2008,242.757618656058,,,2
PA.NUS.PPP,RWA,Rwanda,2009,258.227693941824,,,2
PA.NUS.PPP,RWA,Rwanda,2010,263.442966222843,,,2
PA.NUS.PPP,RWA,Rwanda,2011,276.649230957031,,,2
PA.NUS.PPP,RWA,Rwanda,2012,298.512841769751,,,2
PA.NUS.PPP,RWA,Rwanda,2013,301.426256698099,,,2
PA.NUS.PPP,RWA,Rwanda,2014,294.913953031534,,,2
PA.NUS.PPP,RWA,Rwanda,2015,296.716768611064,,,2
PA.NUS.PPP,RWA,Rwanda,2016,307.714435492698,,,2
PA.NUS.PPP,RWA,Rwanda,2017,320.420104980469,,,2
PA.NUS.PPP,RWA,Rwanda,2018,312.66552734375,,,2
PA.NUS.PPP,RWA,Rwanda,2019,311.861206054688,,,2
PA.NUS.PPP,RWA,Rwanda,2020,321.472442626953,,,2
PA.NUS.PPP,RWA,Rwanda,2021,300.028503417969,,,2
PA.NUS.PPP,RWA,Rwanda,2022,324.723255278982,,,2
PA.NUS.PPP,RWA,Rwanda,2023,349.804026572691,,,2
PA.NUS.PPP,RWA,Rwanda,2024,369.127295971439,,,2
PA.NUS.PPP,RWA,Rwanda,2025,385.463038224109,,,2
PA.NUS.PPP,SAU,Saudi Arabia,1990,0.895829002963529,,,2
PA.NUS.PPP,SAU,Saudi Arabia,1991,0.900034975725069,,,2
PA.NUS.PPP,SAU,Saudi Arabia,1992,0.872396026235581,,,2
PA.NUS.PPP,SAU,Saudi Arabia,1993,0.823457417724146,,,2
PA.NUS.PPP,SAU,Saudi Arabia,1994,0.811887183655721,,,2
PA.NUS.PPP,SAU,Saudi Arabia,1995,0.840646121638808,,,2
PA.NUS.PPP,SAU,Saudi Arabia,1996,0.884527996393337,,,2
PA.NUS.PPP,SAU,Saudi Arabia,1997,0.88608921563168,,,2
PA.NUS.PPP,SAU,Saudi Arabia,1998,0.754804388634974,,,2
PA.NUS.PPP,SAU,Saudi Arabia,1999,0.825265574294215,,,2
PA.NUS.PPP,SAU,Saudi Arabia,2000,0.903091102661259,,,2
PA.NUS.PPP,SAU,Saudi Arabia,2001,0.855196931464203,,,2
PA.NUS.PPP,SAU,Saudi Arabia,2002,0.87312896019932,,,2
PA.NUS.PPP,SAU,Saudi Arabia,2003,0.895980911572448,,,2
PA.NUS.PPP,SAU,Saudi Arabia,2004,0.96298786451354,,,2
PA.NUS.PPP,SAU,Saudi Arabia,2005,1.11792230032932,,,2
PA.NUS.PPP,SAU,Saudi Arabia,2006,1.20382925553492,,,2
PA.NUS.PPP,SAU,Saudi Arabia,2007,1.26638626577817,,,2
PA.NUS.PPP,SAU,Saudi Arabia,2008,1.46239704701699,,,2
PA.NUS.PPP,SAU,Saudi Arabia,2009,1.21276098492067,,,2
PA.NUS.PPP,SAU,Saudi Arabia,2010,1.40418581028858,,,2
PA.NUS.PPP,SAU,Saudi Arabia,2011,1.58635425567627,,,2
PA.NUS.PPP,SAU,Saudi Arabia,2012,1.65684144821838,,,2
PA.NUS.PPP,SAU,Saudi Arabia,2013,1.67991395371219,,,2
PA.NUS.PPP,SAU,Saudi Arabia,2014,1.66624773610963,,,2
PA.NUS.PPP,SAU,Saudi Arabia,2015,1.61708220154568,,,2
PA.NUS.PPP,SAU,Saudi Arabia,2016,1.67218384513799,,,2
PA.NUS.PPP,SAU,Saudi Arabia,2017,1.68927085399628,,,2
PA.NUS.PPP,SAU,Saudi Arabia,2018,1.85423243045807,,,2
PA.NUS.PPP,SAU,Saudi Arabia,2019,1.86156821250916,,,2
PA.NUS.PPP,SAU,Saudi Arabia,2020,1.92073905467987,,,2
PA.NUS.PPP,SAU,Saudi Arabia,2021,1.9094260931015,,,2
PA.NUS.PPP,SAU,Saudi Arabia,2022,2.00694883078576,,,2
PA.NUS.PPP,SAU,Saudi Arabia,2023,1.89306122462233,,,2
PA.NUS.PPP,SAU,Saudi Arabia,2024,1.85204533468297,,,2
PA.NUS.PPP,SAU,Saudi Arabia,2025,1.75530234452142,,,2
PA.NUS.PPP,SDN,Sudan,1990,0.00385379383531928,,,2
PA.NUS.PPP,SDN,Sudan,1991,0.0070369402693798,,,2
PA.NUS.PPP,SDN,Sudan,1992,0.0143955927446604,,,2
PA.NUS.PPP,SDN,Sudan,1993,0.0277712065700859,,,2
PA.NUS.PPP,SDN,Sudan,1994,0.0704963300008518,,,2
PA.NUS.PPP,SDN,Sudan,1995,0.141242375507907,,,2
PA.NUS.PPP,SDN,Sudan,1996,0.183867890020751,,,2
PA.NUS.PPP,SDN,Sudan,1997,0.249293803223945,,,2
PA.NUS.PPP,SDN,Sudan,1998,0.290064811075713,,,2
PA.NUS.PPP,SDN,Sudan,1999,0.331275568405802,,,2
PA.NUS.PPP,SDN,Sudan,2000,0.355855775880241,,,2
PA.NUS.PPP,SDN,Sudan,2001,0.421569857678577,,,2
PA.NUS.PPP,SDN,Sudan,2002,0.459956903981524,,,2
PA.NUS.PPP,SDN,Sudan,2003,0.495254450039276,,,2
PA.NUS.PPP,SDN,Sudan,2004,0.565595339281331,,,2
PA.NUS.PPP,SDN,Sudan,2005,0.647410925083654,,,2
PA.NUS.PPP,SDN,Sudan,2006,0.676102556460768,,,2
PA.NUS.PPP,SDN,Sudan,2007,0.759027011898809,,,2
PA.NUS.PPP,SDN,Sudan,2008,0.81088875728385,,,2
PA.NUS.PPP,SDN,Sudan,2009,0.820925266699273,,,2
PA.NUS.PPP,SDN,Sudan,2010,0.994932968984384,,,2
PA.NUS.PPP,SDN,Sudan,2011,1.23147571086884,,,2
PA.NUS.PPP,SDN,Sudan,2012,1.64817020836186,,,2
PA.NUS.PPP,SDN,Sudan,2013,2.23142884805479,,,2
PA.NUS.PPP,SDN,Sudan,2014,2.66429063890674,,,2
PA.NUS.PPP,SDN,Sudan,2015,3.03403527703952,,,2
PA.NUS.PPP,SDN,Sudan,2016,3.46689202545808,,,2
PA.NUS.PPP,SDN,Sudan,2017,4.77295541763306,,,2
PA.NUS.PPP,SDN,Sudan,2018,7.0852689743042,,,2
PA.NUS.PPP,SDN,Sudan,2019,10.9736919403076,,,2
PA.NUS.PPP,SDN,Sudan,2020,25.9514312744141,,,2
PA.NUS.PPP,SDN,Sudan,2021,85.7226867675781,,,2
PA.NUS.PPP,SDN,Sudan,2022,173.565437502227,,,2
PA.NUS.PPP,SDN,Sudan,2023,217.064587890129,,,2
PA.NUS.PPP,SDN,Sudan,2024,728.418821912166,,,2
PA.NUS.PPP,SDN,Sudan,2025,1175.58773572252,,,2
PA.NUS.PPP,SEN,Senegal,1990,172.260192307147,,,2
PA.NUS.PPP,SEN,Senegal,1991,165.086159632761,,,2
PA.NUS.PPP,SEN,Senegal,1992,160.072312084912,,,2
PA.NUS.PPP,SEN,Senegal,1993,156.497700768034,,,2
PA.NUS.PPP,SEN,Senegal,1994,205.386253519923,,,2
PA.NUS.PPP,SEN,Senegal,1995,215.477500756378,,,2
PA.NUS.PPP,SEN,Senegal,1996,220.409456118305,,,2
PA.NUS.PPP,SEN,Senegal,1997,220.958464901013,,,2
PA.NUS.PPP,SEN,Senegal,1998,224.575047193482,,,2
PA.NUS.PPP,SEN,Senegal,1999,220.277874655257,,,2
PA.NUS.PPP,SEN,Senegal,2000,218.217510244032,,,2
PA.NUS.PPP,SEN,Senegal,2001,228.340171045531,,,2
PA.NUS.PPP,SEN,Senegal,2002,229.128595283114,,,2
PA.NUS.PPP,SEN,Senegal,2003,222.618817402683,,,2
PA.NUS.PPP,SEN,Senegal,2004,216.496642091863,,,2
PA.NUS.PPP,SEN,Senegal,2005,219.824683029208,,,2
PA.NUS.PPP,SEN,Senegal,2006,219.401715959802,,,2
PA.NUS.PPP,SEN,Senegal,2007,227.688786382676,,,2
PA.NUS.PPP,SEN,Senegal,2008,241.739317922355,,,2
PA.NUS.PPP,SEN,Senegal,2009,236.199414885619,,,2
PA.NUS.PPP,SEN,Senegal,2010,237.107499735205,,,2
PA.NUS.PPP,SEN,Senegal,2011,241.276062011719,,,2
PA.NUS.PPP,SEN,Senegal,2012,245.065668279378,,,2
PA.NUS.PPP,SEN,Senegal,2013,246.137792298143,,,2
PA.NUS.PPP,SEN,Senegal,2014,242.032296063747,,,2
PA.NUS.PPP,SEN,Senegal,2015,240.491669749981,,,2
PA.NUS.PPP,SEN,Senegal,2016,242.008808995479,,,2
PA.NUS.PPP,SEN,Senegal,2017,243.583801269531,,,2
PA.NUS.PPP,SEN,Senegal,2018,238.688049316406,,,2
PA.NUS.PPP,SEN,Senegal,2019,229.867340087891,,,2
PA.NUS.PPP,SEN,Senegal,2020,224.08723449707,,,2
PA.NUS.PPP,SEN,Senegal,2021,212.330551147461,,,2
PA.NUS.PPP,SEN,Senegal,2022,216.76006791239,,,2
PA.NUS.PPP,SEN,Senegal,2023,215.406192053338,,,2
PA.NUS.PPP,SEN,Senegal,2024,206.831826179381,,,2
PA.NUS.PPP,SEN,Senegal,2025,208.211053506783,,,2
PA.NUS.PPP,SGP,Singapore,1990,0.971397349514294,,,2
PA.NUS.PPP,SGP,Singapore,1991,0.981296576618587,,,2
PA.NUS.PPP,SGP,Singapore,1992,0.972746581379948,,,2
PA.NUS.PPP,SGP,Singapore,1993,0.983064693503068,,,2
PA.NUS.PPP,SGP,Singapore,1994,0.995842451904741,,,2
PA.NUS.PPP,SGP,Singapore,1995,1.00637267963632,,,2
PA.NUS.PPP,SGP,Singapore,1996,1.00316529977823,,,2
PA.NUS.PPP,SGP,Singapore,1997,0.996859246271602,,,2
PA.NUS.PPP,SGP,Singapore,1998,0.972680870726659,,,2
PA.NUS.PPP,SGP,Singapore,1999,0.924793272719299,,,2
PA.NUS.PPP,SGP,Singapore,2000,0.939246682368776,,,2
PA.NUS.PPP,SGP,Singapore,2001,0.901896773746593,,,2
PA.NUS.PPP,SGP,Singapore,2002,0.880130342143202,,,2
PA.NUS.PPP,SGP,Singapore,2003,0.847562809966843,,,2
PA.NUS.PPP,SGP,Singapore,2004,0.858048619555027,,,2
PA.NUS.PPP,SGP,Singapore,2005,0.847774412156374,,,2
PA.NUS.PPP,SGP,Singapore,2006,0.837579344343889,,,2
PA.NUS.PPP,SGP,Singapore,2007,0.863736587259207,,,2
PA.NUS.PPP,SGP,Singapore,2008,0.835702035346233,,,2
PA.NUS.PPP,SGP,Singapore,2009,0.855113866275836,,,2
PA.NUS.PPP,SGP,Singapore,2010,0.854205842382588,,,2
PA.NUS.PPP,SGP,Singapore,2011,0.846737742424011,,,2
PA.NUS.PPP,SGP,Singapore,2012,0.845431352050256,,,2
PA.NUS.PPP,SGP,Singapore,2013,0.857922523257744,,,2
PA.NUS.PPP,SGP,Singapore,2014,0.86260152288751,,,2
PA.NUS.PPP,SGP,Singapore,2015,0.877768678852892,,,2
PA.NUS.PPP,SGP,Singapore,2016,0.876020603895985,,,2
PA.NUS.PPP,SGP,Singapore,2017,0.883214712142944,,,2
PA.NUS.PPP,SGP,Singapore,2018,0.867735683917999,,,2
PA.NUS.PPP,SGP,Singapore,2019,0.854120194911957,,,2
PA.NUS.PPP,SGP,Singapore,2020,0.834628343582153,,,2
PA.NUS.PPP,SGP,Singapore,2021,0.811010360717773,,,2
PA.NUS.PPP,SGP,Singapore,2022,0.870895060644741,,,2
PA.NUS.PPP,SGP,Singapore,2023,0.801443968215127,,,2
PA.NUS.PPP,SGP,Singapore,2024,0.827911626910006,,,2
PA.NUS.PPP,SGP,Singapore,2025,0.790885710223008,,,2
PA.NUS.PPP,SLB,Solomon Islands,1990,1.89042065307148,,,2
PA.NUS.PPP,SLB,Solomon Islands,1991,1.96107452134678,,,2
PA.NUS.PPP,SLB,Solomon Islands,1992,2.16965095108886,,,2
PA.NUS.PPP,SLB,Solomon Islands,1993,2.4073999240431,,,2
PA.NUS.PPP,SLB,Solomon Islands,1994,2.52082696873982,,,2
PA.NUS.PPP,SLB,Solomon Islands,1995,2.70457752568031,,,2
PA.NUS.PPP,SLB,Solomon Islands,1996,2.97689579313105,,,2
PA.NUS.PPP,SLB,Solomon Islands,1997,3.17439403159216,,,2
PA.NUS.PPP,SLB,Solomon Islands,1998,3.48921011367997,,,2
PA.NUS.PPP,SLB,Solomon Islands,1999,3.70456900819008,,,2
PA.NUS.PPP,SLB,Solomon Islands,2000,3.82388979212516,,,2
PA.NUS.PPP,SLB,Solomon Islands,2001,4.11017423339446,,,2
PA.NUS.PPP,SLB,Solomon Islands,2002,4.50377664080112,,,2
PA.NUS.PPP,SLB,Solomon Islands,2003,4.69278491733976,,,2
PA.NUS.PPP,SLB,Solomon Islands,2004,4.74181310419985,,,2
PA.NUS.PPP,SLB,Solomon Islands,2005,5.08972535569931,,,2
PA.NUS.PPP,SLB,Solomon Islands,2006,5.34931398689762,,,2
PA.NUS.PPP,SLB,Solomon Islands,2007,5.69224832328524,,,2
PA.NUS.PPP,SLB,Solomon Islands,2008,5.94371669658003,,,2
PA.NUS.PPP,SLB,Solomon Islands,2009,6.19513041419471,,,2
PA.NUS.PPP,SLB,Solomon Islands,2010,6.22754859591599,,,2
PA.NUS.PPP,SLB,Solomon Islands,2011,6.37486212403798,,,2
PA.NUS.PPP,SLB,Solomon Islands,2012,6.54947094609766,,,2
PA.NUS.PPP,SLB,Solomon Islands,2013,6.59133267009766,,,2
PA.NUS.PPP,SLB,Solomon Islands,2014,6.71632127496647,,,2
PA.NUS.PPP,SLB,Solomon Islands,2015,6.87800042174064,,,2
PA.NUS.PPP,SLB,Solomon Islands,2016,6.83672634525995,,,2
PA.NUS.PPP,SLB,Solomon Islands,2017,6.8895287669141,,,2
PA.NUS.PPP,SLB,Solomon Islands,2018,7.26445808722308,,,2
PA.NUS.PPP,SLB,Solomon Islands,2019,7.23517161009833,,,2
PA.NUS.PPP,SLB,Solomon Islands,2020,7.0445257612051,,,2
PA.NUS.PPP,SLB,Solomon Islands,2021,6.6970753509944,,,2
PA.NUS.PPP,SLB,Solomon Islands,2022,6.13516350239758,,,2
PA.NUS.PPP,SLB,Solomon Islands,2023,6.06696572765034,,,2
PA.NUS.PPP,SLB,Solomon Islands,2024,6.10196161300839,,,2
PA.NUS.PPP,SLB,Solomon Islands,2025,6.23162133063873,,,2
PA.NUS.PPP,SLE,Sierra Leone,1990,0.0265355999259939,,,2
PA.NUS.PPP,SLE,Sierra Leone,1991,0.0587175634753493,,,2
PA.NUS.PPP,SLE,Sierra Leone,1992,0.104498443529361,,,2
PA.NUS.PPP,SLE,Sierra Leone,1993,0.129370970978762,,,2
PA.NUS.PPP,SLE,Sierra Leone,1994,0.158411578645598,,,2
PA.NUS.PPP,SLE,Sierra Leone,1995,0.207288488472699,,,2
PA.NUS.PPP,SLE,Sierra Leone,1996,0.263776307932399,,,2
PA.NUS.PPP,SLE,Sierra Leone,1997,0.265146267908156,,,2
PA.NUS.PPP,SLE,Sierra Leone,1998,0.324537752080069,,,2
PA.NUS.PPP,SLE,Sierra Leone,1999,0.375031232033851,,,2
PA.NUS.PPP,SLE,Sierra Leone,2000,0.378756950482977,,,2
PA.NUS.PPP,SLE,Sierra Leone,2001,0.63471562002857,,,2
PA.NUS.PPP,SLE,Sierra Leone,2002,0.600414444617901,,,2
PA.NUS.PPP,SLE,Sierra Leone,2003,0.666496516581399,,,2
PA.NUS.PPP,SLE,Sierra Leone,2004,0.732292402962362,,,2
PA.NUS.PPP,SLE,Sierra Leone,2005,0.828006631101672,,,2
PA.NUS.PPP,SLE,Sierra Leone,2006,1.01237212541882,,,2
PA.NUS.PPP,SLE,Sierra Leone,2007,1.0658439233155,,,2
PA.NUS.PPP,SLE,Sierra Leone,2008,1.15282678574325,,,2
PA.NUS.PPP,SLE,Sierra Leone,2009,1.2184239564294,,,2
PA.NUS.PPP,SLE,Sierra Leone,2010,1.43399742769171,,,2
PA.NUS.PPP,SLE,Sierra Leone,2011,1.62057507324219,,,2
PA.NUS.PPP,SLE,Sierra Leone,2012,1.75753926137377,,,2
PA.NUS.PPP,SLE,Sierra Leone,2013,1.79263795649096,,,2
PA.NUS.PPP,SLE,Sierra Leone,2014,1.8308592868493,,,2
PA.NUS.PPP,SLE,Sierra Leone,2015,1.91253606391571,,,2
PA.NUS.PPP,SLE,Sierra Leone,2016,2.01574165142237,,,2
PA.NUS.PPP,SLE,Sierra Leone,2017,2.30020141601563,,,2
PA.NUS.PPP,SLE,Sierra Leone,2018,2.54101293945313,,,2
PA.NUS.PPP,SLE,Sierra Leone,2019,2.81134326171875,,,2
PA.NUS.PPP,SLE,Sierra Leone,2020,3.0558271484375,,,2
PA.NUS.PPP,SLE,Sierra Leone,2021,3.24386401367188,,,2
PA.NUS.PPP,SLE,Sierra Leone,2022,3.84486126434162,,,2
PA.NUS.PPP,SLE,Sierra Leone,2023,4.792542062985,,,2
PA.NUS.PPP,SLE,Sierra Leone,2024,5.16518278736188,,,2
PA.NUS.PPP,SLE,Sierra Leone,2025,5.15883670629659,,,2
PA.NUS.PPP,SLV,El Salvador,1990,0.312452121169861,,,2
PA.NUS.PPP,SLV,El Salvador,1991,0.324657992355189,,,2
PA.NUS.PPP,SLV,El Salvador,1992,0.328280022188433,,,2
PA.NUS.PPP,SLV,El Salvador,1993,0.348235737768063,,,2
PA.NUS.PPP,SLV,El Salvador,1994,0.374383387700516,,,2
PA.NUS.PPP,SLV,El Salvador,1995,0.406771151808702,,,2
PA.NUS.PPP,SLV,El Salvador,1996,0.425749218622972,,,2
PA.NUS.PPP,SLV,El Salvador,1997,0.432694170535219,,,2
PA.NUS.PPP,SLV,El Salvador,1998,0.445985270690386,,,2
PA.NUS.PPP,SLV,El Salvador,1999,0.444133902798685,,,2
PA.NUS.PPP,SLV,El Salvador,2000,0.448509161672362,,,2
PA.NUS.PPP,SLV,El Salvador,2001,0.453167183417689,,,2
PA.NUS.PPP,SLV,El Salvador,2002,0.452973689576205,,,2
PA.NUS.PPP,SLV,El Salvador,2003,0.457377332849841,,,2
PA.NUS.PPP,SLV,El Salvador,2004,0.45750465394989,,,2
PA.NUS.PPP,SLV,El Salvador,2005,0.462647299891943,,,2
PA.NUS.PPP,SLV,El Salvador,2006,0.468252248813101,,,2
PA.NUS.PPP,SLV,El Salvador,2007,0.475939186606261,,,2
PA.NUS.PPP,SLV,El Salvador,2008,0.483296284056859,,,2
PA.NUS.PPP,SLV,El Salvador,2009,0.480170867815744,,,2
PA.NUS.PPP,SLV,El Salvador,2010,0.48673015851881,,,2
PA.NUS.PPP,SLV,El Salvador,2011,0.505120277404785,,,2
PA.NUS.PPP,SLV,El Salvador,2012,0.521423530983646,,,2
PA.NUS.PPP,SLV,El Salvador,2013,0.505071868934312,,,2
PA.NUS.PPP,SLV,El Salvador,2014,0.488559921983099,,,2
PA.NUS.PPP,SLV,El Salvador,2015,0.477749754158758,,,2
PA.NUS.PPP,SLV,El Salvador,2016,0.461390403903444,,,2
PA.NUS.PPP,SLV,El Salvador,2017,0.448413670063019,,,2
PA.NUS.PPP,SLV,El Salvador,2018,0.45454740524292,,,2
PA.NUS.PPP,SLV,El Salvador,2019,0.442782253026962,,,2
PA.NUS.PPP,SLV,El Salvador,2020,0.425564259290695,,,2
PA.NUS.PPP,SLV,El Salvador,2021,0.429484784603119,,,2
PA.NUS.PPP,SLV,El Salvador,2022,0.427367838286856,,,2
PA.NUS.PPP,SLV,El Salvador,2023,0.419951346710945,,,2
PA.NUS.PPP,SLV,El Salvador,2024,0.415072277055406,,,2
PA.NUS.PPP,SLV,El Salvador,2025,0.408953489712557,,,2
PA.NUS.PPP,SMR,San Marino,1997,0.749430903889007,,,2
PA.NUS.PPP,SMR,San Marino,1998,0.754645663643867,,,2
PA.NUS.PPP,SMR,San Marino,1999,0.755683987540872,,,2
PA.NUS.PPP,SMR,San Marino,2000,0.757919581318657,,,2
PA.NUS.PPP,SMR,San Marino,2001,0.761268370396049,,,2
PA.NUS.PPP,SMR,San Marino,2002,0.767511007281185,,,2
PA.NUS.PPP,SMR,San Marino,2003,0.771105016662418,,,2
PA.NUS.PPP,SMR,San Marino,2004,0.766012292424882,,,2
PA.NUS.PPP,SMR,San Marino,2005,0.755112221467359,,,2
PA.NUS.PPP,SMR,San Marino,2006,0.747261307606661,,,2
PA.NUS.PPP,SMR,San Marino,2007,0.713199994464329,,,2
PA.NUS.PPP,SMR,San Marino,2008,0.719534266363235,,,2
PA.NUS.PPP,SMR,San Marino,2009,0.722270304291927,,,2
PA.NUS.PPP,SMR,San Marino,2010,0.723805032940141,,,2
PA.NUS.PPP,SMR,San Marino,2011,0.7102569,,,2
PA.NUS.PPP,SMR,San Marino,2012,0.727814456496673,,,2
PA.NUS.PPP,SMR,San Marino,2013,0.753500570533488,,,2
PA.NUS.PPP,SMR,San Marino,2014,0.729271897180996,,,2
PA.NUS.PPP,SMR,San Marino,2015,0.744308864340404,,,2
PA.NUS.PPP,SMR,San Marino,2016,0.755666151216932,,,2
PA.NUS.PPP,SMR,San Marino,2017,0.762517094612122,,,2
PA.NUS.PPP,SMR,San Marino,2018,0.745550360497015,,,2
PA.NUS.PPP,SMR,San Marino,2019,0.725066228661728,,,2
PA.NUS.PPP,SMR,San Marino,2020,0.704549975062565,,,2
PA.NUS.PPP,SMR,San Marino,2021,0.707382142543793,,,2
PA.NUS.PPP,SMR,San Marino,2022,0.678668572532041,,,2
PA.NUS.PPP,SMR,San Marino,2023,0.702590229204567,,,2
PA.NUS.PPP,SOM,"Somalia, Fed. Rep.",1990,651.146306820352,,,2
PA.NUS.PPP,SOM,"Somalia, Fed. Rep.",1991,853.624209223291,,,2
PA.NUS.PPP,SOM,"Somalia, Fed. Rep.",1992,1043.26018688307,,,2
PA.NUS.PPP,SOM,"Somalia, Fed. Rep.",1993,1576.18195141567,,,2
PA.NUS.PPP,SOM,"Somalia, Fed. Rep.",1994,2404.58131153512,,,2
PA.NUS.PPP,SOM,"Somalia, Fed. Rep.",1995,3097.08806215667,,,2
PA.NUS.PPP,SOM,"Somalia, Fed. Rep.",1996,3951.7724656835,,,2
PA.NUS.PPP,SOM,"Somalia, Fed. Rep.",1997,5190.49945954778,,,2
PA.NUS.PPP,SOM,"Somalia, Fed. Rep.",1998,6259.75586024027,,,2
PA.NUS.PPP,SOM,"Somalia, Fed. Rep.",1999,7060.47721636741,,,2
PA.NUS.PPP,SOM,"Somalia, Fed. Rep.",2000,7912.75925698938,,,2
PA.NUS.PPP,SOM,"Somalia, Fed. Rep.",2001,8376.42742784001,,,2
PA.NUS.PPP,SOM,"Somalia, Fed. Rep.",2002,8885.05346325427,,,2
PA.NUS.PPP,SOM,"Somalia, Fed. Rep.",2003,9260.16326484859,,,2
PA.NUS.PPP,SOM,"Somalia, Fed. Rep.",2004,9630.47659829474,,,2
PA.NUS.PPP,SOM,"Somalia, Fed. Rep.",2005,10837.6865594669,,,2
PA.NUS.PPP,SOM,"Somalia, Fed. Rep.",2006,9791.42795460855,,,2
PA.NUS.PPP,SOM,"Somalia, Fed. Rep.",2007,9868.44739475051,,,2
PA.NUS.PPP,SOM,"Somalia, Fed. Rep.",2008,9881.34177405358,,,2
PA.NUS.PPP,SOM,"Somalia, Fed. Rep.",2009,10054.1235751952,,,2
PA.NUS.PPP,SOM,"Somalia, Fed. Rep.",2010,8408.93439296576,,,2
PA.NUS.PPP,SOM,"Somalia, Fed. Rep.",2011,8001.03131368105,,,2
PA.NUS.PPP,SOM,"Somalia, Fed. Rep.",2012,7863.44047059848,,,2
PA.NUS.PPP,SOM,"Somalia, Fed. Rep.",2013,8032.80944429897,,,2
PA.NUS.PPP,SOM,"Somalia, Fed. Rep.",2014,7703.5039955833,,,2
PA.NUS.PPP,SOM,"Somalia, Fed. Rep.",2015,7393.47560192873,,,2
PA.NUS.PPP,SOM,"Somalia, Fed. Rep.",2016,7239.50926928753,,,2
PA.NUS.PPP,SOM,"Somalia, Fed. Rep.",2017,7390.71574467777,,,2
PA.NUS.PPP,SOM,"Somalia, Fed. Rep.",2018,7866.17544330538,,,2
PA.NUS.PPP,SOM,"Somalia, Fed. Rep.",2019,8741.20867123605,,,2
PA.NUS.PPP,SOM,"Somalia, Fed. Rep.",2020,9178.80688742071,,,2
PA.NUS.PPP,SOM,"Somalia, Fed. Rep.",2021,10268.4174304023,,,2
PA.NUS.PPP,SOM,"Somalia, Fed. Rep.",2022,10347.4902478644,,,2
PA.NUS.PPP,SOM,"Somalia, Fed. Rep.",2023,10428.4189246235,,,2
PA.NUS.PPP,SOM,"Somalia, Fed. Rep.",2024,11033.7002178252,,,2
PA.NUS.PPP,SOM,"Somalia, Fed. Rep.",2025,12115.8880855469,,,2
PA.NUS.PPP,SRB,Serbia,1995,1.65603039018649,,,2
PA.NUS.PPP,SRB,Serbia,1996,3.01807669188258,,,2
PA.NUS.PPP,SRB,Serbia,1997,3.49797032004253,,,2
PA.NUS.PPP,SRB,Serbia,1998,4.30939812872018,,,2
PA.NUS.PPP,SRB,Serbia,1999,5.47600263239593,,,2
PA.NUS.PPP,SRB,Serbia,2000,9.59661967939845,,,2
PA.NUS.PPP,SRB,Serbia,2001,17.8274696714092,,,2
PA.NUS.PPP,SRB,Serbia,2002,20.3575905025533,,,2
PA.NUS.PPP,SRB,Serbia,2003,22.6375262446352,,,2
PA.NUS.PPP,SRB,Serbia,2004,24.0963200604663,,,2
PA.NUS.PPP,SRB,Serbia,2005,27.0329020971908,,,2
PA.NUS.PPP,SRB,Serbia,2006,28.8307861638126,,,2
PA.NUS.PPP,SRB,Serbia,2007,30.419318672152,,,2
PA.NUS.PPP,SRB,Serbia,2008,31.3244612369102,,,2
PA.NUS.PPP,SRB,Serbia,2009,33.2463116644348,,,2
PA.NUS.PPP,SRB,Serbia,2010,34.8432026718267,,,2
PA.NUS.PPP,SRB,Serbia,2011,36.3238221636966,,,2
PA.NUS.PPP,SRB,Serbia,2012,37.9825418819753,,,2
PA.NUS.PPP,SRB,Serbia,2013,39.3228856617399,,,2
PA.NUS.PPP,SRB,Serbia,2014,39.8020526950386,,,2
PA.NUS.PPP,SRB,Serbia,2015,40.7374838920601,,,2
PA.NUS.PPP,SRB,Serbia,2016,40.454909866244,,,2
PA.NUS.PPP,SRB,Serbia,2017,40.821059105488,,,2
PA.NUS.PPP,SRB,Serbia,2018,41.0041383852135,,,2
PA.NUS.PPP,SRB,Serbia,2019,39.6496218014814,,,2
PA.NUS.PPP,SRB,Serbia,2020,39.7604958987547,,,2
PA.NUS.PPP,SRB,Serbia,2021,41.1088009550821,,,2
PA.NUS.PPP,SRB,Serbia,2022,42.8182249622952,,,2
PA.NUS.PPP,SRB,Serbia,2023,44.7113997577007,,,2
PA.NUS.PPP,SRB,Serbia,2024,45.0788639131956,,,2
PA.NUS.PPP,SRB,Serbia,2025,46.7970682889855,,,2
PA.NUS.PPP,SSD,South Sudan,2008,1.19813103302322,,,2
PA.NUS.PPP,SSD,South Sudan,2009,1.04992443336227,,,2
PA.NUS.PPP,SSD,South Sudan,2010,1.17140595036975,,,2
PA.NUS.PPP,SSD,South Sudan,2011,1.59342787907878,,,2
PA.NUS.PPP,SSD,South Sudan,2012,2.30870013692977,,,2
PA.NUS.PPP,SSD,South Sudan,2013,2.5396091456352,,,2
PA.NUS.PPP,SSD,South Sudan,2014,2.67058842687124,,,2
PA.NUS.PPP,SSD,South Sudan,2015,3.37095053486236,,,2
PA.NUS.PPP,SSD,South Sudan,2016,13.5848408561064,,,2
PA.NUS.PPP,SSD,South Sudan,2017,37.1907577514648,,,2
PA.NUS.PPP,SSD,South Sudan,2021,126.743049621582,,,2
PA.NUS.PPP,STP,Sao Tome and Principe,1990,0.0924222654358237,,,2
PA.NUS.PPP,STP,Sao Tome and Principe,1991,0.11205730118086,,,2
PA.NUS.PPP,STP,Sao Tome and Principe,1992,0.152901341104289,,,2
PA.NUS.PPP,STP,Sao Tome and Principe,1993,0.261960724452203,,,2
PA.NUS.PPP,STP,Sao Tome and Principe,1994,0.446768967352248,,,2
PA.NUS.PPP,STP,Sao Tome and Principe,1995,0.656670670149713,,,2
PA.NUS.PPP,STP,Sao Tome and Principe,1996,1.28480238105174,,,2
PA.NUS.PPP,STP,Sao Tome and Principe,1997,1.75704050573564,,,2
PA.NUS.PPP,STP,Sao Tome and Principe,1998,2.01551563663904,,,2
PA.NUS.PPP,STP,Sao Tome and Principe,1999,2.14449137068261,,,2
PA.NUS.PPP,STP,Sao Tome and Principe,2000,2.30618652982471,,,2
PA.NUS.PPP,STP,Sao Tome and Principe,2001,2.41744061068126,,,2
PA.NUS.PPP,STP,Sao Tome and Principe,2002,2.65455275069999,,,2
PA.NUS.PPP,STP,Sao Tome and Principe,2003,2.96343004815296,,,2
PA.NUS.PPP,STP,Sao Tome and Principe,2004,3.31406543717739,,,2
PA.NUS.PPP,STP,Sao Tome and Principe,2005,3.82681770762337,,,2
PA.NUS.PPP,STP,Sao Tome and Principe,2006,4.20700399115377,,,2
PA.NUS.PPP,STP,Sao Tome and Principe,2007,4.48935671732823,,,2
PA.NUS.PPP,STP,Sao Tome and Principe,2008,5.67423528982286,,,2
PA.NUS.PPP,STP,Sao Tome and Principe,2009,6.42634467677534,,,2
PA.NUS.PPP,STP,Sao Tome and Principe,2010,6.79142512797337,,,2
PA.NUS.PPP,STP,Sao Tome and Principe,2011,7.43139362335205,,,2
PA.NUS.PPP,STP,Sao Tome and Principe,2012,8.63228822454618,,,2
PA.NUS.PPP,STP,Sao Tome and Principe,2013,8.72778206771009,,,2
PA.NUS.PPP,STP,Sao Tome and Principe,2014,8.56661469961141,,,2
PA.NUS.PPP,STP,Sao Tome and Principe,2015,9.10448320194963,,,2
PA.NUS.PPP,STP,Sao Tome and Principe,2016,9.63069604697786,,,2
PA.NUS.PPP,STP,Sao Tome and Principe,2017,9.92154121398926,,,2
PA.NUS.PPP,STP,Sao Tome and Principe,2018,9.68453502655029,,,2
PA.NUS.PPP,STP,Sao Tome and Principe,2019,9.16576766967773,,,2
PA.NUS.PPP,STP,Sao Tome and Principe,2020,9.12815380096436,,,2
PA.NUS.PPP,STP,Sao Tome and Principe,2021,8.59929370880127,,,2
PA.NUS.PPP,STP,Sao Tome and Principe,2022,9.29519707224492,,,2
PA.NUS.PPP,STP,Sao Tome and Principe,2023,11.0920118334835,,,2
PA.NUS.PPP,STP,Sao Tome and Principe,2024,12.7353502926814,,,2
PA.NUS.PPP,STP,Sao Tome and Principe,2025,13.8672557039219,,,2
PA.NUS.PPP,SUR,Suriname,1990,0.00205401675368553,,,2
PA.NUS.PPP,SUR,Suriname,1991,0.00264910139408148,,,2
PA.NUS.PPP,SUR,Suriname,1992,0.00349398637542815,,,2
PA.NUS.PPP,SUR,Suriname,1993,0.00836014120292283,,,2
PA.NUS.PPP,SUR,Suriname,1994,0.0440588633639702,,,2
PA.NUS.PPP,SUR,Suriname,1995,0.146608055685876,,,2
PA.NUS.PPP,SUR,Suriname,1996,0.145790791169324,,,2
PA.NUS.PPP,SUR,Suriname,1997,0.145460084419966,,,2
PA.NUS.PPP,SUR,Suriname,1998,0.169055629297631,,,2
PA.NUS.PPP,SUR,Suriname,1999,0.287768836212621,,,2
PA.NUS.PPP,SUR,Suriname,2000,0.452321775350447,,,2
PA.NUS.PPP,SUR,Suriname,2001,0.617227554829869,,,2
PA.NUS.PPP,SUR,Suriname,2002,0.791827779780382,,,2
PA.NUS.PPP,SUR,Suriname,2003,0.942030800741176,,,2
PA.NUS.PPP,SUR,Suriname,2004,1.03513241772673,,,2
PA.NUS.PPP,SUR,Suriname,2005,1.15963036562229,,,2
PA.NUS.PPP,SUR,Suriname,2006,1.2706069423857,,,2
PA.NUS.PPP,SUR,Suriname,2007,1.31657653414636,,,2
PA.NUS.PPP,SUR,Suriname,2008,1.49217439481142,,,2
PA.NUS.PPP,SUR,Suriname,2009,1.5791812900006,,,2
PA.NUS.PPP,SUR,Suriname,2010,1.67250223049056,,,2
PA.NUS.PPP,SUR,Suriname,2011,1.86556231975555,,,2
PA.NUS.PPP,SUR,Suriname,2012,1.92355858008979,,,2
PA.NUS.PPP,SUR,Suriname,2013,1.84524187734711,,,2
PA.NUS.PPP,SUR,Suriname,2014,1.81092750767179,,,2
PA.NUS.PPP,SUR,Suriname,2015,1.82023509450537,,,2
PA.NUS.PPP,SUR,Suriname,2016,2.42866500604888,,,2
PA.NUS.PPP,SUR,Suriname,2017,2.57841467857361,,,2
PA.NUS.PPP,SUR,Suriname,2018,2.7858772277832,,,2
PA.NUS.PPP,SUR,Suriname,2019,2.64944648742676,,,2
PA.NUS.PPP,SUR,Suriname,2020,3.73132395744324,,,2
PA.NUS.PPP,SUR,Suriname,2021,5.3682279586792,,,2
PA.NUS.PPP,SUR,Suriname,2022,7.48874526748221,,,2
PA.NUS.PPP,SUR,Suriname,2023,9.61185797595566,,,2
PA.NUS.PPP,SUR,Suriname,2024,10.5805259163027,,,2
PA.NUS.PPP,SUR,Suriname,2025,11.6290001939516,,,2
PA.NUS.PPP,SVK,Slovak Republic,1990,0.222207513989353,,,2
PA.NUS.PPP,SVK,Slovak Republic,1991,0.28932282352454,,,2
PA.NUS.PPP,SVK,Slovak Republic,1992,0.3146,,,2
PA.NUS.PPP,SVK,Slovak Republic,1993,0.354539,,,2
PA.NUS.PPP,SVK,Slovak Republic,1994,0.393811,,,2
PA.NUS.PPP,SVK,Slovak Republic,1995,0.423876,,,2
PA.NUS.PPP,SVK,Slovak Republic,1996,0.435855,,,2
PA.NUS.PPP,SVK,Slovak Republic,1997,0.450395,,,2
PA.NUS.PPP,SVK,Slovak Republic,1998,0.466033,,,2
PA.NUS.PPP,SVK,Slovak Republic,1999,0.494406,,,2
PA.NUS.PPP,SVK,Slovak Republic,2000,0.516275,,,2
PA.NUS.PPP,SVK,Slovak Republic,2001,0.515727,,,2
PA.NUS.PPP,SVK,Slovak Republic,2002,0.521518,,,2
PA.NUS.PPP,SVK,Slovak Republic,2003,0.544387,,,2
PA.NUS.PPP,SVK,Slovak Republic,2004,0.564548,,,2
PA.NUS.PPP,SVK,Slovak Republic,2005,0.564715,,,2
PA.NUS.PPP,SVK,Slovak Republic,2006,0.554718,,,2
PA.NUS.PPP,SVK,Slovak Republic,2007,0.553656,,,2
PA.NUS.PPP,SVK,Slovak Republic,2008,0.53743,,,2
PA.NUS.PPP,SVK,Slovak Republic,2009,0.51531,,,2
PA.NUS.PPP,SVK,Slovak Republic,2010,0.502228,,,2
PA.NUS.PPP,SVK,Slovak Republic,2011,0.506407,,,2
PA.NUS.PPP,SVK,Slovak Republic,2012,0.504542,,,2
PA.NUS.PPP,SVK,Slovak Republic,2013,0.491124,,,2
PA.NUS.PPP,SVK,Slovak Republic,2014,0.485412,,,2
PA.NUS.PPP,SVK,Slovak Republic,2015,0.491548,,,2
PA.NUS.PPP,SVK,Slovak Republic,2016,0.503194,,,2
PA.NUS.PPP,SVK,Slovak Republic,2017,0.516433,,,2
PA.NUS.PPP,SVK,Slovak Republic,2018,0.526001,,,2
PA.NUS.PPP,SVK,Slovak Republic,2019,0.510067,,,2
PA.NUS.PPP,SVK,Slovak Republic,2020,0.48909,,,2
PA.NUS.PPP,SVK,Slovak Republic,2021,0.487999,,,2
PA.NUS.PPP,SVK,Slovak Republic,2022,0.487459,,,2
PA.NUS.PPP,SVK,Slovak Republic,2023,0.496348,,,2
PA.NUS.PPP,SVK,Slovak Republic,2024,0.501903,,,2
PA.NUS.PPP,SVK,Slovak Republic,2025,0.512288,,,2
PA.NUS.PPP,SVN,Slovenia,1990,0.034724,,,2
PA.NUS.PPP,SVN,Slovenia,1991,0.065473,,,2
PA.NUS.PPP,SVN,Slovenia,1992,0.197279,,,2
PA.NUS.PPP,SVN,Slovenia,1993,0.264167,,,2
PA.NUS.PPP,SVN,Slovenia,1994,0.31707,,,2
PA.NUS.PPP,SVN,Slovenia,1995,0.389454,,,2
PA.NUS.PPP,SVN,Slovenia,1996,0.426901,,,2
PA.NUS.PPP,SVN,Slovenia,1997,0.455862,,,2
PA.NUS.PPP,SVN,Slovenia,1998,0.482471,,,2
PA.NUS.PPP,SVN,Slovenia,1999,0.508506,,,2
PA.NUS.PPP,SVN,Slovenia,2000,0.526399,,,2
PA.NUS.PPP,SVN,Slovenia,2001,0.560158,,,2
PA.NUS.PPP,SVN,Slovenia,2002,0.583286,,,2
PA.NUS.PPP,SVN,Slovenia,2003,0.607935,,,2
PA.NUS.PPP,SVN,Slovenia,2004,0.607893,,,2
PA.NUS.PPP,SVN,Slovenia,2005,0.610135,,,2
PA.NUS.PPP,SVN,Slovenia,2006,0.609817,,,2
PA.NUS.PPP,SVN,Slovenia,2007,0.630245,,,2
PA.NUS.PPP,SVN,Slovenia,2008,0.633789,,,2
PA.NUS.PPP,SVN,Slovenia,2009,0.645157,,,2
PA.NUS.PPP,SVN,Slovenia,2010,0.638081,,,2
PA.NUS.PPP,SVN,Slovenia,2011,0.62397,,,2
PA.NUS.PPP,SVN,Slovenia,2012,0.606793,,,2
PA.NUS.PPP,SVN,Slovenia,2013,0.590407,,,2
PA.NUS.PPP,SVN,Slovenia,2014,0.591238,,,2
PA.NUS.PPP,SVN,Slovenia,2015,0.595298,,,2
PA.NUS.PPP,SVN,Slovenia,2016,0.577106,,,2
PA.NUS.PPP,SVN,Slovenia,2017,0.570149,,,2
PA.NUS.PPP,SVN,Slovenia,2018,0.567612,,,2
PA.NUS.PPP,SVN,Slovenia,2019,0.544192,,,2
PA.NUS.PPP,SVN,Slovenia,2020,0.532257,,,2
PA.NUS.PPP,SVN,Slovenia,2021,0.537477,,,2
PA.NUS.PPP,SVN,Slovenia,2022,0.514727,,,2
PA.NUS.PPP,SVN,Slovenia,2023,0.53794,,,2
PA.NUS.PPP,SVN,Slovenia,2024,0.550461,,,2
PA.NUS.PPP,SVN,Slovenia,2025,0.558308,,,2
PA.NUS.PPP,SWE,Sweden,1990,8.882127,,,2
PA.NUS.PPP,SWE,Sweden,1991,9.300106,,,2
PA.NUS.PPP,SWE,Sweden,1992,9.185216,,,2
PA.NUS.PPP,SWE,Sweden,1993,9.171034,,,2
PA.NUS.PPP,SWE,Sweden,1994,9.204,,,2
PA.NUS.PPP,SWE,Sweden,1995,9.348993,,,2
PA.NUS.PPP,SWE,Sweden,1996,9.245636,,,2
PA.NUS.PPP,SWE,Sweden,1997,9.329317,,,2
PA.NUS.PPP,SWE,Sweden,1998,9.395336,,,2
PA.NUS.PPP,SWE,Sweden,1999,9.3059,,,2
PA.NUS.PPP,SWE,Sweden,2000,9.161129,,,2
PA.NUS.PPP,SWE,Sweden,2001,9.402445,,,2
PA.NUS.PPP,SWE,Sweden,2002,9.413655,,,2
PA.NUS.PPP,SWE,Sweden,2003,9.486667,,,2
PA.NUS.PPP,SWE,Sweden,2004,9.295284,,,2
PA.NUS.PPP,SWE,Sweden,2005,9.479182,,,2
PA.NUS.PPP,SWE,Sweden,2006,9.113464,,,2
PA.NUS.PPP,SWE,Sweden,2007,8.871216,,,2
PA.NUS.PPP,SWE,Sweden,2008,8.778986,,,2
PA.NUS.PPP,SWE,Sweden,2009,8.916357,,,2
PA.NUS.PPP,SWE,Sweden,2010,9.027189,,,2
PA.NUS.PPP,SWE,Sweden,2011,8.844042,,,2
PA.NUS.PPP,SWE,Sweden,2012,8.654768,,,2
PA.NUS.PPP,SWE,Sweden,2013,8.597681,,,2
PA.NUS.PPP,SWE,Sweden,2014,8.727131,,,2
PA.NUS.PPP,SWE,Sweden,2015,8.854383,,,2
PA.NUS.PPP,SWE,Sweden,2016,8.822586,,,2
PA.NUS.PPP,SWE,Sweden,2017,8.852247,,,2
PA.NUS.PPP,SWE,Sweden,2018,8.865881,,,2
PA.NUS.PPP,SWE,Sweden,2019,8.584015,,,2
PA.NUS.PPP,SWE,Sweden,2020,8.435616,,,2
PA.NUS.PPP,SWE,Sweden,2021,8.363733,,,2
PA.NUS.PPP,SWE,Sweden,2022,8.338151,,,2
PA.NUS.PPP,SWE,Sweden,2023,8.516641,,,2
PA.NUS.PPP,SWE,Sweden,2024,8.490485,,,2
PA.NUS.PPP,SWE,Sweden,2025,8.548493,,,2
PA.NUS.PPP,SWZ,Eswatini,1990,1.14942547834397,,,2
PA.NUS.PPP,SWZ,Eswatini,1991,1.20941890735187,,,2
PA.NUS.PPP,SWZ,Eswatini,1992,1.31477003224673,,,2
PA.NUS.PPP,SWZ,Eswatini,1993,1.50766873497279,,,2
PA.NUS.PPP,SWZ,Eswatini,1994,1.63808994799372,,,2
PA.NUS.PPP,SWZ,Eswatini,1995,1.87158057337272,,,2
PA.NUS.PPP,SWZ,Eswatini,1996,1.97912903014331,,,2
PA.NUS.PPP,SWZ,Eswatini,1997,2.16630133959903,,,2
PA.NUS.PPP,SWZ,Eswatini,1998,2.30086336014281,,,2
PA.NUS.PPP,SWZ,Eswatini,1999,2.39059185696127,,,2
PA.NUS.PPP,SWZ,Eswatini,2000,2.56998300550051,,,2
PA.NUS.PPP,SWZ,Eswatini,2001,2.72255654477144,,,2
PA.NUS.PPP,SWZ,Eswatini,2002,2.92492179931471,,,2
PA.NUS.PPP,SWZ,Eswatini,2003,3.03660460179017,,,2
PA.NUS.PPP,SWZ,Eswatini,2004,3.07257004326875,,,2
PA.NUS.PPP,SWZ,Eswatini,2005,3.16283543260856,,,2
PA.NUS.PPP,SWZ,Eswatini,2006,3.1770922726708,,,2
PA.NUS.PPP,SWZ,Eswatini,2007,3.253857837277,,,2
PA.NUS.PPP,SWZ,Eswatini,2008,3.52122853149839,,,2
PA.NUS.PPP,SWZ,Eswatini,2009,3.85530680700758,,,2
PA.NUS.PPP,SWZ,Eswatini,2010,3.92100412319674,,,2
PA.NUS.PPP,SWZ,Eswatini,2011,4.05213785171509,,,2
PA.NUS.PPP,SWZ,Eswatini,2012,4.46932532366409,,,2
PA.NUS.PPP,SWZ,Eswatini,2013,4.63324266419374,,,2
PA.NUS.PPP,SWZ,Eswatini,2014,4.89211165601035,,,2
PA.NUS.PPP,SWZ,Eswatini,2015,5.1948186108593,,,2
PA.NUS.PPP,SWZ,Eswatini,2016,5.61428934110556,,,2
PA.NUS.PPP,SWZ,Eswatini,2017,5.98295021057129,,,2
PA.NUS.PPP,SWZ,Eswatini,2018,6.16247987747192,,,2
PA.NUS.PPP,SWZ,Eswatini,2019,6.11483430862427,,,2
PA.NUS.PPP,SWZ,Eswatini,2020,6.11999368667603,,,2
PA.NUS.PPP,SWZ,Eswatini,2021,5.89536285400391,,,2
PA.NUS.PPP,SWZ,Eswatini,2022,5.99201965497641,,,2
PA.NUS.PPP,SWZ,Eswatini,2023,6.12800854631137,,,2
PA.NUS.PPP,SWZ,Eswatini,2024,6.05720299883277,,,2
PA.NUS.PPP,SWZ,Eswatini,2025,5.86563643135325,,,2
PA.NUS.PPP,SXM,Sint Maarten (Dutch part),2009,1.3708520130234,,,2
PA.NUS.PPP,SXM,Sint Maarten (Dutch part),2010,1.36968008924203,,,2
PA.NUS.PPP,SXM,Sint Maarten (Dutch part),2011,1.34595239162445,,,2
PA.NUS.PPP,SXM,Sint Maarten (Dutch part),2012,1.55130886533556,,,2
PA.NUS.PPP,SXM,Sint Maarten (Dutch part),2013,1.54370355241328,,,2
PA.NUS.PPP,SXM,Sint Maarten (Dutch part),2014,1.52758036277378,,,2
PA.NUS.PPP,SXM,Sint Maarten (Dutch part),2015,1.51909831986512,,,2
PA.NUS.PPP,SXM,Sint Maarten (Dutch part),2016,1.48917964786914,,,2
PA.NUS.PPP,SXM,Sint Maarten (Dutch part),2017,1.39649999141693,,,2
PA.NUS.PPP,SXM,Sint Maarten (Dutch part),2018,1.36262941360474,,,2
PA.NUS.PPP,SXM,Sint Maarten (Dutch part),2019,1.36500227451324,,,2
PA.NUS.PPP,SXM,Sint Maarten (Dutch part),2020,1.38735342025757,,,2
PA.NUS.PPP,SXM,Sint Maarten (Dutch part),2021,1.43830955028534,,,2
PA.NUS.PPP,SXM,Sint Maarten (Dutch part),2022,1.38760204012365,,,2
PA.NUS.PPP,SXM,Sint Maarten (Dutch part),2023,1.36516108593807,,,2
PA.NUS.PPP,SXM,Sint Maarten (Dutch part),2024,1.37865216943371,,,2
PA.NUS.PPP,SXM,Sint Maarten (Dutch part),2025,1.36183701233079,,,2
PA.NUS.PPP,SYC,Seychelles,1990,3.36251962878919,,,2
PA.NUS.PPP,SYC,Seychelles,1991,3.1860711687241,,,2
PA.NUS.PPP,SYC,Seychelles,1992,3.2605029892025,,,2
PA.NUS.PPP,SYC,Seychelles,1993,3.2814599546501,,,2
PA.NUS.PPP,SYC,Seychelles,1994,3.29819365456305,,,2
PA.NUS.PPP,SYC,Seychelles,1995,3.16349574526628,,,2
PA.NUS.PPP,SYC,Seychelles,1996,2.91772998610602,,,2
PA.NUS.PPP,SYC,Seychelles,1997,2.89335566234373,,,2
PA.NUS.PPP,SYC,Seychelles,1998,3.15910153801194,,,2
PA.NUS.PPP,SYC,Seychelles,1999,3.17908553810621,,,2
PA.NUS.PPP,SYC,Seychelles,2000,3.14758695747104,,,2
PA.NUS.PPP,SYC,Seychelles,2001,3.26779575437035,,,2
PA.NUS.PPP,SYC,Seychelles,2002,3.33405544438743,,,2
PA.NUS.PPP,SYC,Seychelles,2003,3.4639371920316,,,2
PA.NUS.PPP,SYC,Seychelles,2004,4.2055424881969,,,2
PA.NUS.PPP,SYC,Seychelles,2005,4.09639053932924,,,2
PA.NUS.PPP,SYC,Seychelles,2006,4.03116020163786,,,2
PA.NUS.PPP,SYC,Seychelles,2007,4.35967356531282,,,2
PA.NUS.PPP,SYC,Seychelles,2008,5.64283566336482,,,2
PA.NUS.PPP,SYC,Seychelles,2009,7.18875867760819,,,2
PA.NUS.PPP,SYC,Seychelles,2010,6.95189238684229,,,2
PA.NUS.PPP,SYC,Seychelles,2011,6.88386535644531,,,2
PA.NUS.PPP,SYC,Seychelles,2012,7.59387852436702,,,2
PA.NUS.PPP,SYC,Seychelles,2013,7.89489832987829,,,2
PA.NUS.PPP,SYC,Seychelles,2014,7.74897049554928,,,2
PA.NUS.PPP,SYC,Seychelles,2015,8.02602612193369,,,2
PA.NUS.PPP,SYC,Seychelles,2016,7.65869628659678,,,2
PA.NUS.PPP,SYC,Seychelles,2017,7.77740812301636,,,2
PA.NUS.PPP,SYC,Seychelles,2018,7.99357652664185,,,2
PA.NUS.PPP,SYC,Seychelles,2019,7.84994125366211,,,2
PA.NUS.PPP,SYC,Seychelles,2020,7.96504259109497,,,2
PA.NUS.PPP,SYC,Seychelles,2021,8.45630931854248,,,2
PA.NUS.PPP,SYC,Seychelles,2022,8.15003466839282,,,2
PA.NUS.PPP,SYC,Seychelles,2023,7.96877388742183,,,2
PA.NUS.PPP,SYC,Seychelles,2024,8.00344901789428,,,2
PA.NUS.PPP,SYC,Seychelles,2025,7.98797394952878,,,2
PA.NUS.PPP,SYR,Syrian Arab Republic,2017,132.995910644531,,,2
PA.NUS.PPP,SYR,Syrian Arab Republic,2018,141.603332519531,,,2
PA.NUS.PPP,SYR,Syrian Arab Republic,2019,163.027435302734,,,2
PA.NUS.PPP,SYR,Syrian Arab Republic,2020,237.009140014648,,,2
PA.NUS.PPP,SYR,Syrian Arab Republic,2021,417.322418212891,,,2
PA.NUS.PPP,SYR,Syrian Arab Republic,2022,807.95702765744,,,2
PA.NUS.PPP,TCA,Turks and Caicos Islands,2007,0.920047185135737,,,2
PA.NUS.PPP,TCA,Turks and Caicos Islands,2008,0.929829681913905,,,2
PA.NUS.PPP,TCA,Turks and Caicos Islands,2009,0.936311952884861,,,2
PA.NUS.PPP,TCA,Turks and Caicos Islands,2010,0.894698213640074,,,2
PA.NUS.PPP,TCA,Turks and Caicos Islands,2011,1.02840805053711,,,2
PA.NUS.PPP,TCA,Turks and Caicos Islands,2012,1.09797098553298,,,2
PA.NUS.PPP,TCA,Turks and Caicos Islands,2013,1.07196025937819,,,2
PA.NUS.PPP,TCA,Turks and Caicos Islands,2014,1.06835783618016,,,2
PA.NUS.PPP,TCA,Turks and Caicos Islands,2015,1.07176271991537,,,2
PA.NUS.PPP,TCA,Turks and Caicos Islands,2016,1.05349065622913,,,2
PA.NUS.PPP,TCA,Turks and Caicos Islands,2017,0.997238159179688,,,2
PA.NUS.PPP,TCA,Turks and Caicos Islands,2018,1.01522052288055,,,2
PA.NUS.PPP,TCA,Turks and Caicos Islands,2019,1.01947629451752,,,2
PA.NUS.PPP,TCA,Turks and Caicos Islands,2020,1.05944132804871,,,2
PA.NUS.PPP,TCA,Turks and Caicos Islands,2021,1.09070706367493,,,2
PA.NUS.PPP,TCA,Turks and Caicos Islands,2022,1.03522987741756,,,2
PA.NUS.PPP,TCA,Turks and Caicos Islands,2023,1.00295056929768,,,2
PA.NUS.PPP,TCA,Turks and Caicos Islands,2024,0.986773622391009,,,2
PA.NUS.PPP,TCD,Chad,1990,110.983129119934,,,2
PA.NUS.PPP,TCD,Chad,1991,110.652147592626,,,2
PA.NUS.PPP,TCD,Chad,1992,94.2235510979365,,,2
PA.NUS.PPP,TCD,Chad,1993,90.8318743155159,,,2
PA.NUS.PPP,TCD,Chad,1994,127.658812141369,,,2
PA.NUS.PPP,TCD,Chad,1995,136.081864702534,,,2
PA.NUS.PPP,TCD,Chad,1996,148.947859252918,,,2
PA.NUS.PPP,TCD,Chad,1997,151.961736161019,,,2
PA.NUS.PPP,TCD,Chad,1998,160.41540145811,,,2
PA.NUS.PPP,TCD,Chad,1999,146.198505309144,,,2
PA.NUS.PPP,TCD,Chad,2000,150.522492704366,,,2
PA.NUS.PPP,TCD,Chad,2001,167.519053900815,,,2
PA.NUS.PPP,TCD,Chad,2002,168.102707884699,,,2
PA.NUS.PPP,TCD,Chad,2003,164.978325566331,,,2
PA.NUS.PPP,TCD,Chad,2004,176.296959241937,,,2
PA.NUS.PPP,TCD,Chad,2005,210.254979019648,,,2
PA.NUS.PPP,TCD,Chad,2006,227.935142609361,,,2
PA.NUS.PPP,TCD,Chad,2007,218.350738666272,,,2
PA.NUS.PPP,TCD,Chad,2008,238.567548303367,,,2
PA.NUS.PPP,TCD,Chad,2009,233.358416414066,,,2
PA.NUS.PPP,TCD,Chad,2010,243.548368793815,,,2
PA.NUS.PPP,TCD,Chad,2011,258.131317138672,,,2
PA.NUS.PPP,TCD,Chad,2012,283.956220481285,,,2
PA.NUS.PPP,TCD,Chad,2013,305.406616007386,,,2
PA.NUS.PPP,TCD,Chad,2014,295.994964502156,,,2
PA.NUS.PPP,TCD,Chad,2015,247.173979732254,,,2
PA.NUS.PPP,TCD,Chad,2016,240.898708633551,,,2
PA.NUS.PPP,TCD,Chad,2017,236.582992553711,,,2
PA.NUS.PPP,TCD,Chad,2018,236.522491455078,,,2
PA.NUS.PPP,TCD,Chad,2019,222.573471069336,,,2
PA.NUS.PPP,TCD,Chad,2020,228.273208618164,,,2
PA.NUS.PPP,TCD,Chad,2021,215.510940551758,,,2
PA.NUS.PPP,TCD,Chad,2022,229.665797654579,,,2
PA.NUS.PPP,TCD,Chad,2023,213.178375331775,,,2
PA.NUS.PPP,TCD,Chad,2024,214.899757142113,,,2
PA.NUS.PPP,TCD,Chad,2025,204.953276226313,,,2
PA.NUS.PPP,TGO,Togo,1990,141.039751218,,,2
PA.NUS.PPP,TGO,Togo,1991,140.070145846565,,,2
PA.NUS.PPP,TGO,Togo,1992,141.393870452488,,,2
PA.NUS.PPP,TGO,Togo,1993,126.798596511726,,,2
PA.NUS.PPP,TGO,Togo,1994,168.645320819889,,,2
PA.NUS.PPP,TGO,Togo,1995,183.491086460531,,,2
PA.NUS.PPP,TGO,Togo,1996,189.900816885287,,,2
PA.NUS.PPP,TGO,Togo,1997,190.482491676746,,,2
PA.NUS.PPP,TGO,Togo,1998,206.366916514846,,,2
PA.NUS.PPP,TGO,Togo,1999,205.756513561232,,,2
PA.NUS.PPP,TGO,Togo,2000,221.418367223485,,,2
PA.NUS.PPP,TGO,Togo,2001,220.080921802735,,,2
PA.NUS.PPP,TGO,Togo,2002,227.609237302332,,,2
PA.NUS.PPP,TGO,Togo,2003,216.745029557618,,,2
PA.NUS.PPP,TGO,Togo,2004,207.042228149451,,,2
PA.NUS.PPP,TGO,Togo,2005,212.544131461444,,,2
PA.NUS.PPP,TGO,Togo,2006,205.136704028505,,,2
PA.NUS.PPP,TGO,Togo,2007,209.639503911871,,,2
PA.NUS.PPP,TGO,Togo,2008,224.340293887972,,,2
PA.NUS.PPP,TGO,Togo,2009,229.915451136837,,,2
PA.NUS.PPP,TGO,Togo,2010,226.94289112947,,,2
PA.NUS.PPP,TGO,Togo,2011,228.624969482422,,,2
PA.NUS.PPP,TGO,Togo,2012,236.577416140257,,,2
PA.NUS.PPP,TGO,Togo,2013,237.984447804111,,,2
PA.NUS.PPP,TGO,Togo,2014,234.28539708271,,,2
PA.NUS.PPP,TGO,Togo,2015,236.228225923929,,,2
PA.NUS.PPP,TGO,Togo,2016,236.861637104047,,,2
PA.NUS.PPP,TGO,Togo,2017,231.840179443359,,,2
PA.NUS.PPP,TGO,Togo,2018,228.706680297852,,,2
PA.NUS.PPP,TGO,Togo,2019,218.590423583984,,,2
PA.NUS.PPP,TGO,Togo,2020,208.467544555664,,,2
PA.NUS.PPP,TGO,Togo,2021,202.174468994141,,,2
PA.NUS.PPP,TGO,Togo,2022,202.191382356231,,,2
PA.NUS.PPP,TGO,Togo,2023,200.773930626041,,,2
PA.NUS.PPP,TGO,Togo,2024,201.237092771315,,,2
PA.NUS.PPP,TGO,Togo,2025,197.415755247599,,,2
PA.NUS.PPP,THA,Thailand,1990,8.9631306812425,,,2
PA.NUS.PPP,THA,Thailand,1991,9.16814959647606,,,2
PA.NUS.PPP,THA,Thailand,1992,9.36639465604621,,,2
PA.NUS.PPP,THA,Thailand,1993,9.74338512001734,,,2
PA.NUS.PPP,THA,Thailand,1994,9.98546106121548,,,2
PA.NUS.PPP,THA,Thailand,1995,10.3418144734331,,,2
PA.NUS.PPP,THA,Thailand,1996,10.572086590631,,,2
PA.NUS.PPP,THA,Thailand,1997,10.8523531559397,,,2
PA.NUS.PPP,THA,Thailand,1998,11.5971194542062,,,2
PA.NUS.PPP,THA,Thailand,1999,11.1406164844852,,,2
PA.NUS.PPP,THA,Thailand,2000,11.0388521103141,,,2
PA.NUS.PPP,THA,Thailand,2001,11.0027772325921,,,2
PA.NUS.PPP,THA,Thailand,2002,11.0175622386868,,,2
PA.NUS.PPP,THA,Thailand,2003,11.0364949955687,,,2
PA.NUS.PPP,THA,Thailand,2004,11.1310913363408,,,2
PA.NUS.PPP,THA,Thailand,2005,11.3422073482847,,,2
PA.NUS.PPP,THA,Thailand,2006,11.5645072774312,,,2
PA.NUS.PPP,THA,Thailand,2007,11.5379438775681,,,2
PA.NUS.PPP,THA,Thailand,2008,11.9009792517231,,,2
PA.NUS.PPP,THA,Thailand,2009,11.8510639652486,,,2
PA.NUS.PPP,THA,Thailand,2010,12.1866024526936,,,2
PA.NUS.PPP,THA,Thailand,2011,12.3871974945068,,,2
PA.NUS.PPP,THA,Thailand,2012,12.1756433231893,,,2
PA.NUS.PPP,THA,Thailand,2013,12.152472358636,,,2
PA.NUS.PPP,THA,Thailand,2014,12.2628079911661,,,2
PA.NUS.PPP,THA,Thailand,2015,12.3379218581063,,,2
PA.NUS.PPP,THA,Thailand,2016,12.3508534176816,,,2
PA.NUS.PPP,THA,Thailand,2017,12.3857574462891,,,2
PA.NUS.PPP,THA,Thailand,2018,12.1526117324829,,,2
PA.NUS.PPP,THA,Thailand,2019,11.8285846710205,,,2
PA.NUS.PPP,THA,Thailand,2020,11.4072952270508,,,2
PA.NUS.PPP,THA,Thailand,2021,11.1481275558472,,,2
PA.NUS.PPP,THA,Thailand,2022,10.8908662974783,,,2
PA.NUS.PPP,THA,Thailand,2023,10.633894352836,,,2
PA.NUS.PPP,THA,Thailand,2024,10.466022403802,,,2
PA.NUS.PPP,THA,Thailand,2025,10.0922556843405,,,2
PA.NUS.PPP,TJK,Tajikistan,1990,5.22819753166721e-06,,,2
PA.NUS.PPP,TJK,Tajikistan,1991,1.00958129538794e-05,,,2
PA.NUS.PPP,TJK,Tajikistan,1992,6.65310975207463e-05,,,2
PA.NUS.PPP,TJK,Tajikistan,1993,0.000849564421309703,,,2
PA.NUS.PPP,TJK,Tajikistan,1994,0.00301954312576842,,,2
PA.NUS.PPP,TJK,Tajikistan,1995,0.0116683770936838,,,2
PA.NUS.PPP,TJK,Tajikistan,1996,0.0607778578012588,,,2
PA.NUS.PPP,TJK,Tajikistan,1997,0.0987335311026924,,,2
PA.NUS.PPP,TJK,Tajikistan,1998,0.183435385415893,,,2
PA.NUS.PPP,TJK,Tajikistan,1999,0.22880997493808,,,2
PA.NUS.PPP,TJK,Tajikistan,2000,0.27437874516766,,,2
PA.NUS.PPP,TJK,Tajikistan,2001,0.351380670265019,,,2
PA.NUS.PPP,TJK,Tajikistan,2002,0.411120674162764,,,2
PA.NUS.PPP,TJK,Tajikistan,2003,0.512363087961515,,,2
PA.NUS.PPP,TJK,Tajikistan,2004,0.585920155684859,,,2
PA.NUS.PPP,TJK,Tajikistan,2005,0.622158989175872,,,2
PA.NUS.PPP,TJK,Tajikistan,2006,0.730668230619444,,,2
PA.NUS.PPP,TJK,Tajikistan,2007,0.90516442201409,,,2
PA.NUS.PPP,TJK,Tajikistan,2008,1.13816122861656,,,2
PA.NUS.PPP,TJK,Tajikistan,2009,1.2683539896881,,,2
PA.NUS.PPP,TJK,Tajikistan,2010,1.40928519435018,,,2
PA.NUS.PPP,TJK,Tajikistan,2011,1.56478023529053,,,2
PA.NUS.PPP,TJK,Tajikistan,2012,1.6843324471226,,,2
PA.NUS.PPP,TJK,Tajikistan,2013,1.6784200002797,,,2
PA.NUS.PPP,TJK,Tajikistan,2014,1.69437273495577,,,2
PA.NUS.PPP,TJK,Tajikistan,2015,1.98206846361453,,,2
PA.NUS.PPP,TJK,Tajikistan,2016,2.12092749841489,,,2
PA.NUS.PPP,TJK,Tajikistan,2017,2.35055923461914,,,2
PA.NUS.PPP,TJK,Tajikistan,2018,2.48761677742004,,,2
PA.NUS.PPP,TJK,Tajikistan,2019,2.39919829368591,,,2
PA.NUS.PPP,TJK,Tajikistan,2020,2.35681772232056,,,2
PA.NUS.PPP,TJK,Tajikistan,2021,2.5442578792572,,,2
PA.NUS.PPP,TJK,Tajikistan,2022,2.57156851987868,,,2
PA.NUS.PPP,TJK,Tajikistan,2023,2.57264357607453,,,2
PA.NUS.PPP,TJK,Tajikistan,2024,2.71696406896418,,,2
PA.NUS.PPP,TJK,Tajikistan,2025,2.76890578758637,,,2
PA.NUS.PPP,TKM,Turkmenistan,1990,2.52048910030162e-07,,,2
PA.NUS.PPP,TKM,Turkmenistan,1991,4.94333468245772e-07,,,2
PA.NUS.PPP,TKM,Turkmenistan,1992,1.54662183920098e-05,,,2
PA.NUS.PPP,TKM,Turkmenistan,1993,0.000186432553461288,,,2
PA.NUS.PPP,TKM,Turkmenistan,1994,0.00192082956772525,,,2
PA.NUS.PPP,TKM,Turkmenistan,1995,0.0151586491930167,,,2
PA.NUS.PPP,TKM,Turkmenistan,1996,0.189692087202004,,,2
PA.NUS.PPP,TKM,Turkmenistan,1997,0.301718895087048,,,2
PA.NUS.PPP,TKM,Turkmenistan,1998,0.350928158520127,,,2
PA.NUS.PPP,TKM,Turkmenistan,1999,0.425637067290412,,,2
PA.NUS.PPP,TKM,Turkmenistan,2000,0.456981338137997,,,2
PA.NUS.PPP,TKM,Turkmenistan,2001,0.512367078955103,,,2
PA.NUS.PPP,TKM,Turkmenistan,2002,0.546679442824003,,,2
PA.NUS.PPP,TKM,Turkmenistan,2003,0.601153606031292,,,2
PA.NUS.PPP,TKM,Turkmenistan,2004,0.62070406613253,,,2
PA.NUS.PPP,TKM,Turkmenistan,2005,0.644123445113079,,,2
PA.NUS.PPP,TKM,Turkmenistan,2006,0.7013983258919,,,2
PA.NUS.PPP,TKM,Turkmenistan,2007,0.74619694918523,,,2
PA.NUS.PPP,TKM,Turkmenistan,2008,1.16944605288259,,,2
PA.NUS.PPP,TKM,Turkmenistan,2009,1.27572743116937,,,2
PA.NUS.PPP,TKM,Turkmenistan,2010,1.28947599926145,,,2
PA.NUS.PPP,TKM,Turkmenistan,2011,1.42562527713955,,,2
PA.NUS.PPP,TKM,Turkmenistan,2012,1.56346513424599,,,2
PA.NUS.PPP,TKM,Turkmenistan,2013,1.60447804584533,,,2
PA.NUS.PPP,TKM,Turkmenistan,2014,1.63649724899522,,,2
PA.NUS.PPP,TKM,Turkmenistan,2015,1.58541391961658,,,2
PA.NUS.PPP,TKM,Turkmenistan,2016,1.54066564780999,,,2
PA.NUS.PPP,TKM,Turkmenistan,2017,1.53630566596985,,,2
PA.NUS.PPP,TKM,Turkmenistan,2018,1.49199550558646,,,2
PA.NUS.PPP,TKM,Turkmenistan,2019,1.50332972021,,,2
PA.NUS.PPP,TKM,Turkmenistan,2020,1.52900388443585,,,2
PA.NUS.PPP,TKM,Turkmenistan,2021,1.50170361995697,,,2
PA.NUS.PPP,TKM,Turkmenistan,2022,1.55425207232766,,,2
PA.NUS.PPP,TKM,Turkmenistan,2023,1.46333407197075,,,2
PA.NUS.PPP,TKM,Turkmenistan,2024,1.52535772094248,,,2
PA.NUS.PPP,TKM,Turkmenistan,2025,1.57315223779675,,,2
PA.NUS.PPP,TLS,Timor-Leste,1990,0.246061698992132,,,2
PA.NUS.PPP,TLS,Timor-Leste,1991,0.247680933959852,,,2
PA.NUS.PPP,TLS,Timor-Leste,1992,0.278863700882846,,,2
PA.NUS.PPP,TLS,Timor-Leste,1993,0.285363735112361,,,2
PA.NUS.PPP,TLS,Timor-Leste,1994,0.287424892322541,,,2
PA.NUS.PPP,TLS,Timor-Leste,1995,0.290142482737435,,,2
PA.NUS.PPP,TLS,Timor-Leste,1996,0.30817638883807,,,2
PA.NUS.PPP,TLS,Timor-Leste,1997,0.303652059945497,,,2
PA.NUS.PPP,TLS,Timor-Leste,1998,0.311918434694344,,,2
PA.NUS.PPP,TLS,Timor-Leste,1999,0.329665313991878,,,2
PA.NUS.PPP,TLS,Timor-Leste,2000,0.332030494867124,,,2
PA.NUS.PPP,TLS,Timor-Leste,2001,0.363093614839933,,,2
PA.NUS.PPP,TLS,Timor-Leste,2002,0.376870581129955,,,2
PA.NUS.PPP,TLS,Timor-Leste,2003,0.394706693214089,,,2
PA.NUS.PPP,TLS,Timor-Leste,2004,0.344068866890975,,,2
PA.NUS.PPP,TLS,Timor-Leste,2005,0.339738701273219,,,2
PA.NUS.PPP,TLS,Timor-Leste,2006,0.33742100269959,,,2
PA.NUS.PPP,TLS,Timor-Leste,2007,0.356370910327774,,,2
PA.NUS.PPP,TLS,Timor-Leste,2008,0.375006616962725,,,2
PA.NUS.PPP,TLS,Timor-Leste,2009,0.379286589249264,,,2
PA.NUS.PPP,TLS,Timor-Leste,2010,0.41581749858955,,,2
PA.NUS.PPP,TLS,Timor-Leste,2011,0.45453202700875,,,2
PA.NUS.PPP,TLS,Timor-Leste,2012,0.42856696972093,,,2
PA.NUS.PPP,TLS,Timor-Leste,2013,0.469428683092558,,,2
PA.NUS.PPP,TLS,Timor-Leste,2014,0.428254989272727,,,2
PA.NUS.PPP,TLS,Timor-Leste,2015,0.424637953835626,,,2
PA.NUS.PPP,TLS,Timor-Leste,2016,0.393877192203333,,,2
PA.NUS.PPP,TLS,Timor-Leste,2017,0.365617901086807,,,2
PA.NUS.PPP,TLS,Timor-Leste,2018,0.34242276590442,,,2
PA.NUS.PPP,TLS,Timor-Leste,2019,0.342878394462742,,,2
PA.NUS.PPP,TLS,Timor-Leste,2020,0.265956834851583,,,2
PA.NUS.PPP,TLS,Timor-Leste,2021,0.393393218517303,,,2
PA.NUS.PPP,TLS,Timor-Leste,2022,0.409022349503433,,,2
PA.NUS.PPP,TLS,Timor-Leste,2023,0.312300787818626,,,2
PA.NUS.PPP,TLS,Timor-Leste,2024,0.300724727908055,,,2
PA.NUS.PPP,TLS,Timor-Leste,2025,0.278816251223677,,,2
PA.NUS.PPP,TON,Tonga,1990,0.617967875512608,,,2
PA.NUS.PPP,TON,Tonga,1991,0.654308180752113,,,2
PA.NUS.PPP,TON,Tonga,1992,0.687373585189451,,,2
PA.NUS.PPP,TON,Tonga,1993,0.671899457616849,,,2
PA.NUS.PPP,TON,Tonga,1994,0.836606779201516,,,2
PA.NUS.PPP,TON,Tonga,1995,0.791380139168413,,,2
PA.NUS.PPP,TON,Tonga,1996,0.800270894302046,,,2
PA.NUS.PPP,TON,Tonga,1997,0.785776334325709,,,2
PA.NUS.PPP,TON,Tonga,1998,0.799012221114782,,,2
PA.NUS.PPP,TON,Tonga,1999,0.849837439403128,,,2
PA.NUS.PPP,TON,Tonga,2000,0.852949875706225,,,2
PA.NUS.PPP,TON,Tonga,2001,0.867706515143081,,,2
PA.NUS.PPP,TON,Tonga,2002,0.919530340431127,,,2
PA.NUS.PPP,TON,Tonga,2003,1.00452142944539,,,2
PA.NUS.PPP,TON,Tonga,2004,1.06047431100103,,,2
PA.NUS.PPP,TON,Tonga,2005,1.11308672219394,,,2
PA.NUS.PPP,TON,Tonga,2006,1.27678089583963,,,2
PA.NUS.PPP,TON,Tonga,2007,1.29788234575058,,,2
PA.NUS.PPP,TON,Tonga,2008,1.32978914305738,,,2
PA.NUS.PPP,TON,Tonga,2009,1.38651493106874,,,2
PA.NUS.PPP,TON,Tonga,2010,1.47564257930073,,,2
PA.NUS.PPP,TON,Tonga,2011,1.45268475139735,,,2
PA.NUS.PPP,TON,Tonga,2012,1.48723174256858,,,2
PA.NUS.PPP,TON,Tonga,2013,1.42883831233414,,,2
PA.NUS.PPP,TON,Tonga,2014,1.404962740171,,,2
PA.NUS.PPP,TON,Tonga,2015,1.46445761103465,,,2
PA.NUS.PPP,TON,Tonga,2016,1.49380804148896,,,2
PA.NUS.PPP,TON,Tonga,2017,1.54934634233092,,,2
PA.NUS.PPP,TON,Tonga,2018,1.60436189913838,,,2
PA.NUS.PPP,TON,Tonga,2019,1.68071967022683,,,2
PA.NUS.PPP,TON,Tonga,2020,1.65817470073141,,,2
PA.NUS.PPP,TON,Tonga,2021,1.6181267936974,,,2
PA.NUS.PPP,TON,Tonga,2022,1.64965250567737,,,2
PA.NUS.PPP,TON,Tonga,2023,1.70893132936348,,,2
PA.NUS.PPP,TON,Tonga,2024,1.80513568511512,,,2
PA.NUS.PPP,TON,Tonga,2025,1.80792099963135,,,2
PA.NUS.PPP,TTO,Trinidad and Tobago,1990,2.50098334966485,,,2
PA.NUS.PPP,TTO,Trinidad and Tobago,1991,2.4572103850799,,,2
PA.NUS.PPP,TTO,Trinidad and Tobago,1992,2.23633497683382,,,2
PA.NUS.PPP,TTO,Trinidad and Tobago,1993,2.37705214992482,,,2
PA.NUS.PPP,TTO,Trinidad and Tobago,1994,2.63614774825777,,,2
PA.NUS.PPP,TTO,Trinidad and Tobago,1995,2.68966249296494,,,2
PA.NUS.PPP,TTO,Trinidad and Tobago,1996,2.69015849456616,,,2
PA.NUS.PPP,TTO,Trinidad and Tobago,1997,2.55084294952015,,,2
PA.NUS.PPP,TTO,Trinidad and Tobago,1998,2.47566382686543,,,2
PA.NUS.PPP,TTO,Trinidad and Tobago,1999,2.54616540359713,,,2
PA.NUS.PPP,TTO,Trinidad and Tobago,2000,2.78961380315745,,,2
PA.NUS.PPP,TTO,Trinidad and Tobago,2001,2.8044075888976,,,2
PA.NUS.PPP,TTO,Trinidad and Tobago,2002,2.61810257167779,,,2
PA.NUS.PPP,TTO,Trinidad and Tobago,2003,2.83644177087399,,,2
PA.NUS.PPP,TTO,Trinidad and Tobago,2004,3.0075616635756,,,2
PA.NUS.PPP,TTO,Trinidad and Tobago,2005,3.30459760038571,,,2
PA.NUS.PPP,TTO,Trinidad and Tobago,2006,3.26117190323366,,,2
PA.NUS.PPP,TTO,Trinidad and Tobago,2007,3.58003914772767,,,2
PA.NUS.PPP,TTO,Trinidad and Tobago,2008,4.34804648058145,,,2
PA.NUS.PPP,TTO,Trinidad and Tobago,2009,3.12731464512318,,,2
PA.NUS.PPP,TTO,Trinidad and Tobago,2010,3.48319532184637,,,2
PA.NUS.PPP,TTO,Trinidad and Tobago,2011,3.94960689544678,,,2
PA.NUS.PPP,TTO,Trinidad and Tobago,2012,4.10019883937636,,,2
PA.NUS.PPP,TTO,Trinidad and Tobago,2013,4.32366849639645,,,2
PA.NUS.PPP,TTO,Trinidad and Tobago,2014,4.38425220895755,,,2
PA.NUS.PPP,TTO,Trinidad and Tobago,2015,4.25239581601675,,,2
PA.NUS.PPP,TTO,Trinidad and Tobago,2016,4.12188799550597,,,2
PA.NUS.PPP,TTO,Trinidad and Tobago,2017,4.18089962005615,,,2
PA.NUS.PPP,TTO,Trinidad and Tobago,2018,4.14924287796021,,,2
PA.NUS.PPP,TTO,Trinidad and Tobago,2019,3.96576571464539,,,2
PA.NUS.PPP,TTO,Trinidad and Tobago,2020,3.85990810394287,,,2
PA.NUS.PPP,TTO,Trinidad and Tobago,2021,3.92725038528442,,,2
PA.NUS.PPP,TTO,Trinidad and Tobago,2022,4.25041712792003,,,2
PA.NUS.PPP,TTO,Trinidad and Tobago,2023,3.56652407152063,,,2
PA.NUS.PPP,TTO,Trinidad and Tobago,2024,3.47576710505924,,,2
PA.NUS.PPP,TTO,Trinidad and Tobago,2025,3.44833404244324,,,2
PA.NUS.PPP,TUN,Tunisia,1990,0.397928640195286,,,2
PA.NUS.PPP,TUN,Tunisia,1991,0.411997125627479,,,2
PA.NUS.PPP,TUN,Tunisia,1992,0.42574404026232,,,2
PA.NUS.PPP,TUN,Tunisia,1993,0.435396835746714,,,2
PA.NUS.PPP,TUN,Tunisia,1994,0.445588939608689,,,2
PA.NUS.PPP,TUN,Tunisia,1995,0.459792414467866,,,2
PA.NUS.PPP,TUN,Tunisia,1996,0.471197197673904,,,2
PA.NUS.PPP,TUN,Tunisia,1997,0.481515789930759,,,2
PA.NUS.PPP,TUN,Tunisia,1998,0.491742897014042,,,2
PA.NUS.PPP,TUN,Tunisia,1999,0.501180243761571,,,2
PA.NUS.PPP,TUN,Tunisia,2000,0.506171131024199,,,2
PA.NUS.PPP,TUN,Tunisia,2001,0.514397885885826,,,2
PA.NUS.PPP,TUN,Tunisia,2002,0.518099622918853,,,2
PA.NUS.PPP,TUN,Tunisia,2003,0.521709154453236,,,2
PA.NUS.PPP,TUN,Tunisia,2004,0.525075078975122,,,2
PA.NUS.PPP,TUN,Tunisia,2005,0.530371787179522,,,2
PA.NUS.PPP,TUN,Tunisia,2006,0.534230523561973,,,2
PA.NUS.PPP,TUN,Tunisia,2007,0.531199249713761,,,2
PA.NUS.PPP,TUN,Tunisia,2008,0.554201157120915,,,2
PA.NUS.PPP,TUN,Tunisia,2009,0.567454954587225,,,2
PA.NUS.PPP,TUN,Tunisia,2010,0.582029228490446,,,2
PA.NUS.PPP,TUN,Tunisia,2011,0.596331477165222,,,2
PA.NUS.PPP,TUN,Tunisia,2012,0.632328272116519,,,2
PA.NUS.PPP,TUN,Tunisia,2013,0.665264818731343,,,2
PA.NUS.PPP,TUN,Tunisia,2014,0.691510979296202,,,2
PA.NUS.PPP,TUN,Tunisia,2015,0.730423355794027,,,2
PA.NUS.PPP,TUN,Tunisia,2016,0.751815691885531,,,2
PA.NUS.PPP,TUN,Tunisia,2017,0.775635421276093,,,2
PA.NUS.PPP,TUN,Tunisia,2018,0.810976982116699,,,2
PA.NUS.PPP,TUN,Tunisia,2019,0.828764498233795,,,2
PA.NUS.PPP,TUN,Tunisia,2020,0.837391257286072,,,2
PA.NUS.PPP,TUN,Tunisia,2021,0.87733256816864,,,2
PA.NUS.PPP,TUN,Tunisia,2022,0.845008249684883,,,2
PA.NUS.PPP,TUN,Tunisia,2023,0.873376130086666,,,2
PA.NUS.PPP,TUN,Tunisia,2024,0.894842382226534,,,2
PA.NUS.PPP,TUN,Tunisia,2025,0.916013551631524,,,2
PA.NUS.PPP,TUR,Turkiye,1990,0.001186,,,2
PA.NUS.PPP,TUR,Turkiye,1991,0.001822,,,2
PA.NUS.PPP,TUR,Turkiye,1992,0.002916,,,2
PA.NUS.PPP,TUR,Turkiye,1993,0.004779,,,2
PA.NUS.PPP,TUR,Turkiye,1994,0.009659,,,2
PA.NUS.PPP,TUR,Turkiye,1995,0.017711,,,2
PA.NUS.PPP,TUR,Turkiye,1996,0.030976,,,2
PA.NUS.PPP,TUR,Turkiye,1997,0.055376,,,2
PA.NUS.PPP,TUR,Turkiye,1998,0.128873,,,2
PA.NUS.PPP,TUR,Turkiye,1999,0.196465,,,2
PA.NUS.PPP,TUR,Turkiye,2000,0.281594,,,2
PA.NUS.PPP,TUR,Turkiye,2001,0.414949,,,2
PA.NUS.PPP,TUR,Turkiye,2002,0.591251,,,2
PA.NUS.PPP,TUR,Turkiye,2003,0.736506,,,2
PA.NUS.PPP,TUR,Turkiye,2004,0.79215,,,2
PA.NUS.PPP,TUR,Turkiye,2005,0.834589,,,2
PA.NUS.PPP,TUR,Turkiye,2006,0.841811,,,2
PA.NUS.PPP,TUR,Turkiye,2007,0.851116,,,2
PA.NUS.PPP,TUR,Turkiye,2008,0.87996,,,2
PA.NUS.PPP,TUR,Turkiye,2009,0.904655,,,2
PA.NUS.PPP,TUR,Turkiye,2010,0.920469,,,2
PA.NUS.PPP,TUR,Turkiye,2011,0.966176,,,2
PA.NUS.PPP,TUR,Turkiye,2012,1.019856,,,2
PA.NUS.PPP,TUR,Turkiye,2013,1.070294,,,2
PA.NUS.PPP,TUR,Turkiye,2014,1.104504,,,2
PA.NUS.PPP,TUR,Turkiye,2015,1.162141,,,2
PA.NUS.PPP,TUR,Turkiye,2016,1.241052,,,2
PA.NUS.PPP,TUR,Turkiye,2017,1.38398,,,2
PA.NUS.PPP,TUR,Turkiye,2018,1.63261,,,2
PA.NUS.PPP,TUR,Turkiye,2019,1.837125,,,2
PA.NUS.PPP,TUR,Turkiye,2020,2.111056,,,2
PA.NUS.PPP,TUR,Turkiye,2021,2.751633,,,2
PA.NUS.PPP,TUR,Turkiye,2022,4.517801,,,2
PA.NUS.PPP,TUR,Turkiye,2023,7.350289,,,2
PA.NUS.PPP,TUR,Turkiye,2024,11.554529,,,2
PA.NUS.PPP,TUR,Turkiye,2025,16.203626,,,2
PA.NUS.PPP,TUV,Tuvalu,1990,0.829170819959403,,,2
PA.NUS.PPP,TUV,Tuvalu,1991,0.823245783458496,,,2
PA.NUS.PPP,TUV,Tuvalu,1992,0.864015842121166,,,2
PA.NUS.PPP,TUV,Tuvalu,1993,0.865502227480292,,,2
PA.NUS.PPP,TUV,Tuvalu,1994,0.807877510749538,,,2
PA.NUS.PPP,TUV,Tuvalu,1995,0.832041240047957,,,2
PA.NUS.PPP,TUV,Tuvalu,1996,0.920788634347407,,,2
PA.NUS.PPP,TUV,Tuvalu,1997,0.893363509234049,,,2
PA.NUS.PPP,TUV,Tuvalu,1998,0.907646717604851,,,2
PA.NUS.PPP,TUV,Tuvalu,1999,0.949767736348501,,,2
PA.NUS.PPP,TUV,Tuvalu,2000,1.04888726878405,,,2
PA.NUS.PPP,TUV,Tuvalu,2001,1.08501469173546,,,2
PA.NUS.PPP,TUV,Tuvalu,2002,1.10501430274436,,,2
PA.NUS.PPP,TUV,Tuvalu,2003,1.11706377575109,,,2
PA.NUS.PPP,TUV,Tuvalu,2004,1.14220888166453,,,2
PA.NUS.PPP,TUV,Tuvalu,2005,1.10648071823987,,,2
PA.NUS.PPP,TUV,Tuvalu,2006,1.14174908382616,,,2
PA.NUS.PPP,TUV,Tuvalu,2007,1.10047522763188,,,2
PA.NUS.PPP,TUV,Tuvalu,2008,1.11871906790434,,,2
PA.NUS.PPP,TUV,Tuvalu,2009,1.11661966838396,,,2
PA.NUS.PPP,TUV,Tuvalu,2010,1.11965609881531,,,2
PA.NUS.PPP,TUV,Tuvalu,2011,1.10992627187568,,,2
PA.NUS.PPP,TUV,Tuvalu,2012,1.09620132445577,,,2
PA.NUS.PPP,TUV,Tuvalu,2013,1.10948928471448,,,2
PA.NUS.PPP,TUV,Tuvalu,2014,1.14505816749021,,,2
PA.NUS.PPP,TUV,Tuvalu,2015,1.18375760990717,,,2
PA.NUS.PPP,TUV,Tuvalu,2016,1.26833758703806,,,2
PA.NUS.PPP,TUV,Tuvalu,2017,1.2831450828569,,,2
PA.NUS.PPP,TUV,Tuvalu,2018,1.34589673612802,,,2
PA.NUS.PPP,TUV,Tuvalu,2019,1.39806312151275,,,2
PA.NUS.PPP,TUV,Tuvalu,2020,1.40414647480034,,,2
PA.NUS.PPP,TUV,Tuvalu,2021,1.44888778782138,,,2
PA.NUS.PPP,TUV,Tuvalu,2022,1.44470924784883,,,2
PA.NUS.PPP,TUV,Tuvalu,2023,1.3114225093946,,,2
PA.NUS.PPP,TUV,Tuvalu,2024,1.40055610872817,,,2
PA.NUS.PPP,TUV,Tuvalu,2025,1.38717699395366,,,2
PA.NUS.PPP,TZA,Tanzania,1990,51.3508355268307,,,2
PA.NUS.PPP,TZA,Tanzania,1991,63.634881138753,,,2
PA.NUS.PPP,TZA,Tanzania,1992,78.0049198737467,,,2
PA.NUS.PPP,TZA,Tanzania,1993,94.8384923722207,,,2
PA.NUS.PPP,TZA,Tanzania,1994,121.79895765879,,,2
PA.NUS.PPP,TZA,Tanzania,1995,151.34333612044,,,2
PA.NUS.PPP,TZA,Tanzania,1996,177.326830438302,,,2
PA.NUS.PPP,TZA,Tanzania,1997,210.208579123866,,,2
PA.NUS.PPP,TZA,Tanzania,1998,237.436218082993,,,2
PA.NUS.PPP,TZA,Tanzania,1999,261.140956873816,,,2
PA.NUS.PPP,TZA,Tanzania,2000,276.298694287971,,,2
PA.NUS.PPP,TZA,Tanzania,2001,283.22774377591,,,2
PA.NUS.PPP,TZA,Tanzania,2002,299.066220304729,,,2
PA.NUS.PPP,TZA,Tanzania,2003,317.966006653742,,,2
PA.NUS.PPP,TZA,Tanzania,2004,330.960139474687,,,2
PA.NUS.PPP,TZA,Tanzania,2005,341.52010074415,,,2
PA.NUS.PPP,TZA,Tanzania,2006,349.558374164254,,,2
PA.NUS.PPP,TZA,Tanzania,2007,371.306402067777,,,2
PA.NUS.PPP,TZA,Tanzania,2008,423.960700768938,,,2
PA.NUS.PPP,TZA,Tanzania,2009,459.459935980111,,,2
PA.NUS.PPP,TZA,Tanzania,2010,496.744243025513,,,2
PA.NUS.PPP,TZA,Tanzania,2011,546.073120117188,,,2
PA.NUS.PPP,TZA,Tanzania,2012,650.23799438398,,,2
PA.NUS.PPP,TZA,Tanzania,2013,707.468697119525,,,2
PA.NUS.PPP,TZA,Tanzania,2014,760.901227042674,,,2
PA.NUS.PPP,TZA,Tanzania,2015,806.452660291479,,,2
PA.NUS.PPP,TZA,Tanzania,2016,852.166699351825,,,2
PA.NUS.PPP,TZA,Tanzania,2017,889.44873046875,,,2
PA.NUS.PPP,TZA,Tanzania,2018,849.043212890625,,,2
PA.NUS.PPP,TZA,Tanzania,2019,815.964294433594,,,2
PA.NUS.PPP,TZA,Tanzania,2020,779.039184570313,,,2
PA.NUS.PPP,TZA,Tanzania,2021,762.958374023438,,,2
PA.NUS.PPP,TZA,Tanzania,2022,731.974282877359,,,2
PA.NUS.PPP,TZA,Tanzania,2023,725.254517758729,,,2
PA.NUS.PPP,TZA,Tanzania,2024,732.984960136712,,,2
PA.NUS.PPP,TZA,Tanzania,2025,749.533488393139,,,2
PA.NUS.PPP,UGA,Uganda,1990,190.246788462921,,,2
PA.NUS.PPP,UGA,Uganda,1991,231.905146418543,,,2
PA.NUS.PPP,UGA,Uganda,1992,328.924514632581,,,2
PA.NUS.PPP,UGA,Uganda,1993,418.140778069788,,,2
PA.NUS.PPP,UGA,Uganda,1994,437.43699128958,,,2
PA.NUS.PPP,UGA,Uganda,1995,468.627342461759,,,2
PA.NUS.PPP,UGA,Uganda,1996,481.244781105801,,,2
PA.NUS.PPP,UGA,Uganda,1997,487.729950136246,,,2
PA.NUS.PPP,UGA,Uganda,1998,524.683733706253,,,2
PA.NUS.PPP,UGA,Uganda,1999,516.777250937621,,,2
PA.NUS.PPP,UGA,Uganda,2000,561.509668733293,,,2
PA.NUS.PPP,UGA,Uganda,2001,574.045464943526,,,2
PA.NUS.PPP,UGA,Uganda,2002,547.345057603981,,,2
PA.NUS.PPP,UGA,Uganda,2003,578.650486280325,,,2
PA.NUS.PPP,UGA,Uganda,2004,651.333004970367,,,2
PA.NUS.PPP,UGA,Uganda,2005,620.535482422115,,,2
PA.NUS.PPP,UGA,Uganda,2006,616.452811178792,,,2
PA.NUS.PPP,UGA,Uganda,2007,644.133601845946,,,2
PA.NUS.PPP,UGA,Uganda,2008,672.177143383494,,,2
PA.NUS.PPP,UGA,Uganda,2009,765.369649124041,,,2
PA.NUS.PPP,UGA,Uganda,2010,798.810381382379,,,2
PA.NUS.PPP,UGA,Uganda,2011,856.168212890625,,,2
PA.NUS.PPP,UGA,Uganda,2012,1000.76456368353,,,2
PA.NUS.PPP,UGA,Uganda,2013,1036.86790566601,,,2
PA.NUS.PPP,UGA,Uganda,2014,1065.69998821225,,,2
PA.NUS.PPP,UGA,Uganda,2015,1114.23857909872,,,2
PA.NUS.PPP,UGA,Uganda,2016,1196.83942738034,,,2
PA.NUS.PPP,UGA,Uganda,2017,1251.63403320313,,,2
PA.NUS.PPP,UGA,Uganda,2018,1253.7099609375,,,2
PA.NUS.PPP,UGA,Uganda,2019,1258.25891113281,,,2
PA.NUS.PPP,UGA,Uganda,2020,1240.85021972656,,,2
PA.NUS.PPP,UGA,Uganda,2021,1203.16076660156,,,2
PA.NUS.PPP,UGA,Uganda,2022,1178.55876276605,,,2
PA.NUS.PPP,UGA,Uganda,2023,1213.19719403414,,,2
PA.NUS.PPP,UGA,Uganda,2024,1242.4954445437,,,2
PA.NUS.PPP,UGA,Uganda,2025,1271.51526728309,,,2
PA.NUS.PPP,UKR,Ukraine,1990,4.22657571822401e-06,,,2
PA.NUS.PPP,UKR,Ukraine,1991,8.01730593468667e-06,,,2
PA.NUS.PPP,UKR,Ukraine,1992,0.000146444664228956,,,2
PA.NUS.PPP,UKR,Ukraine,1993,0.0049118752441167,,,2
PA.NUS.PPP,UKR,Ukraine,1994,0.050640570887182,,,2
PA.NUS.PPP,UKR,Ukraine,1995,0.255844800263166,,,2
PA.NUS.PPP,UKR,Ukraine,1996,0.417432823780704,,,2
PA.NUS.PPP,UKR,Ukraine,1997,0.484523424209885,,,2
PA.NUS.PPP,UKR,Ukraine,1998,0.536692758640838,,,2
PA.NUS.PPP,UKR,Ukraine,1999,0.674205511655686,,,2
PA.NUS.PPP,UKR,Ukraine,2000,0.84058075268753,,,2
PA.NUS.PPP,UKR,Ukraine,2001,0.905928976631076,,,2
PA.NUS.PPP,UKR,Ukraine,2002,0.938933169975739,,,2
PA.NUS.PPP,UKR,Ukraine,2003,0.995928108905383,,,2
PA.NUS.PPP,UKR,Ukraine,2004,1.11833892193072,,,2
PA.NUS.PPP,UKR,Ukraine,2005,1.34562312253796,,,2
PA.NUS.PPP,UKR,Ukraine,2006,1.4992473939662,,,2
PA.NUS.PPP,UKR,Ukraine,2007,1.79313011212156,,,2
PA.NUS.PPP,UKR,Ukraine,2008,2.26976670686303,,,2
PA.NUS.PPP,UKR,Ukraine,2009,2.54076567703551,,,2
PA.NUS.PPP,UKR,Ukraine,2010,2.85349225500867,,,2
PA.NUS.PPP,UKR,Ukraine,2011,3.19231104850769,,,2
PA.NUS.PPP,UKR,Ukraine,2012,3.30551217821594,,,2
PA.NUS.PPP,UKR,Ukraine,2013,3.02740257290631,,,2
PA.NUS.PPP,UKR,Ukraine,2014,3.46040921289247,,,2
PA.NUS.PPP,UKR,Ukraine,2015,4.61135981719733,,,2
PA.NUS.PPP,UKR,Ukraine,2016,5.07623564154548,,,2
PA.NUS.PPP,UKR,Ukraine,2017,6.00422334671021,,,2
PA.NUS.PPP,UKR,Ukraine,2018,6.62753629684448,,,2
PA.NUS.PPP,UKR,Ukraine,2019,6.58044958114624,,,2
PA.NUS.PPP,UKR,Ukraine,2020,6.43497943878174,,,2
PA.NUS.PPP,UKR,Ukraine,2021,7.302161693573,,,2
PA.NUS.PPP,UKR,Ukraine,2022,9.19755584128526,,,2
PA.NUS.PPP,UKR,Ukraine,2023,10.6321099289501,,,2
PA.NUS.PPP,UKR,Ukraine,2024,11.6164030391157,,,2
PA.NUS.PPP,UKR,Ukraine,2025,12.9353983614283,,,2
PA.NUS.PPP,URY,Uruguay,1990,0.560218922320337,,,2
PA.NUS.PPP,URY,Uruguay,1991,1.0881656436626,,,2
PA.NUS.PPP,URY,Uruguay,1992,1.69826835885896,,,2
PA.NUS.PPP,URY,Uruguay,1993,2.45278358781803,,,2
PA.NUS.PPP,URY,Uruguay,1994,3.33706598295824,,,2
PA.NUS.PPP,URY,Uruguay,1995,4.61021391151405,,,2
PA.NUS.PPP,URY,Uruguay,1996,5.72398094933348,,,2
PA.NUS.PPP,URY,Uruguay,1997,6.71186115709461,,,2
PA.NUS.PPP,URY,Uruguay,1998,7.45922008751358,,,2
PA.NUS.PPP,URY,Uruguay,1999,7.64073737886743,,,2
PA.NUS.PPP,URY,Uruguay,2000,7.73593267221533,,,2
PA.NUS.PPP,URY,Uruguay,2001,7.93074092245213,,,2
PA.NUS.PPP,URY,Uruguay,2002,8.79463694885915,,,2
PA.NUS.PPP,URY,Uruguay,2003,10.050975812393,,,2
PA.NUS.PPP,URY,Uruguay,2004,10.7768340383498,,,2
PA.NUS.PPP,URY,Uruguay,2005,10.5200358446362,,,2
PA.NUS.PPP,URY,Uruguay,2006,10.9619836130767,,,2
PA.NUS.PPP,URY,Uruguay,2007,11.7737280095584,,,2
PA.NUS.PPP,URY,Uruguay,2008,12.5795005694658,,,2
PA.NUS.PPP,URY,Uruguay,2009,13.5797283648978,,,2
PA.NUS.PPP,URY,Uruguay,2010,14.1877145281855,,,2
PA.NUS.PPP,URY,Uruguay,2011,15.2736978530884,,,2
PA.NUS.PPP,URY,Uruguay,2012,16.93944859768,,,2
PA.NUS.PPP,URY,Uruguay,2013,18.1757273312142,,,2
PA.NUS.PPP,URY,Uruguay,2014,19.4771944663324,,,2
PA.NUS.PPP,URY,Uruguay,2015,21.1111914756944,,,2
PA.NUS.PPP,URY,Uruguay,2016,22.4626168573176,,,2
PA.NUS.PPP,URY,Uruguay,2017,23.3047561645508,,,2
PA.NUS.PPP,URY,Uruguay,2018,24.2535629272461,,,2
PA.NUS.PPP,URY,Uruguay,2019,25.0450210571289,,,2
PA.NUS.PPP,URY,Uruguay,2020,25.7344722747803,,,2
PA.NUS.PPP,URY,Uruguay,2021,26.462287902832,,,2
PA.NUS.PPP,URY,Uruguay,2022,26.1847298049584,,,2
PA.NUS.PPP,URY,Uruguay,2023,26.2739181311142,,,2
PA.NUS.PPP,URY,Uruguay,2024,26.710334219867,,,2
PA.NUS.PPP,URY,Uruguay,2025,27.108346862201,,,2
PA.NUS.PPP,USA,United States,1990,1.0,,,2
PA.NUS.PPP,USA,United States,1991,1.0,,,2
PA.NUS.PPP,USA,United States,1992,1.0,,,2
PA.NUS.PPP,USA,United States,1993,1.0,,,2
PA.NUS.PPP,USA,United States,1994,1.0,,,2
PA.NUS.PPP,USA,United States,1995,1.0,,,2
PA.NUS.PPP,USA,United States,1996,1.0,,,2
PA.NUS.PPP,USA,United States,1997,1.0,,,2
PA.NUS.PPP,USA,United States,1998,1.0,,,2
PA.NUS.PPP,USA,United States,1999,1.0,,,2
PA.NUS.PPP,USA,United States,2000,1.0,,,2
PA.NUS.PPP,USA,United States,2001,1.0,,,2
PA.NUS.PPP,USA,United States,2002,1.0,,,2
PA.NUS.PPP,USA,United States,2003,1.0,,,2
PA.NUS.PPP,USA,United States,2004,1.0,,,2
PA.NUS.PPP,USA,United States,2005,1.0,,,2
PA.NUS.PPP,USA,United States,2006,1.0,,,2
PA.NUS.PPP,USA,United States,2007,1.0,,,2
PA.NUS.PPP,USA,United States,2008,1.0,,,2
PA.NUS.PPP,USA,United States,2009,1.0,,,2
PA.NUS.PPP,USA,United States,2010,1.0,,,2
PA.NUS.PPP,USA,United States,2011,1.0,,,2
PA.NUS.PPP,USA,United States,2012,1.0,,,2
PA.NUS.PPP,USA,United States,2013,1.0,,,2
PA.NUS.PPP,USA,United States,2014,1.0,,,2
PA.NUS.PPP,USA,United States,2015,1.0,,,2
PA.NUS.PPP,USA,United States,2016,1.0,,,2
PA.NUS.PPP,USA,United States,2017,1.0,,,2
PA.NUS.PPP,USA,United States,2018,1.0,,,2
PA.NUS.PPP,USA,United States,2019,1.0,,,2
PA.NUS.PPP,USA,United States,2020,1.0,,,2
PA.NUS.PPP,USA,United States,2021,1.0,,,2
PA.NUS.PPP,USA,United States,2022,1.0,,,2
PA.NUS.PPP,USA,United States,2023,1.0,,,2
PA.NUS.PPP,USA,United States,2024,1.0,,,2
PA.NUS.PPP,USA,United States,2025,1.0,,,2
PA.NUS.PPP,UZB,Uzbekistan,1990,0.000635317301371146,,,2
PA.NUS.PPP,UZB,Uzbekistan,1991,0.00117208568198815,,,2
PA.NUS.PPP,UZB,Uzbekistan,1992,0.00930699239462257,,,2
PA.NUS.PPP,UZB,Uzbekistan,1993,0.107178069231101,,,2
PA.NUS.PPP,UZB,Uzbekistan,1994,1.40468769631741,,,2
PA.NUS.PPP,UZB,Uzbekistan,1995,6.47943813499689,,,2
PA.NUS.PPP,UZB,Uzbekistan,1996,11.5522656238719,,,2
PA.NUS.PPP,UZB,Uzbekistan,1997,18.8615614290437,,,2
PA.NUS.PPP,UZB,Uzbekistan,1998,25.9258134758241,,,2
PA.NUS.PPP,UZB,Uzbekistan,1999,36.8417335947718,,,2
PA.NUS.PPP,UZB,Uzbekistan,2000,53.0631685676367,,,2
PA.NUS.PPP,UZB,Uzbekistan,2001,75.3715348678984,,,2
PA.NUS.PPP,UZB,Uzbekistan,2002,107.974941363043,,,2
PA.NUS.PPP,UZB,Uzbekistan,2003,134.224615898271,,,2
PA.NUS.PPP,UZB,Uzbekistan,2004,151.516448368734,,,2
PA.NUS.PPP,UZB,Uzbekistan,2005,178.394265125536,,,2
PA.NUS.PPP,UZB,Uzbekistan,2006,213.666786518697,,,2
PA.NUS.PPP,UZB,Uzbekistan,2007,253.583386861903,,,2
PA.NUS.PPP,UZB,Uzbekistan,2008,315.444691977582,,,2
PA.NUS.PPP,UZB,Uzbekistan,2009,367.627924793164,,,2
PA.NUS.PPP,UZB,Uzbekistan,2010,506.206196837317,,,2
PA.NUS.PPP,UZB,Uzbekistan,2011,601.998399324912,,,2
PA.NUS.PPP,UZB,Uzbekistan,2012,706.904613251908,,,2
PA.NUS.PPP,UZB,Uzbekistan,2013,804.3101035232,,,2
PA.NUS.PPP,UZB,Uzbekistan,2014,935.237245846632,,,2
PA.NUS.PPP,UZB,Uzbekistan,2015,1058.67768324759,,,2
PA.NUS.PPP,UZB,Uzbekistan,2016,1179.95670461133,,,2
PA.NUS.PPP,UZB,Uzbekistan,2017,1432.90717805091,,,2
PA.NUS.PPP,UZB,Uzbekistan,2018,1799.89237531589,,,2
PA.NUS.PPP,UZB,Uzbekistan,2019,2111.31955499463,,,2
PA.NUS.PPP,UZB,Uzbekistan,2020,2353.38338692144,,,2
PA.NUS.PPP,UZB,Uzbekistan,2021,2591.1123046875,,,2
PA.NUS.PPP,UZB,Uzbekistan,2022,2758.77238159432,,,2
PA.NUS.PPP,UZB,Uzbekistan,2023,3030.49254994173,,,2
PA.NUS.PPP,UZB,Uzbekistan,2024,3373.14097211991,,,2
PA.NUS.PPP,UZB,Uzbekistan,2025,3670.12629350113,,,2
PA.NUS.PPP,VCT,St. Vincent and the Grenadines,1990,1.39717267246583,,,2
PA.NUS.PPP,VCT,St. Vincent and the Grenadines,1991,1.4166992987507,,,2
PA.NUS.PPP,VCT,St. Vincent and the Grenadines,1992,1.42025288904577,,,2
PA.NUS.PPP,VCT,St. Vincent and the Grenadines,1993,1.3707861808839,,,2
PA.NUS.PPP,VCT,St. Vincent and the Grenadines,1994,1.37394150611259,,,2
PA.NUS.PPP,VCT,St. Vincent and the Grenadines,1995,1.36337511606986,,,2
PA.NUS.PPP,VCT,St. Vincent and the Grenadines,1996,1.38659762893876,,,2
PA.NUS.PPP,VCT,St. Vincent and the Grenadines,1997,1.38161408072459,,,2
PA.NUS.PPP,VCT,St. Vincent and the Grenadines,1998,1.41012977282966,,,2
PA.NUS.PPP,VCT,St. Vincent and the Grenadines,1999,1.41572214522043,,,2
PA.NUS.PPP,VCT,St. Vincent and the Grenadines,2000,1.49181396245697,,,2
PA.NUS.PPP,VCT,St. Vincent and the Grenadines,2001,1.54823992534329,,,2
PA.NUS.PPP,VCT,St. Vincent and the Grenadines,2002,1.52770258641343,,,2
PA.NUS.PPP,VCT,St. Vincent and the Grenadines,2003,1.46556328073774,,,2
PA.NUS.PPP,VCT,St. Vincent and the Grenadines,2004,1.48066487654375,,,2
PA.NUS.PPP,VCT,St. Vincent and the Grenadines,2005,1.47733603089656,,,2
PA.NUS.PPP,VCT,St. Vincent and the Grenadines,2006,1.48619909148033,,,2
PA.NUS.PPP,VCT,St. Vincent and the Grenadines,2007,1.55300912947649,,,2
PA.NUS.PPP,VCT,St. Vincent and the Grenadines,2008,1.63435658595661,,,2
PA.NUS.PPP,VCT,St. Vincent and the Grenadines,2009,1.6057570627432,,,2
PA.NUS.PPP,VCT,St. Vincent and the Grenadines,2010,1.67501170509603,,,2
PA.NUS.PPP,VCT,St. Vincent and the Grenadines,2011,1.63591921329498,,,2
PA.NUS.PPP,VCT,St. Vincent and the Grenadines,2012,1.64965886528283,,,2
PA.NUS.PPP,VCT,St. Vincent and the Grenadines,2013,1.64265701041738,,,2
PA.NUS.PPP,VCT,St. Vincent and the Grenadines,2014,1.59496561087086,,,2
PA.NUS.PPP,VCT,St. Vincent and the Grenadines,2015,1.60395332994011,,,2
PA.NUS.PPP,VCT,St. Vincent and the Grenadines,2016,1.53212034819621,,,2
PA.NUS.PPP,VCT,St. Vincent and the Grenadines,2017,1.58873176574707,,,2
PA.NUS.PPP,VCT,St. Vincent and the Grenadines,2018,1.54909288883209,,,2
PA.NUS.PPP,VCT,St. Vincent and the Grenadines,2019,1.53848028182983,,,2
PA.NUS.PPP,VCT,St. Vincent and the Grenadines,2020,1.47022485733032,,,2
PA.NUS.PPP,VCT,St. Vincent and the Grenadines,2021,1.44013321399689,,,2
PA.NUS.PPP,VCT,St. Vincent and the Grenadines,2022,1.45142003163913,,,2
PA.NUS.PPP,VCT,St. Vincent and the Grenadines,2023,1.4404160101693,,,2
PA.NUS.PPP,VCT,St. Vincent and the Grenadines,2024,1.45769848948905,,,2
PA.NUS.PPP,VCT,St. Vincent and the Grenadines,2025,1.48761704067186,,,2
PA.NUS.PPP,VEN,"Venezuela, RB",1990,1.20788542503448e-13,,,2
PA.NUS.PPP,VEN,"Venezuela, RB",1991,1.42091490074385e-13,,,2
PA.NUS.PPP,VEN,"Venezuela, RB",1992,1.7824707050108e-13,,,2
PA.NUS.PPP,VEN,"Venezuela, RB",1993,2.29261897901435e-13,,,2
PA.NUS.PPP,VEN,"Venezuela, RB",1994,3.6550484289613e-13,,,2
PA.NUS.PPP,VEN,"Venezuela, RB",1995,5.43320958318341e-13,,,2
PA.NUS.PPP,VEN,"Venezuela, RB",1996,1.15057614470103e-12,,,2
PA.NUS.PPP,VEN,"Venezuela, RB",1997,1.51540831882677e-12,,,2
PA.NUS.PPP,VEN,"Venezuela, RB",1998,1.77840019371214e-12,,,2
PA.NUS.PPP,VEN,"Venezuela, RB",1999,2.21213882957312e-12,,,2
PA.NUS.PPP,VEN,"Venezuela, RB",2000,2.80434515253771e-12,,,2
PA.NUS.PPP,VEN,"Venezuela, RB",2001,2.9613286275048e-12,,,2
PA.NUS.PPP,VEN,"Venezuela, RB",2002,3.87347345062056e-12,,,2
PA.NUS.PPP,VEN,"Venezuela, RB",2003,5.12524426412768e-12,,,2
PA.NUS.PPP,VEN,"Venezuela, RB",2004,6.69015846067792e-12,,,2
PA.NUS.PPP,VEN,"Venezuela, RB",2005,8.41690761325833e-12,,,2
PA.NUS.PPP,VEN,"Venezuela, RB",2006,9.62523539637111e-12,,,2
PA.NUS.PPP,VEN,"Venezuela, RB",2007,1.08138326055751e-11,,,2
PA.NUS.PPP,VEN,"Venezuela, RB",2008,1.38144374106378e-11,,,2
PA.NUS.PPP,VEN,"Venezuela, RB",2009,1.47858717664311e-11,,,2
PA.NUS.PPP,VEN,"Venezuela, RB",2010,2.13412278559432e-11,,,2
PA.NUS.PPP,VEN,"Venezuela, RB",2011,2.68098258972168e-11,,,2
PA.NUS.PPP,VGB,British Virgin Islands,2011,1.0275467634201,,,2
PA.NUS.PPP,VGB,British Virgin Islands,2012,1.08888118250332,,,2
PA.NUS.PPP,VGB,British Virgin Islands,2013,1.07673377210841,,,2
PA.NUS.PPP,VGB,British Virgin Islands,2014,1.06438324097038,,,2
PA.NUS.PPP,VGB,British Virgin Islands,2015,1.07150204918829,,,2
PA.NUS.PPP,VGB,British Virgin Islands,2016,1.05583141549163,,,2
PA.NUS.PPP,VGB,British Virgin Islands,2017,1.02022969722748,,,2
PA.NUS.PPP,VIR,Virgin Islands (U.S.),2002,0.936119659362775,,,2
PA.NUS.PPP,VIR,Virgin Islands (U.S.),2003,0.972785771038884,,,2
PA.NUS.PPP,VIR,Virgin Islands (U.S.),2004,1.01147575502384,,,2
PA.NUS.PPP,VIR,Virgin Islands (U.S.),2005,1.10518709322105,,,2
PA.NUS.PPP,VIR,Virgin Islands (U.S.),2006,1.04891892397508,,,2
PA.NUS.PPP,VIR,Virgin Islands (U.S.),2007,1.04756340185465,,,2
PA.NUS.PPP,VIR,Virgin Islands (U.S.),2008,0.90077450038436,,,2
PA.NUS.PPP,VIR,Virgin Islands (U.S.),2009,0.948750167330977,,,2
PA.NUS.PPP,VIR,Virgin Islands (U.S.),2010,0.959083441617881,,,2
PA.NUS.PPP,VIR,Virgin Islands (U.S.),2011,0.999770684528406,,,2
PA.NUS.PPP,VIR,Virgin Islands (U.S.),2012,1.11559780700689,,,2
PA.NUS.PPP,VIR,Virgin Islands (U.S.),2013,1.0700214058178,,,2
PA.NUS.PPP,VIR,Virgin Islands (U.S.),2014,1.02115095651086,,,2
PA.NUS.PPP,VIR,Virgin Islands (U.S.),2015,1.04401205650516,,,2
PA.NUS.PPP,VIR,Virgin Islands (U.S.),2016,1.05540339697243,,,2
PA.NUS.PPP,VIR,Virgin Islands (U.S.),2017,1.0434159040451,,,2
PA.NUS.PPP,VIR,Virgin Islands (U.S.),2018,0.997733711650467,,,2
PA.NUS.PPP,VIR,Virgin Islands (U.S.),2019,0.965312692933229,,,2
PA.NUS.PPP,VIR,Virgin Islands (U.S.),2020,0.953011997636306,,,2
PA.NUS.PPP,VIR,Virgin Islands (U.S.),2021,0.907823741436005,,,2
PA.NUS.PPP,VIR,Virgin Islands (U.S.),2022,0.890243717259396,,,2
PA.NUS.PPP,VNM,Viet Nam,1990,672.277046872643,,,2
PA.NUS.PPP,VNM,Viet Nam,1991,1122.04431710583,,,2
PA.NUS.PPP,VNM,Viet Nam,1992,1455.00087619787,,,2
PA.NUS.PPP,VNM,Viet Nam,1993,1668.83216635573,,,2
PA.NUS.PPP,VNM,Viet Nam,1994,1910.9356023661,,,2
PA.NUS.PPP,VNM,Viet Nam,1995,2190.6320338007,,,2
PA.NUS.PPP,VNM,Viet Nam,1996,2338.33675961307,,,2
PA.NUS.PPP,VNM,Viet Nam,1997,2450.35126832624,,,2
PA.NUS.PPP,VNM,Viet Nam,1998,2637.27060653441,,,2
PA.NUS.PPP,VNM,Viet Nam,1999,2749.60069089275,,,2
PA.NUS.PPP,VNM,Viet Nam,2000,2780.34949727378,,,2
PA.NUS.PPP,VNM,Viet Nam,2001,2790.42588451895,,,2
PA.NUS.PPP,VNM,Viet Nam,2002,2876.84005168357,,,2
PA.NUS.PPP,VNM,Viet Nam,2003,3021.71380284402,,,2
PA.NUS.PPP,VNM,Viet Nam,2004,3190.74249861493,,,2
PA.NUS.PPP,VNM,Viet Nam,2005,3675.68820734984,,,2
PA.NUS.PPP,VNM,Viet Nam,2006,3871.27230024661,,,2
PA.NUS.PPP,VNM,Viet Nam,2007,4132.13435633216,,,2
PA.NUS.PPP,VNM,Viet Nam,2008,4973.20698238399,,,2
PA.NUS.PPP,VNM,Viet Nam,2009,5249.94215603488,,,2
PA.NUS.PPP,VNM,Viet Nam,2010,5813.18878732658,,,2
PA.NUS.PPP,VNM,Viet Nam,2011,6915.33544921875,,,2
PA.NUS.PPP,VNM,Viet Nam,2012,7137.06681858344,,,2
PA.NUS.PPP,VNM,Viet Nam,2013,7308.3464188786,,,2
PA.NUS.PPP,VNM,Viet Nam,2014,7379.99614837162,,,2
PA.NUS.PPP,VNM,Viet Nam,2015,7290.14880429467,,,2
PA.NUS.PPP,VNM,Viet Nam,2016,7163.83114802902,,,2
PA.NUS.PPP,VNM,Viet Nam,2017,7211.599609375,,,2
PA.NUS.PPP,VNM,Viet Nam,2018,7275.826171875,,,2
PA.NUS.PPP,VNM,Viet Nam,2019,7191.1884765625,,,2
PA.NUS.PPP,VNM,Viet Nam,2020,7064.95361328125,,,2
PA.NUS.PPP,VNM,Viet Nam,2021,7120.01123046875,,,2
PA.NUS.PPP,VNM,Viet Nam,2022,6942.55221614355,,,2
PA.NUS.PPP,VNM,Viet Nam,2023,6839.77114227882,,,2
PA.NUS.PPP,VNM,Viet Nam,2024,6954.97823040608,,,2
PA.NUS.PPP,VNM,Viet Nam,2025,6990.87070514029,,,2
PA.NUS.PPP,VUT,Vanuatu,1990,77.3347476580627,,,2
PA.NUS.PPP,VUT,Vanuatu,1991,82.4858467163044,,,2
PA.NUS.PPP,VUT,Vanuatu,1992,82.8949955297549,,,2
PA.NUS.PPP,VUT,Vanuatu,1993,82.6458619476298,,,2
PA.NUS.PPP,VUT,Vanuatu,1994,82.7875509045683,,,2
PA.NUS.PPP,VUT,Vanuatu,1995,82.491784886152,,,2
PA.NUS.PPP,VUT,Vanuatu,1996,82.6978954902895,,,2
PA.NUS.PPP,VUT,Vanuatu,1997,83.8787805580941,,,2
PA.NUS.PPP,VUT,Vanuatu,1998,89.7126074189681,,,2
PA.NUS.PPP,VUT,Vanuatu,1999,91.1841889921729,,,2
PA.NUS.PPP,VUT,Vanuatu,2000,91.1073073160025,,,2
PA.NUS.PPP,VUT,Vanuatu,2001,92.3308565422523,,,2
PA.NUS.PPP,VUT,Vanuatu,2002,93.5313619255961,,,2
PA.NUS.PPP,VUT,Vanuatu,2003,92.4531213598562,,,2
PA.NUS.PPP,VUT,Vanuatu,2004,91.9379493284458,,,2
PA.NUS.PPP,VUT,Vanuatu,2005,89.5169056470834,,,2
PA.NUS.PPP,VUT,Vanuatu,2006,90.2019610026211,,,2
PA.NUS.PPP,VUT,Vanuatu,2007,92.8960969565322,,,2
PA.NUS.PPP,VUT,Vanuatu,2008,97.6698881750719,,,2
PA.NUS.PPP,VUT,Vanuatu,2009,99.5510630259976,,,2
PA.NUS.PPP,VUT,Vanuatu,2010,99.8032689515923,,,2
PA.NUS.PPP,VUT,Vanuatu,2011,100.511043256852,,,2
PA.NUS.PPP,VUT,Vanuatu,2012,98.215697864117,,,2
PA.NUS.PPP,VUT,Vanuatu,2013,99.4762598899256,,,2
PA.NUS.PPP,VUT,Vanuatu,2014,99.1518854950538,,,2
PA.NUS.PPP,VUT,Vanuatu,2015,103.682133376917,,,2
PA.NUS.PPP,VUT,Vanuatu,2016,104.80534153476,,,2
PA.NUS.PPP,VUT,Vanuatu,2017,107.898165722173,,,2
PA.NUS.PPP,VUT,Vanuatu,2018,108.906852420275,,,2
PA.NUS.PPP,VUT,Vanuatu,2019,110.875523852585,,,2
PA.NUS.PPP,VUT,Vanuatu,2020,111.850300053615,,,2
PA.NUS.PPP,VUT,Vanuatu,2021,110.380247621036,,,2
PA.NUS.PPP,VUT,Vanuatu,2022,108.312820426159,,,2
PA.NUS.PPP,VUT,Vanuatu,2023,105.11943277697,,,2
PA.NUS.PPP,VUT,Vanuatu,2024,108.035176038305,,,2
PA.NUS.PPP,VUT,Vanuatu,2025,107.389043283146,,,2
PA.NUS.PPP,WSM,Samoa,1990,0.799826753317975,,,2
PA.NUS.PPP,WSM,Samoa,1991,0.820944365997831,,,2
PA.NUS.PPP,WSM,Samoa,1992,0.871408080128931,,,2
PA.NUS.PPP,WSM,Samoa,1993,0.856804402428927,,,2
PA.NUS.PPP,WSM,Samoa,1994,1.41125148609007,,,2
PA.NUS.PPP,WSM,Samoa,1995,1.28584989614594,,,2
PA.NUS.PPP,WSM,Samoa,1996,1.3206922950386,,,2
PA.NUS.PPP,WSM,Samoa,1997,1.45197624085761,,,2
PA.NUS.PPP,WSM,Samoa,1998,1.48485373294945,,,2
PA.NUS.PPP,WSM,Samoa,1999,1.48062437034402,,,2
PA.NUS.PPP,WSM,Samoa,2000,1.47786920310807,,,2
PA.NUS.PPP,WSM,Samoa,2001,1.49398687054787,,,2
PA.NUS.PPP,WSM,Samoa,2002,1.49291819977601,,,2
PA.NUS.PPP,WSM,Samoa,2003,1.50130968612217,,,2
PA.NUS.PPP,WSM,Samoa,2004,1.56539875964791,,,2
PA.NUS.PPP,WSM,Samoa,2005,1.57844703858268,,,2
PA.NUS.PPP,WSM,Samoa,2006,1.61198509343191,,,2
PA.NUS.PPP,WSM,Samoa,2007,1.68699655454379,,,2
PA.NUS.PPP,WSM,Samoa,2008,1.80605033910885,,,2
PA.NUS.PPP,WSM,Samoa,2009,1.82509405154917,,,2
PA.NUS.PPP,WSM,Samoa,2010,1.71038960640474,,,2
PA.NUS.PPP,WSM,Samoa,2011,1.66056811905465,,,2
PA.NUS.PPP,WSM,Samoa,2012,1.69585094215961,,,2
PA.NUS.PPP,WSM,Samoa,2013,1.70659629759923,,,2
PA.NUS.PPP,WSM,Samoa,2014,1.6916926713549,,,2
PA.NUS.PPP,WSM,Samoa,2015,1.74259065516479,,,2
PA.NUS.PPP,WSM,Samoa,2016,1.76493499853919,,,2
PA.NUS.PPP,WSM,Samoa,2017,1.73917124523031,,,2
PA.NUS.PPP,WSM,Samoa,2018,1.71888239063033,,,2
PA.NUS.PPP,WSM,Samoa,2019,1.71632936780333,,,2
PA.NUS.PPP,WSM,Samoa,2020,1.71425503022287,,,2
PA.NUS.PPP,WSM,Samoa,2021,1.62781286300372,,,2
PA.NUS.PPP,WSM,Samoa,2022,1.55837250054266,,,2
PA.NUS.PPP,WSM,Samoa,2023,1.6054012712345,,,2
PA.NUS.PPP,WSM,Samoa,2024,1.69849391008788,,,2
PA.NUS.PPP,WSM,Samoa,2025,1.75413819197732,,,2
PA.NUS.PPP,XKX,Kosovo,2008,0.30922460678491,,,2
PA.NUS.PPP,XKX,Kosovo,2009,0.298622028617296,,,2
PA.NUS.PPP,XKX,Kosovo,2010,0.313896406114693,,,2
PA.NUS.PPP,XKX,Kosovo,2011,0.3269386,,,2
PA.NUS.PPP,XKX,Kosovo,2012,0.336134256368731,,,2
PA.NUS.PPP,XKX,Kosovo,2013,0.344754903211396,,,2
PA.NUS.PPP,XKX,Kosovo,2014,0.358213026923013,,,2
PA.NUS.PPP,XKX,Kosovo,2015,0.364102999607314,,,2
PA.NUS.PPP,XKX,Kosovo,2016,0.370901881963636,,,2
PA.NUS.PPP,XKX,Kosovo,2017,0.3783280050989,,,2
PA.NUS.PPP,XKX,Kosovo,2018,0.370546696933857,,,2
PA.NUS.PPP,XKX,Kosovo,2019,0.363172820979497,,,2
PA.NUS.PPP,XKX,Kosovo,2020,0.359145199492702,,,2
PA.NUS.PPP,XKX,Kosovo,2021,0.360406752216835,,,2
PA.NUS.PPP,XKX,Kosovo,2022,0.360696819942243,,,2
PA.NUS.PPP,XKX,Kosovo,2023,0.363700560729297,,,2
PA.NUS.PPP,XKX,Kosovo,2024,0.362871040091578,,,2
PA.NUS.PPP,XKX,Kosovo,2025,0.362904088534196,,,2
PA.NUS.PPP,YEM,"Yemen, Rep.",1990,6.11409017600969,,,2
PA.NUS.PPP,YEM,"Yemen, Rep.",1991,6.62339772661308,,,2
PA.NUS.PPP,YEM,"Yemen, Rep.",1992,7.32880208268109,,,2
PA.NUS.PPP,YEM,"Yemen, Rep.",1993,8.33147689332607,,,2
PA.NUS.PPP,YEM,"Yemen, Rep.",1994,9.85274574221908,,,2
PA.NUS.PPP,YEM,"Yemen, Rep.",1995,14.0648254239068,,,2
PA.NUS.PPP,YEM,"Yemen, Rep.",1996,18.8906311162462,,,2
PA.NUS.PPP,YEM,"Yemen, Rep.",1997,21.0384912311951,,,2
PA.NUS.PPP,YEM,"Yemen, Rep.",1998,19.0689506788215,,,2
PA.NUS.PPP,YEM,"Yemen, Rep.",1999,25.0944826659168,,,2
PA.NUS.PPP,YEM,"Yemen, Rep.",2000,30.2674370945195,,,2
PA.NUS.PPP,YEM,"Yemen, Rep.",2001,30.4144087602974,,,2
PA.NUS.PPP,YEM,"Yemen, Rep.",2002,32.5581241923978,,,2
PA.NUS.PPP,YEM,"Yemen, Rep.",2003,35.405451662169,,,2
PA.NUS.PPP,YEM,"Yemen, Rep.",2004,39.3443327736615,,,2
PA.NUS.PPP,YEM,"Yemen, Rep.",2005,45.2183560631605,,,2
PA.NUS.PPP,YEM,"Yemen, Rep.",2006,49.8263555166084,,,2
PA.NUS.PPP,YEM,"Yemen, Rep.",2007,53.7941668058558,,,2
PA.NUS.PPP,YEM,"Yemen, Rep.",2008,63.5321259735957,,,2
PA.NUS.PPP,YEM,"Yemen, Rep.",2009,57.6459338534709,,,2
PA.NUS.PPP,YEM,"Yemen, Rep.",2010,70.4048210311498,,,2
PA.NUS.PPP,YEM,"Yemen, Rep.",2011,81.4767608642578,,,2
PA.NUS.PPP,YEM,"Yemen, Rep.",2012,88.7929916381836,,,2
PA.NUS.PPP,YEM,"Yemen, Rep.",2013,93.6313171386719,,,2
PA.NUS.PPP,ZAF,South Africa,1990,1.25844116913136,,,2
PA.NUS.PPP,ZAF,South Africa,1991,1.40783383386594,,,2
PA.NUS.PPP,ZAF,South Africa,1992,1.5789997553699,,,2
PA.NUS.PPP,ZAF,South Africa,1993,1.74267162951013,,,2
PA.NUS.PPP,ZAF,South Africa,1994,1.87365948239474,,,2
PA.NUS.PPP,ZAF,South Africa,1995,2.03408427195961,,,2
PA.NUS.PPP,ZAF,South Africa,1996,2.15775685442628,,,2
PA.NUS.PPP,ZAF,South Africa,1997,2.29378769585491,,,2
PA.NUS.PPP,ZAF,South Africa,1998,2.45147668545512,,,2
PA.NUS.PPP,ZAF,South Africa,1999,2.58379166009336,,,2
PA.NUS.PPP,ZAF,South Africa,2000,2.75855373011655,,,2
PA.NUS.PPP,ZAF,South Africa,2001,2.9082492674306,,,2
PA.NUS.PPP,ZAF,South Africa,2002,3.22280216310023,,,2
PA.NUS.PPP,ZAF,South Africa,2003,3.36253789024298,,,2
PA.NUS.PPP,ZAF,South Africa,2004,3.47233409372991,,,2
PA.NUS.PPP,ZAF,South Africa,2005,3.55520900964786,,,2
PA.NUS.PPP,ZAF,South Africa,2006,3.65801240095539,,,2
PA.NUS.PPP,ZAF,South Africa,2007,3.85519626684052,,,2
PA.NUS.PPP,ZAF,South Africa,2008,4.07924672033466,,,2
PA.NUS.PPP,ZAF,South Africa,2009,4.40546153287524,,,2
PA.NUS.PPP,ZAF,South Africa,2010,4.6193094142446,,,2
PA.NUS.PPP,ZAF,South Africa,2011,4.7766284942627,,,2
PA.NUS.PPP,ZAF,South Africa,2012,5.10604487750647,,,2
PA.NUS.PPP,ZAF,South Africa,2013,5.29206484627155,,,2
PA.NUS.PPP,ZAF,South Africa,2014,5.5660949231475,,,2
PA.NUS.PPP,ZAF,South Africa,2015,5.81717732887118,,,2
PA.NUS.PPP,ZAF,South Africa,2016,6.14841834119248,,,2
PA.NUS.PPP,ZAF,South Africa,2017,6.41333675384521,,,2
PA.NUS.PPP,ZAF,South Africa,2018,6.85541534423828,,,2
PA.NUS.PPP,ZAF,South Africa,2019,7.06522130966187,,,2
PA.NUS.PPP,ZAF,South Africa,2020,7.24892425537109,,,2
PA.NUS.PPP,ZAF,South Africa,2021,7.37613821029663,,,2
PA.NUS.PPP,ZAF,South Africa,2022,7.24725773798903,,,2
PA.NUS.PPP,ZAF,South Africa,2023,7.31868804459223,,,2
PA.NUS.PPP,ZAF,South Africa,2024,7.4211352928491,,,2
PA.NUS.PPP,ZAF,South Africa,2025,7.42029658394341,,,2
PA.NUS.PPP,ZMB,Zambia,1990,0.00956647595873103,,,2
PA.NUS.PPP,ZMB,Zambia,1991,0.0178273660253522,,,2
PA.NUS.PPP,ZMB,Zambia,1992,0.0462829879786715,,,2
PA.NUS.PPP,ZMB,Zambia,1993,0.110161183096815,,,2
PA.NUS.PPP,ZMB,Zambia,1994,0.194945275930653,,,2
PA.NUS.PPP,ZMB,Zambia,1995,0.249391259739841,,,2
PA.NUS.PPP,ZMB,Zambia,1996,0.304540760592769,,,2
PA.NUS.PPP,ZMB,Zambia,1997,0.37542779598122,,,2
PA.NUS.PPP,ZMB,Zambia,1998,0.434023060018293,,,2
PA.NUS.PPP,ZMB,Zambia,1999,0.504675153752754,,,2
PA.NUS.PPP,ZMB,Zambia,2000,0.654444802807636,,,2
PA.NUS.PPP,ZMB,Zambia,2001,0.802161712830198,,,2
PA.NUS.PPP,ZMB,Zambia,2002,0.943053277538967,,,2
PA.NUS.PPP,ZMB,Zambia,2003,1.08763024888116,,,2
PA.NUS.PPP,ZMB,Zambia,2004,1.26797930781357,,,2
PA.NUS.PPP,ZMB,Zambia,2005,1.43413377398915,,,2
PA.NUS.PPP,ZMB,Zambia,2006,1.59354675099843,,,2
PA.NUS.PPP,ZMB,Zambia,2007,1.75274668454219,,,2
PA.NUS.PPP,ZMB,Zambia,2008,1.90258591542172,,,2
PA.NUS.PPP,ZMB,Zambia,2009,1.99605244514067,,,2
PA.NUS.PPP,ZMB,Zambia,2010,2.24720994593584,,,2
PA.NUS.PPP,ZMB,Zambia,2011,2.44634604454041,,,2
PA.NUS.PPP,ZMB,Zambia,2012,2.64834992278665,,,2
PA.NUS.PPP,ZMB,Zambia,2013,2.82615242712079,,,2
PA.NUS.PPP,ZMB,Zambia,2014,3.05394151611266,,,2
PA.NUS.PPP,ZMB,Zambia,2015,3.35055571386025,,,2
PA.NUS.PPP,ZMB,Zambia,2016,3.8559028791987,,,2
PA.NUS.PPP,ZMB,Zambia,2017,4.16286420822144,,,2
PA.NUS.PPP,ZMB,Zambia,2018,4.44762897491455,,,2
PA.NUS.PPP,ZMB,Zambia,2019,4.82785272598267,,,2
PA.NUS.PPP,ZMB,Zambia,2020,5.52910757064819,,,2
PA.NUS.PPP,ZMB,Zambia,2021,6.44128704071045,,,2
PA.NUS.PPP,ZMB,Zambia,2022,6.38282402708496,,,2
PA.NUS.PPP,ZMB,Zambia,2023,6.59175278849996,,,2
PA.NUS.PPP,ZMB,Zambia,2024,7.35899076614158,,,2
PA.NUS.PPP,ZMB,Zambia,2025,7.56139268212565,,,2
PA.NUS.PPP,ZWE,Zimbabwe,1990,0.000297900531491558,,,2
PA.NUS.PPP,ZWE,Zimbabwe,1991,0.000268629754996327,,,2
PA.NUS.PPP,ZWE,Zimbabwe,1992,0.000225533615817254,,,2
PA.NUS.PPP,ZWE,Zimbabwe,1993,0.000211959648419116,,,2
PA.NUS.PPP,ZWE,Zimbabwe,1994,0.000199442854853512,,,2
PA.NUS.PPP,ZWE,Zimbabwe,1995,0.000201283839492157,,,2
PA.NUS.PPP,ZWE,Zimbabwe,1996,0.000215420638644342,,,2
PA.NUS.PPP,ZWE,Zimbabwe,1997,0.000205674062970619,,,2
PA.NUS.PPP,ZWE,Zimbabwe,1998,0.000148373384483996,,,2
PA.NUS.PPP,ZWE,Zimbabwe,1999,0.000158016722811415,,,2
PA.NUS.PPP,ZWE,Zimbabwe,2000,0.000155484180976986,,,2
PA.NUS.PPP,ZWE,Zimbabwe,2001,0.000151862039472876,,,2
PA.NUS.PPP,ZWE,Zimbabwe,2002,0.000153594726140665,,,2
PA.NUS.PPP,ZWE,Zimbabwe,2003,0.000163879797026535,,,2
PA.NUS.PPP,ZWE,Zimbabwe,2004,0.000171734068195577,,,2
PA.NUS.PPP,ZWE,Zimbabwe,2005,0.000175071132629825,,,2
PA.NUS.PPP,ZWE,Zimbabwe,2006,0.000166406355632869,,,2
PA.NUS.PPP,ZWE,Zimbabwe,2007,0.000163467442225164,,,2
PA.NUS.PPP,ZWE,Zimbabwe,2008,0.000162539948586403,,,2
PA.NUS.PPP,ZWE,Zimbabwe,2009,0.000201404909826088,,,2
PA.NUS.PPP,ZWE,Zimbabwe,2010,0.000207140403979851,,,2
PA.NUS.PPP,ZWE,Zimbabwe,2011,0.000208134150505066,,,2
PA.NUS.PPP,ZWE,Zimbabwe,2012,0.000218106168123571,,,2
PA.NUS.PPP,ZWE,Zimbabwe,2013,0.000220143974755497,,,2
PA.NUS.PPP,ZWE,Zimbabwe,2014,0.000214958724851912,,,2
PA.NUS.PPP,ZWE,Zimbabwe,2015,0.000209535942504426,,,2
PA.NUS.PPP,ZWE,Zimbabwe,2016,0.000201289636460245,,,2
PA.NUS.PPP,ZWE,Zimbabwe,2017,0.000245684828877449,,,2
PA.NUS.PPP,ZWE,Zimbabwe,2018,0.00070908348941803,,,2
PA.NUS.PPP,ZWE,Zimbabwe,2019,0.00203930929380655,,,2
PA.NUS.PPP,ZWE,Zimbabwe,2020,0.012645161247611,,,2
PA.NUS.PPP,ZWE,Zimbabwe,2021,0.0243634228799343,,,2
PA.NUS.PPP,ZWE,Zimbabwe,2022,0.0851728842033327,,,2
PA.NUS.PPP,ZWE,Zimbabwe,2023,0.713312954994536,,,2
PA.NUS.PPP,ZWE,Zimbabwe,2024,8.33515444469415,,,2
PA.NUS.PPP,ZWE,Zimbabwe,2025,14.8477864567247,,,2
