ref_area,source,time,education_groups,stated_education_employees,weighted_payroll,reconstructed_earnings,published_total_earnings,published_total_employees,unknown_education_employees,relative_reconstruction_error,unknown_education_share
AFG,BA:15715,2020,4,914.155,11985868.692129001,13111.418405116201,13202.245,929.811,15.656,-0.006879632583988539,0.01683783048382951
AFG,BB:6361,2014,4,2200.698,19489412.735519998,8856.014198913253,8848.569,2272.727,72.029,0.0008414014642654637,0.03169276380313166
AGO,BA:13951,2019,4,2362.439,192356028.952867,81422.64369698732,82234.658,2544.053,181.614,-0.009874356174894999,0.07138766370040248
AGO,BA:13951,2020,4,2150.874,190107219.754232,88386.03272633915,88286.47,2338.599,187.725,0.0011277234930692176,0.08027241951270825
AGO,BA:13951,2021,4,1806.815,159794981.51516,88440.1455130492,88751.625,2502.571,695.756,-0.0035095637623627075,0.2780164878439013
AGO,BA:13951,2022,4,112.019,11309824.845353,100963.45124802935,96491.325,2839.694,2727.675,0.046347443648735796,0.960552439805134
AGO,BA:13951,2023,4,98.529,8640433.213758,87694.31551886247,125379.111,2936.413,2837.884,-0.30056677847346946,0.9664457962827436
AGO,BA:13951,2024,4,916.768,99528359.11153199,108564.39045814425,111867.158,3350.072,2433.305,-0.029524014026134002,0.7263440905150694
ARG,BA:150,2004,4,6871.361,4689988.861022,682.5414733736155,685.086,6883.947,12.587,-0.003714171106086654,0.001828456843145364
ARG,BA:150,2005,4,7110.53,5793112.142002,814.7229731119902,816.306,7120.227,9.697,-0.0019392567101183136,0.0013618947822871376
ARG,BA:150,2006,4,7495.478,7680452.916344,1024.6782014894848,1026.552,7508.825,13.347,-0.0018253322876144063,0.0017775084650394702
ARG,BA:150,2008,4,7831.811,12794489.981453001,1633.6566320935224,1636.195,7844.958,13.146,-0.0015513847105495132,0.001675725988590379
ARG,BA:150,2009,4,7878.005999999999,15478043.709128,1964.7159076964401,1968.266,7900.833,22.828,-0.0018036649027925848,0.002889315594950558
ARG,BA:150,2010,4,8027.909000000001,19388319.064607,2415.114454412351,2418.527,8050.895,22.986,-0.0014110016500329414,0.0028550862978588094
ARG,BA:150,2011,4,8254.324,25960222.371892,3145.0452359141705,3150.631,8277.641,23.317,-0.0017729032964601049,0.002816865336392337
ARG,BA:150,2012,4,8328.251,32662060.752178,3921.839141516988,3925.666,8349.252,21.002,-0.0009748303811409515,0.002515434915606811
ARG,BA:150,2013,4,8346.983,41538977.878256,4976.52599487216,4981.156,8366.008,19.025,-0.0009295041407738239,0.002274083409913067
ARG,BA:150,2014,4,8415.532,54341425.153874,6457.277466697768,6460.093,8434.052,18.52,-0.0004358347940550415,0.0021958603053431496
ARG,BA:150,2017,4,8625.802,125645096.010542,14566.192918703908,14490.073,8636.831,11.029,0.005253246046718149,0.0012769730008610797
ARG,BA:150,2018,4,8733.944,162140782.665278,18564.44037942973,18457.024,8746.415,12.471,0.005819810356736134,0.0014258413304193774
ARG,BA:150,2019,4,8835.627,226405203.144611,25624.12414473936,25562.726,8849.37,13.742,0.002401862177741132,0.0015528789055040077
ARG,BA:150,2020,4,7980.0830000000005,289076963.995475,36224.80668377446,36282.026,7983.676,3.593,-0.0015770705920759578,0.0004500433133809538
ARG,BA:150,2021,4,8858.989,460973977.54452,52034.60321990692,51752.749,8864.288,5.298,0.005446169050979683,0.0005976791367789494
ARG,BA:150,2022,4,9432.822,789589642.178679,83706.61952262843,83060.662,9440.606,7.784,0.007776936844404587,0.0008245233409804413
ARG,BA:150,2023,4,9854.015,1887587830.323459,191555.2016435391,190754.004,9869.985,15.97,0.0042001616046765215,0.0016180369068443366
ARG,BA:150,2024,4,9778.57,5806466401.608471,593795.0438160662,592512.448,9794.236,15.666,0.0021646731986738883,0.001599512202891578
ARG,BA:150,2025,4,9657.996000000001,9720306389.231583,1006451.6892771111,1006879.138,9669.291,11.296,-0.0004245283338951734,0.001168234568594533
ARM,BA:867,2015,4,613.435,61699045.76874299,100579.59811348065,100331.238,613.474,0.0,0.002475401663843241,0.0
ARM,BA:867,2017,4,603.1179999999999,62646664.798519,103871.32335383624,103505.383,603.291,0.0,0.0035354717139323903,0.0
ARM,BB:173,2007,4,673.221,39019630.45323,57959.61571791433,57952.92,673.221,0.0,0.0001155371966473522,0.0
ARM,BB:173,2011,4,642.663,53154161.73967101,82709.22978243808,82681.486,643.029,0.0,0.00033555011865746905,0.0
ARM,BB:173,2013,4,658.525,61477811.98013501,93356.83835865762,93306.883,658.932,0.0,0.000535387712583027,0.0
ARM,BB:173,2020,4,743.905,93558130.224672,125766.23389367192,125733.844,744.804,0.0,0.0002576068037172212,0.0
ARM,BB:173,2022,4,747.087,106743414.11395901,142879.49611485546,142818.811,747.332,0.0,0.00042490981706513864,0.0
ARM,BB:173,2023,4,794.4849999999999,126468997.86705899,159183.61941013235,159067.084,794.798,0.0,0.0007326180074587049,0.0
ATG,BA:16714,2018,4,30.008000000000003,79776.873776,2658.5201871500926,2672.81,30.609,0.601,-0.00534636313464381,0.01963474794994936
ATG,BA:16714,2023,4,44.865,128211.950139,2857.727630424607,2840.209,44.864,0.0,0.006168077921240015,0.0
BDI,BB:7040,2014,4,467.204,29512716.531324,63168.80106190015,64028.147,467.28,0.0,-0.01342137760288216,0.0
BDI,BB:7040,2020,4,717.073,69274799.110366,96607.73604691015,96843.791,719.85,2.777,-0.002437481542723193,0.0038577481419740226
BEN,BB:426,2011,4,296.423,23582613.538778998,79557.30000296535,78811.643,296.423,0.0,0.009461254385539864,0.0
BEN,BB:426,2019,4,767.1510000000001,51246908.142774,66801.59205003186,74175.732,767.151,0.0,-0.09941445471637736,0.0
BEN,BB:426,2022,4,1043.692,75877076.177156,72700.63982205094,84524.927,1043.692,0.0,-0.13989112558416114,0.0
BFA,BA:15678,2018,4,1107.6280000000002,107419894.927924,96981.92437165185,107024.67,1107.629,0.0,-0.09383580092653539,0.0
BFA,BA:15678,2023,4,1307.2,129872879.21727401,99351.95778555232,103666.669,1307.2,0.0,-0.041621007562687974,0.0
BFA,BA:904,2024,4,1001.902,100331431.286854,100140.96317489534,102930.888,1001.902,0.0,-0.02710483586913839,0.0
BFA,BA:904,2025,4,1178.408,145217491.425904,123231.9293707307,123467.988,1178.409,0.0,-0.0019119014822635988,0.0
BFA,BB:16126,2019,4,1176.528,128767021.07272099,109446.62691641932,111405.428,1176.575,0.0,-0.01758263595181985,0.0
BFA,BB:16126,2022,4,1544.025,119419634.538158,77343.07057085086,84008.694,1544.025,0.0,-0.07934444772048405,0.0
BGD,BA:673,2013,4,23262.239999999998,261314712.507134,11233.428616811365,11229.39,23347.938,85.699,0.00035964703437724584,0.0036705168567776735
BGD,BA:673,2017,4,23775.398,280474853.839045,11796.852100606055,11811.698,23775.398,0.0,-0.0012568810507977539,0.0
BGD,BA:673,2022,4,26539.603,356427608.133395,13430.027876957882,13403.404,26814.322,274.719,0.0019863518967182733,0.010245233871660077
BGD,BA:673,2023,4,26582.712,367971540.272994,13842.513144369694,13802.508,26904.617,321.905,0.002898396752944746,0.011964675059303018
BGD,BA:673,2024,4,25612.543,398501026.830637,15558.823144997237,15516.525,25988.49,375.947,0.0027260063060019954,0.014465903944400001
BHS,BA:17,2019,4,180.25799999999998,826524.8053319999,4585.232307758879,4585.317,180.259,0.0,-1.8470313202129126e-05,0.0
BHS,BA:17,2023,4,175.38299999999998,353321.949397,2014.5735299145301,2038.117,175.382,0.0,-0.011551579269232256,0.0
BIH,BA:493,2006,4,587.9409999999999,284177.937417,483.3443107675771,484.594,587.94,0.0,-0.002578837609262383,0.0
BIH,BA:493,2007,4,620.2339999999999,327722.60823,528.3854290961154,527.87,620.234,0.0,0.000976431879279823,0.0
BIH,BA:493,2008,4,645.288,394915.79173199995,611.9992805259046,611.119,645.288,0.0,0.0014404404476126504,0.0
BIH,BA:493,2009,4,625.444,420931.201898,673.0118154431093,670.678,625.444,0.0,0.003479785296534703,0.0
BIH,BA:493,2010,4,615.9019999999999,429519.317743,697.382566939221,695.575,615.902,0.0,0.002598665764613333,0.0
BIH,BA:493,2011,4,609.973,431906.432699,708.0746733035725,704.899,609.973,0.0,0.004505146557978471,0.0
BIH,BA:493,2012,4,590.799,416149.48108399997,704.3842001831418,698.302,590.8,0.0,0.008709985340356783,0.0
BIH,BA:493,2013,4,612.6740000000001,447080.73939700006,729.7204376177216,726.055,612.675,0.0,0.00504842968882748,0.0
BIH,BA:493,2014,4,624.901,469252.15533599997,750.9223946449117,747.474,624.901,0.0,0.00461339744915766,0.0
BIH,BA:493,2015,4,622.523,461186.07524400007,740.8337928783355,737.467,622.524,0.0,0.0045653471658197034,0.0
BIH,BA:493,2016,4,605.626,450345.152467,743.6027390947548,742.69,605.625,0.0,0.0012289637597850836,0.0
BIH,BA:493,2020,4,956.9430000000001,1187742.111804,1241.1837610014388,1235.389,956.944,0.0,0.0046906367155923594,0.0
BIH,BA:493,2021,4,979.5799999999999,1268190.814623,1294.6271000051045,1282.689,979.58,0.0,0.009307088472033664,0.0
BIH,BA:493,2022,4,1009.943,1387016.280397,1373.3609524468213,1357.312,1009.943,0.0,0.011824070255638669,0.0
BIH,BA:493,2023,4,1036.015,1569437.2444850001,1514.8788815654214,1497.914,1036.014,0.0,0.011325671277136982,0.0
BIH,BA:493,2024,4,1069.429,1807199.12544,1689.8729372777434,1671.398,1069.429,0.0,0.01105358345393706,0.0
BIH,BB:15892,2001,4,763.249,346947.05753499997,454.56601650968423,454.336,765.623,2.374,0.0005062696103417278,0.003100742793777094
BLZ,BA:934,2014,4,91.25200000000001,125101.95230899999,1370.9502510520315,1391.585,92.662,1.41,-0.01482823467338937,0.0152165936414064
BLZ,BA:934,2015,4,90.945,112407.98558400001,1235.9996215734786,1198.595,93.584,2.639,0.031207056239579346,0.02819926483159514
BLZ,BA:934,2016,4,94.299,112333.710705,1191.2502858460853,1158.471,96.288,1.988,0.02829530117377583,0.020646394150880692
BLZ,BA:934,2017,4,97.59200000000001,120245.80246800001,1232.127658701533,1196.215,99.48,1.889,0.030021909691429233,0.018988741455568958
BLZ,BA:934,2018,4,104.641,138027.983687,1319.0621619346146,1260.64,106.646,2.005,0.046343255754707484,0.018800517600285054
BLZ,BA:934,2019,4,106.304,138101.315379,1299.1168288963727,1269.442,107.596,1.292,0.02337627784205397,0.012007881333878583
BOL,BA:74,2016,4,1454.5529999999999,4347109.999306,2988.6226210430286,2987.666,1456.737,2.184,0.00032019008919620287,0.0014992411121568273
BOL,BA:74,2017,4,1553.312,4740632.499275,3051.951249507504,3056.575,1556.336,3.024,-0.0015127227345953147,0.0019430251565214708
BOL,BA:74,2018,4,1652.092,5114076.634052,3095.5156456492737,3099.106,1667.765,15.672,-0.0011585129229934558,0.009397007372141759
BOL,BA:74,2019,4,1792.738,5620024.508367999,3134.8833507004365,3118.589,1876.44,83.702,0.005224911234034544,0.044606808637632965
BOL,BA:74,2021,4,1760.587,5447695.157268,3094.24933687912,3060.153,1866.722,106.135,0.011142036649514051,0.05685635032961523
BOL,BA:74,2022,4,1915.372,5977545.607842,3120.8274987010354,3086.498,2043.975,128.602,0.011122475602134,0.06291759928570555
BOL,BA:74,2023,4,2035.788,6488161.205184,3187.051502997365,3147.608,2176.259,140.471,0.01253126278665091,0.06454700474529916
BOL,BA:74,2024,4,2143.504,7005956.566217001,3268.4597585154966,3229.208,2284.73,141.226,0.012155227695303764,0.06181299322020545
BOL,BA:74,2025,4,1664.854,5367266.602799,3223.866238600502,3189.626,1776.399,111.545,0.010734875687777163,0.06279276221164277
BOL,BB:15890,1991,4,515.288,226375.263913,439.3179424186086,434.565,542.086,26.798,0.010937241652246724,0.0494349605044218
BOL,BB:15890,1993,4,574.984,348822.757514,606.6651550547493,597.073,596.349,21.365,0.016065296964942907,0.035826336591492564
BOL,BB:15890,1994,4,510.288,357023.176488,699.6503474273352,682.485,631.353,121.065,0.025151244975838555,0.191754850297694
BOL,BB:15890,1995,4,486.942,379453.355334,779.2578075705115,753.984,630.391,143.449,0.03352034999484274,0.22755559644728435
BOL,BB:15890,2004,4,1440.547,1614413.9869920001,1120.6951158080924,1119.879,1450.579,10.032,0.0007287535600654095,0.006915859115566957
BOL,BB:73,1999,4,1149.552,2047953.188868,1781.5228792329535,1795.629,1183.379,33.827,-0.007855810285446702,0.028585094040032823
BOL,BB:73,2005,4,1312.142,1598748.729502,1218.4266104598435,1195.09,1420.171,108.029,0.019527073659593455,0.0760676003101035
BOL,BB:73,2006,4,1416.402,1879681.776688,1327.082125475677,1317.702,1531.889,115.487,0.007118548409031029,0.0753886214993384
BOL,BB:73,2007,4,1570.808,2221842.47902,1414.458341834266,1419.041,1704.07,133.262,-0.003229405045896381,0.07820218652989608
BOL,BB:73,2008,4,1646.195,2642875.800851,1605.4451634532968,1604.776,1783.202,137.007,0.00041698246565049124,0.07683201342304462
BOL,BB:73,2009,4,1838.235,3119169.564694,1696.8285146860985,1698.401,1974.168,135.933,-0.0009258622162266462,0.06885584205599524
BOL,BB:73,2011,4,1698.027,3488696.838597,2054.559108068953,2042.112,1881.797,183.77,0.006095213224814667,0.09765665478263597
BOL,BB:73,2012,4,1723.6680000000001,4023806.482555,2334.444035948338,2317.311,1897.805,174.137,0.0073934987355334224,0.09175705617805834
BOL,BB:73,2013,4,1753.112,4603956.977454999,2626.162491304035,2606.16,1935.221,182.109,0.0076750818461012275,0.09410243067845998
BOL,BB:73,2014,4,1683.9170000000001,4578999.7307980005,2719.255005322709,2709.944,1868.476,184.559,0.0034358663214845795,0.09877515151385406
BOL,BB:73,2015,4,1840.27,5211862.398344,2832.1183295625096,2838.459,1880.89,40.62,-0.0022338425312784824,0.021596159265028787
BOL,BB:73,2020,4,1671.491,5595456.233899,3347.5838242018654,3339.017,1729.544,58.054,0.002565672532324792,0.033566072907078394
BOL,BX:15722,2000,4,1046.245,1385720.6509349998,1324.4705121028057,1318.561,1124.596,78.351,0.004481788937186691,0.0696703527311141
BOL,BX:15722,2001,4,1199.806,1413231.839265,1177.8836239066982,1179.624,1231.481,31.675,-0.0014753651106639467,0.025721062687934285
BOL,BX:15722,2002,4,1105.876,1358933.7819380001,1228.830159925706,1233.071,1175.029,69.153,-0.003439250517037404,0.0588521644997698
BRA,BX:356,1989,4,40070.564000000006,33434048.37705,834.3792809367494,852.263,40080.463,9.899,-0.02098380319602121,0.0002469781848577946
BRA,BX:356,1990,4,40674.588,777298346.959579,19110.171366937484,18820.6,40685.647,11.059,0.015385873295085463,0.0002718157585155276
BRA,BX:356,1995,4,39550.096,14843715.319684999,375.3142677500707,371.931,39838.057,287.961,0.009096493032499924,0.007228289271236295
BRA,BX:356,1996,4,40070.058,17047146.174847,425.43352881712826,423.097,40304.158,234.1,0.0055224424118542155,0.005808333720803694
BRA,BX:356,1997,4,40438.316000000006,18099735.350405,447.58875098569877,444.776,40685.459,247.143,0.006323972034684326,0.006074479828284596
BRA,BX:356,1998,4,40922.699,19117012.528476,467.14935709582596,464.568,41139.627,216.928,0.0055564677201743965,0.005272969538591101
BRA,BX:356,1999,4,41341.757,19185844.280299,464.0790733760784,460.716,41572.078,230.321,0.007299666988075898,0.005540281147360495
BRA,BX:356,2001,4,45633.744,23930777.433724,524.409687570759,520.074,45890.016,256.272,0.008336674340111391,0.005584482690091021
BRA,BX:356,2002,4,47229.653,26124754.545697,553.1430549722015,549.051,47475.934,246.281,0.007452959692635986,0.005187491414070969
BRA,BX:356,2003,4,47985.892,28677977.870749,597.6335267613448,593.44,48227.076,241.184,0.007066471355730557,0.005001008147373479
BRA,BX:356,2004,4,51130.284,32808871.361102,641.6719954284235,636.391,51417.717,287.433,0.008298350272746755,0.005590154848765456
BRA,BX:356,2005,4,52275.066999999995,36298396.766378,694.3730319155402,689.325,52617.593,342.526,0.007323152236666522,0.006509723848447419
BRA,BX:356,2006,4,54177.838,40916300.890864,755.2221055935084,749.473,54492.783,314.945,0.007670864185245484,0.005779572682129301
BRA,BX:356,2007,4,56094.235,45937275.512213,818.9304214989829,812.246,56352.178,257.943,0.008229552991314138,0.004577338607923902
BRA,BX:356,2008,4,58505.503,52963696.223887004,905.2771706601173,898.461,58842.714,337.211,0.007586495863612707,0.005730717995094516
BRA,BX:356,2009,4,59429.028,55711837.794580996,937.4516068911812,930.523,59697.901,268.873,0.007445927603273831,0.00450389369636296
BRA,BX:356,2011,4,61973.905999999995,75117085.969706,1212.0760303490633,1202.475,61973.906,0.0,0.007984390818157069,0.0
BRA,BX:6355,2012,4,61785.269,82149761.07903701,1329.6010911441854,1323.661,63165.954,1380.685,0.004487622695074733,0.021858056636016296
BRA,BX:6355,2013,4,62687.112,88969049.368101,1419.2558331304367,1413.38,64021.135,1334.022,0.004157291832654066,0.02083721258612488
BRA,BX:6355,2014,4,63765.11,100834390.155693,1581.3411151598891,1576.757,64971.337,1206.226,0.0029073060464542425,0.018565509895540552
BRA,BX:6355,2015,4,63074.514,108064376.575344,1713.2811609986245,1710.604,63887.113,812.598,0.0015650384300659056,0.012719278769100116
BRA,BX:6355,2016,4,62292.815,119550355.18592101,1919.167646957695,1924.736,62338.606,45.791,-0.002893047691893867,0.0007345528387336733
BRA,BX:6355,2017,4,61950.865,125185282.973149,2020.7188870268237,2028.61,61984.398,33.533,-0.0038899113053648448,0.0005409909764712081
BRA,BX:6355,2018,4,62666.613000000005,133229804.54749799,2126.009340053179,2135.624,62705.776,39.164,-0.004502037786998398,0.0006245676634318345
BRA,BX:6355,2019,4,63776.701,144178271.33047098,2260.6730838973776,2271.106,63804.503,27.802,-0.004593760089851634,0.00043573727076911796
BRA,BX:6355,2020,4,58620.628,143317260.351193,2444.8264244319084,2459.159,58634.938,14.31,-0.005828242731800453,0.00024405244531852324
BRA,BX:6355,2021,4,60610.154,145805170.595898,2405.622836660306,2414.265,60624.095,13.94,-0.0035796249954723196,0.00022994157685982775
BRA,BX:6355,2022,4,66440.045,173126746.53982198,2605.759019877575,2614.37,66460.117,20.071,-0.0032937113424743765,0.0003020006720722445
BRA,BX:6355,2023,4,68260.697,194674380.459463,2851.924885259566,2861.414,68277.786,17.09,-0.0033162327228545606,0.00025030102762851745
BRA,BX:6355,2024,4,70939.755,222988776.929918,3143.354201461761,3154.839,70959.884,20.129,-0.0036403754797753292,0.00028366731828366573
BRA,BX:6355,2025,4,71118.954,240501364.01056898,3381.6774640775648,3393.154,71139.959,21.005,-0.0033822620259602813,0.0002952630321307888
BRN,BA:8230,2014,4,167.273,305796.961892,1828.13103066245,1799.403,173.772,6.5,0.01596531219657298,0.03740533572727482
BTN,BA:625,2018,4,90.602,1442162.2582979999,15917.55433983797,15743.924,95.363,4.761,0.01102840307397124,0.049925023331900215
BTN,BA:625,2019,4,97.71199999999999,1925573.201972,19706.619473268383,19387.236,103.34,5.629,0.01647390444250963,0.05447067931101219
BTN,BA:625,2020,4,97.262,1979123.881813,20348.37739109827,19894.841,104.225,6.963,0.022796683376271797,0.06680738786279684
BTN,BA:625,2021,4,99.594,2121767.824818,21304.17319133683,20815.641,106.817,7.223,0.023469476214392417,0.0676203226078246
BTN,BA:625,2022,4,108.891,2450999.7332699997,22508.744829875744,22169.88,114.484,5.593,0.015284919443666065,0.048853988330247025
BTN,BA:625,2023,4,134.875,3540100.3693080004,26247.268725175167,26034.958,143.338,8.462,0.008154832635995344,0.05903528722320669
BTN,BA:625,2024,4,141.471,4055118.5060960003,28663.955906836032,28223.457,147.825,6.354,0.015607546121512815,0.042983257229832574
BTN,BA:625,2025,4,143.49200000000002,4096748.642472,28550.3626855295,28072.673,151.156,7.665,0.017016181021646985,0.05070920109026436
BWA,BX:15710,2019,4,526.098,2726657.7397709996,5182.794345865219,5122.271,526.098,0.0,0.011815725069060033,0.0
BWA,BX:15710,2020,4,518.634,2708937.772893,5223.216705601638,5218.258,518.634,0.0,0.0009502607195041009,0.0
BWA,BX:15710,2021,4,523.283,2884176.978205,5511.696306214802,5511.695,523.284,0.0,2.3698967410995217e-07,0.0
BWA,BX:15710,2022,4,511.921,3129927.129312,6114.082308231153,6088.48,511.922,0.0,0.0042050410334193555,0.0
BWA,BX:15710,2023,4,561.8,3635182.873349,6470.599632162692,6490.037,561.953,0.0,-0.0029949548573156913,0.0
BWA,BX:15710,2024,4,561.227,3673573.0020979997,6545.609890646743,6545.615,561.226,0.0,-7.805765014528612e-07,0.0
CAN,BA:147,1997,4,11364.518,28234181.347077005,2484.4152076733044,2484.415,11364.519,0.0,8.35904244783984e-08,0.0
CAN,BA:147,1998,4,11633.37,29317730.089861996,2520.140775189132,2520.141,11633.37,0.0,-8.920567066526026e-08,0.0
CAN,BA:147,1999,4,11960.655999999999,30942813.731141,2587.0498851518682,2587.05,11960.656,0.0,-4.439347207950768e-08,0.0
CAN,BA:147,2000,4,12379.105,33037102.750311,2668.7795886949016,2668.78,12379.105,0.0,-1.5411727404410092e-07,0.0
CAN,BA:147,2001,4,12654.419,34849703.238864005,2753.95521824147,2753.955,12654.418,0.0,7.924656360236458e-08,0.0
CAN,BA:147,2002,4,12966.913,36522148.343587,2816.5646166968963,2816.565,12966.912,0.0,-1.3608885423112215e-07,0.0
CAN,BA:147,2003,4,13248.689,38031794.951306,2870.608174990446,2870.608,13248.689,0.0,6.095936675601807e-08,0.0
CAN,BA:147,2004,4,13459.345000000001,39641550.030699,2945.2807718874133,2945.281,13459.346,0.0,-7.745019462760345e-08,0.0
CAN,BA:147,2005,4,13606.586,41446171.152769,3046.0374963101694,3046.037,13606.585,0.0,1.6293635620236445e-07,0.0
CAN,BA:147,2006,4,13898.565999999999,44789944.512682,3222.630630575989,3222.631,13898.566,0.0,-1.1463428820786881e-07,0.0
CAN,BA:147,2007,4,14180.02,47496685.491861,3349.549964799838,3349.55,14180.021,0.0,-1.0508922713210392e-08,0.0
CAN,BA:147,2008,4,14381.375,50026363.11645199,3478.55216322862,3478.552,14381.375,0.0,4.692430064006041e-08,0.0
CAN,BA:147,2009,4,14089.008,50389881.360286005,3576.5386292836233,3576.538,14089.009,0.0,1.7594769671439083e-07,0.0
CAN,BA:147,2010,4,14340.267,52285857.876426,3646.0867762382663,3646.086,14340.268,0.0,2.128963130746955e-07,0.0
CAN,BA:147,2011,4,14577.693000000001,54488459.77180301,3737.797179005142,3737.797,14577.692,0.0,4.789054674312144e-08,0.0
CAN,BA:147,2012,4,14772.881000000001,56866624.757737,3849.3930031479304,3849.393,14772.881,0.0,8.177731732900835e-10,0.0
CAN,BA:147,2013,4,14982.106,58921361.634166,3932.7823227366034,3932.782,14982.106,0.0,8.206318155089549e-08,0.0
CAN,BA:147,2014,4,15097.099,60427717.951492004,4002.6046031421006,4002.604,15097.098,0.0,1.5068742767756872e-07,0.0
CAN,BA:147,2015,4,15194.735,62406716.493286,4107.127665818851,4107.127,15194.735,0.0,1.6211304164526857e-07,0.0
CAN,BA:147,2016,4,15295.121,63957093.746787995,4181.535650929993,4181.536,15295.12,0.0,-8.347889564022451e-08,0.0
CAN,BA:147,2017,4,15640.481,66405479.895947,4245.744098020195,4245.744,15640.481,0.0,2.3086694761753814e-08,0.0
CAN,BA:147,2018,4,15895.899000000001,69379078.171724,4364.589770715327,4364.59,15895.898,0.0,-5.253292358933785e-08,0.0
CAN,BA:147,2019,4,16257.826000000001,72805579.28183201,4478.1866457318465,4478.187,16257.826,0.0,-7.910972752751019e-08,0.0
CAN,BA:147,2020,4,15335.260000000002,73163046.649881,4770.9035679786975,4770.904,15335.26,0.0,-9.055334228339098e-08,0.0
CAN,BA:147,2021,4,16312.880000000001,79442497.85742399,4869.924737840528,4869.925,16312.88,0.0,-5.383234283605713e-08,0.0
CAN,BA:147,2022,4,17105.068,87145250.82560602,5094.703559530194,5094.704,17105.069,0.0,-8.645640760547919e-08,0.0
CAN,BA:147,2023,4,17681.55,94494526.48672798,5344.244508356337,5344.244,17681.55,0.0,9.51222169828578e-08,0.0
CAN,BA:147,2024,4,18055.818,100946074.25189799,5590.778232916282,5590.778,18055.819,0.0,4.166079956581867e-08,0.0
CAN,BA:147,2025,4,18317.332000000002,105543509.99914701,5761.947755226962,5761.948,18317.333,0.0,-4.248095236244738e-08,0.0
CHE,BA:253,1991,4,3057.668,12544867.546711,4102.756593165444,4082.122,3080.861,23.193,0.005054869297253876,0.00752809036175277
CHE,BA:253,1992,4,2988.516,13945359.380256,4666.315783571512,4554.008,3096.902,108.386,0.0246613057270677,0.034998201428395215
CHE,BA:253,1993,4,2944.343,14294177.23268,4854.7934913425515,4721.217,3060.165,115.821,0.028292809108870002,0.03784795917867174
CHE,BA:253,1994,4,2934.6040000000003,14579738.579198001,4968.213285062652,4826.612,3053.682,119.079,0.029337615093703844,0.03899521954152397
CHE,BA:253,1995,4,2977.2110000000002,15051694.074205,5055.635651690458,4945.308,3076.113,98.901,0.022309561242789724,0.03215128963077754
CHE,BA:253,2014,4,3777.085,21637858.245424,5728.718905034967,5735.635,3787.78,10.694,-0.001205811556180467,0.002823289631393587
CHE,BA:253,2015,4,3849.4970000000003,22266430.061441,5784.244035374231,5793.803,3858.769,9.273,-0.0016498601394918963,0.0024030979828022873
CHE,BA:253,2016,4,3901.538,22560258.827327,5782.401408707798,5782.768,3913.473,11.934,-6.3393740195427e-05,0.0030494652703621566
CHE,BA:253,2017,4,3930.5209999999997,22823281.777092,5806.681042307623,5810.761,3941.068,10.547,-0.000702138272831617,0.002676178132425018
CHE,BA:253,2018,4,3975.2439999999997,23345925.624416,5872.828340704622,5876.908,3986.332,11.088,-0.0006941846452893945,0.0027815044005366336
CHE,BA:253,2019,4,4020.2080000000005,23842569.132306002,5930.680485264941,5934.202,4031.526,11.317,-0.0005934268390356613,0.002807125639274062
CHE,BA:253,2020,4,4012.554,24078503.304722,6000.79233942322,6009.231,4025.099,12.544,-0.001404282940159816,0.0031164450861953952
CHE,BA:253,2021,4,3946.859,23956767.733624,6069.831157795097,6093.755,3970.571,23.712,-0.003925960627708685,0.005971937033741495
CHE,BA:253,2022,4,3948.05,24130079.307044,6111.8981033786295,6137.599,3974.148,26.099,-0.004187451252740803,0.006567193773357207
CHE,BA:253,2023,4,4010.873,25118039.91686,6262.486973997929,6287.843,4037.295,26.422,-0.0040325475687084415,0.006544480896243648
CHE,BA:253,2024,4,4025.8070000000002,25595270.760867,6357.79876205367,6374.793,4054.011,28.204,-0.002665849376808005,0.006957060550649714
CHE,BA:253,2025,4,4044.717,26079961.228957005,6447.907536907281,6467.845,4074.986,30.268,-0.00308255115772248,0.007427755580019171
CHL,BX:138,1998,4,3841.876,755159926.760212,196560.20307792648,193162.496,4014.47,172.594,0.017589890109550362,0.04299297292046023
CHL,BX:138,2000,4,4059.3740000000003,853480218.865289,210249.22041312009,211685.024,4105.797,46.423,-0.006782735782385436,0.011306696361266766
CHL,BX:138,2003,4,4448.894,1001257216.4314039,225057.5573235514,225378.581,4465.665,16.771,-0.0014243752668254579,0.003755543687222396
CHL,BX:138,2006,4,4962.727000000001,1405725551.2322679,283256.67545933265,283601.784,4977.834,15.107,-0.0012168771853259476,0.0030348541152637873
CHL,BX:138,2009,4,5062.737999999999,1839451288.9558377,363331.321699017,363776.901,5062.738,0.0,-0.0012248696928203091,0.0
CIV,BA:14098,2017,4,1774.978,204153381.188459,115017.41496990892,110363.576,1775.882,0.0,0.04216825096269911,0.0
CIV,BA:7345,2012,4,891.952,76536727.02168,85808.12310716271,76936.655,917.17,25.219,0.11530873167234412,0.02749653826444389
CIV,BA:7345,2013,4,1922.646,215140502.482676,111898.13542517759,114308.731,2082.514,159.868,-0.02108846414209959,0.07676683085924031
CIV,BA:7345,2019,4,2290.917,303217744.397674,132356.49497457745,135130.477,2292.949,0.0,-0.020528174598411008,0.0
CIV,BB:16197,2022,4,3209.755,395939141.987875,123354.9420400856,128952.459,3248.496,38.74,-0.04340760155581368,0.011925518763144545
CMR,BX:7419,2014,4,1862.027,253190621.467172,135975.80565006414,133259.848,1865.467,3.44,0.02038091511303646,0.0018440422693084357
COD,BA:3051,2005,4,1963.55,26742202.523085,13619.313245440657,13688.537,1968.64,5.089,-0.005057060119671184,0.002585033322496749
COD,BA:3051,2012,4,4625.064,421443130.7577,91121.57815712388,87813.179,4729.606,104.542,0.03767542861788289,0.0221037439482274
COD,BX:16939,2016,4,8094.450999999999,1230552871.9643579,152024.25364788272,146109.887,8594.16,499.494,0.04047889413454092,0.058120165321567205
COG,BA:2624,2009,4,668.7090000000001,67223945.921444,100527.95150273736,101095.162,668.709,0.0,-0.00561065916549637,0.0
COK,BA:15665,2023,4,6.838000000000001,69573.221758,10174.498648435214,10125.126,6.873,0.0,0.004876250274338681,0.0
COL,BA:358,2007,4,9169.413,7022258845.203251,765835.1570818383,763464.77,9172.498,3.085,0.003104775983099167,0.000336331498791278
COL,BA:358,2008,4,8558.511999999999,6640508219.909256,775895.1813012889,770795.696,8560.993,2.482,0.006615871530876961,0.0002899196389951493
COL,BA:358,2009,4,8646.302,6575727241.073368,760524.8163981976,754673.565,8648.475,2.172,0.007753354124968732,0.00025114254247136057
COL,BA:358,2010,4,8579.751,6918354780.6902485,806358.4573363782,802608.039,8581.203,1.452,0.00467278939923274,0.0001692070447465233
COL,BA:358,2011,4,8826.23,7418567022.311277,840513.6759761843,836036.115,8826.951,0.72,0.005355702816958239,8.15683694177072e-05
COL,BA:358,2012,4,9183.942,8123218056.073369,884502.3254799921,879375.151,9187.113,3.17,0.005830474597970678,0.0003450485478952964
COL,BA:358,2013,4,9481.047,8833315876.22623,931681.4773965607,925139.02,9483.227,2.18,0.007071864071370265,0.00022987955471275758
COL,BA:358,2014,4,9878.338,9549200372.899195,966680.8700916283,959581.069,9880.64,2.301,0.0073988548971970864,0.0002328796515205493
COL,BA:358,2015,4,10124.192,9961286023.077112,983909.2367150992,977329.688,10128.092,3.9,0.0067321690887785935,0.00038506759219801714
COL,BA:358,2016,4,10170.361,10613767346.908268,1043597.8965651531,1036404.645,10173.472,3.111,0.006940582136384702,0.0003057953076393192
COL,BA:358,2017,4,10218.45,11234141742.479898,1099397.828680465,1089188.331,10219.315,0.865,0.009373491608279994,8.464363805206121e-05
COL,BA:358,2018,4,10223.048999999999,11839135721.656485,1158082.6543682306,1147142.232,10223.671,0.622,0.009537110624160624,6.083920345245851e-05
COL,BA:358,2019,4,10656.86,13244173338.489408,1242783.834871567,1236686.667,10657.386,0.525,0.004930244688703503,4.9261610680142395e-05
COL,BA:358,2021,4,10105.489,12900614939.40292,1276594.8228139104,1263928.922,10106.233,0.0,0.010021054660153121,0.0
COL,BA:358,2022,4,11647.243999999999,18477474355.624733,1586424.5958635996,1574407.971,11647.486,0.241,0.007632472068829268,2.0691160307039645e-05
COL,BA:358,2023,4,12164.54,21103742281.402924,1734857.4036834047,1724252.401,12164.667,0.0,0.0061504932092622325,0.0
COL,BA:358,2024,4,12491.319,24221461736.017857,1939063.5797562979,1926546.622,12491.57,0.0,0.006497095690995375,0.0
COL,BA:358,2025,4,12963.395,26296148862.19605,2028492.4483282387,2022657.14,12963.479,0.0,0.0028849715618331547,0.0
COL,BX:2226,2002,4,7757.41,3573025592.694408,460595.1719316638,444185.891,7828.421,71.011,0.0369423731463452,0.009070922475937356
COL,BX:2226,2003,4,8073.859,3925964378.7656302,486256.247324313,468043.979,8164.25,90.391,0.038911446661966324,0.011071561992834615
COL,BX:2226,2004,4,8021.427,4253885700.4255238,530315.3292332554,513021.453,8090.734,69.306,0.03370985001139002,0.008566095486515808
COL,BX:2226,2005,4,8219.59,4752601164.117357,578204.1639689276,562591.642,8545.063,325.473,0.027751073431211023,0.03808901116352214
COM,BA:14125,2014,4,71.882,6003733.314258,83522.06830998024,84376.213,71.881,0.0,-0.010123050794182508,0.0
COM,BA:14125,2021,4,77.041,8136384.567464,105611.09756446567,105355.189,77.373,0.333,0.0024290076919293783,0.004303826916366174
COM,BX:13363,2004,4,32.547,3724785.681504,114443.28759959445,112039.802,37.689,5.142,0.021452069324385745,0.13643238080076417
CPV,BA:7395,2015,4,70.89,2385295.4356690003,33647.84081914234,32193.003,71.871,0.98,0.045191118677009916,0.013635541456220174
CRI,BA:12883,2017,4,1517.175,902421530.165579,594803.8493684506,604647.994,1520.11,2.935,-0.016280786059383448,0.0019307813250356884
CRI,BA:12883,2018,4,1541.991,897937643.5370541,582323.5307709669,590811.688,1544.21,2.218,-0.014366941957033637,0.0014363331412178394
CRI,BA:12883,2019,4,1549.363,1010055781.5423081,651916.8080961711,664902.403,1551.399,2.036,-0.019530076662738313,0.0013123638728657168
CRI,BA:12883,2020,4,1370.1100000000001,940175094.013536,686204.0960313667,697392.191,1371.365,1.255,-0.016042759171981124,0.0009151465875241092
CRI,BA:12883,2021,4,1443.515,893703164.9943631,619115.953068976,629003.315,1444.621,1.106,-0.01571909351705704,0.0007655987279708657
CRI,BA:12883,2022,4,1545.361,935079083.162163,605087.7970662926,615297.275,1545.967,0.607,-0.016592756621110365,0.0003926345128971058
CRI,BA:12883,2023,4,1556.175,891849176.504141,573103.3955076652,579003.737,1557.793,1.619,-0.010190506753732283,0.0010392908428783544
CRI,BA:12883,2024,4,1615.6729999999998,969578602.9269519,600108.1920208805,604715.844,1615.816,0.0,-0.0076195324214450655,0.0
CRI,BA:12883,2025,4,1621.3270000000002,978732365.72454,603661.3007274534,606508.073,1621.355,0.0,-0.004693708788516889,0.0
CRI,BX:142,2010,4,1432.416,536802502.255587,374753.21572475246,374645.139,1434.262,1.846,0.00028847758452415026,0.0012870730731205319
CRI,BX:7407,2001,4,1045.646,374738274.561215,358379.67587617127,361687.286,1057.719,12.073,-0.009144944408769602,0.011414184674757662
CRI,BX:7407,2002,4,1060.897,151812226.303742,143097.98812112957,140127.922,1071.488,10.591,0.02119539117357054,0.009884385079440925
CRI,BX:7407,2003,4,1119.319,172910768.34611002,154478.54306601605,152514.108,1131.305,11.986,0.012880349836331479,0.010594844007584162
CRI,BX:7407,2004,4,1123.307,190355789.288274,169460.16475306748,166975.694,1129.728,6.421,0.014879235974713143,0.0056836689893496484
CRI,BX:7407,2005,4,1254.777,230713836.123087,183868.39743084786,182080.743,1260.695,5.918,0.009817921441851086,0.0046942361157932735
CRI,BX:7407,2006,4,1277.458,269047476.03527904,210611.60213116911,207932.65,1283.351,5.893,0.012883749286940365,0.00459188483898793
CRI,BX:7407,2007,4,1395.522,332535956.06518,238287.86365616595,235611.362,1399.543,4.021,0.01135981572979472,0.0028730807127755275
DJI,BX:15732,2017,4,38.399,3597431.352213,93685.54785835568,95504.295,38.459,0.0,-0.01904361622316897,0.0
DOM,BA:13413,2015,4,2285.48,30038551.355093002,13143.213397226404,13062.85,2287.403,1.924,0.0061520569574329735,0.0008411285637030293
DOM,BA:13413,2016,4,1758.3890000000001,25528858.772444002,14518.322608048618,13570.556,2426.412,668.023,0.06983992461684088,0.27531309604469484
DOM,BA:13413,2017,4,1745.105,27569903.057528,15798.42075836583,14544.43,2455.808,710.702,0.08621793761363145,0.2893964023246117
DOM,BA:13413,2018,4,1799.988,31488250.639707,17493.58920154301,15971.025,2570.747,770.758,0.0953329045282323,0.2998186908318866
DOM,BA:13413,2019,4,1876.3200000000002,34798108.58891,18545.93490924256,16884.531,2715.461,839.14,0.09839798980750838,0.30902303513105145
DOM,BA:13413,2020,4,1719.489,36194998.009094,21049.8572593916,19206.503,2497.681,778.191,0.09597552763205248,0.3115654080725281
DOM,BA:13413,2021,4,1713.8609999999999,38550640.475949,22493.446362306513,20473.529,2557.905,844.044,0.0986599507249832,0.32997472541005235
DOM,BA:13413,2022,4,1765.393,43213697.10000999,24478.230682918755,22602.613,2669.441,904.048,0.08298233849859542,0.3386656607132355
DOM,BA:13413,2023,4,1853.58,51332573.945388004,27693.74612662416,25548.746,2786.809,933.228,0.08395715886111044,0.3348733264461253
DOM,BA:13413,2024,4,1922.5149999999999,57638384.488606,29980.720300546942,27621.256,2920.006,997.491,0.08542204961812527,0.3416058049195789
DOM,BA:13413,2025,4,1991.1689999999999,64993934.31093901,32641.093905609727,30072.139,3039.365,1048.195,0.08542641099157355,0.34487302446399165
DOM,BA:3,2000,4,1726.076,7957597.989549,4610.2245727007385,4704.57,1738.868,12.791,-0.020053995859188246,0.007355935010593099
DOM,BA:3,2001,4,1652.663,8239674.5021319995,4985.6955121110595,5070.581,1668.075,15.414,-0.016740781359954725,0.009240591700013488
DOM,BA:3,2002,4,1691.855,8628008.998839,5099.7331324723455,5157.613,1702.932,11.076,-0.011222219954784281,0.006504076498650563
DOM,BA:3,2003,4,1690.569,9360851.048363999,5537.100850875651,5598.878,1700.689,10.121,-0.011033844481760167,0.005951117458865201
DOM,BA:3,2004,4,1759.62,11708701.183054,6654.107809103102,6774.098,1772.785,13.165,-0.01771308754271015,0.007426168429899846
DOM,BA:3,2005,4,1729.474,13269273.716492001,7672.433188641172,7753.122,1740.855,11.382,-0.010407267080129576,0.006538166590554641
DOM,BA:3,2006,4,1823.33,15534013.182650998,8519.584048225499,8588.013,1832.928,9.598,-0.007967960897881956,0.005236430454442291
DOM,BA:3,2007,4,1895.7869999999998,17276154.774352,9112.91973958678,9217.967,1906.307,10.52,-0.011395924981421718,0.0055185235116904045
DOM,BA:3,2008,4,1865.4360000000001,18952478.359465998,10159.811625521324,10298.722,1879.378,13.943,-0.013488117698358622,0.0074189439271929334
DOM,BA:3,2009,4,1823.915,20034282.268926002,10984.219258532334,11038.588,1832.929,9.014,-0.00492533478626669,0.0049178118737823445
DOM,BA:3,2010,4,1894.913,21345475.521684002,11264.620339658866,11326.755,1903.267,8.354,-0.005485654129636686,0.0043892948283136305
DOM,BA:3,2011,4,1990.654,24062355.24679,12087.663273873812,12128.816,1994.72,4.066,-0.0033929714265752736,0.0020383813267024946
DOM,BA:3,2012,4,2069.842,27276961.93987,13178.28217799716,13259.004,2078.247,8.403,-0.006088075846635296,0.0040433115024345045
DOM,BA:3,2013,4,2121.2839999999997,28127922.24092,13259.856879569168,13371.922,2135.264,13.98,-0.008380629234214228,0.006547199784195303
DOM,BA:3,2014,4,2204.658,30440338.289058,13807.28361907289,13895.798,2215.514,10.855,-0.006369866698343652,0.004899540242128914
ECU,BA:19,2001,4,2915.887,466164.05635200004,159.8704121085625,160.006,2920.541,4.655,-0.000847392544263937,0.0015938827771977862
ECU,BA:19,2003,4,2920.547,608474.5481,208.3426659800373,207.696,2920.548,0.0,0.003113521589425469,0.0
ECU,BA:19,2004,4,2882.403,663406.9094199999,230.15758359257882,229.958,2882.403,0.0,0.0008679132388471743,0.0
ECU,BA:19,2005,4,3124.7380000000003,759429.070924,243.0376789746852,242.427,3124.739,0.0,0.002519022116699932,0.0
ECU,BA:19,2006,4,3233.272,836222.617808,258.630457879201,258.327,3233.273,0.0,0.0011747044606293775,0.0
ECU,BA:19,2007,4,3253.713,916206.157983,281.5878837448171,280.923,3255.744,2.031,0.0023667828722357203,0.0006238205460871617
ECU,BA:19,2008,4,3346.367,1000414.3220670001,298.95535130097807,298.705,3348.618,2.252,0.0008381222308902823,0.000672516244014695
ECU,BA:19,2009,4,3315.173,1066469.558306,321.6934857716324,317.0,3315.389,0.0,0.014805948806411433,0.0
ECU,BA:19,2010,4,3377.9610000000002,1204171.1615600002,356.47870462684443,354.506,3377.962,0.0,0.005564657937649747,0.0
ECU,BA:19,2011,4,3341.178,1298325.6405370003,388.58320045714424,386.555,3341.291,0.0,0.005246861267204504,0.0
ECU,BA:19,2012,4,3468.439,1430791.512987,412.51742152218907,408.62,3468.688,0.0,0.009538009696512808,0.0
ECU,BA:19,2013,4,3658.6800000000003,1656463.177996,452.7488542304875,450.818,3658.773,0.0,0.004283001633669268,0.0
ECU,BA:19,2014,4,3863.464,1874164.2799499999,485.09945477685307,484.434,3863.464,0.0,0.0013736747975019077,0.0
ECU,BA:19,2015,4,3927.598,1962995.784953,499.79549458804087,498.46,3927.834,0.237,0.002679241239098198,6.0338598830805985e-05
ECU,BA:19,2016,4,3824.69,1906323.6607829998,498.4256660756819,498.023,3826.912,2.221,0.0008085290753275453,0.0005803634888913046
ECU,BA:19,2017,4,3913.514,1958474.376893,500.43883243882607,500.091,3915.047,1.534,0.0006955382896833982,0.00039182160520678295
ECU,BA:19,2018,4,3872.0060000000003,1996524.791582,515.630603770242,514.6,3873.33,1.323,0.0020027278862067817,0.00034156655900736575
ECU,BA:19,2019,4,3808.713,1955771.017438,513.4991839600411,512.064,3809.791,1.078,0.002802743329039285,0.00028295515423287
ECU,BA:19,2021,4,3611.941,1748793.5893330001,484.1700319393368,482.378,3612.942,1.0,0.0037149951683883246,0.0002767827438137673
ECU,BA:19,2022,4,3793.234,1894560.967832,499.457973811265,499.383,3793.418,0.185,0.00015013288651197714,4.876868301885001e-05
ECU,BA:19,2023,4,3979.1459999999997,2026865.609656,509.37201340589166,509.086,3979.475,0.33,0.0005618174648127261,8.292551153104368e-05
ECU,BA:19,2024,4,3926.7309999999998,2061835.669262,525.0768818291857,525.094,3927.116,0.385,-3.260020265769975e-05,9.803631978276171e-05
ECU,BA:19,2025,4,4150.916,2236224.134954,538.730279040578,538.453,4151.065,0.0,0.0005149549553592179,0.0
EGY,BA:582,2008,4,13507.505000000001,962147.657719,71.23059793196448,71.235,13507.505,0.0,-6.179642079760594e-05,0.0
EGY,BA:582,2009,4,13919.748,3344590.357944,240.27664566513704,240.272,13919.748,0.0,1.9335025042650296e-05,0.0
EGY,BA:582,2010,4,14822.797,11201298.946325,755.6805201019079,760.359,14822.797,0.0,-0.006152988125467282,0.0
EGY,BA:582,2011,4,14281.501,13261042.07827,928.546801787151,953.332,14281.502,0.0,-0.02599849602536049,0.0
EGY,BA:582,2012,4,14725.121,18590315.459202,1262.489826684752,1296.577,14725.122,0.0,-0.026290126475518257,0.0
EGY,BA:582,2013,4,14642.932999999999,19926615.08867,1360.834956266617,1398.949,14642.932,0.0,-0.027244769990459366,0.0
EGY,BA:582,2015,4,15492.496,27327454.543885,1763.9155462028198,1816.641,15493.062,0.0,-0.029023595634569684,0.0
EGY,BA:582,2016,4,17661.676,34031082.443302,1926.8319973315104,1961.061,17688.857,27.18,-0.01745432838065188,0.0015365605590005051
EGY,BA:582,2017,4,17676.261,37687449.437142,2132.093966995735,2153.413,17699.109,22.849,-0.009900113449795668,0.0012909689408658932
EGY,BA:582,2018,4,17863.032,39728243.610685006,2224.048168904641,2245.307,17885.958,22.926,-0.009468117765347369,0.0012817876459287223
EGY,BA:582,2020,4,18875.073,50274594.189027,2663.5443576311995,2705.454,19032.15,157.076,-0.015490798353548288,0.008253192624059814
EGY,BA:582,2021,4,19586.301,56257259.882761,2872.2758770408464,2912.839,19733.086,146.786,-0.013925631646360678,0.007438572963194911
EGY,BA:582,2022,4,20422.228,65353833.543925,3200.132402004571,3241.331,20628.372,206.144,-0.012710395203522651,0.009993226804325616
EGY,BA:582,2023,4,21042.415,81837644.026767,3889.175459507238,3889.176,21042.415,0.0,-1.389735928527166e-07,0.0
EGY,BA:582,2024,4,21747.357,107726851.222101,4953.560619899742,4953.561,21747.357,0.0,-7.673272977637493e-08,0.0
ETH,BA:1126,2005,4,2289.477,759080.478261,331.55191262502314,334.991,2325.777,36.299,-0.010266208271197884,0.015607257273590717
ETH,BA:1126,2013,4,4030.176,5435665.45101,1348.741457199388,1345.499,4071.219,41.042,0.002409854782045843,0.010081010134802377
ETH,BA:1126,2021,4,5091.6849999999995,21206523.240125,4164.932284720088,4195.965,5280.548,188.863,-0.007395847029208257,0.035765795519707426
FJI,BA:1135,2005,4,190.167,112217.78795800002,590.1012686638587,590.101,190.167,0.0,4.55284533866685e-07,0.0
FJI,BA:1135,2011,4,184.365,169978.372471,921.9666014210941,922.178,184.364,0.0,-0.00022923836711124566,0.0
FJI,BA:1135,2016,4,208.042,220746.478047,1061.0668905653667,1060.948,208.076,0.0,0.00011206069040768746,0.0
FJI,BA:1135,2024,4,190.87900000000002,265056.777005,1388.611513078966,1392.11,190.88,0.0,-0.002513082242806871,0.0
FRA,BA:148,2005,4,19513.882,29727194.162845,1523.3870002311687,1557.414,22230.482,2716.6,-0.021848397259066166,0.12220157889514047
FRA,BA:148,2006,4,19432.298,30279830.369018,1558.2218000680105,1592.678,22255.056,2822.76,-0.021634128136377634,0.12683679609703072
FRA,BA:148,2007,4,19819.788,31683625.055087,1598.5854669629664,1633.953,22736.903,2917.114,-0.02164537966332788,0.12829865175569427
FRA,BA:148,2008,4,20163.78,33248103.048834,1648.9022915759842,1676.993,23136.886,2973.106,-0.016750641430235965,0.12850069797638283
FRA,BA:148,2009,4,19724.513,33208401.713983,1683.6107291461644,1717.239,22813.954,3089.441,-0.01958275513998669,0.13541891949111493
FRA,BA:148,2010,4,19676.243,33505883.970191002,1702.859838140391,1738.951,22729.759,3053.516,-0.020754559420943414,0.13434000774051325
FRA,BA:148,2011,4,19661.059999999998,34446210.194771,1752.0016822476002,1784.44,22719.643,3058.582,-0.01817843006904117,0.13462280195159756
FRA,BA:148,2012,4,19620.896,35072932.759304,1787.5296194069833,1819.133,22814.858,3193.961,-0.0173727707611355,0.13999477884105174
FRA,BA:148,2013,4,19460.318,34874559.048031,1792.085774139508,1826.341,22877.409,3417.091,-0.018756204816346957,0.14936529744255567
FRA,BA:148,2014,4,23250.667999999998,42800680.774583995,1840.8366062680004,1843.536,23312.239,61.572,-0.0014642479083672002,0.0026411877469169733
FRA,BA:148,2015,4,23285.294,43109527.807274,1851.3628304316878,1851.132,23360.256,74.963,0.00012469690529241773,0.00320899736715214
FRA,BA:148,2016,4,23369.970999999998,43667043.18414,1868.5107989282485,1866.954,23442.236,72.266,0.0008338710692649922,0.0030827264088630455
FRA,BA:148,2017,4,23624.181,44612081.583023,1888.4075423830775,1889.213,23692.296,68.115,-0.0004263455824845941,0.0028749851850576238
FRA,BA:148,2018,4,23795.678,45991463.758868,1932.7654273548333,1931.652,23870.963,75.284,0.0005764119804360311,0.0031537898156852747
FRA,BA:148,2019,4,23778.513,47225833.781652,1986.0717859713097,1986.284,23848.477,69.963,-0.00010683972115285057,0.0029336464546562027
FRA,BA:148,2020,4,23582.674,47480676.350281,2013.3711872657443,2015.55,23645.508,62.835,-0.0010810015798445305,0.0026573757687929564
GBR,BA:666,2005,4,4001.871,6603805.622187,1650.1795340696888,1680.222,25063.442,21061.572,-0.017880057474733226,0.8403303903749533
GBR,BA:666,2006,4,23033.572,41482733.55636001,1800.9683238170792,1750.45,25251.024,2217.452,0.028860192417423595,0.08781631984508827
GBR,BA:666,2007,4,23217.085,43428027.273208,1870.5202342674802,1819.758,25401.354,2184.269,0.027895046631189507,0.0859902586295203
GBR,BA:666,2008,4,23346.689000000002,44383172.678941,1901.0478393292083,1890.482,25616.615,2269.926,0.005588965845328494,0.0886114734518983
GBR,BA:666,2009,4,22982.681,44313924.326603994,1928.144254650012,1912.966,25127.497,2144.817,0.007934409001525458,0.08535736766777845
GBR,BA:666,2010,4,22995.255999999998,45156386.913482994,1963.726210027103,1944.876,25055.036,2059.781,0.009692242604208702,0.08221025904732286
GBR,BA:666,2011,4,23440.642,46614172.070516996,1988.6047519738152,1973.769,25146.622,1705.979,0.007516458093026666,0.06784127903938748
GBR,BA:666,2012,4,23652.841,48027799.625238,2030.5298473548273,2014.78,25225.3,1572.459,0.00781715490268285,0.06233658271655838
GBR,BA:666,2013,4,23957.731,49587562.876566,2069.7937912637053,2057.561,25559.798,1602.067,0.005945287290974686,0.06267917297311974
GBR,BA:666,2014,4,24367.104,51334024.721393,2106.693709740517,2086.503,25975.594,1608.489,0.009676817977504427,0.061923088265084525
GBR,BA:666,2015,4,24492.123,52260956.809471,2133.786312010233,2131.64,26497.407,2005.284,0.001006882968152705,0.07567849940939504
GBR,BA:666,2016,4,24574.378,52971602.964762,2155.5623082204565,2173.03,26809.953,2235.575,-0.008038403418058497,0.08338600966588788
GBR,BA:666,2017,4,24833.835,55565976.538589,2237.51090150148,2243.247,27090.043,2256.208,-0.002557051674880128,0.08328550825851402
GBR,BA:666,2018,4,25191.974000000002,57995867.009168,2302.1565125927805,2315.906,27512.236,2320.261,-0.0059369799150826835,0.08433560252972531
GBR,BA:666,2020,4,25783.369,64704461.858585,2509.5425605003365,2543.343,27873.112,2089.742,-0.013289768426697973,0.07497340088900013
GBR,BA:666,2021,4,25653.311999999998,65155204.41208801,2539.8359639522573,2553.992,27792.83,2139.518,-0.00554270962780732,0.07698093357171615
GBR,BA:666,2022,4,26147.052,70259360.13431999,2687.0853407994136,2744.647,28353.42,2206.367,-0.020972336041970532,0.07781660907220364
GBR,BA:666,2023,4,27785.0,79176445.768064,2849.6111487516287,2913.212,28578.309,793.31,-0.021831865050800054,0.027759165176637984
GBR,BA:666,2024,4,28171.108,84016428.490013,2982.3615205341944,3036.588,28971.825,800.717,-0.017857700638284093,0.027637782569789784
GBR,BA:666,2025,4,28757.199,88969611.346865,3093.8204846329086,3156.794,29605.654,848.454,-0.019948566604945175,0.02865851232335553
GHA,BA:1163,2015,4,1989.0569999999998,1751602.782995,880.6197021980769,895.608,1989.057,0.0,-0.01673533264767964,0.0
GHA,BB:16203,2022,4,2922.7610000000004,5076736.606538,1736.9660422244579,1797.204,3099.023,176.262,-0.03351759609679374,0.05687663499109235
GHA,BB:16203,2023,4,11748.599,36216994.395241,3082.6649539439554,3095.953,12915.022,1166.424,-0.004292069697454887,0.09031529330728201
GHA,BB:16203,2024,4,12528.64,32584574.436458003,2600.8069859504308,2578.889,13708.884,1180.245,0.00849900323372997,0.08609344130419368
GHA,BB:3078,1991,4,747.52,24262140.93719,32456.84521777344,31533.845,883.3,135.78,0.02927014507027096,0.15371900826446283
GHA,BB:3078,2006,4,1793.969,1983184424.2316432,1105473.0735211384,1159860.505,1826.157,32.188,-0.04689135567976038,0.017626085818470156
GHA,BB:3078,2013,4,3006.422,1847914.398803,614.6556933135136,625.753,3006.422,0.0,-0.017734324384360105,0.0
GHA,BB:3078,2017,4,3235.6130000000003,2728425.6213,843.2484420417398,849.39,3248.969,13.356,-0.007230551287700746,0.004110842547281922
GIN,BA:15631,2019,4,424.063,709825371.501467,1673867.730741581,1765988.126,556.075,132.012,-0.05216365495450618,0.2373996313446927
GMB,BA:7014,2012,4,119.581,429101.777334,3588.37756277335,3603.209,122.158,2.578,-0.004116174561800328,0.021103816368964783
GMB,BA:7014,2018,4,211.817,831787.753441,3926.9168831632965,3988.236,213.832,2.015,-0.01537499707557512,0.009423285569980172
GNB,BB:15952,2019,4,74.049,6516623.303615,88004.2040218639,90587.472,74.049,0.0,-0.028516834845949704,0.0
GNB,BB:15952,2022,4,169.911,14278934.710850999,84037.72981649805,87940.423,169.97,0.0,-0.04437883114915139,0.0
GRC,BA:317,2015,4,2347.641,2032684.1953309998,865.8411551557499,864.998,2347.64,0.0,0.0009747480985503493,0.0
GRC,BA:317,2016,4,2419.9260000000004,2114287.765152,873.6993466544017,873.344,2419.926,0.0,0.00040688051260627495,0.0
GRC,BA:317,2017,4,2473.411,2169166.264807,876.9938618397831,877.024,2473.412,0.0,-3.43641225518265e-05,0.0
GRC,BA:317,2018,4,2322.889,2058749.9209579998,886.2885488536041,886.053,2322.89,0.0,0.0002658405914816457,0.0
GRC,BA:317,2019,4,2431.03,2149159.486943,884.0530503296956,885.524,2431.029,0.0,-0.001661106497739683,0.0
GRC,BA:317,2020,4,2454.893,2224078.734351,905.9778712762633,905.562,2454.893,0.0,0.00045924108593697655,0.0
GTM,BA:660,2002,4,1923.182,3230281.047471,1679.654368370232,1678.841,1933.337,10.155,0.00048448207437880254,0.005252576245114018
GTM,BA:660,2003,4,2090.869,3651529.4644379998,1746.4171425555592,1746.948,2094.818,3.949,-0.0003038770727239311,0.0018851279681576154
GTM,BA:660,2004,4,2132.283,3592302.7429720005,1684.721372806518,1684.397,2133.713,1.432,0.00019257503220328288,0.0006711305597331974
GTM,BA:660,2010,4,2758.303,5940705.349569,2153.753720881644,2166.921,2761.853,3.55,-0.0060764924602031934,0.0012853689171726372
GTM,BA:660,2011,4,3047.614,6626821.422171,2174.429380548521,2173.883,3047.614,0.0,0.00025133852581810004,0.0
GTM,BA:660,2012,4,3194.792,7235077.790260999,2264.6475233007345,2264.647,3194.792,0.0,2.3107386475025192e-07,0.0
GTM,BA:660,2013,4,3256.572,8003281.120391999,2457.578435358407,2457.578,3256.572,0.0,1.771493752102777e-07,0.0
GTM,BA:660,2014,4,3586.61,9246167.572698,2577.9684918901135,2577.006,3591.963,5.354,0.0003734922969188264,0.0014905498748177528
GTM,BA:660,2015,4,3763.347,9544476.385857001,2536.1669773892763,2536.131,3764.326,0.0,1.4185934904966612e-05,0.0
GTM,BA:660,2016,4,4037.116,10432319.26422,2584.1019342074887,2584.206,4037.116,0.0,-4.026992914318437e-05,0.0
GTM,BA:660,2017,4,3982.2239999999997,10361882.870737,2602.0341574800914,2602.034,3982.225,0.0,6.052191911209449e-08,0.0
GTM,BA:660,2018,4,4107.359,10922408.753922999,2659.229143087565,2662.159,4109.158,1.799,-0.0011005566956877098,0.0004378025863206038
GTM,BA:660,2019,4,4506.816,12390599.191975,2749.3022106904295,2750.711,4507.348,0.0,-0.0005121546064163914,0.0
GTM,BA:660,2021,4,3897.5879999999997,10838569.175967999,2780.8401442040563,2780.84,3897.588,0.0,5.1856293832605066e-08,0.0
GTM,BA:660,2022,4,3890.2200000000003,11601115.398459,2982.123221426809,2982.123,3890.22,0.0,7.425140036845536e-08,0.0
GTM,BA:660,2024,4,4393.907,15839344.160383001,3604.842833583642,3604.843,4393.907,0.0,-4.616466177376822e-08,0.0
GTM,BB:16732,2023,4,4712.123,13159188.11994,2792.624071981992,2792.624,4712.123,0.0,2.5775755088357663e-08,0.0
GTM,BX:5867,2006,4,2549.375,5435051.810287,2131.915395062319,2131.916,2549.376,0.0,-2.837530564741348e-07,0.0
GUY,BA:1214,2018,4,162.743,12554958.265715001,77145.91881503352,76799.898,164.882,2.14,0.0045054853462634,0.012978978906126806
GUY,BA:1214,2019,4,156.436,12872179.266516,82283.99643634458,81920.778,158.342,1.905,0.004433776695145282,0.012030920412777405
GUY,BA:1214,2020,4,165.29399999999998,13966629.665397998,84495.6844495142,83561.373,167.131,1.837,0.011181140471617102,0.010991378020833956
GUY,BA:1214,2021,4,164.881,14613614.435052,88631.2821674541,88397.604,166.562,1.68,0.0026434898332097097,0.010086334217888833
HND,BX:504,2005,4,1192.649,5034735.528133,4221.47298000753,4243.588,1197.879,5.231,-0.005211396580551545,0.004366885136144803
HND,BX:504,2006,4,1228.9399999999998,5610430.358534999,4565.259783663157,4561.445,1232.864,3.923,0.0008363103497152676,0.003182021699068186
HND,BX:504,2007,4,1289.8790000000001,6524964.347421001,5058.5863847857045,5035.409,1295.004,5.125,0.004602880279577055,0.0039575167335390475
HND,BX:504,2008,4,1389.299,7933192.693580999,5710.212627793585,5696.523,1395.124,5.826,0.0024031550111506274,0.004175972888431422
HND,BX:504,2009,4,1393.235,8155063.617264,5853.32956555355,5860.792,1398.114,4.878,-0.0012732808887348434,0.003488985876688167
HND,BX:504,2010,4,1369.15,8575098.832488,6263.08208193989,6255.095,1373.869,4.719,0.001276892187870739,0.003434825299937622
HND,BX:504,2011,4,1441.3780000000002,10747547.404281002,7456.439188249717,7385.085,1449.773,8.395,0.009661931887001513,0.005790561694830846
HND,BX:504,2012,4,1333.2549999999999,9278362.354524,6959.180617754293,6945.277,1337.354,4.099,0.0020018809551142465,0.003065007469974293
HND,BX:504,2013,4,1478.5700000000002,8993454.001798,6082.535153423916,6045.341,1486.028,7.458,0.006152531912412525,0.005018747964372138
HND,BX:504,2014,4,1636.5859999999998,11052563.27589,6753.426508530564,6678.121,1642.341,5.756,0.011276451644192147,0.0035047532759640053
HND,BX:504,2015,4,1678.333,11256684.180026,6707.0624125403,6660.392,1685.76,7.428,0.007007157017229658,0.00440632118451025
HND,BX:504,2016,4,1801.254,12783284.014076,7096.880292327457,7024.417,1813.601,12.347,0.010315915516897225,0.006808002421701355
HND,BX:504,2017,4,1731.781,11899032.089143999,6870.979696130168,6875.838,1745.682,13.902,-0.00070657625584425,0.00796364973689366
HND,BX:504,2018,4,1871.543,12796714.823080998,6837.521137949274,6650.171,1883.505,11.961,0.02817222864634212,0.006350394610048818
HND,BX:504,2019,4,1881.416,14010186.161526,7446.617952396493,7338.608,1894.214,12.798,0.01471804358489958,0.006756364381215639
HND,BX:504,2021,4,2261.34,20048961.981154002,8865.965304268266,8413.258,2351.261,89.921,0.05380879847833811,0.03824373389428056
HND,BX:504,2022,4,2277.825,21250447.226423,9329.271224270082,9217.472,2325.37,47.546,0.012129054937197754,0.02044663859944869
HND,BX:504,2023,4,2336.635,22790283.33075,9753.463134272146,9542.655,2359.031,22.395,0.022091140701633375,0.009493304666195568
HND,BX:504,2024,4,2356.788,25977358.98856,11022.357118484988,10674.584,2393.84,37.052,0.032579547688695615,0.015478060354910938
HND,BX:504,2025,4,2028.8220000000001,22311861.748162,10997.44667011793,11248.067,2621.071,592.25,-0.02228119105994561,0.225957251825685
IDN,BA:510,1996,4,28704.064000000002,11618569212.219257,404770.8788629811,404770.879,28704.064,0.0,-3.38509808996146e-10,0.0
IDN,BA:510,1997,4,30277.787,14062039893.368025,464434.20364137,464434.204,30277.787,0.0,-7.721869467441095e-10,0.0
IDN,BA:510,1998,4,28805.421000000002,15931388757.503817,553069.1170076568,553069.117,28805.421,0.0,1.384432489872899e-11,0.0
IDN,BA:510,1999,4,29383.548000000003,19912990198.342247,677691.8225920929,677691.823,29383.548,0.0,-6.019064274186878e-10,0.0
IDN,BA:510,2000,4,29498.039,12689959905.506905,430196.7295353737,430196.73,29498.039,0.0,-1.0800321445703154e-09,0.0
IDN,BA:510,2001,4,30687.578,15795783085.725027,514728.89407319884,590866.355,32651.161,1963.583,-0.12885733005867483,0.06013822908165502
IDN,BA:510,2002,4,33123.32,21135490983.904846,638084.91974551,691766.912,33123.32,0.0,-0.0776012719360738,0.0
IDN,BA:510,2003,4,29998.992,20333442734.177635,677804.1986936639,786859.657,32042.938,2043.946,-0.1385958186268229,0.06378772133816193
IDN,BA:510,2004,4,31272.46,22569353061.104404,721700.597302048,840021.08,33642.313,2369.853,-0.14085418272830957,0.07044262979183387
IDN,BA:510,2005,4,35888.16,27800655279.468933,774646.9944257084,850790.049,35888.16,0.0,-0.0894968795930188,0.0
IDN,BA:510,2006,4,36981.327,33244271736.518898,898947.5076575511,995447.946,36981.327,0.0,-0.09694172229719876,0.0
IDN,BA:510,2007,4,38418.562,37448355584.54676,974746.4151455425,1075350.928,38418.562,0.0,-0.0935550528064059,0.0
IDN,BA:510,2008,4,39456.113,41381881564.35222,1048807.863165645,1139076.349,39456.112,0.0,-0.07924708990192106,0.0
IDN,BA:510,2009,4,40537.21,47329598718.61891,1167559.3539520581,1305004.134,40537.21,0.0,-0.10532133689619556,0.0
IDN,BA:510,2010,4,42901.083,53594991196.300125,1249268.956597206,1373249.226,42901.083,0.0,-0.09028242438113275,0.0
IDN,BA:510,2011,4,46650.268,62127894841.07626,1331780.0198077376,1331778.138,46650.268,0.0,1.4130039259723168e-06,0.0
IDN,BA:510,2012,4,51265.327000000005,72635372686.1765,1416851.836060199,1416851.816,51265.327,0.0,1.4158289964181015e-08,0.0
IDN,BA:510,2013,4,52994.805,83483015961.28735,1575305.6542294542,1575305.674,52994.805,0.0,-1.2550291801314777e-08,0.0
IDN,BA:510,2014,4,54360.719,92621808799.37164,1703837.0813191717,1703837.072,54360.719,0.0,5.46952048894756e-09,0.0
IDN,BA:510,2015,4,57733.149000000005,104962285782.7775,1818059.2536668577,1818033.31,57733.149,0.0,1.4270182353076504e-05,0.0
IDN,BA:510,2016,4,58418.702,124174423000.89351,2125593.666920116,2125593.661,58418.702,0.0,2.785159004093261e-09,0.0
IDN,BA:510,2017,4,59928.062999999995,145846417917.9365,2433691.5063972035,2433700.752,59928.063,0.0,-3.798989168541734e-06,0.0
IDN,BA:510,2018,4,60839.270000000004,150008391692.77435,2465650.749799831,2465848.915,60839.27,0.0,-8.036388562321882e-05,0.0
IDN,BA:510,2019,4,63407.681,164111966710.89258,2588203.2605938166,2589312.729,63407.681,0.0,-0.00042847987952836404,0.0
IDN,BA:510,2020,4,61662.655,157923291550.65866,2561084.850314322,2561509.932,61662.656,0.0,-0.0001659496535101087,0.0
IDN,BA:510,2021,4,61179.964,153648990107.32812,2511426.6184813073,2511508.115,61179.963,0.0,-3.244923566290488e-05,0.0
IDN,BA:510,2022,4,62946.479999999996,169325165093.66672,2689986.240591479,2690034.686,62946.482,0.0,-1.800921332849315e-05,0.0
IDN,BA:510,2023,4,63987.990000000005,177669407083.84473,2776605.5330671384,2776803.875,63987.99,0.0,-7.142813889281254e-05,0.0
IND,BA:14121,2018,4,87276.371,1368310280.768447,15677.900731785088,15678.987,87276.371,0.0,-6.928178554589578e-05,0.0
IND,BA:14121,2019,4,96880.055,1530571229.535517,15798.62056783016,15799.338,96898.213,18.159,-4.5409001936683796e-05,0.00018740283683043771
IND,BA:14121,2020,4,82955.622,1413433455.0296588,17038.428752058044,17037.051,82955.621,0.0,8.086798930426866e-05,0.0
IND,BA:14121,2021,4,92608.13,1628174963.108188,17581.339382494687,17583.076,92608.13,0.0,-9.87664220591389e-05,0.0
IND,BA:14121,2022,4,101451.359,1906866900.521416,18795.8734049232,18799.404,101451.359,0.0,-0.00018780356424054234,0.0
IND,BA:14121,2023,4,110981.065,2194846170.488924,19776.762553944893,19783.492,110981.066,0.0,-0.00034015461249741223,0.0
IND,BA:14121,2024,4,116795.834,2430004567.337136,20805.575713746228,20811.6,116795.833,0.0,-0.0002894677128990898,0.0
IND,BA:14121,2025,4,120546.05,2677885397.559904,22214.625842654354,22219.99,120546.05,0.0,-0.00024141133032229005,0.0
IND,BX:2228,2005,4,57314.00600000001,293360019.420058,5118.469984807169,5121.703,57332.737,18.731,-0.0006312383191356023,0.0003267068865036044
IND,BX:2228,2010,4,62035.855,594528064.25825,9583.620057436945,9585.423,62037.671,0.0,-0.00018809212311816538,0.0
IND,BX:2228,2012,4,74393.659,885871515.7822311,11907.890103674443,11910.637,74399.966,0.0,-0.00023062547582953182,0.0
JAM,BA:65,2008,4,655.089,20821719.270324,31784.56556334177,30578.195,711.58,56.491,0.03945198738322423,0.0793881222069198
JAM,BA:65,2009,4,598.821,17964606.609054998,29999.96093833549,28534.069,660.247,61.427,0.051373392919723135,0.09303639395559542
JAM,BA:65,2010,4,579.419,17930878.542880997,30946.307495751775,29228.216,631.766,52.347,0.05878194877688649,0.08285821016009093
JAM,BA:65,2011,4,591.2250000000001,19588587.418476,33132.204183645816,31509.509,654.315,63.089,0.05149858678044832,0.09641992006907987
JAM,BA:65,2012,4,587.985,19181048.000781,32621.662118559147,30639.538,643.598,55.613,0.06469171038281145,0.0864095289295492
JAM,BA:65,2013,4,581.597,22091074.614152998,37983.474148169604,35859.531,653.041,71.444,0.05922952947068942,0.10940201304359144
JAM,BA:65,2014,4,626.223,23931184.652207,38215.11610433823,37139.627,669.492,43.268,0.028957994229135108,0.06462810608640582
JOR,BA:682,2017,4,1805.382,637961.1142140001,353.366276064567,353.086,1805.383,0.0,0.0007937897978593781,0.0
JOR,BA:682,2018,4,1876.136,622741.59098,331.927744566492,331.572,1876.136,0.0,0.0010729029184972745,0.0
JOR,BA:682,2019,4,2010.1689999999999,644629.584987,320.6842733058763,320.031,2010.17,0.0,0.002041281331734328,0.0
JOR,BA:682,2020,4,2108.2470000000003,678583.23063,321.87083896241757,321.731,2108.247,0.0,0.0004346455965311725,0.0
JOR,BA:682,2021,4,2064.945,697381.691162,337.7240997518093,337.059,2064.946,0.0,0.0019732443038438185,0.0
JOR,BA:682,2022,4,2187.75,746133.433663,341.050592463947,340.545,2187.75,0.0,0.0014846568410840921,0.0
JOR,BA:682,2023,4,2437.089,832750.921066,341.6990192258059,341.397,2437.089,0.0,0.0008846569413495342,0.0
JOR,BA:682,2024,4,2515.485,885471.407497,352.00822405897867,351.324,2515.485,0.0,0.0019475585470353776,0.0
KEN,BB:7021,2005,4,3485.925,27140788.660350002,7785.821169517417,7896.366,3535.374,49.45,-0.013999456266665345,0.013987204748351944
KEN,BB:7021,2016,4,8867.455,126694201.632617,14287.549430204834,14493.296,8914.877,47.422,-0.014195982045434425,0.005319422803029138
KEN,BX:3465,2019,4,7025.403,105651688.646147,15038.523575963827,13932.869,7071.534,46.131,0.07935584379382499,0.006523478498441781
KHM,BA:1321,2000,4,789.676,123147937.756078,155947.42369791915,155565.221,795.957,6.281,0.0024568646864787202,0.007891129797212662
KHM,BA:1321,2001,4,1004.1179999999999,156578263.978198,155936.11903999132,156499.312,1006.765,2.647,-0.00359869288121016,0.0026292133715415215
KHM,BA:1321,2012,4,2893.834,1391169207.488415,480735.66330633167,474675.536,3312.644,418.812,0.012766883579885287,0.12642831526720047
KHM,BA:1321,2019,4,3769.516,4026688073.2604537,1068224.1627998007,1069006.114,3769.515,0.0,-0.0007314749559975982,0.0
KHM,BB:3064,1996,4,470.84999999999997,40442233.344256,85891.9684490942,85534.384,477.18,6.331,0.0041805930243701325,0.013267530072509326
KHM,BB:3064,1997,4,483.878,48821512.129086,100896.32537351565,100896.964,486.36,2.481,-6.329491582724228e-06,0.005101159634838391
KHM,BB:3064,1999,4,698.9119999999999,108215606.51102099,154834.3804527909,148625.025,840.724,141.812,0.04177866717123119,0.16867842478625567
KHM,BB:3064,2003,4,1220.325,246774038.444476,202219.93193983243,189725.83,1467.49,247.165,0.06585345780188413,0.16842704209228002
KHM,BB:3064,2007,4,1564.0990000000002,478251313.379881,305767.9298943871,295074.854,1761.659,197.561,0.03623851964826216,0.11214485890856289
KHM,BB:3064,2008,4,1732.6970000000001,599391201.223711,345929.6121732253,331752.151,1993.636,260.939,0.042735099472573757,0.13088597918576914
KHM,BB:3064,2009,4,1730.399,606410620.141974,350445.54472232936,331703.379,2023.833,293.433,0.05650278805971809,0.1449887416600085
KHM,BB:3064,2010,4,2021.247,783874887.767601,387817.46504390653,373571.416,2298.123,276.876,0.03813474059778305,0.12047919106157502
KHM,BB:3064,2011,4,2260.7410000000004,948889701.78578,419725.0820796278,404130.953,2515.462,254.721,0.03858682183056591,0.10126211407685745
KHM,BB:3064,2013,4,3001.373,1524001066.8251119,507767.9671354116,497094.711,3265.99,264.617,0.02147127277604774,0.08102198720755423
KHM,BB:3064,2014,4,3323.462,2090858474.4263408,629120.6201323622,610121.425,3701.726,378.264,0.03114002287718742,0.10218584519761863
KHM,BB:3064,2015,4,3723.4570000000003,2510591799.012797,674263.6745940121,655840.741,4105.484,382.027,0.02809055986049523,0.09305285320805048
KHM,BB:3064,2016,4,4096.863,3090971414.9585648,754472.730710928,736010.77,4380.936,284.073,0.025083818693207385,0.06484299245640658
KHM,BB:3064,2020,4,4205.737,4479074835.810705,1064991.6615829058,1076082.625,4207.482,1.744,-0.010306795370006278,0.00041449969364099477
KHM,BB:3064,2021,4,4425.705,4733870973.074491,1069630.9340714058,1081316.447,4426.32,0.0,-0.010806746684575434,0.0
KHM,BB:3064,2023,4,4845.369000000001,5501237369.220314,1135359.8393064209,1146160.576,4846.109,0.0,-0.009423406213527804,0.0
KIR,BB:15723,2019,4,16.752000000000002,8246.35423,492.26087810410695,499.046,16.932,0.179,-0.013596185313363983,0.010571698558941649
KIR,BB:15723,2023,4,21.358,11404.569201,533.9717764303774,538.458,21.431,0.062,-0.00833161280846891,0.00289300545938127
KOS,BB:16127,2000,4,202.148,92003.40178100001,455.12892425846417,455.077,202.149,0.0,0.00011409994015115863,0.0
LAO,BA:6651,2010,4,457.849,509141070.629454,1112028.3557012335,1111897.615,472.621,14.772,0.00011758339928942332,0.031255488012593605
LAO,BA:6651,2017,4,555.393,1094104044.271281,1969963.6910643112,1977052.518,556.118,0.0,-0.003585553176331319,0.0
LAO,BA:6651,2022,4,828.5640000000001,2074490686.510147,2503718.1032607583,2503995.654,829.932,1.368,-0.00011084313936343755,0.001648327814808924
LBN,BA:14074,2019,4,1123.174,1320670553.802421,1175837.8967127276,1175959.958,1127.07,3.897,-0.00010379714584847172,0.0034576379461790305
LBR,BA:16,2010,4,194.625,53662.049315,275.72022769428384,275.684,195.254,0.63,0.00013141021707393008,0.0032265664211744705
LBR,BA:16,2017,4,156.435,201362.64582499999,1287.1968921596829,1308.613,166.205,9.77,-0.0163655013669566,0.05878282843476429
LBR,BB:7322,2014,4,303.729,2450989.548968,8069.659298150654,7995.283,338.723,34.994,0.00930252226852425,0.10331155545977096
LBR,BB:7322,2016,4,326.493,3874693.476196,11867.615771841969,11477.563,371.703,45.21,0.033983936471703,0.12162936538042471
LCA,BB:16927,2016,4,24.179000000000002,53834.940251,2226.516408908557,2121.452,57.716,33.537,0.04952476365647525,0.5810693741770047
LKA,BA:1359,2010,4,4274.996999999999,58766442.47256699,13746.54589759174,13749.943,4274.997,0.0,-0.0002470630175163951,0.0
LKA,BA:1359,2011,4,4182.219,63675625.672621995,15225.320738254499,15227.925,4182.218,0.0,-0.00017101881874913885,0.0
LKA,BA:1359,2013,4,4195.615,80398105.731386,19162.412597768387,19209.289,4198.789,3.174,-0.00244029866132024,0.0007559322461786006
LKA,BA:1359,2014,4,4264.544,88302694.81744301,20706.245454952044,20709.87,4267.819,3.275,-0.00017501534524140414,0.0007673708749129238
LKA,BA:1359,2015,4,4393.325,105068707.25914201,23915.532599828606,23924.724,4396.837,3.513,-0.0003841799876726754,0.0007989834510581128
LKA,BA:1359,2016,4,4592.334,123799065.925224,26957.766121807344,27007.9,4595.577,3.243,-0.0018562671734069288,0.0007056785252428585
LKA,BA:1359,2017,4,4729.856,137401114.936196,29049.745898436657,29562.582,4734.031,4.175,-0.01734747328779813,0.0008819122646218413
LKA,BA:1359,2018,4,4628.906,143719008.59063798,31048.15880699197,31083.061,4633.022,4.116,-0.0011228685941848113,0.0008884050194451914
LKA,BA:1359,2019,4,4736.476000000001,158695791.14903098,33505.03436500701,36468.978,4738.244,1.768,-0.08127301058431056,0.0003731340133602238
LKA,BA:1359,2020,4,4593.294,152500377.10153902,33200.65667504389,37032.148,4595.712,2.417,-0.10346392342556295,0.0005259250362076648
LKA,BA:1359,2021,4,4641.7080000000005,164915881.69430202,35529.13748437041,39797.378,4645.572,3.864,-0.10724928952931488,0.0008317597919050657
LKA,BA:1359,2022,4,4724.697,185432890.01389098,39247.572916081386,44294.45,4728.424,3.727,-0.11393926516569483,0.000788211886243704
LKA,BA:1359,2023,4,4726.143,197873393.79778498,41867.83891172674,47083.578,4729.711,3.568,-0.11077618375292672,0.0007543801302024584
LKA,BA:1359,2024,4,4672.871999999999,228051970.27903,48803.3847875632,48842.945,4675.651,2.779,-0.0008099473206785857,0.000594355737842709
LSO,BA:13,2019,4,345.424,1107993.9360309998,3207.6344898762095,3350.693,393.367,47.943,-0.04269520070140437,0.12187855107317085
LSO,BA:13,2024,4,383.39599999999996,974821.4372069999,2542.5967855872254,2494.242,399.423,16.028,0.019386565372255478,0.04012788447335281
MDA,BA:571,2007,4,831.572,1140776.576604,1371.8313947607664,1359.036,831.702,0.0,0.009415052111030454,0.0
MDA,BA:571,2008,4,850.318,1426113.199198,1677.1527818980662,1660.551,850.318,0.0,0.009997754900672303,0.0
MDA,BA:571,2009,4,836.5550000000001,1500958.113045,1794.2133070091027,1769.551,836.554,0.0,0.013937042226588968,0.0
MDA,BA:571,2010,4,808.5250000000001,1544013.864697,1909.6674372431278,1876.597,808.525,0.0,0.017622556810614,0.0
MDA,BA:571,2011,4,828.887,1704311.525361,2056.1445955371482,2007.839,828.887,0.0,0.024058500475958627,0.0
MDA,BA:571,2012,4,812.331,1829818.702627,2252.5530881217137,2201.769,812.33,0.0,0.023065129957644932,0.0
MDA,BA:571,2014,4,650.294,1602389.359026,2464.099867177,2389.648,650.294,0.0,0.03115599752641381,0.0
MDA,BA:571,2015,4,629.884,1702405.059332,2702.7278980447195,2636.726,629.932,0.0,0.025031762134070577,0.0
MDA,BA:571,2021,4,659.373,3402714.407953,5160.530394712856,4936.973,659.487,0.0,0.045282280197371134,0.0
MDA,BA:571,2022,4,684.553,3930696.7986279996,5741.990464767519,5460.064,684.682,0.0,0.051634278420091606,0.0
MDA,BA:571,2024,4,691.814,5276305.181054,7626.768439282813,7221.346,692.05,0.0,0.05614222601753381,0.0
MDA,BA:571,2025,4,652.018,5931187.618524,9096.662390492287,8708.951,652.148,0.0,0.04451872452747617,0.0
MDG,BA:7423,2012,4,1121.3310000000001,175093632.133399,156148.0349097626,148474.229,1121.331,0.0,0.05168443009569422,0.0
MDG,BA:7423,2015,4,1169.876,225418935.256236,192686.17807035617,209429.056,1169.875,0.0,-0.0799453440197135,0.0
MDV,BB:704,2016,4,96.22,1032951.854133,10735.313387372687,10765.814,99.162,2.942,-0.0028330986052065247,0.029668623061253303
MDV,BB:704,2019,4,137.052,1582554.963571,11547.113238559086,11551.156,137.124,0.0,-0.00034998760651440826,0.0
MEX,BA:463,2002,4,24551.035,91061847.186775,3709.0838405295335,3632.084,24552.879,1.844,0.021199906315364316,7.510320887420168e-05
MEX,BA:463,2003,4,24983.111,98877820.77675602,3957.7865533542245,3859.539,24984.568,1.457,0.025455774214025104,5.831599729881262e-05
MEX,BA:463,2004,4,25739.652000000002,106019663.422862,4118.923729926962,4013.575,25743.132,3.481,0.026248102982244465,0.00013522053182961574
MEX,BA:463,2005,4,27063.171000000002,117055594.442107,4325.272690406716,4233.036,27103.537,40.365,0.021789725012193555,0.0014892890178872227
MEX,BA:463,2006,4,28278.826,130603138.924924,4618.407388090439,4512.283,28311.684,32.858,0.02351900093377089,0.0011605809106939734
MEX,BA:463,2007,4,28957.733,140547471.959988,4853.538499025044,4726.691,29002.421,44.688,0.02683642722256316,0.0015408368839277247
MEX,BA:463,2008,4,29801.824,148749199.429266,4991.278367031025,4849.117,29841.59,39.767,0.029316959568314063,0.0013326032560597475
MEX,BA:463,2009,4,29803.475,150107511.978204,5036.577512461349,4859.461,29847.153,43.678,0.03644776909647983,0.001463389154737807
MEX,BA:463,2010,4,30680.875,156875054.31032,5113.121914232237,4918.187,30719.037,38.163,0.03963552305600359,0.001242324100198844
MEX,BA:463,2011,4,30744.32,160674538.65711698,5226.153600311114,5003.336,30780.946,36.625,0.04453380710612157,0.0011898594669572534
MEX,BA:463,2012,4,32089.69,173313598.315016,5400.912203109971,5154.991,32128.626,38.934,0.047705457315050874,0.001211816527728263
MEX,BA:463,2013,4,32472.942000000003,181513099.23259002,5589.6721409655465,5315.2,32514.415,41.475,0.05163909936889425,0.001275588073782044
MEX,BA:463,2014,4,32986.81,186224141.66726202,5645.41226227277,5353.102,33020.864,34.053,0.05460577105998917,0.0010312570864287498
MEX,BA:463,2015,4,33860.992,198528877.961737,5863.055576213981,5548.15,33899.894,38.901,0.05675866301631742,0.0011475257120273003
MEX,BA:463,2016,4,34784.277,213062601.54712301,6125.256004232114,5796.809,34825.6,41.324,0.05665996658370383,0.001186598364421575
MEX,BA:463,2017,4,35452.885,225879530.297048,6371.259498262214,6016.1,35498.072,45.187,0.05903483955755617,0.0012729423727575965
MEX,BA:463,2018,4,36367.24,243481115.13335103,6695.067185009119,6320.605,36416.11,48.871,0.05924467436410278,0.0013420159374518585
MEX,BA:463,2019,4,37188.333,259048000.365576,6965.840613656332,6621.173,37231.947,43.615,0.05205537049950695,0.0011714402150389827
MEX,BA:463,2020,4,35376.312,261069062.842509,7379.770475862747,7048.628,35409.563,33.25,0.0469797066695458,0.0009390118708892284
MEX,BA:463,2021,4,36262.912,285106195.71377194,7862.198041728474,7499.104,36298.512,35.599,0.04841832327281682,0.0009807289070141497
MEX,BA:463,2022,4,38995.283,328215453.621168,8416.798863112956,8060.331,39037.904,42.621,0.044224965837377575,0.0010917850507547741
MEX,BA:463,2023,4,40361.886,377026034.912251,9341.140176458826,8921.288,40404.138,42.252,0.047061834172243494,0.0010457344740283782
MEX,BA:463,2024,4,40990.174,423963722.35920703,10343.057396126374,9878.469,41038.68,48.507,0.04703040482552259,0.0011819824614241977
MEX,BA:463,2025,4,40930.020000000004,456009593.53168607,11141.201336615179,10608.909,41008.012,77.991,0.05017408827007367,0.0019018478632907149
MEX,BA:463,2026,4,41229.199,481888319.17303205,11688.03495728918,11249.469,41322.176,92.978,0.03898548076261911,0.0022500751170509508
MHL,BB:14101,2019,4,13.469999999999999,10793.393959999998,801.2913110616183,798.347,13.616,0.145,0.0036880091759828124,0.010649236192714453
MLI,BA:219,2013,4,299.006,24447282.942452,81761.84739587834,77081.377,470.12,171.114,0.06072115701667279,0.36397940951246494
MLI,BA:219,2014,4,500.153,36851885.027727,73681.22360103208,72802.307,500.152,0.0,0.012072647657059506,0.0
MLI,BA:219,2015,4,597.31,39862253.162337996,66736.28963576368,64630.832,597.309,0.0,0.03257667541342615,0.0
MLI,BA:219,2016,4,630.502,44917853.702047,71241.4135118477,70076.466,630.502,0.0,0.016623947786517924,0.0
MLI,BA:219,2017,4,718.391,51946067.848668,72308.90677732322,69595.744,718.391,0.0,0.03898460769847101,0.0
MLI,BA:219,2018,4,729.751,58152760.271658,79688.49685941917,73226.196,729.751,0.0,0.08825121626445238,0.0
MLI,BA:219,2020,4,596.866,49657997.912035,83197.90021886824,81011.207,596.866,0.0,0.026992477952689196,0.0
MLI,BA:219,2022,4,837.14,78052005.437947,93236.5021835619,91875.792,837.141,0.0,0.014810323306512514,0.0
MLI,BA:219,2023,4,791.0989999999999,79250563.867342,100177.80817235517,99060.07,791.099,0.0,0.0112834381436957,0.0
MLI,BA:219,2024,4,923.475,101820891.362919,110258.41670095996,106709.88,923.474,0.0,0.03325405952063631,0.0
MLI,BB:16232,2019,4,1222.04,114991910.925706,94098.3199614628,96901.055,1222.04,0.0,-0.028923679298818755,0.0
MMR,BA:7009,2015,4,8388.847,979479447.684527,116759.72248445192,116877.588,8390.441,1.595,-0.0010084526688562483,0.00019009727855782548
MMR,BA:7009,2017,4,8064.9349999999995,1263163798.673597,156624.17597582587,173499.773,8065.791,0.0,-0.09726581615858436,0.0
MMR,BA:7009,2018,4,7756.384,1368039705.337932,176375.96402369096,192257.84,7756.996,0.0,-0.08260716949857043,0.0
MMR,BA:7009,2019,4,5644.616,1083002464.107298,191864.68381680842,208855.024,7731.557,2086.94,-0.08134992329986557,0.26992493232605025
MMR,BA:7009,2020,4,4043.3949999999995,621916314.655609,153810.4277854647,187872.518,8528.957,4485.562,-0.181304272584111,0.5259215165465132
MNG,BA:702,2019,4,700.575,551455212.634791,787146.5762192355,793464.209,700.575,0.0,-0.007962089164332407,0.0
MNG,BA:702,2020,4,712.449,610901407.994091,857466.8614793355,862581.988,712.449,0.0,-0.005930017774338858,0.0
MNG,BA:702,2021,4,697.674,632079098.6070321,905980.584925097,908976.65,697.674,0.0,-0.003296085850943559,0.0
MNG,BA:702,2022,4,752.443,807062710.95457,1072589.831993347,1075114.516,752.443,0.0,-0.0023482931065298977,0.0
MNG,BA:702,2023,4,766.151,970715100.8769959,1267002.3283621583,1268985.632,766.151,0.0,-0.0015629047231337891,0.0
MNG,BA:702,2024,4,848.664,1399798507.006627,1649414.2640746245,1651528.017,848.665,0.0,-0.001279877122045503,0.0
MNG,BA:702,2025,4,833.972,1656294956.364108,1986031.8528249247,1987318.499,833.973,0.0,-0.000647428268655855,0.0
MOZ,BB:8363,2022,4,1731.436,23155278.516897,13373.453316724963,13571.38,1743.306,11.869,-0.014584123595023967,0.006808328543583283
MRT,BB:16077,2019,4,251.485,15806643.335552001,62853.22518461141,60522.504,255.561,4.075,0.038509992656804284,0.015945312469429998
MUS,BA:82,2001,4,360.52299999999997,2527797.84478,7011.474565506223,7000.31,360.523,0.0,0.0015948672996228695,0.0
MUS,BA:82,2002,4,372.264,2746471.0295919995,7377.750815528763,7375.737,372.314,0.0,0.0002730324479795292,0.0
MUS,BA:82,2003,4,389.328,3084356.646749,7922.257445518946,7926.851,389.329,0.0,-0.0005794929765998649,0.0
MUS,BA:82,2004,4,389.337,3235986.566745,8311.531055987487,8313.252,389.337,0.0,-0.00020701213105454134,0.0
MUS,BA:82,2005,4,395.03099999999995,3742313.4442680003,9473.467763967894,9474.654,395.031,0.0,-0.0001252009869813225,0.0
MUS,BA:82,2006,4,386.749,3765436.529798,9736.124798766125,9708.755,389.614,2.864,0.002819084297227123,0.007350865215315671
MUS,BA:82,2007,4,379.96,3896438.171383,10254.86412091536,10237.751,382.079,2.118,0.0016715703395559342,0.005543356216908021
MUS,BA:82,2008,4,394.408,4587886.33773,11632.335900209933,11625.665,394.408,0.0,0.0005738080539850726,0.0
MUS,BA:82,2009,4,398.8,5282356.282832,13245.62758984955,13253.402,398.847,0.0,-0.0005865973242530802,0.0
MUS,BA:82,2010,4,402.985,5709150.921728,14167.154910798168,14188.838,402.986,0.0,-0.0015281793478670723,0.0
MUS,BA:82,2012,4,402.801,6245117.612836,15504.225691683981,15508.836,402.894,0.0,-0.00029726978323955683,0.0
MUS,BA:82,2013,4,412.508,6906082.235748,16741.692853830715,16746.821,412.564,0.0,-0.00030621609732887055,0.0
MUS,BA:82,2014,4,420.06399999999996,7951664.883452999,18929.650918557647,18927.411,420.183,0.0,0.00011834257509634508,0.0
MUS,BA:82,2015,4,424.85900000000004,8560844.296866,20149.848059864566,20151.44,425.033,0.0,-7.899882764869934e-05,0.0
MUS,BA:82,2016,4,427.008,8629943.855087,20210.2627002,20197.576,427.134,0.0,0.0006281298409274412,0.0
MUS,BA:82,2017,4,431.683,9148741.391584,21193.193597116402,21207.072,431.777,0.0,-0.0006544233397046998,0.0
MUS,BA:82,2018,4,433.837,9518801.426107,21940.962679778353,21977.675,433.991,0.155,-0.0016704369421081267,0.00035715026348472664
MUS,BA:82,2019,4,439.97,9025995.984426,20515.0259891038,20525.542,440.214,0.244,-0.0005123377933796289,0.000554275874915382
MUS,BA:82,2020,4,407.353,8034622.248867,19723.979567763097,19745.578,407.718,0.0,-0.0010938364142545761,0.0
MUS,BA:82,2021,4,390.872,8866830.753712,22684.742712990443,22664.117,391.639,0.768,0.0009100602944488992,0.0019609895847962026
MUS,BA:82,2022,4,399.67,9290020.337959,23244.22733244677,23230.734,400.285,0.615,0.0005808396948099484,0.0015364053112157587
MUS,BA:82,2023,4,83.233,1537119.045749,18467.66361598164,18463.853,83.252,0.0,0.00020638249132733043,0.0
MUS,BA:82,2024,4,434.371,14092362.228401002,32443.147052637036,32444.135,434.371,0.0,-3.0450722849063055e-05,0.0
MWI,BA:1448,2013,4,2175.911,42917079.542798996,19723.729299037965,21062.003,2175.911,0.0,-0.0635397165674146,0.0
NAM,BA:1468,2012,4,386.753,2187716.280565,5656.623944907991,5624.347,392.624,5.871,0.005738789748924007,0.014953237703247892
NAM,BA:1468,2013,4,431.184,2963988.5486259996,6874.06895577294,6843.447,432.949,1.766,0.004474639136233546,0.004079002376723356
NAM,BA:1468,2014,4,456.779,3047823.076767,6672.4238127562785,6638.015,462.857,6.078,0.0051835997291777985,0.013131485534409116
NAM,BA:1468,2016,4,411.374,3075656.57294,7476.54585107469,6927.219,461.616,50.241,0.07929976677144035,0.10883721534782156
NAM,BA:1468,2018,4,444.065,3297971.790894,7426.777140495197,7233.303,451.323,7.258,0.026747689194714697,0.01608160895855075
NER,BB:13367,2011,4,596.949,32644971.165082,54686.36544341644,56188.383,597.988,1.039,-0.026731816727731065,0.0017374930600614056
NER,BB:13367,2014,4,331.994,38964987.909111,117366.54249507822,118006.745,331.994,0.0,-0.00542513485073906,0.0
NER,BB:13367,2019,4,666.527,57598681.004908,86416.12568569316,84228.541,666.662,0.0,0.025972012096151117,0.0
NER,BB:13367,2022,4,920.266,66998215.412286,72803.09759600594,75078.919,920.4,0.0,-0.030312389074142777,0.0
NGA,BB:16750,2019,4,11063.881,487563900.735937,44068.07165911645,45206.168,11063.881,0.0,-0.02517568710720062,0.0
NIC,BA:692,2012,4,1277.839,5632449.982161,4407.793143080623,4449.921,1281.256,3.417,-0.009467102206843074,0.002666914340303577
NIC,BB:5868,2005,4,1005.246,2702238.161373,2688.1361988737085,2680.762,1010.948,5.701,0.0027507846178468423,0.005639261366558913
NIC,BB:5868,2014,4,1413.006,14002008.2728,9909.376374056445,9897.546,1424.536,11.531,0.0011952835638696976,0.008094565528705487
NPL,BA:1510,2008,4,1974.217,10673213.314534001,5406.30199949347,6286.505,1991.444,17.227,-0.1400146823245237,0.008650506868382942
NPL,BA:1510,2017,4,3818.32,67705420.513327,17731.73031944075,17801.374,3818.32,0.0,-0.0039122643319133305,0.0
NRU,BB:14049,2006,4,1.058,9176.523687,8673.46284215501,9359.371,1.352,0.294,-0.07328571095696385,0.21745562130177512
PAK,BA:538,2006,4,16959.21,88002385.658531,5189.061616580666,5196.045,16959.21,0.0,-0.0013439805504636953,0.0
PAK,BA:538,2007,4,17295.496,103937057.240462,6009.486934659868,6013.814,17295.497,0.0,-0.0007195209795534616,0.0
PAK,BA:538,2008,4,17209.522,118281450.525839,6873.023581122067,6878.627,17209.656,0.0,-0.0008146129856922186,0.0
PAK,BA:538,2009,4,17753.708,140443031.069203,7910.6308985820315,7922.301,17753.707,0.0,-0.0014730696824027398,0.0
PAK,BA:538,2010,4,18011.801,160896700.943996,8932.8491328544,8939.575,18012.387,0.0,-0.0007523698996429029,0.0
PAK,BA:538,2011,4,18956.222,191106514.463369,10081.466363042646,10093.031,18956.744,0.0,-0.0011458041650080242,0.0
PAK,BA:538,2013,4,21295.997,267233429.003949,12548.528674377114,12568.74,21295.997,0.0,-0.0016080629898371558,0.0
PAK,BA:538,2014,4,21595.145,294685597.831705,13645.918924448295,13635.743,21598.888,0.0,0.0007462684247051744,0.0
PAK,BA:538,2015,4,21764.305,336823596.80774,15475.963822770356,15494.822,21769.381,5.074,-0.0012170631730809068,0.00023307966358804597
PAK,BA:538,2018,4,25680.955,492899647.638935,19193.197746693415,19192.732,25680.955,0.0,2.4266826286897832e-05,0.0
PAK,BA:538,2019,4,23772.56,512155348.141364,21543.97120635573,21544.745,23772.56,0.0,-3.591565573266952e-05,0.0
PAK,BA:538,2021,4,26033.146,626566809.2162471,24068.040382681644,24068.182,26033.146,0.0,-5.884005628552287e-06,0.0
PAK,BA:538,2025,4,32952.945,893125666.442647,27103.060635176826,26628.502,32982.4,29.455,0.01782145443918795,0.0008930520520034926
PAK,BB:16125,2005,4,13802.867999999999,57822556.88400599,4189.169735159823,4223.248,13852.116,49.249,-0.008069207595712214,0.0035553412922617743
PAK,BB:16125,2012,4,19673.134,182289744.35404998,9265.922976687394,9401.493,20063.662,390.528,-0.014420052571714543,0.019464442732338695
PAK,BB:16125,2016,4,26374.551,353709668.736911,13411.02143262689,13507.035,26460.302,85.751,-0.007108411829325182,0.0032407415455802434
PAK,BB:16125,2020,4,24333.102,546040305.927622,22440.225908214332,22488.759,24632.67,299.567,-0.0021581044905886683,0.01216136943335822
PAN,BA:511,2010,4,956.5819999999999,494891.205508,517.3536670227958,516.936,958.796,2.214,0.0008079666008862609,0.0023091460540094035
PAN,BA:511,2011,4,1045.596,614662.290607,587.858303404948,586.166,1045.596,0.0,0.0028870719300469368,0.0
PAN,BA:511,2012,4,1099.105,704460.488653,640.9401182352914,638.648,1099.105,0.0,0.0035890165400836683,0.0
PAN,BA:511,2013,4,1132.289,783068.3305919999,691.5799151912629,688.745,1132.289,0.0,0.004116059196455719,0.0
PAN,BA:511,2014,4,1141.02,799108.511953,700.345753758041,699.21,1141.02,0.0,0.0016243385507086643,0.0
PAN,BA:511,2015,4,1148.778,860987.479663,749.4811701329586,748.53,1148.778,0.0,0.0012707174501471192,0.0
PAN,BA:511,2016,4,1136.06,908934.0286099999,800.0757254106297,799.327,1136.06,0.0,0.0009366947577521233,0.0
PAN,BA:511,2017,4,1159.076,986454.517284,851.0697463186192,849.081,1159.076,0.0,0.0023422339195190776,0.0
PAN,BA:511,2018,4,1168.6390000000001,1006950.146643,861.6434558858637,859.609,1168.639,0.0,0.00236672241200781,0.0
PAN,BA:511,2019,4,1167.001,1040707.264858,891.7792399989374,890.356,1167.001,0.0,0.001598506663556428,0.0
PAN,BA:511,2020,4,909.188,841700.6185339999,925.77180795831,924.526,909.188,0.0,0.0013475099221763633,0.0
PAN,BA:511,2021,4,1031.042,960981.791375,932.049122513923,929.478,1031.042,0.0,0.0027662005060076745,0.0
PAN,BA:511,2023,4,1183.425,1071056.6829400002,905.0482142425589,903.684,1183.425,0.0,0.0015096142485192692,0.0
PAN,BA:511,2024,4,1142.094,1008524.391819,883.0484984764827,882.816,1142.094,0.0,0.00026336006198646915,0.0
PAN,BA:511,2025,4,1215.559,1130822.4555880001,930.2900604479092,928.568,1215.847,0.0,0.001854533483718217,0.0
PAN,BB:16128,1997,4,691.481,298035.01304800005,431.0096923096948,442.173,696.09,4.609,-0.02524647070333377,0.006621270238043931
PAN,BB:16128,2003,4,740.585,287042.252025,387.5885307223343,387.5,741.817,1.232,0.0002284663802176158,0.0016607869595870678
PAN,BB:16128,2008,4,983.3969999999999,477805.251607,485.8721875366714,486.108,983.397,0.0,-0.0004851030292211069,0.0
PAN,BX:16113,2022,4,1094.624,905916.085022,827.6048076983512,827.381,1094.918,0.0,0.00027050137524461596,0.0
PAN,BX:3055,2006,4,812.915,338904.552648,416.9003556927846,416.234,815.009,2.094,0.0016009160539135062,0.002569296780771746
PAN,BX:3055,2007,4,884.3439999999999,374623.924938,423.6178737437016,423.037,886.074,1.73,0.0013731038743693862,0.0019524328667808784
PAN,BX:3055,2009,4,929.115,451872.905391,486.3476592144137,485.885,931.418,2.303,0.000952199006789036,0.002472574075227234
PER,BA:16208,2022,4,8338.038,13574007.317503,1627.9617959888164,1624.76,8338.038,0.0,0.001970627039572895,0.0
PER,BA:16208,2023,4,8344.228,14777961.301928,1771.0399694169432,1770.391,8344.228,0.0,0.000366568411691624,0.0
PER,BA:16208,2024,4,8544.331,16074343.448408999,1881.2875400553885,1879.013,8544.332,0.0,0.0012104972426420521,0.0
PER,BA:16208,2025,4,8833.564,17757139.580685,2010.189724179844,2008.014,8833.564,0.0,0.001083520423584751,0.0
PER,BX:375,1997,4,4542.054,2981730.721298,656.471878427249,652.978,4553.725,11.672,0.005350683219417808,0.0025631763007208383
PER,BX:375,1999,4,4585.009,3605796.654906,786.4317507132483,776.922,4595.83,10.821,0.012240290162008938,0.0023545257331102324
PER,BX:375,2000,4,4599.877,3273801.4957890003,711.7150079858657,706.449,4599.877,0.0,0.007454194125642068,0.0
PER,BX:375,2001,4,5113.112,3643610.946765,712.6014346576019,710.278,5114.374,0.0,0.0032711623584031394,0.0
PER,BX:375,2002,4,4930.969,4064451.8658409994,824.2704153769776,822.496,4933.475,2.506,0.0021573544150701915,0.0005079583863301222
PER,BX:375,2003,4,4970.835,4203988.194468,845.7307865716725,842.628,4970.836,0.0,0.003682273282720823,0.0
PER,BX:375,2004,4,5468.918,4157120.556848,760.135836165033,750.341,5468.918,0.0,0.01305384640454535,0.0
PER,BX:375,2005,4,5604.6939999999995,4342250.915213999,774.7525404980182,767.266,5608.288,3.595,0.00975742506251842,0.0006410155826519608
PER,BX:375,2006,4,6053.147,4945551.3113710005,817.0215115164063,811.478,6053.147,0.0,0.006831376225118115,0.0
PER,BX:375,2007,4,6453.686,5661665.7144760005,877.2762905533366,874.889,6453.685,0.0,0.0027286782132780085,0.0
PER,BX:375,2008,4,6735.918000000001,6342612.093248,941.6106450892069,937.622,6735.917,0.0,0.004254001174467854,0.0
PER,BX:375,2009,4,6931.109,7130991.670842,1028.8384832559984,1023.49,6931.288,0.0,0.00522573083859971,0.0
PER,BX:375,2010,4,7098.454,7406508.215598,1043.3973673137841,1038.095,7100.226,0.0,0.005107786198550315,0.0
PER,BX:375,2011,4,7249.174,7999446.323279999,1103.497629285764,1099.145,7249.687,0.0,0.0039600137249990895,0.0
PER,BX:375,2012,4,7684.346,9156638.378717,1191.5963152514216,1188.566,7685.243,0.0,0.0025495557263303828,0.0
PER,BX:375,2013,4,7905.739,10007184.326614998,1265.8126364423363,1263.449,7910.719,4.981,0.0018707810464341664,0.0006296519949703686
PER,BX:375,2014,4,7942.749,10542397.628886,1327.2983483282676,1325.708,7944.32,0.0,0.0011996218837538202,0.0
PER,BX:375,2015,4,8081.291,11082908.127983,1371.4279225909572,1370.425,8082.261,0.0,0.0007318332568052019,0.0
PER,BX:375,2016,4,8129.963,11919837.594829999,1466.1613582780142,1465.353,8133.537,3.574,0.0005516474719839598,0.000439415226118723
PER,BX:375,2017,4,8183.041,12102368.725181,1478.957361350261,1477.662,8185.575,0.0,0.0008766289924630387,0.0
PER,BX:375,2018,4,8267.597,12653107.165617,1530.4455654547507,1528.417,8269.129,1.531,0.0013272329833748466,0.00018514646463974619
PER,BX:375,2019,4,8444.468,13393679.028745001,1586.0891448395564,1585.081,8447.204,0.0,0.0006360210232514979,0.0
PER,BX:375,2020,4,6835.901,10220052.805329999,1495.055707408577,1495.503,6838.003,2.101,-0.0002990917379790381,0.0003072534481192828
PER,BX:375,2021,4,8195.511999999999,13439138.490812,1639.8168278945845,1638.272,8199.235,3.724,0.0009429617881430032,0.00045418871394709384
PHL,BA:629,2017,4,25089.286,313450821.513007,12493.41338422333,12630.924,25089.287,0.0,-0.010886821564017907,0.0
PHL,BA:629,2021,4,26101.176,396750753.248024,15200.4933895708,15528.057,26101.177,0.0,-0.02109495157244726,0.0
PHL,BA:629,2022,4,28836.104,464051960.744802,16092.741264381693,16487.742,28836.105,0.0,-0.023957236571163297,0.0
PHL,BA:629,2023,4,29707.55,512419533.899407,17248.798164083106,17604.959,29707.551,0.0,-0.020230710898951433,0.0
PHL,BB:16114,2003,4,8372.502,58025354.413297,6930.467668242659,6968.626,8372.501,0.0,-0.005475732484042238,0.0
PLW,AA:1541,2000,4,5.601,4361.908342,778.7731372969113,781.718,5.601,0.0,-0.0037671675758888606,0.0
PLW,BB:14046,2023,4,8.718,9097.014683,1043.4749579031889,1042.366,8.732,0.0,0.0010638853370014622,0.0
PRI,AA:1553,2015,4,936.2370000000001,1933888.855615,2065.597552345186,2059.587,942.694,6.457,0.002918328939338892,0.0068495185075963146
PRI,AA:1553,2020,4,895.083,2001334.920114,2235.921048789889,2232.785,898.133,3.05,0.0014045457981351423,0.0033959335644052715
PRT,BA:199,2025,4,4474.109,5604963.341782,1252.7552059598904,1262.156,4474.11,0.0,-0.007448202948058347,0.0
PRY,BX:534,1998,4,850.05,599640279.808186,705417.657559186,704482.77,850.253,0.0,0.00132705525102618,0.0
PRY,BX:534,1999,4,881.1089999999999,685710285.845407,778235.480338309,777157.115,882.218,0.0,0.0013875770001912284,0.0
PRY,BX:534,2001,4,937.59,782651025.4833372,834747.6247435842,835030.998,941.438,3.848,-0.00033935657130638303,0.004087364223666349
PRY,BX:534,2002,4,908.835,673973300.743065,741579.3854143656,737552.677,910.024,0.0,0.0054595536562136796,0.0
PRY,BX:534,2003,4,995.047,830742711.680097,834877.8617292419,833219.657,995.146,0.0,0.0019901171501549215,0.0
PRY,BX:534,2004,4,1047.019,843871101.7789941,805974.9649041651,804576.105,1047.816,0.0,0.0017386296901834375,0.0
PRY,BX:534,2005,4,1159.02,1068870673.706059,922219.3523028585,918977.298,1159.462,0.0,0.00352789379010159,0.0
PRY,BX:534,2006,4,1141.547,1197243702.160439,1048790.5466533038,1047254.39,1141.634,0.0,0.001466841932554486,0.0
PRY,BX:534,2007,4,1251.785,1331947474.893435,1064038.5328897813,1061324.364,1252.448,0.0,0.0025573415459453517,0.0
PRY,BX:534,2008,4,1344.271,1638954928.464603,1219214.673577428,1216062.833,1346.08,1.809,0.0025918402338244934,0.0013439022940687033
PRY,BX:534,2009,4,1368.98,1744855838.990631,1274566.347931037,1262973.16,1390.148,21.168,0.00917928290022968,0.015227155669756026
PRY,BX:534,2010,4,1460.339,2045244648.9805498,1400527.308371926,1393409.774,1477.035,16.696,0.005107998023793096,0.011303726722792623
PRY,BX:534,2011,4,1558.077,2561060303.740893,1643731.5381337975,1633673.763,1573.858,15.781,0.006156538325820828,0.010026952876307775
PRY,BX:534,2012,4,1634.71,2754621890.853358,1685082.914311014,1680374.219,1645.491,10.781,0.002802170646141099,0.006551843796167831
PRY,BX:534,2013,4,1750.713,3348509970.078012,1912654.9983224047,1903658.703,1768.93,18.217,0.004725792132921376,0.01029831593109959
PRY,BX:534,2014,4,1773.14,3612068502.7450943,2037102.824788282,2035461.723,1789.485,16.345,0.0008062552932035307,0.009133912829668871
PRY,BX:534,2015,4,1814.8220000000001,3808412134.772441,2098504.5005914853,2093259.272,1829.289,14.467,0.0025057711013856585,0.007908537142026219
PRY,BX:534,2016,4,1729.855,3608485507.609185,2086004.6117213208,2075944.677,1740.702,10.847,0.004845955112762799,0.006231394000811167
PRY,BX:534,2017,4,1800.06,3882104739.156164,2156652.9666545363,2146227.928,1808.927,8.867,0.004857377223793388,0.004901800901860607
PSE,BA:592,2015,4,637.568,1439551.638517,2257.8793768147084,2255.985,637.568,0.0,0.0008397116180773659,0.0
PSE,BA:592,2016,4,652.653,1528624.549295,2342.1704171971937,2341.693,652.653,0.0,0.0002038769374096081,0.0
PSE,BA:592,2017,4,668.1009999999999,1628339.5035309999,2437.265478619251,2435.791,668.101,0.0,0.000605338725387741,0.0
PSE,BA:592,2018,4,666.532,1747993.7783130002,2622.520416593652,2621.965,666.532,0.0,0.0002118321921352491,0.0
PSE,BA:592,2019,4,723.9879999999999,2009595.798231,2775.7308107744884,2775.75,723.988,0.0,-6.913167796660994e-06,0.0
PSE,BA:592,2020,4,691.898,2002735.189123,2894.5526495567265,2893.606,691.898,0.0,0.00032715219581596207,0.0
PSE,BA:592,2021,4,748.336,2190846.423361,2927.6239862321204,2928.24,748.336,0.0,-0.0002103699723654463,0.0
PSE,BA:592,2022,4,865.291,2651815.262625,3064.651386209957,3067.468,865.291,0.0,-0.0009182210833309404,0.0
PSE,BA:592,2024,4,447.455,1384965.03171,3095.2051752913703,3088.247,447.455,0.0,0.0022531148873035354,0.0
PSE,BA:592,2025,4,474.474,1514927.392099,3192.8564939259054,3195.099,474.473,0.0,-0.0007018580876820288,0.0
RWA,BA:1590,2017,4,2107.632,105661837.398832,50132.96315430397,45647.63,2108.259,0.0,0.0982599349474217,0.0
RWA,BA:1590,2021,4,2444.3239999999996,108375021.560368,44337.42071851686,40708.075,2444.325,0.0,0.08915542477793083,0.0
RWA,BA:1590,2022,4,2582.958,116760584.359404,45204.21329321034,41784.348,2582.959,0.0,0.08184560623538611,0.0
RWA,BA:1590,2023,4,2739.719,163293223.87743598,59602.179594854795,54569.446,2739.734,0.0,0.09222621748541833,0.0
RWA,BA:1590,2024,4,2954.3410000000003,207486909.35124904,70231.19854859308,69850.796,2954.341,0.0,0.005445930044849826,0.0
RWA,BB:763,2014,4,1678.396,101321104.580904,60367.818191239734,60387.79,1678.396,0.0,-0.00033072594245073163,0.0
SDN,BA:1603,2011,4,3051.092,1377934.067067,451.6199665781956,452.718,3071.09,19.998,-0.0024254247054555293,0.006511694544933558
SDN,BA:1603,2022,4,4212.447,651064030.410357,154557.20402188014,155379.238,4812.555,600.107,-0.005290500768962909,0.12469613334289165
SEN,BA:13368,2019,4,1582.825,151504089.32434002,95717.52362032443,85966.014,1585.599,2.774,0.11343447446946223,0.001749496562497832
SEN,BA:13368,2022,4,1648.73,174273435.446228,105701.62212504655,97572.594,1654.188,5.458,0.0833126167071724,0.0032995040466984407
SEN,BA:13368,2023,4,1782.125,191360923.841537,107377.94702478053,93595.61,1793.642,11.517,0.14725409690455063,0.006421013780899421
SEN,BA:13368,2024,4,1598.1319999999998,286559212.506018,179308.85089968663,169275.655,1607.115,8.983,0.059271345898420126,0.005589519107220081
SEN,BX:1608,2011,4,709.656,86150254.912443,121397.205001357,105131.304,1121.384,411.728,0.15471986347051295,0.36716058014025527
SLE,BX:15953,2018,4,390.59000000000003,806872918.371654,2065779.764898369,2057586.761,390.924,0.0,0.0039818509982963235,0.0
SLV,BX:461,2010,4,1396.031,410676.757987,294.17452620106576,294.188,1396.031,0.0,-4.5799961025699205e-05,0.0
SLV,BX:461,2011,4,1438.179,426343.01326100004,296.44641818647057,296.44,1438.218,0.0,2.1650878662018616e-05,0.0
SLV,BX:461,2012,4,1489.481,457654.747282,307.25786182032533,307.289,1489.481,0.0,-0.0001013319047367655,0.0
SLV,BX:461,2013,4,1525.768,497040.30819999997,325.764014057183,325.789,1525.768,0.0,-7.669363550338153e-05,0.0
SLV,BX:461,2014,4,1597.3899999999999,528057.475505,330.5751729414858,330.575,1597.39,0.0,5.231535530529924e-07,0.0
SLV,BX:461,2015,4,1588.538,526620.453824,331.51265743973386,331.55,1588.538,0.0,-0.00011263025265014062,0.0
SLV,BX:461,2016,4,1634.7109999999998,530818.213212,324.71685405677215,324.722,1634.711,0.0,-1.584722694437299e-05,0.0
SLV,BX:461,2017,4,1643.172,566856.428426,344.9769278115742,344.977,1643.172,0.0,-2.0925576414456425e-07,0.0
SLV,BX:461,2018,4,1720.628,616299.844823,358.1830847940403,358.185,1720.628,0.0,-5.346974216330426e-06,0.0
SLV,BX:461,2019,4,1769.2849999999999,672828.5151229999,380.28272162088075,380.286,1769.286,0.0,-8.620825166457455e-06,0.0
SLV,BX:461,2021,4,1727.405,673845.5412009999,390.09123002480595,390.652,1746.812,19.407,-0.0014354719166778476,0.011109953446621617
SLV,BX:461,2022,4,1796.469,744169.5766169999,414.2401436467871,414.734,1815.5,19.031,-0.001190778554960266,0.010482511704764526
SLV,BX:461,2023,4,1850.161,829288.660037,448.2251328597889,450.144,1875.763,25.601,-0.004262785109234136,0.013648312713279875
SLV,BX:461,2024,4,1854.757,894274.433146,482.15180379208704,484.409,1875.93,21.172,-0.004659690897388271,0.011286135410169889
SLV,BX:461,2025,4,1910.958,966537.6813780001,505.7869829572393,507.036,1933.117,22.159,-0.002463369549224763,0.011462834375777565
STP,BB:16233,2017,4,19.783,56341143.529598,2847957.515523328,2890318.655,23.553,3.77,-0.014656217716129925,0.16006453530335837
SUR,BB:15691,2016,4,99.511,243403.518026,2445.996101194843,2310.033,139.448,39.937,0.058857644542239504,0.286393494349148
SWZ,BA:1672,2016,4,181.131,809642.884693,4469.929966118445,4573.403,181.464,0.0,-0.02262495430242103,0.0
SWZ,BA:1672,2021,4,168.524,948009.195511,5625.366093322019,5586.983,170.308,1.784,0.006870093093538819,0.010475139159640183
SWZ,BA:1672,2023,4,151.215,1074215.7476769998,7103.896754138146,7094.844,151.575,0.0,0.0012759623944016466,0.0
TCD,BB:15712,2018,4,381.271,46029542.229802996,120726.5756635123,121734.157,381.272,0.0,-0.008276899116225122,0.0
TCD,BB:15712,2022,4,477.697,58624541.56696,122723.27765709226,128464.351,482.113,4.416,-0.04469001165084108,0.009159678332673046
TGO,BA:14123,2017,4,470.698,39868763.894719,84701.36668249918,89279.318,472.441,0.0,-0.05127672813877026,0.0
TGO,BB:16196,2019,4,644.803,46899912.610211,72735.258071397,76890.756,645.294,0.0,-0.05404418092342595,0.0
TGO,BB:16196,2022,4,754.771,60677073.881466,80391.36888071481,85868.237,755.042,0.0,-0.06378223555801175,0.0
TGO,BX:686,2011,4,457.039,51974084.291195,113719.14495523358,113912.543,527.519,70.481,-0.0016977765544784796,0.13360845770484095
TGO,BX:686,2015,4,577.9110000000001,83258790.266251,144068.53350472823,152478.292,649.262,71.352,-0.055153808355039545,0.10989708314979163
THA,BA:741,2014,4,17760.227,253833369.895265,14292.236799409435,14218.865,17978.53,218.303,0.005160172728936872,0.012142427662328344
THA,BA:741,2015,4,18088.684,202017475.674834,11168.168766441715,11106.65,18355.328,266.644,0.0055389128532649665,0.01452679025948215
THA,BA:741,2016,4,18238.054,270190971.706944,14814.682076659274,14733.381,18450.648,212.596,0.0055181547710789714,0.011522413738531025
THA,BA:741,2017,4,18219.521,269986324.64548206,14818.519358740663,14742.789,18457.772,238.252,0.005136772882028106,0.012907950103620306
THA,BA:741,2018,4,18032.222,270761957.445588,15015.451642375963,14922.795,18334.195,301.974,0.0062090675624749386,0.01647053497576523
THA,BA:741,2019,4,18322.355,278991838.49109995,15226.854762452751,15128.268,18660.21,337.855,0.006516725011267047,0.01810563761072357
THA,BA:741,2020,4,18304.011,282524090.915223,15435.091844908913,15342.49,18606.784,302.773,0.006035646424336163,0.016272183306905698
THA,BA:741,2021,4,17572.069,274645447.93641996,15629.659087749995,15534.329,17857.602,285.533,0.006136736755735962,0.015989436879598952
THA,BA:741,2022,4,18493.944,304858714.604583,16484.245578151586,16384.75,18811.62,317.676,0.006072450183956759,0.016887221834164204
THA,BA:741,2023,4,18724.755,312129155.573656,16669.331885712578,16556.41,19117.747,392.991,0.0068204330354574415,0.020556344845446484
THA,BA:741,2024,4,19027.116,316924950.83315396,16656.489130205227,16519.035,19571.291,544.176,0.008320953990667589,0.02780480858416545
THA,BA:741,2025,4,18989.841,319613171.551026,16830.745004712044,16698.516,19634.021,644.18,0.007918608139312746,0.03280937715203625
THA,BB:15893,2000,4,12176.222,83479983.153326,6855.983995144471,6860.362,12197.494,21.272,-0.0006381594521585115,0.0017439647848976189
THA,BB:15893,2007,4,13621.768,131449502.34615901,9649.958973472387,9526.116,13978.368,356.601,0.0130003637864988,0.02551091801274655
THA,BB:15893,2013,4,14424.935000000001,199070973.650142,13800.476303715892,13638.31,14943.138,518.203,0.011890498435355433,0.03467832526207012
TJK,BB:2229,2003,4,1306.385,55507.436234,42.48933984545138,43.049,1306.386,0.0,-0.013000537864958922,0.0
TJK,BB:2229,2007,4,1230.776,318256.25703700003,258.58178664273595,258.563,1231.242,0.0,7.26578927996692e-05,0.0
TJK,BB:2229,2009,4,1247.844,460687.040251,369.1864049119922,370.614,1247.844,0.0,-0.003851972909840867,0.0
TKL,BB:16122,2016,4,0.5329999999999999,406.41256799999996,762.5001275797374,758.781,0.538,0.0,0.004901450589481629,0.0
TLS,BA:3050,2010,4,71.462,12402.269681999998,173.55055388878003,173.774,71.462,0.0,-0.001285843171130152,0.0
TLS,BA:3050,2013,4,69.104,29370.453807,425.01814376881225,412.772,78.972,9.869,0.02966805831987698,0.12496834321025174
TLS,BA:3050,2016,4,125.878,43010.738451,341.6859058056213,340.374,127.258,1.38,0.003854306749696743,0.010844111961526976
TLS,BA:3050,2021,4,112.94200000000001,28851.827358,255.4570253581484,257.594,113.053,0.0,-0.008295902240935715,0.0
TLS,BB:7029,2001,4,27.446,41069762.1573,1496384.2511586389,1498488.384,27.446,0.0,-0.001404170271740472,0.0
TLS,BB:7029,2007,4,30.843,4953.697359000001,160.6101014492754,162.044,39.53,8.686,-0.008848822237939206,0.21973184922843408
TON,BA:1712,2018,4,16.01,21276.700096,1328.9631540287319,1334.408,16.009,0.0,-0.004080345719800859,0.0
TON,BA:1712,2023,4,19.106,29926.332715,1566.3316609965455,1566.627,19.145,0.0,-0.00018851903066556425,0.0
TTO,BA:549,2010,4,1812.004,8375448.674574,4622.202089274638,4529.413,1825.412,13.408,0.020485897239805286,0.007345191113019964
TTO,BA:549,2011,4,473.152,2323959.919116,4911.656125549507,4837.277,474.479,1.328,0.015376238646144737,0.0027988593804994535
TTO,BA:549,2012,4,492.85400000000004,2503642.200866,5079.886134364334,4980.742,493.832,0.978,0.01990549487693474,0.0019804305917802004
TTO,BA:549,2013,4,487.90200000000004,2559178.74713,5245.272097941799,5138.545,490.326,2.423,0.020769906255914662,0.004941610275612552
TTO,BA:549,2014,4,496.86699999999996,2742061.083152,5518.702355262072,5434.253,498.407,1.54,0.015540195729214754,0.0030898442437606215
TTO,BA:549,2015,4,483.904,2741956.7660869993,5666.323828873081,5560.678,483.905,0.0,0.018998731606663967,0.0
TTO,BA:549,2016,4,468.044,2729786.639342,5832.3290958585085,5758.393,468.044,0.0,0.012839709943122751,0.0
TUN,BA:743,2019,4,2604.109,1866382.2180479998,716.7066424823231,739.678,2605.762,1.653,-0.031055888532140866,0.0006343633839161059
TUR,BA:622,2005,4,11435.458999999999,6804162.970523,595.0056723147711,597.153,11435.46,0.0,-0.0035959422212211976,0.0
TUR,BA:622,2006,4,12028.438,8086258.129702,672.2616959660098,676.075,12028.438,0.0,-0.005640356519602442,0.0
TUR,BA:622,2007,4,12534.414,9479092.35231,756.2453539758619,761.017,12534.415,0.0,-0.006270091238616398,0.0
TUR,BA:622,2008,4,12937.008,11142791.088034,861.3112930002053,867.804,12937.008,0.0,-0.007481766619875776,0.0
TUR,BA:622,2009,4,12769.85,12096662.216634,947.2830312520507,958.723,12769.852,0.0,-0.01193250683247325,0.0
TUR,BA:622,2010,4,13761.645,14056445.133114,1021.4218673068518,1034.533,13761.644,0.0,-0.012673479428058921,0.0
TUR,BA:622,2011,4,14876.478000000001,16809482.901255,1129.9369986131799,1144.197,14876.479,0.0,-0.012462890032765357,0.0
TUR,BA:622,2012,4,15619.088,19832671.301127,1269.7714041387694,1286.271,15619.088,0.0,-0.012827464710959469,0.0
TUR,BA:622,2013,4,16352.623,22818395.977164,1395.3966881743681,1410.372,16352.623,0.0,-0.010617987187516437,0.0
TUR,BA:622,2014,4,17125.256999999998,26054911.928782,1521.431878586231,1541.999,17125.257,0.0,-0.01333796027998006,0.0
TUR,BA:622,2015,4,17827.398,29659050.024051003,1663.6780097718693,1683.984,17827.398,0.0,-0.012058303539778685,0.0
TUR,BA:622,2016,4,18377.129,35742380.299806,1944.9382055165415,1973.197,18377.13,0.0,-0.014321324471635808,0.0
TUR,BA:622,2017,4,18960.11,40070100.161351,2113.389646017402,2141.934,18960.11,0.0,-0.013326439555372991,0.0
TUR,BA:622,2018,4,19535.661999999997,47044458.509182006,2408.1322920708812,2438.058,19535.662,0.0,-0.012274403615139075,0.0
TUR,BA:622,2019,4,19215.609,56049768.769132,2916.887451713448,2951.546,19215.609,0.0,-0.011742506566576178,0.0
TUR,BA:622,2020,4,18718.936,63344744.75952499,3383.992805975991,3426.625,18718.935,0.0,-0.012441453040239038,0.0
TUR,BA:622,2021,4,20136.722,80237588.32819301,3984.6400187772865,4025.438,20136.721,0.0,-0.010135041509200636,0.0
TUR,BA:622,2022,4,21687.418,145981783.873398,6731.173986382242,6804.076,21687.418,0.0,-0.010714461980988719,0.0
TUR,BA:622,2023,4,22532.273,321900485.767029,14286.196770606719,14445.936,22532.272,0.0,-0.011057727889233399,0.0
TUR,BA:622,2024,4,23136.657,643612172.1276569,27817.855108785032,28173.303,23136.656,0.0,-0.01261647919716648,0.0
TUR,BA:622,2025,4,23353.005,909114342.009954,38929.22311325476,39486.797,23353.005,0.0,-0.01412051442777793,0.0
TZA,BA:1743,2001,4,1129.885,62888481.80222599,55659.18814943644,55659.06,1129.884,0.0,2.3024003000553875e-06,0.0
TZA,BA:1743,2006,4,1753.48,193211335.071948,110187.36174461528,111132.724,1753.481,0.0,-0.008506605627562261,0.0
TZA,BA:1743,2020,4,2934.806,1318955027.031545,449418.130885498,425957.245,3457.484,522.679,0.055078029921754285,0.15117322307203734
TZA,BA:1743,2024,4,3886.054,2283263521.91151,587553.2151409914,549783.131,4558.846,672.792,0.06869996915382134,0.14757945322127575
TZA,BB:2542,2010,4,2516.1130000000003,1028486418.6983551,408760.02735105896,410807.015,2538.42,22.307,-0.004982844922794351,0.008787749860149225
TZA,BB:2542,2012,4,3126.1940000000004,1246307972.996729,398666.2289661898,402648.777,3148.654,22.461,-0.009890873290322252,0.007133524356756887
UGA,BA:13047,2012,4,2113.151,557787964.100804,263960.2963067022,265557.974,2134.652,21.502,-0.006016304723343745,0.0100728362281065
UGA,BA:13047,2017,4,3062.6360000000004,1162912942.341588,379709.8128349526,383573.202,3064.12,0.0,-0.010072103955394105,0.0
UGA,BA:13047,2021,4,3325.3419999999996,1746458648.364818,525196.7010806161,577677.938,3355.366,30.024,-0.09084860865741401,0.008948055145101906
UGA,BB:268,2010,4,1936.908,1265347911.097206,653282.4022086781,681218.15,2031.269,94.362,-0.04100851950483402,0.04645470393138476
UGA,BB:268,2011,4,1873.599,1318787065.50716,703879.0400225235,688634.933,1995.154,121.554,0.022136703051228352,0.06092462035512046
UGA,BB:268,2014,4,2692.734,2313845980.58064,859292.4442520649,858312.551,2734.984,42.251,0.0011416508484272878,0.01544835362839417
UGA,BB:268,2019,4,4462.743,1770751889.832635,396785.53970789595,407686.528,4526.533,63.79,-0.02673865223258994,0.014092463260513067
URY,BA:348,1998,4,769.545,4575417.604162,5945.6141020499135,5957.616,770.648,1.103,-0.002014547085627281,0.0014312630409733108
URY,BA:348,1999,4,738.98,4755207.661644001,6434.825924441799,6448.421,739.972,0.992,-0.0021082797723972493,0.0013405912656154558
URY,BA:348,2000,4,734.731,4857048.896171,6610.649198374643,6619.009,736.338,1.607,-0.0012629989814724907,0.002182421659618273
URY,BA:348,2001,4,695.0889999999999,4594030.326111,6609.269210289618,6609.574,697.323,2.234,-4.6113366819337496e-05,0.0032036803604642327
URY,BA:348,2002,4,648.746,4327918.377332,6671.206261513751,6672.623,650.403,1.657,-0.00021232107467310907,0.002547651225470977
URY,BA:348,2003,4,634.567,4350815.473862,6856.353188649898,6861.93,636.021,1.454,-0.0008127176100750979,0.002286088037973589
URY,BA:348,2004,4,668.926,4977092.135599,7440.422611169248,7445.954,670.076,1.15,-0.0007428717436008729,0.0017162232343793838
URY,BA:348,2005,4,671.061,5284100.495945,7874.247640594521,7884.203,672.066,1.005,-0.0012626969911200424,0.0014953888457383648
URY,BA:348,2006,4,849.96,7890664.608305001,9283.571707262696,9063.285,911.627,61.667,0.02430539338249828,0.06764499076925103
URY,BA:348,2007,4,847.605,8938466.10462,10545.556131240377,10205.725,927.14,79.535,0.033298088204451584,0.08578531829065729
URY,BA:348,2008,4,958.144,10945495.355952,11423.643372971077,11447.949,958.144,0.0,-0.0021231424973087738,0.0
URY,BA:348,2009,4,987.645,13016399.797224,13179.229173664628,13211.219,987.645,0.0,-0.00242141367389123,0.0
URY,BA:348,2010,4,1111.807,15536002.915639,13973.650926499833,14011.868,1111.807,0.0,-0.0027274788415197256,0.0
URY,BA:348,2011,4,1177.694,19054212.873563997,16179.256134075573,16207.058,1177.694,0.0,-0.0017154171919683422,0.0
URY,BA:348,2012,4,1137.312,20417544.497932002,17952.456755869985,17979.648,1137.312,0.0,-0.0015123346202336968,0.0
URY,BA:348,2013,4,1172.894,23666253.937476,20177.657944772505,20207.959,1172.894,0.0,-0.0014994614363327656,0.0
URY,BA:348,2014,4,1207.992,27666240.862106,22902.66894325956,22932.928,1207.992,0.0,-0.001319458934351533,0.0
URY,BA:348,2015,4,1194.8110000000001,30110003.288342,25200.641179518767,25231.879,1194.811,0.0,-0.0012380298938986644,0.0
URY,BA:348,2016,4,1183.4679999999998,30831086.233071003,26051.474339036635,25950.029,1183.468,0.0,0.003909257251182114,0.0
URY,BA:348,2017,4,1179.7069999999999,35640575.810959004,30211.37944503085,30239.285,1179.707,0.0,-0.0009228245631188411,0.0
URY,BA:348,2018,4,1171.2169999999999,37541756.755059004,32053.630330723518,32084.575,1171.217,0.0,-0.0009644718459410225,0.0
URY,BA:348,2019,4,1165.066,40365672.182928994,34646.682834216255,34682.006,1165.066,0.0,-0.0010184868137023543,0.0
USA,BA:453,1994,4,112326.628,233873342.342447,2082.082819600416,2070.286,112326.627,0.0,0.005698159384942854,0.0
USA,BA:453,1995,4,114307.245,244372620.340777,2137.8576689585775,2123.614,114307.245,0.0,0.006707277762614803,0.0
USA,BA:453,1996,4,116111.644,255311645.95048803,2198.846189366572,2184.764,116111.645,0.0,0.006445634112687703,0.0
USA,BA:453,1997,4,118956.087,271231561.292651,2280.098212146563,2265.625,118956.087,0.0,0.006388176395724415,0.0
USA,BA:453,1998,4,121019.101,293681616.791169,2426.73771631446,2408.575,121019.1,0.0,0.0075408556156483985,0.0
USA,BA:453,1999,4,123266.64300000001,311821354.538881,2529.649116337832,2509.195,123266.643,0.0,0.00815166471232076,0.0
USA,BA:453,2000,4,126535.50700000001,335712239.971019,2653.1070047478374,2629.435,126535.508,0.0,0.009002696300854552,0.0
USA,BA:453,2001,4,126690.06599999999,350300416.75250494,2765.018819648456,2741.631,126690.066,0.0,0.008530622701762606,0.0
USA,BA:453,2002,4,126438.46599999999,357777987.360564,2829.6609305633624,2806.444,126438.466,0.0,0.008272721837087231,0.0
USA,BA:453,2003,4,127313.99599999998,368687645.92017597,2895.8924981050473,2869.141,127313.996,0.0,0.009323870142682836,0.0
USA,BA:453,2004,4,128704.815,382600744.71937,2972.6995428987643,2946.492,128704.815,0.0,0.008894489752140555,0.0
USA,BA:453,2005,4,131142.855,400730074.449408,3055.6759988899735,3029.409,131142.855,0.0,0.008670667740794776,0.0
USA,BA:453,2006,4,133735.94199999998,422555968.133662,3159.629055692912,3130.431,133735.942,0.0,0.009327167950008168,0.0
USA,BA:453,2007,4,135502.474,441336870.82992995,3257.039209704245,3223.712,135502.475,0.0,0.010338147360634256,0.0
USA,BA:453,2008,4,135161.271,455484092.64914596,3369.930522842937,3339.885,135161.272,0.0,0.008995975263500648,0.0
USA,BA:453,2009,4,129955.655,440293273.363485,3388.0270417126903,3354.7,129955.655,0.0,0.009934432799561963,0.0
USA,BA:453,2010,4,129266.71900000001,441915884.05263996,3418.6361924498133,3389.019,129266.719,0.0,0.008739163884833192,0.0
USA,BA:453,2011,4,130329.68599999999,452094871.2680659,3468.8556778082466,3433.603,130329.686,0.0,0.010266963830194265,0.0
USA,BA:453,2012,4,132847.826,471093753.530213,3546.115640087426,3512.329,132847.825,0.0,0.00961944057274415,0.0
USA,BA:453,2013,4,134437.598,485749505.52314603,3613.196849315517,3578.783,134437.599,0.0,0.009616076000002494,0.0
USA,BA:453,2014,4,136874.852,500553038.66616803,3657.0124559197184,3623.504,136874.853,0.0,0.00924752833713402,0.0
USA,BA:453,2015,4,139242.107,523584095.51333797,3760.242550145683,3728.372,139242.108,0.0,0.008548114336681789,0.0
USA,BA:453,2016,4,141764.172,548169423.766894,3866.7698335436544,3834.601,141764.173,0.0,0.008389095382714987,0.0
USA,BA:453,2017,4,143750.332,572937928.978633,3985.6459530029683,3955.181,143750.333,0.0,0.007702543323040914,0.0
USA,BA:453,2018,4,145977.676,601093778.92799,4117.710292414779,4088.47,145977.676,0.0,0.007151891151159128,0.0
USA,BA:453,2019,4,147937.887,631715386.6440401,4270.139309506564,4233.085,147937.888,0.0,0.008753499990329533,0.0
USA,BA:453,2020,4,138473.973,628756617.152505,4540.612243085602,4502.189,138473.973,0.0,0.008534346977792763,0.0
USA,BA:453,2021,4,142535.652,660813092.2510531,4636.124948241392,4600.127,142535.652,0.0,0.007825424872268068,0.0
USA,BA:453,2022,4,148344.80299999999,723110512.831744,4874.525417865458,4844.618,148344.803,0.0,0.006173328395645914,0.0
USA,BA:453,2023,4,151241.929,811432333.442502,5365.128167880628,5334.394,151241.931,0.0,0.005761510657185776,0.0
USA,BA:453,2024,4,151363.49099999998,911746624.785124,6023.557059642104,5985.292,151363.491,0.0,0.006393181759904705,0.0
USA,BA:453,2025,4,153610.204,969201029.508944,6309.483382425194,6272.925,153610.205,0.0,0.005827964215289277,0.0
VEN,BA:382,2005,4,5950.953,2984869018.856127,501578.321800916,497686.743,5978.545,27.467,0.007819333859403149,0.004594261647273709
VEN,BA:382,2007,4,6687.549,5623717775.500023,840923.5992887713,837002.257,6708.189,20.558,0.004684984127553309,0.0030646125206072756
VEN,BA:382,2008,4,6884.110000000001,7668741.729695001,1113.9772214120635,1108.846,6904.257,20.131,0.0046275329595484825,0.0029157373487110924
VEN,BA:382,2012,4,7229.168,20321010.505955,2810.9749982231706,2796.853,7233.962,4.792,0.0050492457855920644,0.0006624309057747331
VEN,BA:382,2016,4,7684.636,173100737.313474,22525.561043291313,22498.639,7689.012,4.376,0.0011966076388582197,0.0005691238354160457
VEN,BA:382,2017,4,8176.721,2229411967.471962,272653.54504231736,271673.027,8184.32,7.599,0.0036091843682271732,0.000928482757272443
VNM,BA:1788,2010,4,16655.435,41714667901.05191,2504567.902372523,2506385.597,16700.951,45.514,-0.0007252254520024901,0.002725234030086071
VNM,BA:1788,2011,4,17603.118000000002,54783545170.033,3112150.0844357796,3112675.586,17616.086,12.968,-0.00016882631989793403,0.0007361453616881753
VNM,BA:1788,2012,4,17825.487,66652611824.29167,3739174.802028784,3739062.14,17846.886,21.399,3.0131092922657958e-05,0.0011990327052013444
VNM,BA:1788,2013,4,18151.336,74265779244.32024,4091477.3019639016,4092625.834,18185.433,34.097,-0.00028063450769347465,0.001874962229384365
VNM,BA:1788,2014,4,18747.845999999998,83584076405.00772,4458329.581169364,4461659.196,18795.569,47.723,-0.000746272784264094,0.0025390558806705986
VNM,BA:1788,2015,4,20760.075,106018460322.45146,5106843.801019575,5101539.736,20769.271,9.196,0.0010396988544746051,0.00044276951270942535
VNM,BA:1788,2016,4,21956.38,119805735736.54785,5456534.0796865355,5456969.19,21956.459,0.0,-7.973479385997548e-05,0.0
VNM,BA:1788,2017,4,23000.631,123281782156.48306,5359930.436538156,5360535.587,23000.836,0.0,-0.000112889925273836,0.0
VNM,BA:1788,2018,4,23834.745,137304461624.56488,5760685.152057002,5761241.246,23835.348,0.0,-9.652328712741724e-05,0.0
VNM,BA:1788,2019,4,25888.936,172031205390.7351,6644970.090340333,6645391.302,25888.936,0.0,-6.338402669235055e-05,0.0
VNM,BA:1788,2020,4,25965.264,178544957651.23346,6876300.493275688,6873959.591,25965.264,0.0,0.0003405464121076494,0.0
VNM,BA:1788,2021,4,25455.081,171505002122.9798,6737554.758634624,6746802.381,25455.081,0.0,-0.00137066744261232,0.0
VNM,BA:1788,2022,4,27188.888,202853513080.37164,7460897.74176758,7460916.469,27188.888,0.0,-2.510044509638605e-06,0.0
VNM,BA:1788,2023,4,27593.84,216708085626.90955,7853495.041897378,7853534.469,27593.84,0.0,-5.020300449087484e-06,0.0
VNM,BA:1788,2024,4,27592.645,236733592683.23822,8579590.419230858,8579562.366,27592.645,0.0,3.269774105104581e-06,0.0
VUT,BB:15632,2010,4,24.531000000000002,989537.1976409999,40338.23315971627,40547.152,28.306,3.775,-0.005152491111674914,0.13336395110577262
WLF,BB:16123,2019,4,3.027,706649.3377820001,233448.7405953089,234174.38,3.031,0.0,-0.0030987138930019392,0.0
WSM,BA:1794,2012,4,21.768,28982.609388,1331.4318902976847,1332.253,22.132,0.365,-0.0006163316594634787,0.01649195734682812
WSM,BA:1794,2017,4,24.858,31694.960273999997,1275.040641805455,1278.16,26.219,1.361,-0.0024405068180393353,0.05190892101148022
WSM,BA:1794,2022,4,26.402,43688.839487000005,1654.7549233770171,1648.438,28.85,2.448,0.003832066099554256,0.0848526863084922
YEM,BA:13360,2014,4,2104.1349999999998,129328055.858923,61463.763427214995,61426.083,2109.868,5.734,0.0006134271530059404,0.002717705562622875
ZAF,BA:595,2000,4,8293.028,21938179.573326,2645.3762815374553,2434.109,8414.075,121.048,0.08679450326072306,0.01438637045664556
ZAF,BA:595,2001,4,8015.092000000001,21169299.647706002,2641.1798701382345,2384.23,8116.296,101.203,0.10777058846597622,0.01246911152575017
ZAF,BA:595,2002,4,8042.885,22311368.336624,2774.050398162351,2426.503,8132.66,89.774,0.14322974179811476,0.011038700744897734
ZAF,BA:595,2003,4,8176.873,24444672.585283,2989.4890852876156,2556.123,8241.8,64.927,0.16954038803594956,0.00787776941930161
ZAF,BA:595,2004,4,8355.776,25532738.472757,3055.6992519613977,2648.971,8423.484,67.708,0.15354197987120197,0.008038004227229492
ZAF,BA:595,2005,4,8697.606,28812962.467671,3312.7463428063998,2907.479,8763.23,65.625,0.13938788304452068,0.007488677120194267
ZAF,BA:595,2006,4,8945.465999999999,32145170.278954,3593.4595558190044,3254.761,8998.392,52.927,0.10406249669914457,0.005881828664499169
ZAF,BA:595,2007,4,9540.583999999999,39725024.718125,4163.79382206844,3720.19,9594.23,53.647,0.1192422489357909,0.00559158994520665
ZAF,BA:595,2010,4,11567.904,65767848.248924,5685.37292917749,5669.383,11730.186,162.281,0.0028204002406417086,0.013834477986964572
ZAF,BA:595,2011,4,11818.637,71702276.524587,6066.882037631497,6059.346,11968.809,150.172,0.0012437047878595302,0.012546945982678812
ZAF,BA:595,2013,4,12667.535,106988892.39496,8445.912515336251,8254.959,12792.886,125.352,0.023131976226199346,0.009798570861961875
ZAF,BA:595,2014,4,13008.937,104013066.84295,7995.508537165642,7857.528,13152.697,143.76,0.017560298501722436,0.010930077686728433
ZAF,BA:595,2015,4,13445.976999999999,122357004.803829,9099.89692856302,8821.204,13604.677,158.699,0.031593524938661376,0.011665032547262975
ZMB,BA:2212,2017,4,1259.4070000000002,4930451.821246,3914.8994893993754,3928.305,1259.407,0.0,-0.003412543221726531,0.0
ZMB,BA:2212,2018,4,1198.764,3619488.095276,3019.350009906871,2834.383,1360.528,161.765,0.0652582978048031,0.11889869227241187
ZMB,BA:2212,2019,4,1244.645,3933154.4675939996,3160.061276584086,2947.291,1398.374,153.731,0.0721918115937944,0.10993553941935419
ZMB,BA:2212,2020,4,1271.844,4101523.1358209997,3224.8633761852866,2994.624,1398.094,126.25,0.0768842352780472,0.09030151048498884
ZMB,BA:2212,2021,4,1345.383,4686575.696925,3483.4509555457444,3205.514,1525.699,180.316,0.08670589351528155,0.11818582826625697
ZMB,BA:2212,2022,4,1347.47,5023110.805502,3727.8090091074387,3445.361,1515.726,168.256,0.08197922049603476,0.11100687063493005
ZMB,BA:2212,2023,4,1872.749,6123261.685106,3269.66490709967,3239.976,1872.749,0.0,0.009163310808373243,0.0
ZMB,BA:2212,2024,4,1958.979,8764378.255594,4473.952122811934,4458.154,1958.979,0.0,0.003543646722821453,0.0
ZWE,BA:1823,2011,4,1353.809,309500.57876299997,228.61465595442192,230.593,1354.981,0.0,-0.008579375980962428,0.0
ZWE,BA:1823,2014,4,1494.628,470240.105463,314.62016332023757,316.93,1496.436,0.0,-0.007288160413221976,0.0
ZWE,BA:1823,2021,4,1897.722,26493993.933598,13960.94577266744,13935.047,1899.91,2.188,0.0018585350065514975,0.001151633498428873
ZWE,BA:1823,2022,4,1519.536,45929839.139566004,30226.226387243212,30320.301,1520.327,0.792,-0.0031026938933352687,0.0005209405608135618
ZWE,BA:1823,2023,4,1600.725,641763796.5548949,400920.70565206074,406978.727,1601.071,0.0,-0.014885351361225495,0.0
